t:0.04, r:25.00, omega:0.00, omega_m:15.80, u:438.74, theta1:17.550, theta2:0.000, e:-15.803
t:0.05, r:25.00, omega:0.00, omega_m:21.62, u:439.42, theta1:17.577, theta2:0.000, e:-21.617
t:0.06, r:25.00, omega:34.04, omega_m:23.76, u:438.50, theta1:17.564, theta2:0.018, e:10.287
t:0.07, r:25.00, omega:34.04, omega_m:24.54, u:437.65, theta1:17.552, theta2:0.034, e:9.500
t:0.08, r:25.00, omega:34.04, omega_m:24.83, u:436.83, theta1:17.541, theta2:0.049, e:9.210
t:0.09, r:25.00, omega:19.85, omega_m:24.94, u:437.79, theta1:17.547, theta2:0.044, e:-5.093
t:0.10, r:25.00, omega:19.85, omega_m:24.98, u:438.05, theta1:17.553, theta2:0.039, e:-5.132
t:0.11, r:25.00, omega:26.62, omega_m:24.99, u:437.68, theta1:17.551, theta2:0.041, e:1.626
t:0.12, r:25.00, omega:26.62, omega_m:25.00, u:437.57, theta1:17.549, theta2:0.044, e:1.621
t:0.13, r:25.00, omega:28.62, omega_m:25.00, u:437.22, theta1:17.545, theta2:0.049, e:3.622
t:0.14, r:25.00, omega:32.98, omega_m:25.00, u:436.33, theta1:17.535, theta2:0.062, e:7.985
t:0.15, r:25.00, omega:32.98, omega_m:25.00, u:435.64, theta1:17.525, theta2:0.075, e:7.985
t:0.16, r:25.00, omega:31.46, omega_m:25.00, u:435.24, theta1:17.517, theta2:0.085, e:6.461
t:0.17, r:25.00, omega:30.67, omega_m:25.00, u:434.86, theta1:17.510, theta2:0.094, e:5.666
t:0.18, r:25.00, omega:30.67, omega_m:25.00, u:434.42, theta1:17.503, theta2:0.103, e:5.666
t:0.19, r:25.00, omega:30.54, omega_m:25.00, u:434.00, theta1:17.496, theta2:0.111, e:5.536
t:0.20, r:25.00, omega:30.54, omega_m:25.00, u:433.57, theta1:17.489, theta2:0.119, e:5.536
t:0.21, r:25.00, omega:31.72, omega_m:25.00, u:432.88, theta1:17.480, theta2:0.130, e:6.722
t:0.22, r:25.00, omega:32.07, omega_m:25.00, u:432.25, theta1:17.471, theta2:0.141, e:7.071
t:0.23, r:25.00, omega:32.07, omega_m:25.00, u:431.66, theta1:17.463, theta2:0.153, e:7.071
t:0.24, r:25.00, omega:31.70, omega_m:25.00, u:431.17, theta1:17.454, theta2:0.163, e:6.701
t:0.25, r:25.00, omega:31.70, omega_m:25.00, u:430.63, theta1:17.446, theta2:0.174, e:6.701
t:0.26, r:25.00, omega:30.07, omega_m:25.00, u:430.52, theta1:17.440, theta2:0.182, e:5.075
t:0.27, r:25.00, omega:30.07, omega_m:25.00, u:430.13, theta1:17.433, theta2:0.189, e:5.075
t:0.28, r:25.00, omega:31.83, omega_m:25.00, u:429.24, theta1:17.425, theta2:0.200, e:6.826
t:0.29, r:25.00, omega:30.89, omega_m:25.00, u:428.97, theta1:17.417, theta2:0.209, e:5.891
t:0.30, r:25.00, omega:30.89, omega_m:25.00, u:428.50, theta1:17.410, theta2:0.218, e:5.891
t:0.31, r:25.00, omega:30.34, omega_m:25.00, u:428.21, theta1:17.403, theta2:0.227, e:5.343
t:0.32, r:25.00, omega:30.34, omega_m:25.00, u:427.79, theta1:17.397, theta2:0.235, e:5.343
t:0.33, r:25.00, omega:33.00, omega_m:25.00, u:426.48, theta1:17.387, theta2:0.248, e:8.003
t:0.34, r:25.00, omega:29.87, omega_m:25.00, u:426.89, theta1:17.380, theta2:0.255, e:4.870
t:0.35, r:25.00, omega:29.87, omega_m:25.00, u:426.52, theta1:17.374, theta2:0.262, e:4.870
t:0.36, r:25.00, omega:29.73, omega_m:25.00, u:426.20, theta1:17.368, theta2:0.269, e:4.733
t:0.37, r:25.00, omega:29.73, omega_m:25.00, u:425.84, theta1:17.363, theta2:0.276, e:4.733
t:0.38, r:25.00, omega:32.19, omega_m:25.00, u:424.57, theta1:17.354, theta2:0.288, e:7.190
t:0.39, r:25.00, omega:32.15, omega_m:25.00, u:423.98, theta1:17.345, theta2:0.300, e:7.154
t:0.40, r:25.00, omega:32.15, omega_m:25.00, u:423.39, theta1:17.336, theta2:0.311, e:7.154
t:0.41, r:25.00, omega:29.72, omega_m:25.00, u:423.79, theta1:17.330, theta2:0.318, e:4.718
t:0.42, r:25.00, omega:29.72, omega_m:25.00, u:423.44, theta1:17.324, theta2:0.325, e:4.718
t:0.43, r:25.00, omega:30.29, omega_m:25.00, u:422.85, theta1:17.317, theta2:0.333, e:5.285
t:0.44, r:25.00, omega:31.46, omega_m:25.00, u:421.93, theta1:17.309, theta2:0.343, e:6.464
t:0.45, r:25.00, omega:31.46, omega_m:25.00, u:421.41, theta1:17.301, theta2:0.353, e:6.464
t:0.46, r:25.00, omega:28.68, omega_m:25.00, u:422.12, theta1:17.296, theta2:0.359, e:3.684
t:0.47, r:25.00, omega:28.68, omega_m:25.00, u:421.86, theta1:17.292, theta2:0.364, e:3.684
t:0.48, r:25.00, omega:32.33, omega_m:25.00, u:419.92, theta1:17.283, theta2:0.376, e:7.329
t:0.49, r:25.00, omega:32.33, omega_m:25.00, u:419.31, theta1:17.274, theta2:0.388, e:7.329
t:0.50, r:25.00, omega:30.31, omega_m:25.00, u:419.68, theta1:17.267, theta2:0.396, e:5.311
t:0.51, r:25.00, omega:29.23, omega_m:25.00, u:419.79, theta1:17.262, theta2:0.402, e:4.235
t:0.52, r:25.00, omega:29.23, omega_m:25.00, u:419.48, theta1:17.256, theta2:0.408, e:4.235
t:0.53, r:25.00, omega:30.77, omega_m:25.00, u:418.40, theta1:17.249, theta2:0.417, e:5.766
t:0.54, r:25.00, omega:30.77, omega_m:25.00, u:417.95, theta1:17.242, theta2:0.426, e:5.766
t:0.55, r:25.00, omega:30.77, omega_m:25.00, u:417.49, theta1:17.235, theta2:0.435, e:5.766
t:0.56, r:25.00, omega:30.77, omega_m:25.00, u:417.04, theta1:17.228, theta2:0.444, e:5.766
t:0.57, r:25.00, omega:29.89, omega_m:25.00, u:417.06, theta1:17.221, theta2:0.451, e:4.889
t:0.58, r:25.00, omega:31.21, omega_m:25.00, u:415.97, theta1:17.214, theta2:0.461, e:6.206
t:0.59, r:25.00, omega:31.21, omega_m:25.00, u:415.47, theta1:17.206, theta2:0.470, e:6.206
t:0.60, r:25.00, omega:29.07, omega_m:25.00, u:416.18, theta1:17.201, theta2:0.476, e:4.069
t:0.61, r:25.00, omega:29.07, omega_m:25.00, u:415.88, theta1:17.196, theta2:0.482, e:4.069
t:0.62, r:25.00, omega:29.06, omega_m:25.00, u:415.59, theta1:17.191, theta2:0.488, e:4.061
t:0.63, r:25.00, omega:29.06, omega_m:25.00, u:415.29, theta1:17.186, theta2:0.494, e:4.061
t:0.64, r:25.00, omega:30.68, omega_m:25.00, u:414.04, theta1:17.178, theta2:0.503, e:5.681
t:0.65, r:25.00, omega:30.95, omega_m:25.00, u:413.44, theta1:17.171, theta2:0.512, e:5.951
t:0.66, r:25.00, omega:30.95, omega_m:25.00, u:412.96, theta1:17.164, theta2:0.521, e:5.951
t:0.67, r:25.00, omega:29.62, omega_m:25.00, u:413.31, theta1:17.158, theta2:0.528, e:4.617
t:0.68, r:25.00, omega:29.62, omega_m:25.00, u:412.97, theta1:17.152, theta2:0.535, e:4.617
t:0.69, r:25.00, omega:28.59, omega_m:25.00, u:413.26, theta1:17.148, theta2:0.540, e:3.592
t:0.70, r:25.00, omega:28.59, omega_m:25.00, u:413.00, theta1:17.143, theta2:0.545, e:3.592
t:0.71, r:25.00, omega:31.56, omega_m:25.00, u:410.85, theta1:17.135, theta2:0.555, e:6.555
t:0.72, r:25.00, omega:29.24, omega_m:25.00, u:411.82, theta1:17.130, theta2:0.561, e:4.237
t:0.73, r:25.00, omega:29.24, omega_m:25.00, u:411.51, theta1:17.124, theta2:0.568, e:4.237
t:0.74, r:25.00, omega:28.62, omega_m:25.00, u:411.60, theta1:17.120, theta2:0.573, e:3.621
t:0.75, r:25.00, omega:28.62, omega_m:25.00, u:411.34, theta1:17.115, theta2:0.578, e:3.621
t:0.76, r:25.00, omega:29.99, omega_m:25.00, u:410.17, theta1:17.109, theta2:0.586, e:4.988
t:0.77, r:25.00, omega:29.99, omega_m:25.00, u:409.79, theta1:17.103, theta2:0.593, e:4.988
t:0.78, r:25.00, omega:31.00, omega_m:25.00, u:408.71, theta1:17.095, theta2:0.602, e:5.997
t:0.79, r:25.00, omega:29.92, omega_m:25.00, u:408.99, theta1:17.089, theta2:0.610, e:4.922
t:0.80, r:25.00, omega:29.92, omega_m:25.00, u:408.61, theta1:17.083, theta2:0.617, e:4.922
t:0.81, r:25.00, omega:28.68, omega_m:25.00, u:409.11, theta1:17.078, theta2:0.622, e:3.679
t:0.82, r:25.00, omega:28.68, omega_m:25.00, u:408.85, theta1:17.074, theta2:0.628, e:3.679
t:0.83, r:25.00, omega:28.49, omega_m:25.00, u:408.72, theta1:17.069, theta2:0.633, e:3.486
t:0.84, r:25.00, omega:28.49, omega_m:25.00, u:408.47, theta1:17.065, theta2:0.637, e:3.486
t:0.85, r:25.00, omega:30.47, omega_m:25.00, u:406.78, theta1:17.058, theta2:0.646, e:5.472
t:0.86, r:25.00, omega:30.69, omega_m:25.00, u:406.19, theta1:17.051, theta2:0.655, e:5.688
t:0.87, r:25.00, omega:30.69, omega_m:25.00, u:405.74, theta1:17.044, theta2:0.663, e:5.688
t:0.88, r:25.00, omega:28.57, omega_m:25.00, u:406.89, theta1:17.040, theta2:0.668, e:3.568
t:0.89, r:25.00, omega:28.57, omega_m:25.00, u:406.64, theta1:17.035, theta2:0.673, e:3.568
t:0.90, r:25.00, omega:27.78, omega_m:25.00, u:406.97, theta1:17.032, theta2:0.677, e:2.780
t:0.91, r:25.00, omega:27.78, omega_m:25.00, u:406.78, theta1:17.028, theta2:0.681, e:2.780
t:0.92, r:25.00, omega:31.21, omega_m:25.00, u:403.95, theta1:17.020, theta2:0.691, e:6.207
t:0.93, r:25.00, omega:31.21, omega_m:25.00, u:403.45, theta1:17.013, theta2:0.701, e:6.207
t:0.94, r:25.00, omega:29.28, omega_m:25.00, u:404.48, theta1:17.007, theta2:0.707, e:4.284
t:0.95, r:25.00, omega:28.02, omega_m:25.00, u:405.16, theta1:17.003, theta2:0.711, e:3.024
t:0.96, r:25.00, omega:28.02, omega_m:25.00, u:404.95, theta1:17.000, theta2:0.715, e:3.024
t:0.97, r:25.00, omega:29.16, omega_m:25.00, u:403.83, theta1:16.994, theta2:0.721, e:4.157
t:0.98, r:25.00, omega:29.16, omega_m:25.00, u:403.52, theta1:16.989, theta2:0.727, e:4.157
t:0.99, r:25.00, omega:31.31, omega_m:25.00, u:401.45, theta1:16.981, theta2:0.737, e:6.314
t:1.00, r:25.00, omega:31.31, omega_m:25.00, u:400.94, theta1:16.973, theta2:0.747, e:6.314
t:1.01, r:0.00, omega:28.16, omega_m:9.20, u:0.00, theta1:16.973, theta2:0.774, e:18.966
t:1.02, r:0.00, omega:28.16, omega_m:3.38, u:0.00, theta1:16.973, theta2:0.809, e:24.779
t:1.03, r:0.00, omega:24.13, omega_m:1.24, u:0.00, theta1:16.973, theta2:0.836, e:22.889
t:1.04, r:0.00, omega:24.13, omega_m:0.46, u:0.00, theta1:16.973, theta2:0.865, e:23.676
t:1.05, r:0.00, omega:24.13, omega_m:0.17, u:0.00, theta1:16.973, theta2:0.894, e:23.965
t:1.06, r:0.00, omega:24.13, omega_m:0.06, u:0.00, theta1:16.973, theta2:0.923, e:24.071
t:1.07, r:0.00, omega:24.13, omega_m:0.02, u:0.00, theta1:16.973, theta2:0.952, e:24.111
t:1.08, r:0.00, omega:24.13, omega_m:0.01, u:0.00, theta1:16.973, theta2:0.981, e:24.125
t:1.09, r:0.00, omega:24.13, omega_m:0.00, u:0.00, theta1:16.973, theta2:1.010, e:24.130
t:1.10, r:0.00, omega:24.13, omega_m:0.00, u:0.00, theta1:16.973, theta2:1.039, e:24.132
t:1.11, r:0.00, omega:24.13, omega_m:0.00, u:0.00, theta1:16.973, theta2:1.069, e:24.133
t:1.12, r:0.00, omega:24.13, omega_m:0.00, u:0.00, theta1:16.973, theta2:1.098, e:24.133
t:1.13, r:0.00, omega:24.13, omega_m:0.00, u:0.00, theta1:16.973, theta2:1.127, e:24.133
t:1.14, r:0.00, omega:24.13, omega_m:0.00, u:0.00, theta1:16.973, theta2:1.156, e:24.133
t:1.15, r:0.00, omega:24.13, omega_m:0.00, u:0.00, theta1:16.973, theta2:1.185, e:24.133
t:1.16, r:0.00, omega:24.13, omega_m:0.00, u:0.00, theta1:16.973, theta2:1.214, e:24.133
t:1.17, r:0.00, omega:24.13, omega_m:0.00, u:0.00, theta1:16.973, theta2:1.243, e:24.133
t:1.18, r:0.00, omega:24.13, omega_m:0.00, u:0.00, theta1:16.973, theta2:1.272, e:24.133
t:1.19, r:0.00, omega:24.13, omega_m:0.00, u:0.00, theta1:16.973, theta2:1.301, e:24.133
t:1.20, r:0.00, omega:24.13, omega_m:0.00, u:0.00, theta1:16.973, theta2:1.331, e:24.133
t:1.21, r:0.00, omega:24.13, omega_m:0.00, u:0.00, theta1:16.973, theta2:1.360, e:24.133
t:1.22, r:0.00, omega:24.13, omega_m:0.00, u:0.00, theta1:16.973, theta2:1.389, e:24.133
t:1.23, r:0.00, omega:24.13, omega_m:0.00, u:0.00, theta1:16.973, theta2:1.418, e:24.133
t:1.24, r:0.00, omega:24.13, omega_m:0.00, u:0.00, theta1:16.973, theta2:1.447, e:24.133
t:1.25, r:0.00, omega:24.13, omega_m:0.00, u:0.00, theta1:16.973, theta2:1.476, e:24.133
t:1.26, r:0.00, omega:24.13, omega_m:0.00, u:0.00, theta1:16.973, theta2:1.505, e:24.133
t:1.27, r:0.00, omega:24.13, omega_m:0.00, u:0.00, theta1:16.973, theta2:1.534, e:24.133
t:1.28, r:0.00, omega:24.13, omega_m:0.00, u:0.00, theta1:16.973, theta2:1.564, e:24.133
t:1.29, r:0.00, omega:24.13, omega_m:0.00, u:0.00, theta1:16.973, theta2:1.593, e:24.133
t:1.30, r:0.00, omega:24.13, omega_m:0.00, u:0.00, theta1:16.973, theta2:1.622, e:24.133
t:1.31, r:0.00, omega:24.13, omega_m:0.00, u:0.00, theta1:16.973, theta2:1.651, e:24.133
t:1.32, r:0.00, omega:24.13, omega_m:0.00, u:0.00, theta1:16.973, theta2:1.680, e:24.133
t:1.33, r:0.00, omega:24.13, omega_m:0.00, u:0.00, theta1:16.973, theta2:1.709, e:24.133
t:1.34, r:0.00, omega:24.13, omega_m:0.00, u:0.00, theta1:16.973, theta2:1.738, e:24.133
t:1.35, r:0.00, omega:24.13, omega_m:0.00, u:0.00, theta1:16.973, theta2:1.767, e:24.133
t:1.36, r:0.00, omega:24.13, omega_m:0.00, u:0.00, theta1:16.973, theta2:1.797, e:24.133
t:1.37, r:0.00, omega:24.13, omega_m:0.00, u:0.00, theta1:16.973, theta2:1.826, e:24.133
t:1.38, r:0.00, omega:24.13, omega_m:0.00, u:0.00, theta1:16.973, theta2:1.855, e:24.133
t:1.39, r:0.00, omega:24.13, omega_m:0.00, u:0.00, theta1:16.973, theta2:1.884, e:24.133
t:1.40, r:0.00, omega:24.13, omega_m:0.00, u:0.00, theta1:16.973, theta2:1.913, e:24.133
t:1.41, r:0.00, omega:24.13, omega_m:0.00, u:0.00, theta1:16.973, theta2:1.942, e:24.133
t:1.42, r:0.00, omega:24.13, omega_m:0.00, u:0.00, theta1:16.973, theta2:1.971, e:24.133
t:1.43, r:0.00, omega:24.13, omega_m:0.00, u:0.00, theta1:16.973, theta2:2.000, e:24.133
t:1.44, r:0.00, omega:24.13, omega_m:0.00, u:0.00, theta1:16.973, theta2:2.030, e:24.133
t:1.45, r:0.00, omega:24.13, omega_m:0.00, u:0.00, theta1:16.973, theta2:2.059, e:24.133
t:1.46, r:0.00, omega:24.13, omega_m:0.00, u:0.00, theta1:16.973, theta2:2.088, e:24.133
t:1.47, r:0.00, omega:24.13, omega_m:0.00, u:0.00, theta1:16.973, theta2:2.117, e:24.133
t:1.48, r:0.00, omega:24.13, omega_m:0.00, u:0.00, theta1:16.973, theta2:2.146, e:24.133
t:1.49, r:0.00, omega:24.13, omega_m:0.00, u:0.00, theta1:16.973, theta2:2.175, e:24.133
t:1.50, r:0.00, omega:24.13, omega_m:0.00, u:0.00, theta1:16.973, theta2:2.204, e:24.133
t:1.51, r:0.00, omega:24.13, omega_m:0.00, u:0.00, theta1:16.973, theta2:2.233, e:24.133
t:1.52, r:0.00, omega:24.13, omega_m:0.00, u:0.00, theta1:16.973, theta2:2.262, e:24.133
t:1.53, r:0.00, omega:0.00, omega_m:0.00, u:0.00, theta1:16.973, theta2:2.262, e:-0.000
t:1.54, r:0.00, omega:0.00, omega_m:0.00, u:0.00, theta1:16.973, theta2:2.262, e:-0.000
t:1.55, r:0.00, omega:0.00, omega_m:0.00, u:0.00, theta1:16.973, theta2:2.262, e:-0.000
t:1.56, r:0.00, omega:0.00, omega_m:0.00, u:0.00, theta1:16.973, theta2:2.262, e:-0.000
t:1.57, r:0.00, omega:0.00, omega_m:0.00, u:0.00, theta1:16.973, theta2:2.262, e:-0.000
t:1.58, r:0.00, omega:0.00, omega_m:0.00, u:0.00, theta1:16.973, theta2:2.262, e:-0.000
t:1.59, r:0.00, omega:0.00, omega_m:0.00, u:0.00, theta1:16.973, theta2:2.262, e:-0.000
t:1.60, r:0.00, omega:0.00, omega_m:0.00, u:0.00, theta1:16.973, theta2:2.262, e:-0.000
t:1.61, r:0.00, omega:0.00, omega_m:0.00, u:0.00, theta1:16.973, theta2:2.262, e:-0.000
t:1.62, r:0.00, omega:0.00, omega_m:0.00, u:0.00, theta1:16.973, theta2:2.262, e:-0.000
t:1.63, r:0.00, omega:0.00, omega_m:0.00, u:0.00, theta1:16.973, theta2:2.262, e:-0.000
t:1.64, r:0.00, omega:0.00, omega_m:0.00, u:0.00, theta1:16.973, theta2:2.262, e:-0.000
t:1.65, r:0.00, omega:0.00, omega_m:0.00, u:0.00, theta1:16.973, theta2:2.262, e:-0.000
t:1.66, r:0.00, omega:0.00, omega_m:0.00, u:0.00, theta1:16.973, theta2:2.262, e:-0.000
t:1.67, r:0.00, omega:0.00, omega_m:0.00, u:0.00, theta1:16.973, theta2:2.262, e:-0.000
t:1.68, r:0.00, omega:0.00, omega_m:0.00, u:0.00, theta1:16.973, theta2:2.262, e:-0.000
t:1.69, r:0.00, omega:0.00, omega_m:0.00, u:0.00, theta1:16.973, theta2:2.262, e:-0.000
t:1.70, r:0.00, omega:0.00, omega_m:0.00, u:0.00, theta1:16.973, theta2:2.262, e:-0.000
t:1.71, r:0.00, omega:0.00, omega_m:0.00, u:0.00, theta1:16.973, theta2:2.262, e:-0.000
t:1.72, r:0.00, omega:0.00, omega_m:0.00, u:0.00, theta1:16.973, theta2:2.262, e:-0.000
t:1.73, r:0.00, omega:0.00, omega_m:0.00, u:0.00, theta1:16.973, theta2:2.262, e:-0.000
t:1.74, r:0.00, omega:0.00, omega_m:0.00, u:0.00, theta1:16.973, theta2:2.262, e:-0.000
t:1.75, r:0.00, omega:0.00, omega_m:0.00, u:0.00, theta1:16.973, theta2:2.262, e:-0.000
t:1.76, r:0.00, omega:0.00, omega_m:0.00, u:0.00, theta1:16.973, theta2:2.262, e:-0.000
t:1.77, r:0.00, omega:0.00, omega_m:0.00, u:0.00, theta1:16.973, theta2:2.262, e:-0.000
t:1.78, r:0.00, omega:0.00, omega_m:0.00, u:0.00, theta1:16.973, theta2:2.262, e:-0.000
t:1.79, r:0.00, omega:0.00, omega_m:0.00, u:0.00, theta1:16.973, theta2:2.262, e:-0.000
t:1.80, r:0.00, omega:0.00, omega_m:0.00, u:0.00, theta1:16.973, theta2:2.262, e:-0.000
t:1.81, r:0.00, omega:0.00, omega_m:0.00, u:0.00, theta1:16.973, theta2:2.262, e:-0.000
t:1.82, r:0.00, omega:0.00, omega_m:0.00, u:0.00, theta1:16.973, theta2:2.262, e:-0.000
t:1.83, r:0.00, omega:0.00, omega_m:0.00, u:0.00, theta1:16.973, theta2:2.262, e:-0.000
t:1.84, r:0.00, omega:0.00, omega_m:0.00, u:0.00, theta1:16.973, theta2:2.262, e:-0.000
t:1.85, r:0.00, omega:0.00, omega_m:0.00, u:0.00, theta1:16.973, theta2:2.262, e:-0.000
t:1.86, r:0.00, omega:0.00, omega_m:0.00, u:0.00, theta1:16.973, theta2:2.262, e:-0.000
t:1.87, r:0.00, omega:0.00, omega_m:0.00, u:0.00, theta1:16.973, theta2:2.262, e:-0.000
t:1.88, r:0.00, omega:0.00, omega_m:0.00, u:0.00, theta1:16.973, theta2:2.262, e:-0.000
t:1.89, r:0.00, omega:0.00, omega_m:0.00, u:0.00, theta1:16.973, theta2:2.262, e:-0.000
t:1.90, r:0.00, omega:0.00, omega_m:0.00, u:0.00, theta1:16.973, theta2:2.262, e:-0.000
t:1.91, r:0.00, omega:0.00, omega_m:0.00, u:0.00, theta1:16.973, theta2:2.262, e:-0.000
t:1.92, r:0.00, omega:0.00, omega_m:0.00, u:0.00, theta1:16.973, theta2:2.262, e:-0.000
t:1.93, r:0.00, omega:0.00, omega_m:0.00, u:0.00, theta1:16.973, theta2:2.262, e:-0.000
t:1.94, r:0.00, omega:0.00, omega_m:0.00, u:0.00, theta1:16.973, theta2:2.262, e:-0.000
t:1.95, r:0.00, omega:0.00, omega_m:0.00, u:0.00, theta1:16.973, theta2:2.262, e:-0.000
t:1.96, r:0.00, omega:0.00, omega_m:0.00, u:0.00, theta1:16.973, theta2:2.262, e:-0.000
t:1.97, r:0.00, omega:0.00, omega_m:0.00, u:0.00, theta1:16.973, theta2:2.262, e:-0.000
t:1.98, r:0.00, omega:0.00, omega_m:0.00, u:0.00, theta1:16.973, theta2:2.262, e:-0.000
t:1.99, r:0.00, omega:0.00, omega_m:0.00, u:0.00, theta1:16.973, theta2:2.262, e:-0.000
t:2.00, r:0.00, omega:0.00, omega_m:0.00, u:0.00, theta1:16.973, theta2:2.262, e:-0.000
t:2.01, r:-25.00, omega:0.00, omega_m:-15.80, u:-424.83, theta1:16.993, theta2:2.262, e:15.803
t:2.02, r:-25.00, omega:-0.53, omega_m:-21.62, u:-424.30, theta1:17.020, theta2:2.262, e:21.090
t:2.03, r:-25.00, omega:-0.53, omega_m:-23.76, u:-425.03, theta1:17.049, theta2:2.261, e:23.229
t:2.04, r:-25.00, omega:-0.53, omega_m:-24.54, u:-425.78, theta1:17.079, theta2:2.261, e:24.016
t:2.05, r:-25.00, omega:-17.62, omega_m:-24.83, u:-387.46, theta1:17.088, theta2:2.254, e:7.207
t:2.06, r:-25.00, omega:-17.62, omega_m:-24.94, u:-387.80, theta1:17.097, theta2:2.248, e:7.313
t:2.07, r:-25.00, omega:-25.45, omega_m:-24.98, u:-370.17, theta1:17.096, theta2:2.248, e:-0.477
t:2.08, r:-25.00, omega:-25.45, omega_m:-24.99, u:-370.14, theta1:17.096, theta2:2.249, e:-0.463
t:2.09, r:-25.00, omega:-26.49, omega_m:-25.00, u:-367.72, theta1:17.094, theta2:2.251, e:-1.492
t:2.10, r:-25.00, omega:-26.49, omega_m:-25.00, u:-367.62, theta1:17.092, theta2:2.253, e:-1.490
t:2.11, r:-25.00, omega:-27.50, omega_m:-25.00, u:-365.17, theta1:17.089, theta2:2.256, e:-2.500
t:2.12, r:-25.00, omega:-27.50, omega_m:-25.00, u:-364.99, theta1:17.086, theta2:2.260, e:-2.500
t:2.13, r:-25.00, omega:-27.63, omega_m:-25.00, u:-364.51, theta1:17.082, theta2:2.264, e:-2.632
t:2.14, r:-25.00, omega:-27.63, omega_m:-25.00, u:-364.33, theta1:17.079, theta2:2.267, e:-2.632
t:2.15, r:-25.00, omega:-27.51, omega_m:-25.00, u:-364.44, theta1:17.076, theta2:2.271, e:-2.507
t:2.16, r:-25.00, omega:-27.51, omega_m:-25.00, u:-364.27, theta1:17.073, theta2:2.274, e:-2.507
t:2.17, r:-25.00, omega:-25.00, omega_m:-25.00, u:-369.96, theta1:17.073, theta2:2.274, e:-0.004
t:2.18, r:-25.00, omega:-25.00, omega_m:-25.00, u:-369.96, theta1:17.073, theta2:2.274, e:-0.004
t:2.19, r:-25.00, omega:-28.07, omega_m:-25.00, u:-362.78, theta1:17.069, theta2:2.278, e:-3.066
t:2.20, r:-25.00, omega:-28.07, omega_m:-25.00, u:-362.56, theta1:17.065, theta2:2.283, e:-3.066
t:2.21, r:-25.00, omega:-25.44, omega_m:-25.00, u:-368.53, theta1:17.065, theta2:2.283, e:-0.438
t:2.22, r:-25.00, omega:-25.44, omega_m:-25.00, u:-368.50, theta1:17.064, theta2:2.284, e:-0.438
t:2.23, r:-25.00, omega:-26.07, omega_m:-25.00, u:-366.99, theta1:17.063, theta2:2.285, e:-1.069
t:2.24, r:-25.00, omega:-26.07, omega_m:-25.00, u:-366.92, theta1:17.061, theta2:2.287, e:-1.069
t:2.25, r:-25.00, omega:-28.05, omega_m:-25.00, u:-362.18, theta1:17.058, theta2:2.291, e:-3.049
t:2.26, r:-25.00, omega:-28.05, omega_m:-25.00, u:-361.97, theta1:17.054, theta2:2.295, e:-3.049
t:2.27, r:-25.00, omega:-26.37, omega_m:-25.00, u:-365.73, theta1:17.052, theta2:2.297, e:-1.368
t:2.28, r:-25.00, omega:-26.37, omega_m:-25.00, u:-365.64, theta1:17.050, theta2:2.299, e:-1.368
t:2.29, r:-25.00, omega:-25.16, omega_m:-25.00, u:-368.41, theta1:17.050, theta2:2.299, e:-0.160
t:2.30, r:-25.00, omega:-25.16, omega_m:-25.00, u:-368.40, theta1:17.050, theta2:2.299, e:-0.160
t:2.31, r:-25.00, omega:-26.89, omega_m:-25.00, u:-364.31, theta1:17.048, theta2:2.302, e:-1.886
t:2.32, r:-25.00, omega:-26.89, omega_m:-25.00, u:-364.18, theta1:17.045, theta2:2.304, e:-1.886
t:2.33, r:-25.00, omega:-27.62, omega_m:-25.00, u:-362.31, theta1:17.042, theta2:2.308, e:-2.617
t:2.34, r:-25.00, omega:-27.62, omega_m:-25.00, u:-362.13, theta1:17.039, theta2:2.311, e:-2.617
t:2.35, r:-25.00, omega:-25.93, omega_m:-25.00, u:-365.97, theta1:17.038, theta2:2.313, e:-0.931
t:2.36, r:-25.00, omega:-25.93, omega_m:-25.00, u:-365.91, theta1:17.036, theta2:2.314, e:-0.931
t:2.37, r:-25.00, omega:-26.47, omega_m:-25.00, u:-364.57, theta1:17.035, theta2:2.316, e:-1.466
t:2.38, r:-25.00, omega:-26.47, omega_m:-25.00, u:-364.48, theta1:17.033, theta2:2.318, e:-1.466
t:2.39, r:-25.00, omega:-27.01, omega_m:-25.00, u:-363.08, theta1:17.030, theta2:2.320, e:-2.009
t:2.40, r:-25.00, omega:-27.01, omega_m:-25.00, u:-362.94, theta1:17.028, theta2:2.323, e:-2.009
t:2.41, r:-25.00, omega:-24.55, omega_m:-25.00, u:-368.68, theta1:17.028, theta2:2.323, e:0.449
t:2.42, r:-25.00, omega:-24.55, omega_m:-25.00, u:-368.71, theta1:17.029, theta2:2.322, e:0.449
t:2.43, r:-25.00, omega:-27.22, omega_m:-25.00, u:-362.37, theta1:17.026, theta2:2.325, e:-2.217
t:2.44, r:-25.00, omega:-27.22, omega_m:-25.00, u:-362.22, theta1:17.023, theta2:2.328, e:-2.217
t:2.45, r:-25.00, omega:-27.20, omega_m:-25.00, u:-362.10, theta1:17.020, theta2:2.331, e:-2.201
t:2.46, r:-25.00, omega:-27.20, omega_m:-25.00, u:-361.95, theta1:17.018, theta2:2.334, e:-2.201
t:2.47, r:-25.00, omega:-25.15, omega_m:-25.00, u:-366.73, theta1:17.018, theta2:2.334, e:-0.149
t:2.48, r:-25.00, omega:-25.15, omega_m:-25.00, u:-366.72, theta1:17.017, theta2:2.334, e:-0.149
t:2.49, r:-25.00, omega:-26.08, omega_m:-25.00, u:-364.49, theta1:17.016, theta2:2.336, e:-1.077
t:2.50, r:-25.00, omega:-26.08, omega_m:-25.00, u:-364.42, theta1:17.015, theta2:2.337, e:-1.077
t:2.51, r:-25.00, omega:-27.60, omega_m:-25.00, u:-360.67, theta1:17.011, theta2:2.341, e:-2.604
t:2.52, r:-25.00, omega:-27.60, omega_m:-25.00, u:-360.49, theta1:17.008, theta2:2.344, e:-2.604
t:2.53, r:-25.00, omega:-26.16, omega_m:-25.00, u:-363.79, theta1:17.007, theta2:2.346, e:-1.163
t:2.54, r:-25.00, omega:-26.16, omega_m:-25.00, u:-363.71, theta1:17.005, theta2:2.348, e:-1.163
t:2.55, r:-25.00, omega:-25.18, omega_m:-25.00, u:-366.02, theta1:17.005, theta2:2.348, e:-0.177
t:2.56, r:-25.00, omega:-25.18, omega_m:-25.00, u:-366.01, theta1:17.005, theta2:2.348, e:-0.177
t:2.57, r:-25.00, omega:-27.51, omega_m:-25.00, u:-360.35, theta1:17.002, theta2:2.351, e:-2.511
t:2.58, r:-25.00, omega:-27.51, omega_m:-25.00, u:-360.18, theta1:16.999, theta2:2.355, e:-2.511
t:2.59, r:-25.00, omega:-26.54, omega_m:-25.00, u:-362.36, theta1:16.997, theta2:2.357, e:-1.540
t:2.60, r:-25.00, omega:-26.54, omega_m:-25.00, u:-362.26, theta1:16.995, theta2:2.359, e:-1.540
t:2.61, r:-25.00, omega:-24.90, omega_m:-25.00, u:-366.14, theta1:16.995, theta2:2.359, e:0.101
t:2.62, r:-25.00, omega:-24.90, omega_m:-25.00, u:-366.14, theta1:16.995, theta2:2.359, e:0.101
t:2.63, r:-25.00, omega:-27.78, omega_m:-25.00, u:-359.15, theta1:16.991, theta2:2.363, e:-2.782
t:2.64, r:-25.00, omega:-27.78, omega_m:-25.00, u:-358.96, theta1:16.988, theta2:2.366, e:-2.782
t:2.65, r:-25.00, omega:-25.77, omega_m:-25.00, u:-363.68, theta1:16.987, theta2:2.367, e:-0.766
t:2.66, r:-25.00, omega:-25.77, omega_m:-25.00, u:-363.63, theta1:16.986, theta2:2.368, e:-0.766
t:2.67, r:-25.00, omega:-24.97, omega_m:-25.00, u:-365.52, theta1:16.986, theta2:2.368, e:0.032
t:2.68, r:-25.00, omega:-24.97, omega_m:-25.00, u:-365.52, theta1:16.986, theta2:2.368, e:0.032
t:2.69, r:-25.00, omega:-28.04, omega_m:-25.00, u:-358.03, theta1:16.982, theta2:2.373, e:-3.040
t:2.70, r:-25.00, omega:-28.04, omega_m:-25.00, u:-357.82, theta1:16.979, theta2:2.377, e:-3.040
t:2.71, r:-25.00, omega:-24.09, omega_m:-25.00, u:-367.27, theta1:16.980, theta2:2.376, e:0.912
t:2.72, r:-25.00, omega:-24.09, omega_m:-25.00, u:-367.32, theta1:16.981, theta2:2.375, e:0.912
t:2.73, r:-25.00, omega:-26.04, omega_m:-25.00, u:-362.62, theta1:16.980, theta2:2.376, e:-1.041
t:2.74, r:-25.00, omega:-26.04, omega_m:-25.00, u:-362.55, theta1:16.978, theta2:2.377, e:-1.041
t:2.75, r:-25.00, omega:-27.03, omega_m:-25.00, u:-360.06, theta1:16.976, theta2:2.380, e:-2.029
t:2.76, r:-25.00, omega:-27.03, omega_m:-25.00, u:-359.92, theta1:16.973, theta2:2.383, e:-2.029
t:2.77, r:-25.00, omega:-27.18, omega_m:-25.00, u:-359.41, theta1:16.970, theta2:2.386, e:-2.182
t:2.78, r:-25.00, omega:-27.18, omega_m:-25.00, u:-359.26, theta1:16.968, theta2:2.389, e:-2.182
t:2.79, r:-25.00, omega:-26.11, omega_m:-25.00, u:-361.74, theta1:16.966, theta2:2.390, e:-1.113
t:2.80, r:-25.00, omega:-26.11, omega_m:-25.00, u:-361.67, theta1:16.965, theta2:2.392, e:-1.113
t:2.81, r:-25.00, omega:-25.19, omega_m:-25.00, u:-363.86, theta1:16.965, theta2:2.392, e:-0.194
t:2.82, r:-25.00, omega:-25.19, omega_m:-25.00, u:-363.84, theta1:16.964, theta2:2.392, e:-0.194
t:2.83, r:-25.00, omega:-25.96, omega_m:-25.00, u:-361.94, theta1:16.963, theta2:2.393, e:-0.964
t:2.84, r:-25.00, omega:-25.96, omega_m:-25.00, u:-361.87, theta1:16.962, theta2:2.395, e:-0.964
t:2.85, r:-25.00, omega:-25.88, omega_m:-25.00, u:-362.03, theta1:16.961, theta2:2.396, e:-0.876
t:2.86, r:-25.00, omega:-25.88, omega_m:-25.00, u:-361.97, theta1:16.960, theta2:2.397, e:-0.876
t:2.87, r:-25.00, omega:-27.09, omega_m:-25.00, u:-358.91, theta1:16.957, theta2:2.400, e:-2.094
t:2.88, r:-25.00, omega:-27.09, omega_m:-25.00, u:-358.77, theta1:16.955, theta2:2.403, e:-2.094
t:2.89, r:-25.00, omega:-26.98, omega_m:-25.00, u:-358.91, theta1:16.952, theta2:2.405, e:-1.981
t:2.90, r:-25.00, omega:-26.98, omega_m:-25.00, u:-358.77, theta1:16.950, theta2:2.408, e:-1.981
t:2.91, r:-25.00, omega:-24.25, omega_m:-25.00, u:-365.39, theta1:16.951, theta2:2.407, e:0.749
t:2.92, r:-25.00, omega:-24.25, omega_m:-25.00, u:-365.44, theta1:16.952, theta2:2.406, e:0.749
t:2.93, r:-25.00, omega:-26.97, omega_m:-25.00, u:-358.77, theta1:16.949, theta2:2.409, e:-1.967
t:2.94, r:-25.00, omega:-26.97, omega_m:-25.00, u:-358.63, theta1:16.947, theta2:2.411, e:-1.967
t:2.95, r:-25.00, omega:-26.96, omega_m:-25.00, u:-358.51, theta1:16.944, theta2:2.414, e:-1.963
t:2.96, r:-25.00, omega:-26.96, omega_m:-25.00, u:-358.38, theta1:16.942, theta2:2.417, e:-1.963
t:2.97, r:-25.00, omega:-25.37, omega_m:-25.00, u:-362.22, theta1:16.941, theta2:2.417, e:-0.366
t:2.98, r:-25.00, omega:-25.37, omega_m:-25.00, u:-362.19, theta1:16.941, theta2:2.418, e:-0.366
t:2.99, r:-25.00, omega:-24.78, omega_m:-25.00, u:-363.61, theta1:16.941, theta2:2.417, e:0.215
t:3.00, r:-25.00, omega:-24.78, omega_m:-25.00, u:-363.63, theta1:16.941, theta2:2.417, e:0.215
t:3.01, r:0.00, omega:-27.05, omega_m:-9.20, u:0.00, theta1:16.941, theta2:2.441, e:-17.851
t:3.02, r:0.00, omega:-27.05, omega_m:-3.38, u:0.00, theta1:16.941, theta2:2.473, e:-23.665
t:3.03, r:0.00, omega:-27.05, omega_m:-1.24, u:0.00, theta1:16.941, theta2:2.508, e:-25.804
t:3.04, r:0.00, omega:-20.82, omega_m:-0.46, u:0.00, theta1:16.941, theta2:2.529, e:-20.366
t:3.05, r:0.00, omega:-20.82, omega_m:-0.17, u:0.00, theta1:16.941, theta2:2.551, e:-20.656
t:3.06, r:0.00, omega:-20.82, omega_m:-0.06, u:0.00, theta1:16.941, theta2:2.573, e:-20.762
t:3.07, r:0.00, omega:-20.82, omega_m:-0.02, u:0.00, theta1:16.941, theta2:2.594, e:-20.801
t:3.08, r:0.00, omega:-20.82, omega_m:-0.01, u:0.00, theta1:16.941, theta2:2.616, e:-20.816
t:3.09, r:0.00, omega:-20.82, omega_m:-0.00, u:0.00, theta1:16.941, theta2:2.638, e:-20.821
t:3.10, r:0.00, omega:-20.82, omega_m:-0.00, u:0.00, theta1:16.941, theta2:2.659, e:-20.823
t:3.11, r:0.00, omega:-20.82, omega_m:-0.00, u:0.00, theta1:16.941, theta2:2.681, e:-20.824
t:3.12, r:0.00, omega:-20.82, omega_m:-0.00, u:0.00, theta1:16.941, theta2:2.703, e:-20.824
t:3.13, r:0.00, omega:-20.82, omega_m:-0.00, u:0.00, theta1:16.941, theta2:2.724, e:-20.824
t:3.14, r:0.00, omega:-20.82, omega_m:-0.00, u:0.00, theta1:16.941, theta2:2.746, e:-20.824
t:3.15, r:0.00, omega:-20.82, omega_m:-0.00, u:0.00, theta1:16.941, theta2:2.768, e:-20.824
t:3.16, r:0.00, omega:-20.82, omega_m:-0.00, u:0.00, theta1:16.941, theta2:2.789, e:-20.824
t:3.17, r:0.00, omega:-20.82, omega_m:-0.00, u:0.00, theta1:16.941, theta2:2.811, e:-20.824
t:3.18, r:0.00, omega:-20.82, omega_m:-0.00, u:0.00, theta1:16.941, theta2:2.833, e:-20.824
t:3.19, r:0.00, omega:-20.82, omega_m:-0.00, u:0.00, theta1:16.941, theta2:2.854, e:-20.824
t:3.20, r:0.00, omega:-20.82, omega_m:-0.00, u:0.00, theta1:16.941, theta2:2.876, e:-20.824
t:3.21, r:0.00, omega:-20.82, omega_m:-0.00, u:0.00, theta1:16.941, theta2:2.898, e:-20.824
t:3.22, r:0.00, omega:-20.82, omega_m:-0.00, u:0.00, theta1:16.941, theta2:2.919, e:-20.824
t:3.23, r:0.00, omega:-20.82, omega_m:-0.00, u:0.00, theta1:16.941, theta2:2.941, e:-20.824
t:3.24, r:0.00, omega:-20.82, omega_m:-0.00, u:0.00, theta1:16.941, theta2:2.963, e:-20.824
t:3.25, r:0.00, omega:-20.82, omega_m:-0.00, u:0.00, theta1:16.941, theta2:2.984, e:-20.824
t:3.26, r:0.00, omega:-20.82, omega_m:-0.00, u:0.00, theta1:16.941, theta2:3.006, e:-20.824
t:3.27, r:0.00, omega:-20.82, omega_m:-0.00, u:0.00, theta1:16.941, theta2:3.028, e:-20.824
t:3.28, r:0.00, omega:-20.82, omega_m:-0.00, u:0.00, theta1:16.941, theta2:3.049, e:-20.824
t:3.29, r:0.00, omega:-20.82, omega_m:-0.00, u:0.00, theta1:16.941, theta2:3.071, e:-20.824
t:3.30, r:0.00, omega:-20.82, omega_m:-0.00, u:0.00, theta1:16.941, theta2:3.093, e:-20.824
t:3.31, r:0.00, omega:-20.82, omega_m:-0.00, u:0.00, theta1:16.941, theta2:3.115, e:-20.824
t:3.32, r:0.00, omega:-20.82, omega_m:-0.00, u:0.00, theta1:16.941, theta2:3.136, e:-20.824
t:3.33, r:0.00, omega:-20.82, omega_m:-0.00, u:0.00, theta1:16.941, theta2:3.158, e:-20.824
t:3.34, r:0.00, omega:-20.82, omega_m:-0.00, u:0.00, theta1:16.941, theta2:3.180, e:-20.824
t:3.35, r:0.00, omega:-20.82, omega_m:-0.00, u:0.00, theta1:16.941, theta2:3.201, e:-20.824
t:3.36, r:0.00, omega:-20.82, omega_m:-0.00, u:0.00, theta1:16.941, theta2:3.223, e:-20.824
t:3.37, r:0.00, omega:-20.82, omega_m:-0.00, u:0.00, theta1:16.941, theta2:3.245, e:-20.824
t:3.38, r:0.00, omega:-20.82, omega_m:-0.00, u:0.00, theta1:16.941, theta2:3.266, e:-20.824
t:3.39, r:0.00, omega:-20.82, omega_m:-0.00, u:0.00, theta1:16.941, theta2:3.288, e:-20.824
t:3.40, r:0.00, omega:-20.82, omega_m:-0.00, u:0.00, theta1:16.941, theta2:3.310, e:-20.824
t:3.41, r:0.00, omega:-20.82, omega_m:-0.00, u:0.00, theta1:16.941, theta2:3.331, e:-20.824
t:3.42, r:0.00, omega:-20.82, omega_m:-0.00, u:0.00, theta1:16.941, theta2:3.353, e:-20.824
t:3.43, r:0.00, omega:-20.82, omega_m:-0.00, u:0.00, theta1:16.941, theta2:3.375, e:-20.824
t:3.44, r:0.00, omega:-20.82, omega_m:-0.00, u:0.00, theta1:16.941, theta2:3.396, e:-20.824
t:3.45, r:0.00, omega:-20.82, omega_m:-0.00, u:0.00, theta1:16.941, theta2:3.418, e:-20.824
t:3.46, r:0.00, omega:-20.82, omega_m:-0.00, u:0.00, theta1:16.941, theta2:3.440, e:-20.824
t:3.47, r:0.00, omega:-20.82, omega_m:-0.00, u:0.00, theta1:16.941, theta2:3.461, e:-20.824
t:3.48, r:0.00, omega:-20.82, omega_m:-0.00, u:0.00, theta1:16.941, theta2:3.483, e:-20.824
t:3.49, r:0.00, omega:-20.82, omega_m:-0.00, u:0.00, theta1:16.941, theta2:3.505, e:-20.824
t:3.50, r:0.00, omega:-20.82, omega_m:-0.00, u:0.00, theta1:16.941, theta2:3.526, e:-20.824
t:3.51, r:0.00, omega:-20.82, omega_m:-0.00, u:0.00, theta1:16.941, theta2:3.548, e:-20.824
t:3.52, r:0.00, omega:-20.82, omega_m:-0.00, u:0.00, theta1:16.941, theta2:3.570, e:-20.824
t:3.53, r:0.00, omega:-20.82, omega_m:-0.00, u:0.00, theta1:16.941, theta2:3.592, e:-20.824
t:3.54, r:0.00, omega:0.00, omega_m:-0.00, u:0.00, theta1:16.941, theta2:3.592, e:0.000
t:3.55, r:0.00, omega:0.00, omega_m:-0.00, u:0.00, theta1:16.941, theta2:3.592, e:0.000
t:3.56, r:0.00, omega:0.00, omega_m:-0.00, u:0.00, theta1:16.941, theta2:3.592, e:0.000
t:3.57, r:0.00, omega:0.00, omega_m:-0.00, u:0.00, theta1:16.941, theta2:3.592, e:0.000
t:3.58, r:0.00, omega:0.00, omega_m:-0.00, u:0.00, theta1:16.941, theta2:3.592, e:0.000
t:3.59, r:0.00, omega:0.00, omega_m:-0.00, u:0.00, theta1:16.941, theta2:3.592, e:0.000
t:3.60, r:0.00, omega:0.00, omega_m:-0.00, u:0.00, theta1:16.941, theta2:3.592, e:0.000
t:3.61, r:0.00, omega:0.00, omega_m:-0.00, u:0.00, theta1:16.941, theta2:3.592, e:0.000
t:3.62, r:0.00, omega:0.00, omega_m:-0.00, u:0.00, theta1:16.941, theta2:3.592, e:0.000
t:3.63, r:0.00, omega:0.00, omega_m:-0.00, u:0.00, theta1:16.941, theta2:3.592, e:0.000
t:3.64, r:0.00, omega:0.00, omega_m:-0.00, u:0.00, theta1:16.941, theta2:3.592, e:0.000
t:3.65, r:0.00, omega:0.00, omega_m:-0.00, u:0.00, theta1:16.941, theta2:3.592, e:0.000
t:3.66, r:0.00, omega:0.00, omega_m:-0.00, u:0.00, theta1:16.941, theta2:3.592, e:0.000
t:3.67, r:0.00, omega:0.00, omega_m:-0.00, u:0.00, theta1:16.941, theta2:3.592, e:0.000
t:3.68, r:0.00, omega:0.00, omega_m:-0.00, u:0.00, theta1:16.941, theta2:3.592, e:0.000
t:3.69, r:0.00, omega:0.00, omega_m:-0.00, u:0.00, theta1:16.941, theta2:3.592, e:0.000
t:3.70, r:0.00, omega:0.00, omega_m:-0.00, u:0.00, theta1:16.941, theta2:3.592, e:0.000
t:3.71, r:0.00, omega:0.00, omega_m:-0.00, u:0.00, theta1:16.941, theta2:3.592, e:0.000
t:3.72, r:0.00, omega:0.00, omega_m:-0.00, u:0.00, theta1:16.941, theta2:3.592, e:0.000
t:3.73, r:0.00, omega:0.00, omega_m:-0.00, u:0.00, theta1:16.941, theta2:3.592, e:0.000
t:3.74, r:0.00, omega:0.00, omega_m:-0.00, u:0.00, theta1:16.941, theta2:3.592, e:0.000
t:3.75, r:0.00, omega:0.00, omega_m:-0.00, u:0.00, theta1:16.941, theta2:3.592, e:0.000
t:3.76, r:0.00, omega:0.00, omega_m:-0.00, u:0.00, theta1:16.941, theta2:3.592, e:0.000
t:3.77, r:0.00, omega:0.00, omega_m:-0.00, u:0.00, theta1:16.941, theta2:3.592, e:0.000
t:3.78, r:0.00, omega:0.00, omega_m:-0.00, u:0.00, theta1:16.941, theta2:3.592, e:0.000
t:3.79, r:0.00, omega:0.00, omega_m:-0.00, u:0.00, theta1:16.941, theta2:3.592, e:0.000
t:3.80, r:0.00, omega:0.00, omega_m:-0.00, u:0.00, theta1:16.941, theta2:3.592, e:0.000
t:3.81, r:0.00, omega:0.00, omega_m:-0.00, u:0.00, theta1:16.941, theta2:3.592, e:0.000
t:3.82, r:0.00, omega:0.00, omega_m:-0.00, u:0.00, theta1:16.941, theta2:3.592, e:0.000
t:3.83, r:0.00, omega:0.00, omega_m:-0.00, u:0.00, theta1:16.941, theta2:3.592, e:0.000
t:3.84, r:0.00, omega:0.00, omega_m:-0.00, u:0.00, theta1:16.941, theta2:3.592, e:0.000
t:3.85, r:0.00, omega:0.00, omega_m:-0.00, u:0.00, theta1:16.941, theta2:3.592, e:0.000
t:3.86, r:0.00, omega:0.00, omega_m:-0.00, u:0.00, theta1:16.941, theta2:3.592, e:0.000
t:3.87, r:0.00, omega:0.00, omega_m:-0.00, u:0.00, theta1:16.941, theta2:3.592, e:0.000
t:3.88, r:0.00, omega:0.00, omega_m:-0.00, u:0.00, theta1:16.941, theta2:3.592, e:0.000
t:3.89, r:0.00, omega:0.00, omega_m:-0.00, u:0.00, theta1:16.941, theta2:3.592, e:0.000
t:3.90, r:0.00, omega:0.00, omega_m:-0.00, u:0.00, theta1:16.941, theta2:3.592, e:0.000
t:3.91, r:0.00, omega:0.00, omega_m:-0.00, u:0.00, theta1:16.941, theta2:3.592, e:0.000
t:3.92, r:0.00, omega:0.00, omega_m:-0.00, u:0.00, theta1:16.941, theta2:3.592, e:0.000
t:3.93, r:0.00, omega:0.00, omega_m:-0.00, u:0.00, theta1:16.941, theta2:3.592, e:0.000
t:3.94, r:0.00, omega:0.00, omega_m:-0.00, u:0.00, theta1:16.941, theta2:3.592, e:0.000
t:3.95, r:0.00, omega:0.00, omega_m:-0.00, u:0.00, theta1:16.941, theta2:3.592, e:0.000
t:3.96, r:0.00, omega:0.00, omega_m:-0.00, u:0.00, theta1:16.941, theta2:3.592, e:0.000
t:3.97, r:0.00, omega:0.00, omega_m:-0.00, u:0.00, theta1:16.941, theta2:3.592, e:0.000
t:3.98, r:0.00, omega:0.00, omega_m:-0.00, u:0.00, theta1:16.941, theta2:3.592, e:0.000
t:3.99, r:0.00, omega:0.00, omega_m:-0.00, u:0.00, theta1:16.941, theta2:3.592, e:0.000
t:4.00, r:0.00, omega:0.00, omega_m:-0.00, u:0.00, theta1:16.941, theta2:3.592, e:0.000
t:4.01, r:25.00, omega:0.00, omega_m:15.80, u:424.03, theta1:16.961, theta2:3.592, e:-15.803
t:4.02, r:25.00, omega:0.00, omega_m:21.62, u:424.70, theta1:16.988, theta2:3.592, e:-21.617
t:4.03, r:25.00, omega:0.00, omega_m:23.76, u:425.44, theta1:17.018, theta2:3.592, e:-23.755
t:4.04, r:25.00, omega:0.00, omega_m:24.54, u:426.21, theta1:17.048, theta2:3.592, e:-24.542
t:4.05, r:25.00, omega:0.52, omega_m:24.83, u:425.12, theta1:17.079, theta2:3.591, e:-24.316
t:4.06, r:25.00, omega:0.52, omega_m:24.94, u:425.88, theta1:17.109, theta2:3.590, e:-24.423
t:4.07, r:25.00, omega:24.79, omega_m:24.98, u:338.75, theta1:17.110, theta2:3.590, e:-0.189
t:4.08, r:25.00, omega:24.79, omega_m:24.99, u:338.76, theta1:17.110, theta2:3.590, e:-0.204
t:4.09, r:25.00, omega:29.17, omega_m:25.00, u:322.71, theta1:17.105, theta2:3.596, e:4.178
t:4.10, r:25.00, omega:29.17, omega_m:25.00, u:322.40, theta1:17.099, theta2:3.602, e:4.176
t:4.11, r:25.00, omega:24.12, omega_m:25.00, u:340.64, theta1:17.101, theta2:3.601, e:-0.875
t:4.12, r:25.00, omega:24.12, omega_m:25.00, u:340.70, theta1:17.102, theta2:3.600, e:-0.875
t:4.13, r:25.00, omega:24.01, omega_m:25.00, u:341.17, theta1:17.103, theta2:3.599, e:-0.989
t:4.14, r:25.00, omega:24.01, omega_m:25.00, u:341.22, theta1:17.104, theta2:3.597, e:-0.989
t:4.15, r:25.00, omega:24.01, omega_m:25.00, u:341.28, theta1:17.105, theta2:3.596, e:-0.989
t:4.16, r:25.00, omega:23.92, omega_m:25.00, u:341.68, theta1:17.107, theta2:3.595, e:-1.080
t:4.17, r:25.00, omega:23.92, omega_m:25.00, u:341.74, theta1:17.108, theta2:3.594, e:-1.080
t:4.18, r:25.00, omega:23.93, omega_m:25.00, u:341.77, theta1:17.109, theta2:3.592, e:-1.071
t:4.19, r:25.00, omega:23.93, omega_m:25.00, u:341.83, theta1:17.111, theta2:3.591, e:-1.071
t:4.20, r:25.00, omega:24.03, omega_m:25.00, u:341.53, theta1:17.112, theta2:3.590, e:-0.968
t:4.21, r:25.00, omega:24.03, omega_m:25.00, u:341.58, theta1:17.113, theta2:3.589, e:-0.968
t:4.22, r:25.00, omega:24.78, omega_m:25.00, u:338.92, theta1:17.113, theta2:3.589, e:-0.221
t:4.23, r:25.00, omega:24.78, omega_m:25.00, u:338.93, theta1:17.114, theta2:3.588, e:-0.221
t:4.24, r:25.00, omega:26.08, omega_m:25.00, u:334.19, theta1:17.112, theta2:3.590, e:1.080
t:4.25, r:25.00, omega:26.08, omega_m:25.00, u:334.12, theta1:17.111, theta2:3.591, e:1.080
t:4.26, r:25.00, omega:23.30, omega_m:25.00, u:344.21, theta1:17.113, theta2:3.589, e:-1.701
t:4.27, r:25.00, omega:23.30, omega_m:25.00, u:344.30, theta1:17.115, theta2:3.587, e:-1.701
t:4.28, r:25.00, omega:23.30, omega_m:25.00, u:344.40, theta1:17.117, theta2:3.585, e:-1.701
t:4.29, r:25.00, omega:23.51, omega_m:25.00, u:343.74, theta1:17.119, theta2:3.583, e:-1.491
t:4.30, r:25.00, omega:23.51, omega_m:25.00, u:343.83, theta1:17.121, theta2:3.582, e:-1.491
t:4.31, r:25.00, omega:25.00, omega_m:25.00, u:338.48, theta1:17.121, theta2:3.582, e:0.001
t:4.32, r:25.00, omega:25.00, omega_m:25.00, u:338.48, theta1:17.121, theta2:3.582, e:0.001
t:4.33, r:25.00, omega:24.77, omega_m:25.00, u:339.32, theta1:17.121, theta2:3.581, e:-0.228
t:4.34, r:25.00, omega:24.77, omega_m:25.00, u:339.33, theta1:17.122, theta2:3.581, e:-0.228
t:4.35, r:25.00, omega:24.38, omega_m:25.00, u:340.78, theta1:17.122, theta2:3.580, e:-0.622
t:4.36, r:25.00, omega:24.38, omega_m:25.00, u:340.82, theta1:17.123, theta2:3.580, e:-0.622
t:4.37, r:25.00, omega:24.13, omega_m:25.00, u:341.75, theta1:17.124, theta2:3.579, e:-0.867
t:4.38, r:25.00, omega:24.13, omega_m:25.00, u:341.80, theta1:17.125, theta2:3.577, e:-0.867
t:4.39, r:25.00, omega:24.07, omega_m:25.00, u:342.09, theta1:17.127, theta2:3.576, e:-0.933
t:4.40, r:25.00, omega:24.07, omega_m:25.00, u:342.15, theta1:17.128, theta2:3.575, e:-0.933
t:4.41, r:25.00, omega:23.86, omega_m:25.00, u:342.97, theta1:17.129, theta2:3.574, e:-1.145
t:4.42, r:25.00, omega:23.86, omega_m:25.00, u:343.04, theta1:17.131, theta2:3.572, e:-1.145
t:4.43, r:25.00, omega:23.86, omega_m:25.00, u:343.11, theta1:17.132, theta2:3.571, e:-1.145
t:4.44, r:25.00, omega:23.80, omega_m:25.00, u:343.38, theta1:17.133, theta2:3.570, e:-1.199
t:4.45, r:25.00, omega:23.80, omega_m:25.00, u:343.45, theta1:17.135, theta2:3.568, e:-1.199
t:4.46, r:25.00, omega:23.88, omega_m:25.00, u:343.24, theta1:17.136, theta2:3.567, e:-1.122
t:4.47, r:25.00, omega:23.88, omega_m:25.00, u:343.31, theta1:17.138, theta2:3.566, e:-1.122
t:4.48, r:25.00, omega:24.16, omega_m:25.00, u:342.35, theta1:17.139, theta2:3.565, e:-0.839
t:4.49, r:25.00, omega:24.16, omega_m:25.00, u:342.40, theta1:17.140, theta2:3.564, e:-0.839
t:4.50, r:25.00, omega:25.33, omega_m:25.00, u:338.22, theta1:17.139, theta2:3.564, e:0.328
t:4.51, r:25.00, omega:25.33, omega_m:25.00, u:338.20, theta1:17.139, theta2:3.564, e:0.328
t:4.52, r:25.00, omega:25.40, omega_m:25.00, u:337.93, theta1:17.139, theta2:3.565, e:0.396
t:4.53, r:25.00, omega:25.40, omega_m:25.00, u:337.90, theta1:17.138, theta2:3.565, e:0.396
t:4.54, r:25.00, omega:24.24, omega_m:25.00, u:342.09, theta1:17.139, theta2:3.564, e:-0.765
t:4.55, r:25.00, omega:24.24, omega_m:25.00, u:342.14, theta1:17.140, theta2:3.564, e:-0.765
t:4.56, r:25.00, omega:24.24, omega_m:25.00, u:342.18, theta1:17.141, theta2:3.563, e:-0.765
t:4.57, r:25.00, omega:23.31, omega_m:25.00, u:345.56, theta1:17.143, theta2:3.561, e:-1.685
t:4.58, r:25.00, omega:23.31, omega_m:25.00, u:345.66, theta1:17.145, theta2:3.559, e:-1.685
t:4.59, r:25.00, omega:25.66, omega_m:25.00, u:337.29, theta1:17.144, theta2:3.560, e:0.655
t:4.60, r:25.00, omega:25.66, omega_m:25.00, u:337.25, theta1:17.144, theta2:3.560, e:0.655
t:4.61, r:25.00, omega:23.82, omega_m:25.00, u:343.86, theta1:17.145, theta2:3.559, e:-1.182
t:4.62, r:25.00, omega:23.82, omega_m:25.00, u:343.93, theta1:17.146, theta2:3.558, e:-1.182
t:4.63, r:25.00, omega:23.12, omega_m:25.00, u:346.52, theta1:17.149, theta2:3.555, e:-1.881
t:4.64, r:25.00, omega:23.12, omega_m:25.00, u:346.63, theta1:17.151, theta2:3.553, e:-1.881
t:4.65, r:25.00, omega:25.99, omega_m:25.00, u:336.36, theta1:17.150, theta2:3.554, e:0.992
t:4.66, r:25.00, omega:25.99, omega_m:25.00, u:336.30, theta1:17.149, theta2:3.556, e:0.992
t:4.67, r:25.00, omega:23.27, omega_m:25.00, u:346.08, theta1:17.151, theta2:3.554, e:-1.731
t:4.68, r:25.00, omega:23.27, omega_m:25.00, u:346.18, theta1:17.153, theta2:3.552, e:-1.731
t:4.69, r:25.00, omega:23.27, omega_m:25.00, u:346.28, theta1:17.155, theta2:3.550, e:-1.731
t:4.70, r:25.00, omega:23.25, omega_m:25.00, u:346.45, theta1:17.157, theta2:3.548, e:-1.750
t:4.71, r:25.00, omega:23.25, omega_m:25.00, u:346.55, theta1:17.160, theta2:3.546, e:-1.750
t:4.72, r:25.00, omega:25.93, omega_m:25.00, u:336.97, theta1:17.158, theta2:3.547, e:0.935
t:4.73, r:25.00, omega:25.93, omega_m:25.00, u:336.91, theta1:17.157, theta2:3.548, e:0.935
t:4.74, r:25.00, omega:22.57, omega_m:25.00, u:348.98, theta1:17.160, theta2:3.545, e:-2.428
t:4.75, r:25.00, omega:22.57, omega_m:25.00, u:349.12, theta1:17.163, theta2:3.543, e:-2.428
t:4.76, r:25.00, omega:25.28, omega_m:25.00, u:339.53, theta1:17.163, theta2:3.543, e:0.275
t:4.77, r:25.00, omega:25.28, omega_m:25.00, u:339.51, theta1:17.163, theta2:3.543, e:0.275
t:4.78, r:25.00, omega:25.26, omega_m:25.00, u:339.55, theta1:17.162, theta2:3.544, e:0.259
t:4.79, r:25.00, omega:25.26, omega_m:25.00, u:339.53, theta1:17.162, theta2:3.544, e:0.259
t:4.80, r:25.00, omega:23.91, omega_m:25.00, u:344.39, theta1:17.163, theta2:3.543, e:-1.092
t:4.81, r:25.00, omega:23.91, omega_m:25.00, u:344.45, theta1:17.165, theta2:3.541, e:-1.092
t:4.82, r:25.00, omega:23.91, omega_m:25.00, u:344.52, theta1:17.166, theta2:3.540, e:-1.092
t:4.83, r:25.00, omega:23.59, omega_m:25.00, u:345.74, theta1:17.168, theta2:3.538, e:-1.414
t:4.84, r:25.00, omega:23.59, omega_m:25.00, u:345.82, theta1:17.170, theta2:3.537, e:-1.414
t:4.85, r:25.00, omega:24.22, omega_m:25.00, u:343.61, theta1:17.171, theta2:3.536, e:-0.776
t:4.86, r:25.00, omega:24.22, omega_m:25.00, u:343.66, theta1:17.172, theta2:3.535, e:-0.776
t:4.87, r:25.00, omega:25.23, omega_m:25.00, u:340.11, theta1:17.171, theta2:3.535, e:0.225
t:4.88, r:25.00, omega:25.23, omega_m:25.00, u:340.09, theta1:17.171, theta2:3.535, e:0.225
t:4.89, r:25.00, omega:24.08, omega_m:25.00, u:344.19, theta1:17.172, theta2:3.534, e:-0.917
t:4.90, r:25.00, omega:24.08, omega_m:25.00, u:344.24, theta1:17.173, theta2:3.533, e:-0.917
t:4.91, r:25.00, omega:23.76, omega_m:25.00, u:345.46, theta1:17.175, theta2:3.532, e:-1.241
t:4.92, r:25.00, omega:23.76, omega_m:25.00, u:345.53, theta1:17.176, theta2:3.530, e:-1.241
t:4.93, r:25.00, omega:24.43, omega_m:25.00, u:343.20, theta1:17.177, theta2:3.530, e:-0.570
t:4.94, r:25.00, omega:24.43, omega_m:25.00, u:343.24, theta1:17.178, theta2:3.529, e:-0.570
t:4.95, r:25.00, omega:24.42, omega_m:25.00, u:343.30, theta1:17.179, theta2:3.528, e:-0.578
t:4.96, r:25.00, omega:24.42, omega_m:25.00, u:343.34, theta1:17.179, theta2:3.527, e:-0.578
t:4.97, r:25.00, omega:24.42, omega_m:25.00, u:343.37, theta1:17.180, theta2:3.527, e:-0.578
t:4.98, r:25.00, omega:24.50, omega_m:25.00, u:343.14, theta1:17.181, theta2:3.526, e:-0.504
t:4.99, r:25.00, omega:24.50, omega_m:25.00, u:343.17, theta1:17.181, theta2:3.525, e:-0.504
t:5.00, r:25.00, omega:24.42, omega_m:25.00, u:343.46, theta1:17.182, theta2:3.525, e:-0.577
t:5.01, r:0.00, omega:24.42, omega_m:9.20, u:0.00, theta1:17.182, theta2:3.543, e:15.226
t:5.02, r:0.00, omega:24.41, omega_m:3.38, u:0.00, theta1:17.182, theta2:3.569, e:21.023
t:5.03, r:0.00, omega:24.41, omega_m:1.24, u:0.00, theta1:17.182, theta2:3.597, e:23.162
t:5.04, r:0.00, omega:24.41, omega_m:0.46, u:0.00, theta1:17.182, theta2:3.627, e:23.949
t:5.05, r:0.00, omega:24.41, omega_m:0.17, u:0.00, theta1:17.182, theta2:3.656, e:24.238
t:5.06, r:0.00, omega:24.41, omega_m:0.06, u:0.00, theta1:17.182, theta2:3.686, e:24.345
t:5.07, r:0.00, omega:24.41, omega_m:0.02, u:0.00, theta1:17.182, theta2:3.716, e:24.384
t:5.08, r:0.00, omega:24.41, omega_m:0.01, u:0.00, theta1:17.182, theta2:3.745, e:24.398
t:5.09, r:0.00, omega:24.41, omega_m:0.00, u:0.00, theta1:17.182, theta2:3.775, e:24.404
t:5.10, r:0.00, omega:24.41, omega_m:0.00, u:0.00, theta1:17.182, theta2:3.805, e:24.406
t:5.11, r:0.00, omega:24.41, omega_m:0.00, u:0.00, theta1:17.182, theta2:3.835, e:24.406
t:5.12, r:0.00, omega:24.41, omega_m:0.00, u:0.00, theta1:17.182, theta2:3.864, e:24.407
t:5.13, r:0.00, omega:24.41, omega_m:0.00, u:0.00, theta1:17.182, theta2:3.894, e:24.407
t:5.14, r:0.00, omega:24.41, omega_m:0.00, u:0.00, theta1:17.182, theta2:3.924, e:24.407
t:5.15, r:0.00, omega:24.41, omega_m:0.00, u:0.00, theta1:17.182, theta2:3.954, e:24.407
t:5.16, r:0.00, omega:24.41, omega_m:0.00, u:0.00, theta1:17.182, theta2:3.984, e:24.407
t:5.17, r:0.00, omega:24.41, omega_m:0.00, u:0.00, theta1:17.182, theta2:4.013, e:24.407
t:5.18, r:0.00, omega:24.41, omega_m:0.00, u:0.00, theta1:17.182, theta2:4.043, e:24.407
t:5.19, r:0.00, omega:24.41, omega_m:0.00, u:0.00, theta1:17.182, theta2:4.073, e:24.407
t:5.20, r:0.00, omega:24.41, omega_m:0.00, u:0.00, theta1:17.182, theta2:4.103, e:24.407
t:5.21, r:0.00, omega:24.41, omega_m:0.00, u:0.00, theta1:17.182, theta2:4.133, e:24.407
t:5.22, r:0.00, omega:24.41, omega_m:0.00, u:0.00, theta1:17.182, theta2:4.162, e:24.407
t:5.23, r:0.00, omega:24.41, omega_m:0.00, u:0.00, theta1:17.182, theta2:4.192, e:24.407
t:5.24, r:0.00, omega:24.41, omega_m:0.00, u:0.00, theta1:17.182, theta2:4.222, e:24.407
t:5.25, r:0.00, omega:24.41, omega_m:0.00, u:0.00, theta1:17.182, theta2:4.252, e:24.407
t:5.26, r:0.00, omega:24.41, omega_m:0.00, u:0.00, theta1:17.182, theta2:4.281, e:24.407
t:5.27, r:0.00, omega:24.41, omega_m:0.00, u:0.00, theta1:17.182, theta2:4.311, e:24.407
t:5.28, r:0.00, omega:24.41, omega_m:0.00, u:0.00, theta1:17.182, theta2:4.341, e:24.407
t:5.29, r:0.00, omega:24.41, omega_m:0.00, u:0.00, theta1:17.182, theta2:4.371, e:24.407
t:5.30, r:0.00, omega:24.41, omega_m:0.00, u:0.00, theta1:17.182, theta2:4.401, e:24.407
t:5.31, r:0.00, omega:24.41, omega_m:0.00, u:0.00, theta1:17.182, theta2:4.430, e:24.407
t:5.32, r:0.00, omega:24.41, omega_m:0.00, u:0.00, theta1:17.182, theta2:4.460, e:24.407
t:5.33, r:0.00, omega:24.41, omega_m:0.00, u:0.00, theta1:17.182, theta2:4.490, e:24.407
t:5.34, r:0.00, omega:24.41, omega_m:0.00, u:0.00, theta1:17.182, theta2:4.520, e:24.407
t:5.35, r:0.00, omega:24.41, omega_m:0.00, u:0.00, theta1:17.182, theta2:4.550, e:24.407
t:5.36, r:0.00, omega:24.41, omega_m:0.00, u:0.00, theta1:17.182, theta2:4.579, e:24.407
t:5.37, r:0.00, omega:24.41, omega_m:0.00, u:0.00, theta1:17.182, theta2:4.609, e:24.407
t:5.38, r:0.00, omega:24.41, omega_m:0.00, u:0.00, theta1:17.182, theta2:4.639, e:24.407
t:5.39, r:0.00, omega:24.41, omega_m:0.00, u:0.00, theta1:17.182, theta2:4.669, e:24.407
t:5.40, r:0.00, omega:24.41, omega_m:0.00, u:0.00, theta1:17.182, theta2:4.698, e:24.407
t:5.41, r:0.00, omega:24.41, omega_m:0.00, u:0.00, theta1:17.182, theta2:4.728, e:24.407
t:5.42, r:0.00, omega:24.41, omega_m:0.00, u:0.00, theta1:17.182, theta2:4.758, e:24.407
t:5.43, r:0.00, omega:24.41, omega_m:0.00, u:0.00, theta1:17.182, theta2:4.788, e:24.407
t:5.44, r:0.00, omega:24.41, omega_m:0.00, u:0.00, theta1:17.182, theta2:4.818, e:24.407
t:5.45, r:0.00, omega:24.41, omega_m:0.00, u:0.00, theta1:17.182, theta2:4.847, e:24.407
t:5.46, r:0.00, omega:24.41, omega_m:0.00, u:0.00, theta1:17.182, theta2:4.877, e:24.407
t:5.47, r:0.00, omega:24.41, omega_m:0.00, u:0.00, theta1:17.182, theta2:4.907, e:24.407
t:5.48, r:0.00, omega:24.41, omega_m:0.00, u:0.00, theta1:17.182, theta2:4.937, e:24.407
t:5.49, r:0.00, omega:24.41, omega_m:0.00, u:0.00, theta1:17.182, theta2:4.967, e:24.407
t:5.50, r:0.00, omega:24.41, omega_m:0.00, u:0.00, theta1:17.182, theta2:4.996, e:24.407
t:5.51, r:0.00, omega:24.41, omega_m:0.00, u:0.00, theta1:17.182, theta2:5.026, e:24.407
t:5.52, r:0.00, omega:0.00, omega_m:0.00, u:0.00, theta1:17.182, theta2:5.026, e:-0.000
t:5.53, r:0.00, omega:0.00, omega_m:0.00, u:0.00, theta1:17.182, theta2:5.026, e:-0.000
t:5.54, r:0.00, omega:0.00, omega_m:0.00, u:0.00, theta1:17.182, theta2:5.026, e:-0.000
t:5.55, r:0.00, omega:0.00, omega_m:0.00, u:0.00, theta1:17.182, theta2:5.026, e:-0.000
t:5.56, r:0.00, omega:0.00, omega_m:0.00, u:0.00, theta1:17.182, theta2:5.026, e:-0.000
t:5.57, r:0.00, omega:0.00, omega_m:0.00, u:0.00, theta1:17.182, theta2:5.026, e:-0.000
t:5.58, r:0.00, omega:0.00, omega_m:0.00, u:0.00, theta1:17.182, theta2:5.026, e:-0.000
t:5.59, r:0.00, omega:0.00, omega_m:0.00, u:0.00, theta1:17.182, theta2:5.026, e:-0.000
t:5.60, r:0.00, omega:0.00, omega_m:0.00, u:0.00, theta1:17.182, theta2:5.026, e:-0.000
t:5.61, r:0.00, omega:0.00, omega_m:0.00, u:0.00, theta1:17.182, theta2:5.026, e:-0.000
t:5.62, r:0.00, omega:0.00, omega_m:0.00, u:0.00, theta1:17.182, theta2:5.026, e:-0.000
t:5.63, r:0.00, omega:0.00, omega_m:0.00, u:0.00, theta1:17.182, theta2:5.026, e:-0.000
t:5.64, r:0.00, omega:0.00, omega_m:0.00, u:0.00, theta1:17.182, theta2:5.026, e:-0.000
t:5.65, r:0.00, omega:0.00, omega_m:0.00, u:0.00, theta1:17.182, theta2:5.026, e:-0.000
t:5.66, r:0.00, omega:0.00, omega_m:0.00, u:0.00, theta1:17.182, theta2:5.026, e:-0.000
t:5.67, r:0.00, omega:0.00, omega_m:0.00, u:0.00, theta1:17.182, theta2:5.026, e:-0.000
t:5.68, r:0.00, omega:0.00, omega_m:0.00, u:0.00, theta1:17.182, theta2:5.026, e:-0.000
t:5.69, r:0.00, omega:0.00, omega_m:0.00, u:0.00, theta1:17.182, theta2:5.026, e:-0.000
t:5.70, r:0.00, omega:0.00, omega_m:0.00, u:0.00, theta1:17.182, theta2:5.026, e:-0.000
t:5.71, r:0.00, omega:0.00, omega_m:0.00, u:0.00, theta1:17.182, theta2:5.026, e:-0.000
t:5.72, r:0.00, omega:0.00, omega_m:0.00, u:0.00, theta1:17.182, theta2:5.026, e:-0.000
t:5.73, r:0.00, omega:0.00, omega_m:0.00, u:0.00, theta1:17.182, theta2:5.026, e:-0.000
t:5.74, r:0.00, omega:0.00, omega_m:0.00, u:0.00, theta1:17.182, theta2:5.026, e:-0.000
t:5.75, r:0.00, omega:0.00, omega_m:0.00, u:0.00, theta1:17.182, theta2:5.026, e:-0.000
t:5.76, r:0.00, omega:0.00, omega_m:0.00, u:0.00, theta1:17.182, theta2:5.026, e:-0.000
t:5.77, r:0.00, omega:0.00, omega_m:0.00, u:0.00, theta1:17.182, theta2:5.026, e:-0.000
t:5.78, r:0.00, omega:0.00, omega_m:0.00, u:0.00, theta1:17.182, theta2:5.026, e:-0.000
t:5.79, r:0.00, omega:0.00, omega_m:0.00, u:0.00, theta1:17.182, theta2:5.026, e:-0.000
t:5.80, r:0.00, omega:0.00, omega_m:0.00, u:0.00, theta1:17.182, theta2:5.026, e:-0.000
t:5.81, r:0.00, omega:0.00, omega_m:0.00, u:0.00, theta1:17.182, theta2:5.026, e:-0.000
t:5.82, r:0.00, omega:0.00, omega_m:0.00, u:0.00, theta1:17.182, theta2:5.026, e:-0.000
t:5.83, r:0.00, omega:0.00, omega_m:0.00, u:0.00, theta1:17.182, theta2:5.026, e:-0.000
t:5.84, r:0.00, omega:0.00, omega_m:0.00, u:0.00, theta1:17.182, theta2:5.026, e:-0.000
t:5.85, r:0.00, omega:0.00, omega_m:0.00, u:0.00, theta1:17.182, theta2:5.026, e:-0.000
t:5.86, r:0.00, omega:0.00, omega_m:0.00, u:0.00, theta1:17.182, theta2:5.026, e:-0.000
t:5.87, r:0.00, omega:0.00, omega_m:0.00, u:0.00, theta1:17.182, theta2:5.026, e:-0.000
t:5.88, r:0.00, omega:0.00, omega_m:0.00, u:0.00, theta1:17.182, theta2:5.026, e:-0.000
t:5.89, r:0.00, omega:0.00, omega_m:0.00, u:0.00, theta1:17.182, theta2:5.026, e:-0.000
t:5.90, r:0.00, omega:0.00, omega_m:0.00, u:0.00, theta1:17.182, theta2:5.026, e:-0.000
t:5.91, r:0.00, omega:0.00, omega_m:0.00, u:0.00, theta1:17.182, theta2:5.026, e:-0.000
t:5.92, r:0.00, omega:0.00, omega_m:0.00, u:0.00, theta1:17.182, theta2:5.026, e:-0.000
t:5.93, r:0.00, omega:0.00, omega_m:0.00, u:0.00, theta1:17.182, theta2:5.026, e:-0.000
t:5.94, r:0.00, omega:0.00, omega_m:0.00, u:0.00, theta1:17.182, theta2:5.026, e:-0.000
t:5.95, r:0.00, omega:0.00, omega_m:0.00, u:0.00, theta1:17.182, theta2:5.026, e:-0.000
t:5.96, r:0.00, omega:0.00, omega_m:0.00, u:0.00, theta1:17.182, theta2:5.026, e:-0.000
t:5.97, r:0.00, omega:0.00, omega_m:0.00, u:0.00, theta1:17.182, theta2:5.026, e:-0.000
t:5.98, r:0.00, omega:0.00, omega_m:0.00, u:0.00, theta1:17.182, theta2:5.026, e:-0.000
t:5.99, r:0.00, omega:0.00, omega_m:0.00, u:0.00, theta1:17.182, theta2:5.026, e:-0.000
t:6.00, r:0.00, omega:0.00, omega_m:0.00, u:0.00, theta1:17.182, theta2:5.026, e:-0.000
t:6.01, r:-25.00, omega:0.00, omega_m:-15.80, u:-430.04, theta1:17.202, theta2:5.026, e:15.803
t:6.02, r:-25.00, omega:0.00, omega_m:-21.62, u:-430.72, theta1:17.229, theta2:5.026, e:21.617
t:6.03, r:-25.00, omega:-0.52, omega_m:-23.76, u:-428.85, theta1:17.258, theta2:5.025, e:23.240
t:6.04, r:-25.00, omega:-0.52, omega_m:-24.54, u:-429.60, theta1:17.288, theta2:5.025, e:24.027
t:6.05, r:-25.00, omega:-0.52, omega_m:-24.83, u:-430.37, theta1:17.318, theta2:5.024, e:24.316
t:6.06, r:-25.00, omega:-20.90, omega_m:-24.94, u:-328.18, theta1:17.323, theta2:5.020, e:4.042
t:6.07, r:-25.00, omega:-20.90, omega_m:-24.98, u:-328.40, theta1:17.328, theta2:5.016, e:4.081
t:6.08, r:-25.00, omega:-26.69, omega_m:-24.99, u:-299.24, theta1:17.326, theta2:5.018, e:-1.695
t:6.09, r:-25.00, omega:-26.69, omega_m:-25.00, u:-299.13, theta1:17.324, theta2:5.020, e:-1.690
t:6.10, r:-25.00, omega:-24.98, omega_m:-25.00, u:-307.68, theta1:17.324, theta2:5.020, e:0.016
t:6.11, r:-25.00, omega:-24.98, omega_m:-25.00, u:-307.68, theta1:17.324, theta2:5.020, e:0.016
t:6.12, r:-25.00, omega:-23.85, omega_m:-25.00, u:-313.43, theta1:17.326, theta2:5.019, e:1.148
t:6.13, r:-25.00, omega:-23.85, omega_m:-25.00, u:-313.50, theta1:17.327, theta2:5.017, e:1.148
t:6.14, r:-25.00, omega:-23.85, omega_m:-25.00, u:-313.57, theta1:17.328, theta2:5.016, e:1.148
t:6.15, r:-25.00, omega:-21.56, omega_m:-25.00, u:-325.26, theta1:17.333, theta2:5.012, e:3.441
t:6.16, r:-25.00, omega:-21.56, omega_m:-25.00, u:-325.45, theta1:17.337, theta2:5.009, e:3.441
t:6.17, r:-25.00, omega:-22.07, omega_m:-25.00, u:-323.06, theta1:17.341, theta2:5.005, e:2.933
t:6.18, r:-25.00, omega:-22.07, omega_m:-25.00, u:-323.23, theta1:17.344, theta2:5.002, e:2.933
t:6.19, r:-25.00, omega:-23.71, omega_m:-25.00, u:-315.08, theta1:17.346, theta2:5.001, e:1.288
t:6.20, r:-25.00, omega:-23.71, omega_m:-25.00, u:-315.15, theta1:17.348, theta2:4.999, e:1.288
t:6.21, r:-25.00, omega:-23.63, omega_m:-25.00, u:-315.62, theta1:17.349, theta2:4.998, e:1.365
t:6.22, r:-25.00, omega:-23.63, omega_m:-25.00, u:-315.70, theta1:17.351, theta2:4.996, e:1.365
t:6.23, r:-25.00, omega:-23.63, omega_m:-25.00, u:-315.78, theta1:17.353, theta2:4.994, e:1.365
t:6.24, r:-25.00, omega:-22.92, omega_m:-25.00, u:-319.46, theta1:17.355, theta2:4.992, e:2.078
t:6.25, r:-25.00, omega:-22.92, omega_m:-25.00, u:-319.58, theta1:17.358, theta2:4.990, e:2.078
t:6.26, r:-25.00, omega:-22.51, omega_m:-25.00, u:-321.75, theta1:17.361, theta2:4.987, e:2.485
t:6.27, r:-25.00, omega:-22.51, omega_m:-25.00, u:-321.89, theta1:17.364, theta2:4.984, e:2.485
t:6.28, r:-25.00, omega:-22.23, omega_m:-25.00, u:-323.45, theta1:17.368, theta2:4.981, e:2.767
t:6.29, r:-25.00, omega:-22.23, omega_m:-25.00, u:-323.60, theta1:17.371, theta2:4.978, e:2.767
t:6.30, r:-25.00, omega:-22.23, omega_m:-25.00, u:-323.76, theta1:17.375, theta2:4.975, e:2.767
t:6.31, r:-25.00, omega:-23.05, omega_m:-25.00, u:-319.80, theta1:17.377, theta2:4.973, e:1.948
t:6.32, r:-25.00, omega:-23.05, omega_m:-25.00, u:-319.91, theta1:17.379, theta2:4.970, e:1.948
t:6.33, r:-25.00, omega:-23.95, omega_m:-25.00, u:-315.49, theta1:17.381, theta2:4.969, e:1.047
t:6.34, r:-25.00, omega:-23.95, omega_m:-25.00, u:-315.56, theta1:17.382, theta2:4.968, e:1.047
t:6.35, r:-25.00, omega:-23.91, omega_m:-25.00, u:-315.84, theta1:17.383, theta2:4.966, e:1.090
t:6.36, r:-25.00, omega:-23.91, omega_m:-25.00, u:-315.90, theta1:17.385, theta2:4.965, e:1.090
t:6.37, r:-25.00, omega:-21.91, omega_m:-25.00, u:-325.99, theta1:17.389, theta2:4.962, e:3.088
t:6.38, r:-25.00, omega:-21.91, omega_m:-25.00, u:-326.16, theta1:17.392, theta2:4.958, e:3.088
t:6.39, r:-25.00, omega:-21.91, omega_m:-25.00, u:-326.33, theta1:17.396, theta2:4.955, e:3.088
t:6.40, r:-25.00, omega:-22.77, omega_m:-25.00, u:-322.21, theta1:17.399, theta2:4.952, e:2.230
t:6.41, r:-25.00, omega:-22.77, omega_m:-25.00, u:-322.34, theta1:17.402, theta2:4.950, e:2.230
t:6.42, r:-25.00, omega:-23.67, omega_m:-25.00, u:-317.96, theta1:17.404, theta2:4.948, e:1.329
t:6.43, r:-25.00, omega:-23.67, omega_m:-25.00, u:-318.04, theta1:17.405, theta2:4.947, e:1.329
t:6.44, r:-25.00, omega:-23.16, omega_m:-25.00, u:-320.69, theta1:17.408, theta2:4.945, e:1.843
t:6.45, r:-25.00, omega:-23.16, omega_m:-25.00, u:-320.79, theta1:17.410, theta2:4.943, e:1.843
t:6.46, r:-25.00, omega:-23.16, omega_m:-25.00, u:-320.90, theta1:17.412, theta2:4.940, e:1.843
t:6.47, r:-25.00, omega:-22.47, omega_m:-25.00, u:-324.42, theta1:17.415, theta2:4.938, e:2.526
t:6.48, r:-25.00, omega:-50.98, omega_m:-25.00, u:-179.46, theta1:17.383, theta2:5.004, e:-25.983
t:6.49, r:-25.00, omega:-39.98, omega_m:-25.00, u:-232.83, theta1:17.364, theta2:5.034, e:-14.985
t:6.50, r:-25.00, omega:-39.98, omega_m:-25.00, u:-231.16, theta1:17.345, theta2:5.064, e:-14.985
t:6.51, r:-25.00, omega:-39.98, omega_m:-25.00, u:-229.50, theta1:17.327, theta2:5.094, e:-14.985
t:6.52, r:-25.00, omega:-19.90, omega_m:-25.00, u:-332.07, theta1:17.333, theta2:5.089, e:5.101
t:6.53, r:-25.00, omega:-19.90, omega_m:-25.00, u:-332.33, theta1:17.339, theta2:5.083, e:5.101
t:6.54, r:-25.00, omega:-17.53, omega_m:-25.00, u:-344.70, theta1:17.349, theta2:5.077, e:7.467
t:6.55, r:-25.00, omega:-17.53, omega_m:-25.00, u:-345.05, theta1:17.358, theta2:5.070, e:7.467
t:6.56, r:-25.00, omega:-17.53, omega_m:-25.00, u:-345.40, theta1:17.367, theta2:5.064, e:7.467
t:6.57, r:-25.00, omega:-22.33, omega_m:-25.00, u:-321.27, theta1:17.371, theta2:5.061, e:2.673
t:6.58, r:-25.00, omega:-22.33, omega_m:-25.00, u:-321.42, theta1:17.374, theta2:5.058, e:2.673
t:6.59, r:-25.00, omega:-23.48, omega_m:-25.00, u:-315.66, theta1:17.376, theta2:5.056, e:1.516
t:6.60, r:-25.00, omega:-23.48, omega_m:-25.00, u:-315.75, theta1:17.378, theta2:5.054, e:1.516
t:6.61, r:-25.00, omega:-23.74, omega_m:-25.00, u:-314.52, theta1:17.379, theta2:5.053, e:1.257
t:6.62, r:-25.00, omega:-23.74, omega_m:-25.00, u:-314.59, theta1:17.381, theta2:5.051, e:1.257
t:6.63, r:-25.00, omega:-23.71, omega_m:-25.00, u:-314.86, theta1:17.383, theta2:5.050, e:1.295
t:6.64, r:-25.00, omega:-23.71, omega_m:-25.00, u:-314.94, theta1:17.384, theta2:5.048, e:1.295
t:6.65, r:-25.00, omega:-23.71, omega_m:-25.00, u:-315.01, theta1:17.386, theta2:5.047, e:1.295
t:6.66, r:-25.00, omega:-22.50, omega_m:-25.00, u:-321.23, theta1:17.389, theta2:5.044, e:2.499
t:6.67, r:-25.00, omega:-22.50, omega_m:-25.00, u:-321.37, theta1:17.392, theta2:5.041, e:2.499
t:6.68, r:-25.00, omega:-21.72, omega_m:-25.00, u:-325.47, theta1:17.396, theta2:5.038, e:3.277
t:6.69, r:-25.00, omega:-21.72, omega_m:-25.00, u:-325.65, theta1:17.400, theta2:5.034, e:3.277
t:6.70, r:-25.00, omega:-23.98, omega_m:-25.00, u:-314.37, theta1:17.402, theta2:5.033, e:1.022
t:6.71, r:-25.00, omega:-23.98, omega_m:-25.00, u:-314.43, theta1:17.403, theta2:5.032, e:1.022
t:6.72, r:-25.00, omega:-23.98, omega_m:-25.00, u:-314.49, theta1:17.404, theta2:5.030, e:1.022
t:6.73, r:-25.00, omega:-23.07, omega_m:-25.00, u:-319.17, theta1:17.407, theta2:5.028, e:1.931
t:6.74, r:-25.00, omega:-23.07, omega_m:-25.00, u:-319.28, theta1:17.409, theta2:5.026, e:1.931
t:6.75, r:-25.00, omega:-21.18, omega_m:-25.00, u:-328.98, theta1:17.414, theta2:5.022, e:3.820
t:6.76, r:-25.00, omega:-21.18, omega_m:-25.00, u:-329.18, theta1:17.418, theta2:5.018, e:3.820
t:6.77, r:-25.00, omega:-23.70, omega_m:-25.00, u:-316.61, theta1:17.420, theta2:5.016, e:1.298
t:6.78, r:-25.00, omega:-23.70, omega_m:-25.00, u:-316.69, theta1:17.422, theta2:5.015, e:1.298
t:6.79, r:-25.00, omega:-23.70, omega_m:-25.00, u:-316.76, theta1:17.423, theta2:5.013, e:1.298
t:6.80, r:-25.00, omega:-23.75, omega_m:-25.00, u:-316.62, theta1:17.425, theta2:5.012, e:1.254
t:6.81, r:-25.00, omega:-23.75, omega_m:-25.00, u:-316.69, theta1:17.426, theta2:5.010, e:1.254
t:6.82, r:-25.00, omega:-23.04, omega_m:-25.00, u:-320.34, theta1:17.429, theta2:5.008, e:1.959
t:6.83, r:-25.00, omega:-23.04, omega_m:-25.00, u:-320.45, theta1:17.431, theta2:5.006, e:1.959
t:6.84, r:-25.00, omega:-21.76, omega_m:-25.00, u:-327.04, theta1:17.435, theta2:5.002, e:3.241
t:6.85, r:-25.00, omega:-21.76, omega_m:-25.00, u:-327.22, theta1:17.439, theta2:4.999, e:3.241
t:6.86, r:-25.00, omega:-23.61, omega_m:-25.00, u:-318.04, theta1:17.441, theta2:4.997, e:1.387
t:6.87, r:-25.00, omega:-23.61, omega_m:-25.00, u:-318.12, theta1:17.443, theta2:4.995, e:1.387
t:6.88, r:-25.00, omega:-23.61, omega_m:-25.00, u:-318.20, theta1:17.445, theta2:4.994, e:1.387
t:6.89, r:-25.00, omega:-23.33, omega_m:-25.00, u:-319.72, theta1:17.447, theta2:4.992, e:1.671
t:6.90, r:-25.00, omega:-23.33, omega_m:-25.00, u:-319.81, theta1:17.449, theta2:4.990, e:1.671
t:6.91, r:-25.00, omega:-23.24, omega_m:-25.00, u:-320.37, theta1:17.451, theta2:4.988, e:1.762
t:6.92, r:-25.00, omega:-23.24, omega_m:-25.00, u:-320.47, theta1:17.453, theta2:4.986, e:1.762
t:6.93, r:-25.00, omega:-22.83, omega_m:-25.00, u:-322.61, theta1:17.456, theta2:4.983, e:2.165
t:6.94, r:-25.00, omega:-22.83, omega_m:-25.00, u:-322.73, theta1:17.459, theta2:4.981, e:2.165
t:6.95, r:-25.00, omega:-22.83, omega_m:-25.00, u:-322.86, theta1:17.461, theta2:4.978, e:2.165
t:6.96, r:-25.00, omega:-22.83, omega_m:-25.00, u:-323.02, theta1:17.464, theta2:4.976, e:2.173
t:6.97, r:-25.00, omega:-22.83, omega_m:-25.00, u:-323.15, theta1:17.467, theta2:4.973, e:2.173
t:6.98, r:-25.00, omega:-22.52, omega_m:-25.00, u:-324.81, theta1:17.470, theta2:4.971, e:2.479
t:6.99, r:-25.00, omega:-22.52, omega_m:-25.00, u:-324.95, theta1:17.473, theta2:4.968, e:2.479
t:7.00, r:-25.00, omega:-23.81, omega_m:-25.00, u:-318.61, theta1:17.475, theta2:4.966, e:1.188
t:7.01, r:0.00, omega:-23.81, omega_m:-9.20, u:0.00, theta1:17.475, theta2:4.984, e:-14.615
t:7.02, r:0.00, omega:-21.81, omega_m:-3.38, u:0.00, theta1:17.475, theta2:5.004, e:-18.426
t:7.03, r:0.00, omega:-21.81, omega_m:-1.24, u:0.00, theta1:17.475, theta2:5.026, e:-20.565
t:7.04, r:0.00, omega:-21.81, omega_m:-0.46, u:0.00, theta1:17.475, theta2:5.050, e:-21.351
t:7.05, r:0.00, omega:-21.81, omega_m:-0.17, u:0.00, theta1:17.475, theta2:5.073, e:-21.641
t:7.06, r:0.00, omega:-21.81, omega_m:-0.06, u:0.00, theta1:17.475, theta2:5.097, e:-21.747
t:7.07, r:0.00, omega:-21.81, omega_m:-0.02, u:0.00, theta1:17.475, theta2:5.121, e:-21.787
t:7.08, r:0.00, omega:-21.81, omega_m:-0.01, u:0.00, theta1:17.475, theta2:5.144, e:-21.801
t:7.09, r:0.00, omega:-21.81, omega_m:-0.00, u:0.00, theta1:17.475, theta2:5.168, e:-21.806
t:7.10, r:0.00, omega:-21.81, omega_m:-0.00, u:0.00, theta1:17.475, theta2:5.192, e:-21.808
t:7.11, r:0.00, omega:-21.81, omega_m:-0.00, u:0.00, theta1:17.475, theta2:5.216, e:-21.809
t:7.12, r:0.00, omega:-21.81, omega_m:-0.00, u:0.00, theta1:17.475, theta2:5.240, e:-21.809
t:7.13, r:0.00, omega:-21.81, omega_m:-0.00, u:0.00, theta1:17.475, theta2:5.263, e:-21.809
t:7.14, r:0.00, omega:-21.81, omega_m:-0.00, u:0.00, theta1:17.475, theta2:5.287, e:-21.809
t:7.15, r:0.00, omega:-21.81, omega_m:-0.00, u:0.00, theta1:17.475, theta2:5.311, e:-21.809
t:7.16, r:0.00, omega:-21.81, omega_m:-0.00, u:0.00, theta1:17.475, theta2:5.335, e:-21.809
t:7.17, r:0.00, omega:-21.81, omega_m:-0.00, u:0.00, theta1:17.475, theta2:5.358, e:-21.809
t:7.18, r:0.00, omega:-21.81, omega_m:-0.00, u:0.00, theta1:17.475, theta2:5.382, e:-21.809
t:7.19, r:0.00, omega:-21.81, omega_m:-0.00, u:0.00, theta1:17.475, theta2:5.406, e:-21.809
t:7.20, r:0.00, omega:-21.81, omega_m:-0.00, u:0.00, theta1:17.475, theta2:5.430, e:-21.809
t:7.21, r:0.00, omega:-21.81, omega_m:-0.00, u:0.00, theta1:17.475, theta2:5.454, e:-21.809
t:7.22, r:0.00, omega:-21.81, omega_m:-0.00, u:0.00, theta1:17.475, theta2:5.477, e:-21.809
t:7.23, r:0.00, omega:-21.81, omega_m:-0.00, u:0.00, theta1:17.475, theta2:5.501, e:-21.809
t:7.24, r:0.00, omega:-21.81, omega_m:-0.00, u:0.00, theta1:17.475, theta2:5.525, e:-21.809
t:7.25, r:0.00, omega:-21.81, omega_m:-0.00, u:0.00, theta1:17.475, theta2:5.549, e:-21.809
t:7.26, r:0.00, omega:-21.81, omega_m:-0.00, u:0.00, theta1:17.475, theta2:5.572, e:-21.809
t:7.27, r:0.00, omega:-21.81, omega_m:-0.00, u:0.00, theta1:17.475, theta2:5.596, e:-21.809
t:7.28, r:0.00, omega:-21.81, omega_m:-0.00, u:0.00, theta1:17.475, theta2:5.620, e:-21.809
t:7.29, r:0.00, omega:-21.81, omega_m:-0.00, u:0.00, theta1:17.475, theta2:5.644, e:-21.809
t:7.30, r:0.00, omega:-21.81, omega_m:-0.00, u:0.00, theta1:17.475, theta2:5.668, e:-21.809
t:7.31, r:0.00, omega:-21.81, omega_m:-0.00, u:0.00, theta1:17.475, theta2:5.691, e:-21.809
t:7.32, r:0.00, omega:-21.81, omega_m:-0.00, u:0.00, theta1:17.475, theta2:5.715, e:-21.809
t:7.33, r:0.00, omega:-21.81, omega_m:-0.00, u:0.00, theta1:17.475, theta2:5.739, e:-21.809
t:7.34, r:0.00, omega:-21.81, omega_m:-0.00, u:0.00, theta1:17.475, theta2:5.763, e:-21.809
t:7.35, r:0.00, omega:-21.81, omega_m:-0.00, u:0.00, theta1:17.475, theta2:5.786, e:-21.809
t:7.36, r:0.00, omega:-21.81, omega_m:-0.00, u:0.00, theta1:17.475, theta2:5.810, e:-21.809
t:7.37, r:0.00, omega:-21.81, omega_m:-0.00, u:0.00, theta1:17.475, theta2:5.834, e:-21.809
t:7.38, r:0.00, omega:-21.81, omega_m:-0.00, u:0.00, theta1:17.475, theta2:5.858, e:-21.809
t:7.39, r:0.00, omega:-21.81, omega_m:-0.00, u:0.00, theta1:17.475, theta2:5.882, e:-21.809
t:7.40, r:0.00, omega:-21.81, omega_m:-0.00, u:0.00, theta1:17.475, theta2:5.905, e:-21.809
t:7.41, r:0.00, omega:-21.81, omega_m:-0.00, u:0.00, theta1:17.475, theta2:5.929, e:-21.809
t:7.42, r:0.00, omega:-21.81, omega_m:-0.00, u:0.00, theta1:17.475, theta2:5.953, e:-21.809
t:7.43, r:0.00, omega:-21.81, omega_m:-0.00, u:0.00, theta1:17.475, theta2:5.977, e:-21.809
t:7.44, r:0.00, omega:-21.81, omega_m:-0.00, u:0.00, theta1:17.475, theta2:6.001, e:-21.809
t:7.45, r:0.00, omega:-21.81, omega_m:-0.00, u:0.00, theta1:17.475, theta2:6.024, e:-21.809
t:7.46, r:0.00, omega:-21.81, omega_m:-0.00, u:0.00, theta1:17.475, theta2:6.048, e:-21.809
t:7.47, r:0.00, omega:-21.81, omega_m:-0.00, u:0.00, theta1:17.475, theta2:6.072, e:-21.809
t:7.48, r:0.00, omega:-21.81, omega_m:-0.00, u:0.00, theta1:17.475, theta2:6.096, e:-21.809
t:7.49, r:0.00, omega:-21.81, omega_m:-0.00, u:0.00, theta1:17.475, theta2:6.119, e:-21.809
t:7.50, r:0.00, omega:-21.81, omega_m:-0.00, u:0.00, theta1:17.475, theta2:6.143, e:-21.809
t:7.51, r:0.00, omega:-21.81, omega_m:-0.00, u:0.00, theta1:17.475, theta2:6.167, e:-21.809
t:7.52, r:0.00, omega:0.00, omega_m:-0.00, u:0.00, theta1:17.475, theta2:6.167, e:0.000
t:7.53, r:0.00, omega:0.00, omega_m:-0.00, u:0.00, theta1:17.475, theta2:6.167, e:0.000
t:7.54, r:0.00, omega:0.00, omega_m:-0.00, u:0.00, theta1:17.475, theta2:6.167, e:0.000
t:7.55, r:0.00, omega:0.00, omega_m:-0.00, u:0.00, theta1:17.475, theta2:6.167, e:0.000
t:7.56, r:0.00, omega:0.00, omega_m:-0.00, u:0.00, theta1:17.475, theta2:6.167, e:0.000
t:7.57, r:0.00, omega:0.00, omega_m:-0.00, u:0.00, theta1:17.475, theta2:6.167, e:0.000
t:7.58, r:0.00, omega:0.00, omega_m:-0.00, u:0.00, theta1:17.475, theta2:6.167, e:0.000
t:7.59, r:0.00, omega:0.00, omega_m:-0.00, u:0.00, theta1:17.475, theta2:6.167, e:0.000
t:7.60, r:0.00, omega:0.00, omega_m:-0.00, u:0.00, theta1:17.475, theta2:6.167, e:0.000
t:7.61, r:0.00, omega:0.00, omega_m:-0.00, u:0.00, theta1:17.475, theta2:6.167, e:0.000
t:7.62, r:0.00, omega:0.00, omega_m:-0.00, u:0.00, theta1:17.475, theta2:6.167, e:0.000
t:7.63, r:0.00, omega:0.00, omega_m:-0.00, u:0.00, theta1:17.475, theta2:6.167, e:0.000
t:7.64, r:0.00, omega:0.00, omega_m:-0.00, u:0.00, theta1:17.475, theta2:6.167, e:0.000
t:7.65, r:0.00, omega:0.00, omega_m:-0.00, u:0.00, theta1:17.475, theta2:6.167, e:0.000
t:7.66, r:0.00, omega:0.00, omega_m:-0.00, u:0.00, theta1:17.475, theta2:6.167, e:0.000
t:7.67, r:0.00, omega:0.00, omega_m:-0.00, u:0.00, theta1:17.475, theta2:6.167, e:0.000
t:7.68, r:0.00, omega:0.00, omega_m:-0.00, u:0.00, theta1:17.475, theta2:6.167, e:0.000
t:7.69, r:0.00, omega:0.00, omega_m:-0.00, u:0.00, theta1:17.475, theta2:6.167, e:0.000
t:7.70, r:0.00, omega:0.00, omega_m:-0.00, u:0.00, theta1:17.475, theta2:6.167, e:0.000
t:7.71, r:0.00, omega:0.00, omega_m:-0.00, u:0.00, theta1:17.475, theta2:6.167, e:0.000
t:7.72, r:0.00, omega:0.00, omega_m:-0.00, u:0.00, theta1:17.475, theta2:6.167, e:0.000
t:7.73, r:0.00, omega:0.00, omega_m:-0.00, u:0.00, theta1:17.475, theta2:6.167, e:0.000
t:7.74, r:0.00, omega:0.00, omega_m:-0.00, u:0.00, theta1:17.475, theta2:6.167, e:0.000
t:7.75, r:0.00, omega:0.00, omega_m:-0.00, u:0.00, theta1:17.475, theta2:6.167, e:0.000
t:7.76, r:0.00, omega:0.00, omega_m:-0.00, u:0.00, theta1:17.475, theta2:6.167, e:0.000
t:7.77, r:0.00, omega:0.00, omega_m:-0.00, u:0.00, theta1:17.475, theta2:6.167, e:0.000
t:7.78, r:0.00, omega:0.00, omega_m:-0.00, u:0.00, theta1:17.475, theta2:6.167, e:0.000
t:7.79, r:0.00, omega:0.00, omega_m:-0.00, u:0.00, theta1:17.475, theta2:6.167, e:0.000
t:7.80, r:0.00, omega:0.00, omega_m:-0.00, u:0.00, theta1:17.475, theta2:6.167, e:0.000
t:7.81, r:0.00, omega:0.00, omega_m:-0.00, u:0.00, theta1:17.475, theta2:6.167, e:0.000
t:7.82, r:0.00, omega:0.00, omega_m:-0.00, u:0.00, theta1:17.475, theta2:6.167, e:0.000
t:7.83, r:0.00, omega:0.00, omega_m:-0.00, u:0.00, theta1:17.475, theta2:6.167, e:0.000
t:7.84, r:0.00, omega:0.00, omega_m:-0.00, u:0.00, theta1:17.475, theta2:6.167, e:0.000
t:7.85, r:0.00, omega:0.00, omega_m:-0.00, u:0.00, theta1:17.475, theta2:6.167, e:0.000
t:7.86, r:0.00, omega:0.00, omega_m:-0.00, u:0.00, theta1:17.475, theta2:6.167, e:0.000
t:7.87, r:0.00, omega:0.00, omega_m:-0.00, u:0.00, theta1:17.475, theta2:6.167, e:0.000
t:7.88, r:0.00, omega:0.00, omega_m:-0.00, u:0.00, theta1:17.475, theta2:6.167, e:0.000
t:7.89, r:0.00, omega:0.00, omega_m:-0.00, u:0.00, theta1:17.475, theta2:6.167, e:0.000
t:7.90, r:0.00, omega:0.00, omega_m:-0.00, u:0.00, theta1:17.475, theta2:6.167, e:0.000
t:7.91, r:0.00, omega:0.00, omega_m:-0.00, u:0.00, theta1:17.475, theta2:6.167, e:0.000
t:7.92, r:0.00, omega:0.00, omega_m:-0.00, u:0.00, theta1:17.475, theta2:6.167, e:0.000
t:7.93, r:0.00, omega:0.00, omega_m:-0.00, u:0.00, theta1:17.475, theta2:6.167, e:0.000
t:7.94, r:0.00, omega:0.00, omega_m:-0.00, u:0.00, theta1:17.475, theta2:6.167, e:0.000
t:7.95, r:0.00, omega:0.00, omega_m:-0.00, u:0.00, theta1:17.475, theta2:6.167, e:0.000
t:7.96, r:0.00, omega:0.00, omega_m:-0.00, u:0.00, theta1:17.475, theta2:6.167, e:0.000
t:7.97, r:0.00, omega:0.00, omega_m:-0.00, u:0.00, theta1:17.475, theta2:6.167, e:0.000
t:7.98, r:0.00, omega:0.00, omega_m:-0.00, u:0.00, theta1:17.475, theta2:6.167, e:0.000
t:7.99, r:0.00, omega:0.00, omega_m:-0.00, u:0.00, theta1:17.475, theta2:6.167, e:0.000
t:8.00, r:0.00, omega:0.00, omega_m:-0.00, u:0.00, theta1:17.475, theta2:6.167, e:0.000
t:8.01, r:25.00, omega:0.00, omega_m:15.80, u:437.36, theta1:17.494, theta2:6.167, e:-15.803
t:8.02, r:25.00, omega:0.00, omega_m:21.62, u:438.03, theta1:17.521, theta2:6.167, e:-21.617
t:8.03, r:25.00, omega:0.52, omega_m:23.76, u:435.54, theta1:17.550, theta2:6.166, e:-23.233
t:8.04, r:25.00, omega:0.52, omega_m:24.54, u:436.29, theta1:17.580, theta2:6.166, e:-24.020
t:8.05, r:25.00, omega:0.52, omega_m:24.83, u:437.05, theta1:17.611, theta2:6.165, e:-24.310
t:8.06, r:25.00, omega:18.92, omega_m:24.94, u:323.91, theta1:17.618, theta2:6.159, e:-6.016
t:8.07, r:25.00, omega:18.92, omega_m:24.98, u:324.21, theta1:17.626, theta2:6.154, e:-6.056
t:8.08, r:25.00, omega:26.68, omega_m:24.99, u:276.37, theta1:17.624, theta2:6.156, e:1.686
t:8.09, r:25.00, omega:26.68, omega_m:25.00, u:276.25, theta1:17.622, theta2:6.158, e:1.681
t:8.10, r:25.00, omega:23.31, omega_m:25.00, u:297.09, theta1:17.624, theta2:6.156, e:-1.688
t:8.11, r:25.00, omega:23.31, omega_m:25.00, u:297.19, theta1:17.626, theta2:6.154, e:-1.689
t:8.12, r:25.00, omega:22.23, omega_m:25.00, u:303.99, theta1:17.629, theta2:6.151, e:-2.769
t:8.13, r:25.00, omega:22.23, omega_m:25.00, u:304.14, theta1:17.633, theta2:6.148, e:-2.769
t:8.14, r:25.00, omega:22.23, omega_m:25.00, u:304.30, theta1:17.636, theta2:6.145, e:-2.769
t:8.15, r:25.00, omega:20.44, omega_m:25.00, u:315.51, theta1:17.642, theta2:6.140, e:-4.556
t:8.16, r:25.00, omega:20.44, omega_m:25.00, u:315.75, theta1:17.648, theta2:6.136, e:-4.556
t:8.17, r:25.00, omega:21.40, omega_m:25.00, u:310.08, theta1:17.652, theta2:6.132, e:-3.601
t:8.18, r:25.00, omega:21.40, omega_m:25.00, u:310.28, theta1:17.657, theta2:6.128, e:-3.601
t:8.19, r:25.00, omega:21.40, omega_m:25.00, u:310.47, theta1:17.661, theta2:6.124, e:-3.601
t:8.20, r:25.00, omega:22.21, omega_m:25.00, u:305.66, theta1:17.665, theta2:6.121, e:-2.788
t:8.21, r:25.00, omega:22.21, omega_m:25.00, u:305.81, theta1:17.668, theta2:6.118, e:-2.788
t:8.22, r:25.00, omega:20.33, omega_m:25.00, u:317.54, theta1:17.674, theta2:6.113, e:-4.666
t:8.23, r:25.00, omega:20.33, omega_m:25.00, u:317.78, theta1:17.680, theta2:6.108, e:-4.666
t:8.24, r:25.00, omega:23.92, omega_m:25.00, u:295.92, theta1:17.681, theta2:6.107, e:-1.076
t:8.25, r:25.00, omega:23.92, omega_m:25.00, u:295.98, theta1:17.682, theta2:6.106, e:-1.076
t:8.26, r:25.00, omega:23.92, omega_m:25.00, u:296.05, theta1:17.684, theta2:6.105, e:-1.076
t:8.27, r:25.00, omega:22.01, omega_m:25.00, u:307.89, theta1:17.688, theta2:6.101, e:-2.988
t:8.28, r:25.00, omega:22.01, omega_m:25.00, u:308.05, theta1:17.691, theta2:6.098, e:-2.988
t:8.29, r:25.00, omega:20.62, omega_m:25.00, u:316.79, theta1:17.697, theta2:6.094, e:-4.383
t:8.30, r:25.00, omega:20.62, omega_m:25.00, u:317.02, theta1:17.702, theta2:6.089, e:-4.383
t:8.31, r:25.00, omega:20.62, omega_m:25.00, u:317.25, theta1:17.708, theta2:6.084, e:-4.383
t:8.32, r:25.00, omega:20.67, omega_m:25.00, u:317.17, theta1:17.713, theta2:6.080, e:-4.333
t:8.33, r:25.00, omega:20.67, omega_m:25.00, u:317.40, theta1:17.719, theta2:6.076, e:-4.333
t:8.34, r:25.00, omega:23.43, omega_m:25.00, u:300.72, theta1:17.720, theta2:6.074, e:-1.573
t:8.35, r:25.00, omega:23.43, omega_m:25.00, u:300.81, theta1:17.722, theta2:6.072, e:-1.573
t:8.36, r:25.00, omega:21.29, omega_m:25.00, u:314.01, theta1:17.727, theta2:6.068, e:-3.713
t:8.37, r:25.00, omega:21.29, omega_m:25.00, u:314.21, theta1:17.732, theta2:6.064, e:-3.713
t:8.38, r:25.00, omega:21.29, omega_m:25.00, u:314.41, theta1:17.736, theta2:6.060, e:-3.713
t:8.39, r:25.00, omega:20.77, omega_m:25.00, u:317.79, theta1:17.742, theta2:6.056, e:-4.233
t:8.40, r:25.00, omega:20.77, omega_m:25.00, u:318.01, theta1:17.747, theta2:6.051, e:-4.233
t:8.41, r:25.00, omega:22.81, omega_m:25.00, u:305.77, theta1:17.750, theta2:6.049, e:-2.190
t:8.42, r:25.00, omega:22.81, omega_m:25.00, u:305.90, theta1:17.752, theta2:6.046, e:-2.190
t:8.43, r:25.00, omega:22.81, omega_m:25.00, u:306.02, theta1:17.755, theta2:6.044, e:-2.190
t:8.44, r:25.00, omega:21.61, omega_m:25.00, u:313.46, theta1:17.759, theta2:6.040, e:-3.390
t:8.45, r:25.00, omega:21.61, omega_m:25.00, u:313.64, theta1:17.764, theta2:6.036, e:-3.390
t:8.46, r:25.00, omega:21.07, omega_m:25.00, u:317.11, theta1:17.769, theta2:6.032, e:-3.930
t:8.47, r:25.00, omega:21.07, omega_m:25.00, u:317.32, theta1:17.773, theta2:6.028, e:-3.930
t:8.48, r:25.00, omega:21.07, omega_m:25.00, u:317.53, theta1:17.778, theta2:6.024, e:-3.930
t:8.49, r:25.00, omega:21.74, omega_m:25.00, u:313.68, theta1:17.782, theta2:6.020, e:-3.260
t:8.50, r:25.00, omega:21.74, omega_m:25.00, u:313.86, theta1:17.787, theta2:6.017, e:-3.260
t:8.51, r:25.00, omega:23.54, omega_m:25.00, u:303.10, theta1:17.788, theta2:6.015, e:-1.458
t:8.52, r:25.00, omega:23.54, omega_m:25.00, u:303.19, theta1:17.790, theta2:6.013, e:-1.458
t:8.53, r:25.00, omega:20.63, omega_m:25.00, u:320.91, theta1:17.796, theta2:6.009, e:-4.367
t:8.54, r:25.00, omega:20.63, omega_m:25.00, u:321.14, theta1:17.801, theta2:6.004, e:-4.367
t:8.55, r:25.00, omega:20.63, omega_m:25.00, u:321.37, theta1:17.807, theta2:6.000, e:-4.367
t:8.56, r:25.00, omega:21.98, omega_m:25.00, u:313.46, theta1:17.810, theta2:5.997, e:-3.020
t:8.57, r:25.00, omega:21.98, omega_m:25.00, u:313.62, theta1:17.814, theta2:5.993, e:-3.020
t:8.58, r:25.00, omega:22.38, omega_m:25.00, u:311.36, theta1:17.817, theta2:5.990, e:-2.618
t:8.59, r:25.00, omega:22.38, omega_m:25.00, u:311.51, theta1:17.821, theta2:5.987, e:-2.618
t:8.60, r:25.00, omega:22.01, omega_m:25.00, u:313.90, theta1:17.824, theta2:5.984, e:-2.991
t:8.61, r:25.00, omega:22.01, omega_m:25.00, u:314.07, theta1:17.828, theta2:5.981, e:-2.991
t:8.62, r:25.00, omega:22.01, omega_m:25.00, u:314.24, theta1:17.832, theta2:5.978, e:-2.991
t:8.63, r:25.00, omega:21.77, omega_m:25.00, u:315.81, theta1:17.836, theta2:5.974, e:-3.225
t:8.64, r:25.00, omega:21.77, omega_m:25.00, u:315.99, theta1:17.840, theta2:5.971, e:-3.225
t:8.65, r:25.00, omega:22.32, omega_m:25.00, u:312.91, theta1:17.843, theta2:5.968, e:-2.683
t:8.66, r:25.00, omega:22.32, omega_m:25.00, u:313.06, theta1:17.847, theta2:5.965, e:-2.683
t:8.67, r:25.00, omega:22.32, omega_m:25.00, u:313.21, theta1:17.850, theta2:5.962, e:-2.683
t:8.68, r:25.00, omega:22.23, omega_m:25.00, u:313.90, theta1:17.853, theta2:5.958, e:-2.773
t:8.69, r:25.00, omega:22.23, omega_m:25.00, u:314.05, theta1:17.857, theta2:5.955, e:-2.773
t:8.70, r:25.00, omega:21.88, omega_m:25.00, u:316.32, theta1:17.861, theta2:5.952, e:-3.124
t:8.71, r:25.00, omega:21.88, omega_m:25.00, u:316.49, theta1:17.865, theta2:5.949, e:-3.124
t:8.72, r:25.00, omega:21.91, omega_m:25.00, u:316.47, theta1:17.869, theta2:5.945, e:-3.093
t:8.73, r:25.00, omega:21.91, omega_m:25.00, u:316.65, theta1:17.872, theta2:5.942, e:-3.093
t:8.74, r:25.00, omega:21.91, omega_m:25.00, u:316.82, theta1:17.876, theta2:5.938, e:-3.093
t:8.75, r:25.00, omega:21.85, omega_m:25.00, u:317.32, theta1:17.880, theta2:5.935, e:-3.149
t:8.76, r:25.00, omega:21.85, omega_m:25.00, u:317.49, theta1:17.884, theta2:5.932, e:-3.149
t:8.77, r:25.00, omega:21.83, omega_m:25.00, u:317.78, theta1:17.888, theta2:5.928, e:-3.167
t:8.78, r:25.00, omega:21.83, omega_m:25.00, u:317.95, theta1:17.892, theta2:5.925, e:-3.167
t:8.79, r:25.00, omega:22.76, omega_m:25.00, u:312.58, theta1:17.895, theta2:5.922, e:-2.239
t:8.80, r:25.00, omega:22.76, omega_m:25.00, u:312.71, theta1:17.898, theta2:5.920, e:-2.239
t:8.81, r:25.00, omega:22.76, omega_m:25.00, u:312.84, theta1:17.901, theta2:5.917, e:-2.239
t:8.82, r:25.00, omega:23.34, omega_m:25.00, u:309.50, theta1:17.903, theta2:5.915, e:-1.658
t:8.83, r:25.00, omega:23.34, omega_m:25.00, u:309.60, theta1:17.905, theta2:5.913, e:-1.658
t:8.84, r:25.00, omega:20.83, omega_m:25.00, u:324.68, theta1:17.910, theta2:5.909, e:-4.172
t:8.85, r:25.00, omega:20.83, omega_m:25.00, u:324.90, theta1:17.915, theta2:5.904, e:-4.172
t:8.86, r:25.00, omega:20.83, omega_m:25.00, u:325.12, theta1:17.920, theta2:5.900, e:-4.172
t:8.87, r:25.00, omega:22.84, omega_m:25.00, u:313.39, theta1:17.923, theta2:5.898, e:-2.162
t:8.88, r:25.00, omega:22.84, omega_m:25.00, u:313.51, theta1:17.926, theta2:5.895, e:-2.162
t:8.89, r:25.00, omega:23.00, omega_m:25.00, u:312.70, theta1:17.928, theta2:5.893, e:-2.005
t:8.90, r:25.00, omega:23.00, omega_m:25.00, u:312.82, theta1:17.931, theta2:5.891, e:-2.005
t:8.91, r:25.00, omega:21.04, omega_m:25.00, u:324.54, theta1:17.936, theta2:5.886, e:-3.959
t:8.92, r:25.00, omega:21.04, omega_m:25.00, u:324.75, theta1:17.941, theta2:5.882, e:-3.959
t:8.93, r:25.00, omega:21.04, omega_m:25.00, u:324.96, theta1:17.946, theta2:5.878, e:-3.959
t:8.94, r:25.00, omega:22.86, omega_m:25.00, u:314.38, theta1:17.948, theta2:5.876, e:-2.137
t:8.95, r:25.00, omega:22.86, omega_m:25.00, u:314.50, theta1:17.951, theta2:5.873, e:-2.137
t:8.96, r:25.00, omega:22.46, omega_m:25.00, u:316.99, theta1:17.954, theta2:5.870, e:-2.537
t:8.97, r:25.00, omega:22.46, omega_m:25.00, u:317.13, theta1:17.957, theta2:5.867, e:-2.537
t:8.98, r:25.00, omega:21.41, omega_m:25.00, u:323.53, theta1:17.962, theta2:5.864, e:-3.594
t:8.99, r:25.00, omega:21.41, omega_m:25.00, u:323.72, theta1:17.966, theta2:5.860, e:-3.594
t:9.00, r:25.00, omega:21.41, omega_m:25.00, u:323.92, theta1:17.971, theta2:5.856, e:-3.594
t:9.01, r:0.00, omega:22.18, omega_m:9.20, u:0.00, theta1:17.971, theta2:5.870, e:12.984
t:9.02, r:0.00, omega:22.18, omega_m:3.38, u:0.00, theta1:17.971, theta2:5.891, e:18.797
t:9.03, r:0.00, omega:22.18, omega_m:1.24, u:0.00, theta1:17.971, theta2:5.914, e:20.936
t:9.04, r:0.00, omega:16.82, omega_m:0.46, u:0.00, theta1:17.971, theta2:5.928, e:16.358
t:9.05, r:0.00, omega:16.82, omega_m:0.17, u:0.00, theta1:17.971, theta2:5.942, e:16.648
t:9.06, r:0.00, omega:16.82, omega_m:0.06, u:0.00, theta1:17.971, theta2:5.956, e:16.754
t:9.07, r:0.00, omega:16.82, omega_m:0.02, u:0.00, theta1:17.971, theta2:5.970, e:16.793
t:9.08, r:0.00, omega:16.82, omega_m:0.01, u:0.00, theta1:17.971, theta2:5.984, e:16.808
t:9.09, r:0.00, omega:16.82, omega_m:0.00, u:0.00, theta1:17.971, theta2:5.999, e:16.813
t:9.10, r:0.00, omega:16.82, omega_m:0.00, u:0.00, theta1:17.971, theta2:6.013, e:16.815
t:9.11, r:0.00, omega:16.82, omega_m:0.00, u:0.00, theta1:17.971, theta2:6.027, e:16.816
t:9.12, r:0.00, omega:16.82, omega_m:0.00, u:0.00, theta1:17.971, theta2:6.041, e:16.816
t:9.13, r:0.00, omega:16.82, omega_m:0.00, u:0.00, theta1:17.971, theta2:6.055, e:16.816
t:9.14, r:0.00, omega:16.82, omega_m:0.00, u:0.00, theta1:17.971, theta2:6.069, e:16.816
t:9.15, r:0.00, omega:16.82, omega_m:0.00, u:0.00, theta1:17.971, theta2:6.083, e:16.816
t:9.16, r:0.00, omega:16.82, omega_m:0.00, u:0.00, theta1:17.971, theta2:6.098, e:16.816
t:9.17, r:0.00, omega:16.82, omega_m:0.00, u:0.00, theta1:17.971, theta2:6.112, e:16.816
t:9.18, r:0.00, omega:16.82, omega_m:0.00, u:0.00, theta1:17.971, theta2:6.126, e:16.816
t:9.19, r:0.00, omega:16.82, omega_m:0.00, u:0.00, theta1:17.971, theta2:6.140, e:16.816
t:9.20, r:0.00, omega:16.82, omega_m:0.00, u:0.00, theta1:17.971, theta2:6.154, e:16.816
t:9.21, r:0.00, omega:16.82, omega_m:0.00, u:0.00, theta1:17.971, theta2:6.168, e:16.816
t:9.22, r:0.00, omega:16.82, omega_m:0.00, u:0.00, theta1:17.971, theta2:6.182, e:16.816
t:9.23, r:0.00, omega:16.82, omega_m:0.00, u:0.00, theta1:17.971, theta2:6.197, e:16.816
t:9.24, r:0.00, omega:16.82, omega_m:0.00, u:0.00, theta1:17.971, theta2:6.211, e:16.816
t:9.25, r:0.00, omega:16.82, omega_m:0.00, u:0.00, theta1:17.971, theta2:6.225, e:16.816
t:9.26, r:0.00, omega:16.82, omega_m:0.00, u:0.00, theta1:17.971, theta2:6.239, e:16.816
t:9.27, r:0.00, omega:16.82, omega_m:0.00, u:0.00, theta1:17.971, theta2:6.253, e:16.816
t:9.28, r:0.00, omega:16.82, omega_m:0.00, u:0.00, theta1:17.971, theta2:6.267, e:16.816
t:9.29, r:0.00, omega:16.82, omega_m:0.00, u:0.00, theta1:17.971, theta2:6.281, e:16.816
t:9.30, r:0.00, omega:16.82, omega_m:0.00, u:0.00, theta1:17.971, theta2:6.295, e:16.816
t:9.31, r:0.00, omega:16.82, omega_m:0.00, u:0.00, theta1:17.971, theta2:6.310, e:16.816
t:9.32, r:0.00, omega:16.82, omega_m:0.00, u:0.00, theta1:17.971, theta2:6.324, e:16.816
t:9.33, r:0.00, omega:16.82, omega_m:0.00, u:0.00, theta1:17.971, theta2:6.338, e:16.816
t:9.34, r:0.00, omega:16.82, omega_m:0.00, u:0.00, theta1:17.971, theta2:6.352, e:16.816
t:9.35, r:0.00, omega:16.82, omega_m:0.00, u:0.00, theta1:17.971, theta2:6.366, e:16.816
t:9.36, r:0.00, omega:16.82, omega_m:0.00, u:0.00, theta1:17.971, theta2:6.380, e:16.816
t:9.37, r:0.00, omega:16.82, omega_m:0.00, u:0.00, theta1:17.971, theta2:6.394, e:16.816
t:9.38, r:0.00, omega:16.82, omega_m:0.00, u:0.00, theta1:17.971, theta2:6.409, e:16.816
t:9.39, r:0.00, omega:16.82, omega_m:0.00, u:0.00, theta1:17.971, theta2:6.423, e:16.816
t:9.40, r:0.00, omega:16.82, omega_m:0.00, u:0.00, theta1:17.971, theta2:6.437, e:16.816
t:9.41, r:0.00, omega:16.82, omega_m:0.00, u:0.00, theta1:17.971, theta2:6.451, e:16.816
t:9.42, r:0.00, omega:16.82, omega_m:0.00, u:0.00, theta1:17.971, theta2:6.465, e:16.816
t:9.43, r:0.00, omega:16.82, omega_m:0.00, u:0.00, theta1:17.971, theta2:6.479, e:16.816
t:9.44, r:0.00, omega:16.82, omega_m:0.00, u:0.00, theta1:17.971, theta2:6.493, e:16.816
t:9.45, r:0.00, omega:16.82, omega_m:0.00, u:0.00, theta1:17.971, theta2:6.508, e:16.816
t:9.46, r:0.00, omega:16.82, omega_m:0.00, u:0.00, theta1:17.971, theta2:6.522, e:16.816
t:9.47, r:0.00, omega:16.82, omega_m:0.00, u:0.00, theta1:17.971, theta2:6.536, e:16.816
t:9.48, r:0.00, omega:16.82, omega_m:0.00, u:0.00, theta1:17.971, theta2:6.550, e:16.816
t:9.49, r:0.00, omega:16.82, omega_m:0.00, u:0.00, theta1:17.971, theta2:6.564, e:16.816
t:9.50, r:0.00, omega:16.82, omega_m:0.00, u:0.00, theta1:17.971, theta2:6.578, e:16.816
t:9.51, r:0.00, omega:16.82, omega_m:0.00, u:0.00, theta1:17.971, theta2:6.592, e:16.816
t:9.52, r:0.00, omega:16.82, omega_m:0.00, u:0.00, theta1:17.971, theta2:6.607, e:16.816
t:9.53, r:0.00, omega:16.82, omega_m:0.00, u:0.00, theta1:17.971, theta2:6.621, e:16.816
t:9.54, r:0.00, omega:0.00, omega_m:0.00, u:0.00, theta1:17.971, theta2:6.621, e:-0.000
t:9.55, r:0.00, omega:0.00, omega_m:0.00, u:0.00, theta1:17.971, theta2:6.621, e:-0.000
t:9.56, r:0.00, omega:0.00, omega_m:0.00, u:0.00, theta1:17.971, theta2:6.621, e:-0.000
t:9.57, r:0.00, omega:0.00, omega_m:0.00, u:0.00, theta1:17.971, theta2:6.621, e:-0.000
t:9.58, r:0.00, omega:0.00, omega_m:0.00, u:0.00, theta1:17.971, theta2:6.621, e:-0.000
t:9.59, r:0.00, omega:0.00, omega_m:0.00, u:0.00, theta1:17.971, theta2:6.621, e:-0.000
t:9.60, r:0.00, omega:0.00, omega_m:0.00, u:0.00, theta1:17.971, theta2:6.621, e:-0.000
t:9.61, r:0.00, omega:0.00, omega_m:0.00, u:0.00, theta1:17.971, theta2:6.621, e:-0.000
t:9.62, r:0.00, omega:0.00, omega_m:0.00, u:0.00, theta1:17.971, theta2:6.621, e:-0.000
t:9.63, r:0.00, omega:0.00, omega_m:0.00, u:0.00, theta1:17.971, theta2:6.621, e:-0.000
t:9.64, r:0.00, omega:0.00, omega_m:0.00, u:0.00, theta1:17.971, theta2:6.621, e:-0.000
t:9.65, r:0.00, omega:0.00, omega_m:0.00, u:0.00, theta1:17.971, theta2:6.621, e:-0.000
t:9.66, r:0.00, omega:0.00, omega_m:0.00, u:0.00, theta1:17.971, theta2:6.621, e:-0.000
t:9.67, r:0.00, omega:0.00, omega_m:0.00, u:0.00, theta1:17.971, theta2:6.621, e:-0.000
t:9.68, r:0.00, omega:0.00, omega_m:0.00, u:0.00, theta1:17.971, theta2:6.621, e:-0.000
t:9.69, r:0.00, omega:0.00, omega_m:0.00, u:0.00, theta1:17.971, theta2:6.621, e:-0.000
t:9.70, r:0.00, omega:0.00, omega_m:0.00, u:0.00, theta1:17.971, theta2:6.621, e:-0.000
t:9.71, r:0.00, omega:0.00, omega_m:0.00, u:0.00, theta1:17.971, theta2:6.621, e:-0.000
t:9.72, r:0.00, omega:0.00, omega_m:0.00, u:0.00, theta1:17.971, theta2:6.621, e:-0.000
t:9.73, r:0.00, omega:0.00, omega_m:0.00, u:0.00, theta1:17.971, theta2:6.621, e:-0.000
t:9.74, r:0.00, omega:0.00, omega_m:0.00, u:0.00, theta1:17.971, theta2:6.621, e:-0.000
t:9.75, r:0.00, omega:0.00, omega_m:0.00, u:0.00, theta1:17.971, theta2:6.621, e:-0.000
t:9.76, r:0.00, omega:0.00, omega_m:0.00, u:0.00, theta1:17.971, theta2:6.621, e:-0.000
t:9.77, r:0.00, omega:0.00, omega_m:0.00, u:0.00, theta1:17.971, theta2:6.621, e:-0.000
t:9.78, r:0.00, omega:0.00, omega_m:0.00, u:0.00, theta1:17.971, theta2:6.621, e:-0.000
t:9.79, r:0.00, omega:0.00, omega_m:0.00, u:0.00, theta1:17.971, theta2:6.621, e:-0.000
t:9.80, r:0.00, omega:0.00, omega_m:0.00, u:0.00, theta1:17.971, theta2:6.621, e:-0.000
t:9.81, r:0.00, omega:0.00, omega_m:0.00, u:0.00, theta1:17.971, theta2:6.621, e:-0.000
t:9.82, r:0.00, omega:0.00, omega_m:0.00, u:0.00, theta1:17.971, theta2:6.621, e:-0.000
t:9.83, r:0.00, omega:0.00, omega_m:0.00, u:0.00, theta1:17.971, theta2:6.621, e:-0.000
t:9.84, r:0.00, omega:0.00, omega_m:0.00, u:0.00, theta1:17.971, theta2:6.621, e:-0.000
t:9.85, r:0.00, omega:0.00, omega_m:0.00, u:0.00, theta1:17.971, theta2:6.621, e:-0.000
t:9.86, r:0.00, omega:0.00, omega_m:0.00, u:0.00, theta1:17.971, theta2:6.621, e:-0.000
t:9.87, r:0.00, omega:0.00, omega_m:0.00, u:0.00, theta1:17.971, theta2:6.621, e:-0.000
t:9.88, r:0.00, omega:0.00, omega_m:0.00, u:0.00, theta1:17.971, theta2:6.621, e:-0.000
t:9.89, r:0.00, omega:0.00, omega_m:0.00, u:0.00, theta1:17.971, theta2:6.621, e:-0.000
t:9.90, r:0.00, omega:0.00, omega_m:0.00, u:0.00, theta1:17.971, theta2:6.621, e:-0.000
t:9.91, r:0.00, omega:0.00, omega_m:0.00, u:0.00, theta1:17.971, theta2:6.621, e:-0.000
t:9.92, r:0.00, omega:0.00, omega_m:0.00, u:0.00, theta1:17.971, theta2:6.621, e:-0.000
t:9.93, r:0.00, omega:0.00, omega_m:0.00, u:0.00, theta1:17.971, theta2:6.621, e:-0.000
t:9.94, r:0.00, omega:0.00, omega_m:0.00, u:0.00, theta1:17.971, theta2:6.621, e:-0.000
t:9.95, r:0.00, omega:0.00, omega_m:0.00, u:0.00, theta1:17.971, theta2:6.621, e:-0.000
t:9.96, r:0.00, omega:0.00, omega_m:0.00, u:0.00, theta1:17.971, theta2:6.621, e:-0.000
t:9.97, r:0.00, omega:0.00, omega_m:0.00, u:0.00, theta1:17.971, theta2:6.621, e:-0.000
t:9.98, r:0.00, omega:0.00, omega_m:0.00, u:0.00, theta1:17.971, theta2:6.621, e:-0.000
t:9.99, r:0.00, omega:0.00, omega_m:0.00, u:0.00, theta1:17.971, theta2:6.621, e:-0.000
t:10.00, r:0.00, omega:0.00, omega_m:0.00, u:0.00, theta1:17.971, theta2:6.621, e:-0.000
t:10.01, r:-25.00, omega:0.00, omega_m:-15.80, u:-449.76, theta1:17.991, theta2:6.621, e:15.803
t:10.02, r:-25.00, omega:0.00, omega_m:-21.62, u:-450.44, theta1:18.018, theta2:6.621, e:21.617
t:10.03, r:-25.00, omega:0.00, omega_m:-23.76, u:-451.18, theta1:18.047, theta2:6.621, e:23.755
t:10.04, r:-25.00, omega:0.00, omega_m:-24.54, u:-451.95, theta1:18.078, theta2:6.621, e:24.542
t:10.05, r:-25.00, omega:-0.52, omega_m:-24.83, u:-449.27, theta1:18.108, theta2:6.620, e:24.312
t:10.06, r:-25.00, omega:-0.52, omega_m:-24.94, u:-450.03, theta1:18.139, theta2:6.619, e:24.418
t:10.07, r:-25.00, omega:-25.54, omega_m:-24.98, u:-284.41, theta1:18.138, theta2:6.620, e:-0.558
t:10.08, r:-25.00, omega:-30.09, omega_m:-24.99, u:-253.86, theta1:18.132, theta2:6.628, e:-5.099
t:10.09, r:-25.00, omega:-30.09, omega_m:-25.00, u:-253.47, theta1:18.125, theta2:6.635, e:-5.093
t:10.10, r:-25.00, omega:-30.09, omega_m:-25.00, u:-253.08, theta1:18.119, theta2:6.643, e:-5.091
t:10.11, r:-25.00, omega:-23.24, omega_m:-25.00, u:-298.68, theta1:18.121, theta2:6.641, e:1.758
t:10.12, r:-25.00, omega:-23.24, omega_m:-25.00, u:-298.79, theta1:18.123, theta2:6.639, e:1.759
t:10.13, r:-25.00, omega:-20.95, omega_m:-25.00, u:-314.18, theta1:18.128, theta2:6.635, e:4.045
t:10.14, r:-25.00, omega:-20.95, omega_m:-25.00, u:-314.40, theta1:18.134, theta2:6.631, e:4.045
t:10.15, r:-25.00, omega:-20.95, omega_m:-25.00, u:-314.61, theta1:18.139, theta2:6.626, e:4.045
t:10.16, r:-25.00, omega:-21.29, omega_m:-25.00, u:-312.59, theta1:18.143, theta2:6.622, e:3.710
t:10.17, r:-25.00, omega:-21.29, omega_m:-25.00, u:-312.79, theta1:18.148, theta2:6.618, e:3.710
t:10.18, r:-25.00, omega:-22.67, omega_m:-25.00, u:-303.82, theta1:18.151, theta2:6.616, e:2.334
t:10.19, r:-25.00, omega:-22.67, omega_m:-25.00, u:-303.95, theta1:18.154, theta2:6.613, e:2.334
t:10.20, r:-25.00, omega:-22.32, omega_m:-25.00, u:-306.37, theta1:18.157, theta2:6.610, e:2.677
t:10.21, r:-25.00, omega:-22.32, omega_m:-25.00, u:-306.52, theta1:18.160, theta2:6.607, e:2.677
t:10.22, r:-25.00, omega:-22.32, omega_m:-25.00, u:-306.67, theta1:18.164, theta2:6.604, e:2.677
t:10.23, r:-25.00, omega:-22.12, omega_m:-25.00, u:-308.20, theta1:18.167, theta2:6.601, e:2.885
t:10.24, r:-25.00, omega:-22.12, omega_m:-25.00, u:-308.36, theta1:18.171, theta2:6.598, e:2.885
t:10.25, r:-25.00, omega:-21.83, omega_m:-25.00, u:-310.40, theta1:18.175, theta2:6.594, e:3.168
t:10.26, r:-25.00, omega:-21.83, omega_m:-25.00, u:-310.58, theta1:18.179, theta2:6.591, e:3.168
t:10.27, r:-25.00, omega:-21.72, omega_m:-25.00, u:-311.52, theta1:18.183, theta2:6.587, e:3.284
t:10.28, r:-25.00, omega:-21.72, omega_m:-25.00, u:-311.70, theta1:18.187, theta2:6.584, e:3.284
t:10.29, r:-25.00, omega:-21.72, omega_m:-25.00, u:-311.88, theta1:18.191, theta2:6.580, e:3.284
t:10.30, r:-25.00, omega:-22.38, omega_m:-25.00, u:-307.68, theta1:18.194, theta2:6.577, e:2.623
t:10.31, r:-25.00, omega:-22.38, omega_m:-25.00, u:-307.83, theta1:18.198, theta2:6.574, e:2.623
t:10.32, r:-25.00, omega:-23.39, omega_m:-25.00, u:-301.28, theta1:18.200, theta2:6.572, e:1.613
t:10.33, r:-25.00, omega:-23.39, omega_m:-25.00, u:-301.38, theta1:18.202, theta2:6.571, e:1.613
t:10.34, r:-25.00, omega:-23.39, omega_m:-25.00, u:-301.47, theta1:18.204, theta2:6.569, e:1.613
t:10.35, r:-25.00, omega:-21.03, omega_m:-25.00, u:-317.17, theta1:18.209, theta2:6.564, e:3.971
t:10.36, r:-25.00, omega:-21.03, omega_m:-25.00, u:-317.39, theta1:18.214, theta2:6.560, e:3.971
t:10.37, r:-25.00, omega:-21.38, omega_m:-25.00, u:-315.28, theta1:18.218, theta2:6.556, e:3.621
t:10.38, r:-25.00, omega:-21.38, omega_m:-25.00, u:-315.48, theta1:18.223, theta2:6.553, e:3.621
t:10.39, r:-25.00, omega:-22.78, omega_m:-25.00, u:-306.40, theta1:18.226, theta2:6.550, e:2.215
t:10.40, r:-25.00, omega:-22.78, omega_m:-25.00, u:-306.52, theta1:18.228, theta2:6.548, e:2.215
t:10.41, r:-25.00, omega:-22.78, omega_m:-25.00, u:-306.65, theta1:18.231, theta2:6.545, e:2.215
t:10.42, r:-25.00, omega:-22.50, omega_m:-25.00, u:-308.67, theta1:18.234, theta2:6.542, e:2.502
t:10.43, r:-25.00, omega:-22.50, omega_m:-25.00, u:-308.81, theta1:18.237, theta2:6.539, e:2.502
t:10.44, r:-25.00, omega:-21.80, omega_m:-25.00, u:-313.57, theta1:18.241, theta2:6.536, e:3.202
t:10.45, r:-25.00, omega:-21.80, omega_m:-25.00, u:-313.74, theta1:18.245, theta2:6.532, e:3.202
t:10.46, r:-25.00, omega:-21.56, omega_m:-25.00, u:-315.49, theta1:18.250, theta2:6.529, e:3.441
t:10.47, r:-25.00, omega:-21.56, omega_m:-25.00, u:-315.68, theta1:18.254, theta2:6.525, e:3.441
t:10.48, r:-25.00, omega:-21.56, omega_m:-25.00, u:-315.87, theta1:18.258, theta2:6.521, e:3.441
t:10.49, r:-25.00, omega:-21.75, omega_m:-25.00, u:-314.79, theta1:18.262, theta2:6.518, e:3.250
t:10.50, r:-25.00, omega:-21.75, omega_m:-25.00, u:-314.97, theta1:18.266, theta2:6.514, e:3.250
t:10.51, r:-25.00, omega:-23.36, omega_m:-25.00, u:-304.58, theta1:18.268, theta2:6.512, e:1.640
t:10.52, r:-25.00, omega:-23.36, omega_m:-25.00, u:-304.68, theta1:18.270, theta2:6.510, e:1.640
t:10.53, r:-25.00, omega:-23.09, omega_m:-25.00, u:-306.56, theta1:18.273, theta2:6.508, e:1.912
t:10.54, r:-25.00, omega:-23.09, omega_m:-25.00, u:-306.67, theta1:18.275, theta2:6.506, e:1.912
t:10.55, r:-25.00, omega:-23.09, omega_m:-25.00, u:-306.78, theta1:18.278, theta2:6.504, e:1.912
t:10.56, r:-25.00, omega:-22.91, omega_m:-25.00, u:-308.03, theta1:18.280, theta2:6.501, e:2.085
t:10.57, r:-25.00, omega:-22.91, omega_m:-25.00, u:-308.15, theta1:18.283, theta2:6.499, e:2.085
t:10.58, r:-25.00, omega:-20.56, omega_m:-25.00, u:-323.67, theta1:18.288, theta2:6.494, e:4.438
t:10.59, r:-25.00, omega:-20.56, omega_m:-25.00, u:-323.91, theta1:18.294, theta2:6.490, e:4.438
t:10.60, r:-25.00, omega:-23.37, omega_m:-25.00, u:-305.74, theta1:18.296, theta2:6.488, e:1.625
t:10.61, r:-25.00, omega:-23.37, omega_m:-25.00, u:-305.84, theta1:18.298, theta2:6.486, e:1.625
t:10.62, r:-25.00, omega:-23.37, omega_m:-25.00, u:-305.93, theta1:18.300, theta2:6.484, e:1.625
t:10.63, r:-25.00, omega:-22.45, omega_m:-25.00, u:-312.06, theta1:18.303, theta2:6.481, e:2.547
t:10.64, r:-25.00, omega:-22.45, omega_m:-25.00, u:-312.20, theta1:18.306, theta2:6.478, e:2.547
t:10.65, r:-25.00, omega:-21.02, omega_m:-25.00, u:-321.68, theta1:18.311, theta2:6.474, e:3.978
t:10.66, r:-25.00, omega:-21.02, omega_m:-25.00, u:-321.89, theta1:18.316, theta2:6.470, e:3.978
t:10.67, r:-25.00, omega:-23.31, omega_m:-25.00, u:-307.20, theta1:18.318, theta2:6.468, e:1.692
t:10.68, r:-25.00, omega:-23.31, omega_m:-25.00, u:-307.30, theta1:18.321, theta2:6.466, e:1.692
t:10.69, r:-25.00, omega:-23.31, omega_m:-25.00, u:-307.40, theta1:18.323, theta2:6.464, e:1.692
t:10.70, r:-25.00, omega:-22.78, omega_m:-25.00, u:-310.93, theta1:18.325, theta2:6.462, e:2.218
t:10.71, r:-25.00, omega:-22.78, omega_m:-25.00, u:-311.05, theta1:18.328, theta2:6.459, e:2.218
t:10.72, r:-25.00, omega:-20.68, omega_m:-25.00, u:-324.85, theta1:18.334, theta2:6.455, e:4.319
t:10.73, r:-25.00, omega:-20.68, omega_m:-25.00, u:-325.08, theta1:18.339, theta2:6.450, e:4.319
t:10.74, r:-25.00, omega:-20.68, omega_m:-25.00, u:-325.31, theta1:18.344, theta2:6.446, e:4.319
t:10.75, r:-25.00, omega:-23.29, omega_m:-25.00, u:-308.59, theta1:18.347, theta2:6.444, e:1.709
t:10.76, r:-25.00, omega:-23.29, omega_m:-25.00, u:-308.69, theta1:18.349, theta2:6.442, e:1.709
t:10.77, r:-25.00, omega:-23.46, omega_m:-25.00, u:-307.71, theta1:18.351, theta2:6.440, e:1.543
t:10.78, r:-25.00, omega:-23.46, omega_m:-25.00, u:-307.80, theta1:18.353, theta2:6.438, e:1.543
t:10.79, r:-25.00, omega:-22.83, omega_m:-25.00, u:-311.97, theta1:18.355, theta2:6.436, e:2.171
t:10.80, r:-25.00, omega:-22.83, omega_m:-25.00, u:-312.09, theta1:18.358, theta2:6.433, e:2.171
t:10.81, r:-25.00, omega:-22.83, omega_m:-25.00, u:-312.21, theta1:18.361, theta2:6.431, e:2.171
t:10.82, r:-25.00, omega:-21.52, omega_m:-25.00, u:-320.84, theta1:18.365, theta2:6.427, e:3.483
t:10.83, r:-25.00, omega:-21.52, omega_m:-25.00, u:-321.03, theta1:18.369, theta2:6.423, e:3.483
t:10.84, r:-25.00, omega:-22.32, omega_m:-25.00, u:-316.04, theta1:18.373, theta2:6.420, e:2.683
t:10.85, r:-25.00, omega:-22.32, omega_m:-25.00, u:-316.19, theta1:18.376, theta2:6.417, e:2.683
t:10.86, r:-25.00, omega:-22.35, omega_m:-25.00, u:-316.11, theta1:18.379, theta2:6.414, e:2.648
t:10.87, r:-25.00, omega:-22.35, omega_m:-25.00, u:-316.26, theta1:18.383, theta2:6.411, e:2.648
t:10.88, r:-25.00, omega:-23.51, omega_m:-25.00, u:-308.93, theta1:18.385, theta2:6.409, e:1.490
t:10.89, r:-25.00, omega:-23.51, omega_m:-25.00, u:-309.01, theta1:18.386, theta2:6.408, e:1.490
t:10.90, r:-25.00, omega:-23.51, omega_m:-25.00, u:-309.10, theta1:18.388, theta2:6.406, e:1.490
t:10.91, r:-25.00, omega:-23.36, omega_m:-25.00, u:-310.16, theta1:18.390, theta2:6.404, e:1.640
t:10.92, r:-25.00, omega:-23.36, omega_m:-25.00, u:-310.25, theta1:18.392, theta2:6.402, e:1.640
t:10.93, r:-25.00, omega:-20.83, omega_m:-25.00, u:-326.69, theta1:18.398, theta2:6.398, e:4.172
t:10.94, r:-25.00, omega:-20.83, omega_m:-25.00, u:-326.91, theta1:18.403, theta2:6.393, e:4.172
t:10.95, r:-25.00, omega:-23.53, omega_m:-25.00, u:-309.75, theta1:18.405, theta2:6.392, e:1.475
t:10.96, r:-25.00, omega:-23.53, omega_m:-25.00, u:-309.84, theta1:18.407, theta2:6.390, e:1.475
t:10.97, r:-25.00, omega:-23.53, omega_m:-25.00, u:-309.92, theta1:18.408, theta2:6.388, e:1.475
t:10.98, r:-25.00, omega:-23.26, omega_m:-25.00, u:-311.74, theta1:18.411, theta2:6.386, e:1.743
t:10.99, r:-25.00, omega:-23.26, omega_m:-25.00, u:-311.84, theta1:18.413, theta2:6.384, e:1.743
t:11.00, r:-25.00, omega:-21.63, omega_m:-25.00, u:-322.44, theta1:18.417, theta2:6.381, e:3.374
t:11.01, r:0.00, omega:-21.63, omega_m:-9.20, u:0.00, theta1:18.417, theta2:6.394, e:-12.429
t:11.02, r:0.00, omega:-21.63, omega_m:-3.38, u:0.00, theta1:18.417, theta2:6.414, e:-18.242
t:11.03, r:0.00, omega:-21.44, omega_m:-1.24, u:0.00, theta1:18.417, theta2:6.435, e:-20.198
t:11.04, r:0.00, omega:-21.44, omega_m:-0.46, u:0.00, theta1:18.417, theta2:6.458, e:-20.985
t:11.05, r:0.00, omega:-21.44, omega_m:-0.17, u:0.00, theta1:18.417, theta2:6.481, e:-21.275
t:11.06, r:0.00, omega:-21.44, omega_m:-0.06, u:0.00, theta1:18.417, theta2:6.504, e:-21.381
t:11.07, r:0.00, omega:-21.44, omega_m:-0.02, u:0.00, theta1:18.417, theta2:6.527, e:-21.420
t:11.08, r:0.00, omega:-21.44, omega_m:-0.01, u:0.00, theta1:18.417, theta2:6.550, e:-21.435
t:11.09, r:0.00, omega:-21.44, omega_m:-0.00, u:0.00, theta1:18.417, theta2:6.573, e:-21.440
t:11.10, r:0.00, omega:-21.44, omega_m:-0.00, u:0.00, theta1:18.417, theta2:6.596, e:-21.442
t:11.11, r:0.00, omega:-21.44, omega_m:-0.00, u:0.00, theta1:18.417, theta2:6.619, e:-21.443
t:11.12, r:0.00, omega:-21.44, omega_m:-0.00, u:0.00, theta1:18.417, theta2:6.642, e:-21.443
t:11.13, r:0.00, omega:-21.44, omega_m:-0.00, u:0.00, theta1:18.417, theta2:6.665, e:-21.443
t:11.14, r:0.00, omega:-21.44, omega_m:-0.00, u:0.00, theta1:18.417, theta2:6.688, e:-21.443
t:11.15, r:0.00, omega:-21.44, omega_m:-0.00, u:0.00, theta1:18.417, theta2:6.710, e:-21.443
t:11.16, r:0.00, omega:-21.44, omega_m:-0.00, u:0.00, theta1:18.417, theta2:6.733, e:-21.443
t:11.17, r:0.00, omega:-21.44, omega_m:-0.00, u:0.00, theta1:18.417, theta2:6.756, e:-21.443
t:11.18, r:0.00, omega:-21.44, omega_m:-0.00, u:0.00, theta1:18.417, theta2:6.779, e:-21.443
t:11.19, r:0.00, omega:-21.44, omega_m:-0.00, u:0.00, theta1:18.417, theta2:6.802, e:-21.443
t:11.20, r:0.00, omega:-21.44, omega_m:-0.00, u:0.00, theta1:18.417, theta2:6.825, e:-21.443
t:11.21, r:0.00, omega:-21.44, omega_m:-0.00, u:0.00, theta1:18.417, theta2:6.848, e:-21.443
t:11.22, r:0.00, omega:-21.44, omega_m:-0.00, u:0.00, theta1:18.417, theta2:6.871, e:-21.443
t:11.23, r:0.00, omega:-21.44, omega_m:-0.00, u:0.00, theta1:18.417, theta2:6.894, e:-21.443
t:11.24, r:0.00, omega:-21.44, omega_m:-0.00, u:0.00, theta1:18.417, theta2:6.917, e:-21.443
t:11.25, r:0.00, omega:-21.44, omega_m:-0.00, u:0.00, theta1:18.417, theta2:6.940, e:-21.443
t:11.26, r:0.00, omega:-21.44, omega_m:-0.00, u:0.00, theta1:18.417, theta2:6.963, e:-21.443
t:11.27, r:0.00, omega:-21.44, omega_m:-0.00, u:0.00, theta1:18.417, theta2:6.986, e:-21.443
t:11.28, r:0.00, omega:-21.44, omega_m:-0.00, u:0.00, theta1:18.417, theta2:7.009, e:-21.443
t:11.29, r:0.00, omega:-21.44, omega_m:-0.00, u:0.00, theta1:18.417, theta2:7.032, e:-21.443
t:11.30, r:0.00, omega:-21.44, omega_m:-0.00, u:0.00, theta1:18.417, theta2:7.055, e:-21.443
t:11.31, r:0.00, omega:-21.44, omega_m:-0.00, u:0.00, theta1:18.417, theta2:7.078, e:-21.443
t:11.32, r:0.00, omega:-21.44, omega_m:-0.00, u:0.00, theta1:18.417, theta2:7.101, e:-21.443
t:11.33, r:0.00, omega:-21.44, omega_m:-0.00, u:0.00, theta1:18.417, theta2:7.124, e:-21.443
t:11.34, r:0.00, omega:-21.44, omega_m:-0.00, u:0.00, theta1:18.417, theta2:7.147, e:-21.443
t:11.35, r:0.00, omega:-21.44, omega_m:-0.00, u:0.00, theta1:18.417, theta2:7.170, e:-21.443
t:11.36, r:0.00, omega:-21.44, omega_m:-0.00, u:0.00, theta1:18.417, theta2:7.193, e:-21.443
t:11.37, r:0.00, omega:-21.44, omega_m:-0.00, u:0.00, theta1:18.417, theta2:7.216, e:-21.443
t:11.38, r:0.00, omega:-21.44, omega_m:-0.00, u:0.00, theta1:18.417, theta2:7.239, e:-21.443
t:11.39, r:0.00, omega:-21.44, omega_m:-0.00, u:0.00, theta1:18.417, theta2:7.262, e:-21.443
t:11.40, r:0.00, omega:-21.44, omega_m:-0.00, u:0.00, theta1:18.417, theta2:7.285, e:-21.443
t:11.41, r:0.00, omega:-21.44, omega_m:-0.00, u:0.00, theta1:18.417, theta2:7.308, e:-21.443
t:11.42, r:0.00, omega:-21.44, omega_m:-0.00, u:0.00, theta1:18.417, theta2:7.331, e:-21.443
t:11.43, r:0.00, omega:-21.44, omega_m:-0.00, u:0.00, theta1:18.417, theta2:7.354, e:-21.443
t:11.44, r:0.00, omega:-21.44, omega_m:-0.00, u:0.00, theta1:18.417, theta2:7.377, e:-21.443
t:11.45, r:0.00, omega:-21.44, omega_m:-0.00, u:0.00, theta1:18.417, theta2:7.400, e:-21.443
t:11.46, r:0.00, omega:-21.44, omega_m:-0.00, u:0.00, theta1:18.417, theta2:7.423, e:-21.443
t:11.47, r:0.00, omega:-21.44, omega_m:-0.00, u:0.00, theta1:18.417, theta2:7.446, e:-21.443
t:11.48, r:0.00, omega:-21.44, omega_m:-0.00, u:0.00, theta1:18.417, theta2:7.469, e:-21.443
t:11.49, r:0.00, omega:-21.44, omega_m:-0.00, u:0.00, theta1:18.417, theta2:7.492, e:-21.443
t:11.50, r:0.00, omega:-21.44, omega_m:-0.00, u:0.00, theta1:18.417, theta2:7.515, e:-21.443
t:11.51, r:0.00, omega:-21.44, omega_m:-0.00, u:0.00, theta1:18.417, theta2:7.538, e:-21.443
t:11.52, r:0.00, omega:-21.44, omega_m:-0.00, u:0.00, theta1:18.417, theta2:7.561, e:-21.443
t:11.53, r:0.00, omega:0.00, omega_m:-0.00, u:0.00, theta1:18.417, theta2:7.561, e:0.000
t:11.54, r:0.00, omega:0.00, omega_m:-0.00, u:0.00, theta1:18.417, theta2:7.561, e:0.000
t:11.55, r:0.00, omega:0.00, omega_m:-0.00, u:0.00, theta1:18.417, theta2:7.561, e:0.000
t:11.56, r:0.00, omega:0.00, omega_m:-0.00, u:0.00, theta1:18.417, theta2:7.561, e:0.000
t:11.57, r:0.00, omega:0.00, omega_m:-0.00, u:0.00, theta1:18.417, theta2:7.561, e:0.000
t:11.58, r:0.00, omega:0.00, omega_m:-0.00, u:0.00, theta1:18.417, theta2:7.561, e:0.000
t:11.59, r:0.00, omega:0.00, omega_m:-0.00, u:0.00, theta1:18.417, theta2:7.561, e:0.000
t:11.60, r:0.00, omega:0.00, omega_m:-0.00, u:0.00, theta1:18.417, theta2:7.561, e:0.000
t:11.61, r:0.00, omega:0.00, omega_m:-0.00, u:0.00, theta1:18.417, theta2:7.561, e:0.000
t:11.62, r:0.00, omega:0.00, omega_m:-0.00, u:0.00, theta1:18.417, theta2:7.561, e:0.000
t:11.63, r:0.00, omega:0.00, omega_m:-0.00, u:0.00, theta1:18.417, theta2:7.561, e:0.000
t:11.64, r:0.00, omega:0.00, omega_m:-0.00, u:0.00, theta1:18.417, theta2:7.561, e:0.000
t:11.65, r:0.00, omega:0.00, omega_m:-0.00, u:0.00, theta1:18.417, theta2:7.561, e:0.000
t:11.66, r:0.00, omega:0.00, omega_m:-0.00, u:0.00, theta1:18.417, theta2:7.561, e:0.000
t:11.67, r:0.00, omega:0.00, omega_m:-0.00, u:0.00, theta1:18.417, theta2:7.561, e:0.000
t:11.68, r:0.00, omega:0.00, omega_m:-0.00, u:0.00, theta1:18.417, theta2:7.561, e:0.000
t:11.69, r:0.00, omega:0.00, omega_m:-0.00, u:0.00, theta1:18.417, theta2:7.561, e:0.000
t:11.70, r:0.00, omega:0.00, omega_m:-0.00, u:0.00, theta1:18.417, theta2:7.561, e:0.000
t:11.71, r:0.00, omega:0.00, omega_m:-0.00, u:0.00, theta1:18.417, theta2:7.561, e:0.000
t:11.72, r:0.00, omega:0.00, omega_m:-0.00, u:0.00, theta1:18.417, theta2:7.561, e:0.000
t:11.73, r:0.00, omega:0.00, omega_m:-0.00, u:0.00, theta1:18.417, theta2:7.561, e:0.000
t:11.74, r:0.00, omega:0.00, omega_m:-0.00, u:0.00, theta1:18.417, theta2:7.561, e:0.000
t:11.75, r:0.00, omega:0.00, omega_m:-0.00, u:0.00, theta1:18.417, theta2:7.561, e:0.000
t:11.76, r:0.00, omega:0.00, omega_m:-0.00, u:0.00, theta1:18.417, theta2:7.561, e:0.000
t:11.77, r:0.00, omega:0.00, omega_m:-0.00, u:0.00, theta1:18.417, theta2:7.561, e:0.000
t:11.78, r:0.00, omega:0.00, omega_m:-0.00, u:0.00, theta1:18.417, theta2:7.561, e:0.000
t:11.79, r:0.00, omega:0.00, omega_m:-0.00, u:0.00, theta1:18.417, theta2:7.561, e:0.000
t:11.80, r:0.00, omega:0.00, omega_m:-0.00, u:0.00, theta1:18.417, theta2:7.561, e:0.000
t:11.81, r:0.00, omega:0.00, omega_m:-0.00, u:0.00, theta1:18.417, theta2:7.561, e:0.000
t:11.82, r:0.00, omega:0.00, omega_m:-0.00, u:0.00, theta1:18.417, theta2:7.561, e:0.000
t:11.83, r:0.00, omega:0.00, omega_m:-0.00, u:0.00, theta1:18.417, theta2:7.561, e:0.000
t:11.84, r:0.00, omega:0.00, omega_m:-0.00, u:0.00, theta1:18.417, theta2:7.561, e:0.000
t:11.85, r:0.00, omega:0.00, omega_m:-0.00, u:0.00, theta1:18.417, theta2:7.561, e:0.000
t:11.86, r:0.00, omega:0.00, omega_m:-0.00, u:0.00, theta1:18.417, theta2:7.561, e:0.000
t:11.87, r:0.00, omega:0.00, omega_m:-0.00, u:0.00, theta1:18.417, theta2:7.561, e:0.000
t:11.88, r:0.00, omega:0.00, omega_m:-0.00, u:0.00, theta1:18.417, theta2:7.561, e:0.000
t:11.89, r:0.00, omega:0.00, omega_m:-0.00, u:0.00, theta1:18.417, theta2:7.561, e:0.000
t:11.90, r:0.00, omega:0.00, omega_m:-0.00, u:0.00, theta1:18.417, theta2:7.561, e:0.000
t:11.91, r:0.00, omega:0.00, omega_m:-0.00, u:0.00, theta1:18.417, theta2:7.561, e:0.000
t:11.92, r:0.00, omega:0.00, omega_m:-0.00, u:0.00, theta1:18.417, theta2:7.561, e:0.000
t:11.93, r:0.00, omega:0.00, omega_m:-0.00, u:0.00, theta1:18.417, theta2:7.561, e:0.000
t:11.94, r:0.00, omega:0.00, omega_m:-0.00, u:0.00, theta1:18.417, theta2:7.561, e:0.000
t:11.95, r:0.00, omega:0.00, omega_m:-0.00, u:0.00, theta1:18.417, theta2:7.561, e:0.000
t:11.96, r:0.00, omega:0.00, omega_m:-0.00, u:0.00, theta1:18.417, theta2:7.561, e:0.000
t:11.97, r:0.00, omega:0.00, omega_m:-0.00, u:0.00, theta1:18.417, theta2:7.561, e:0.000
t:11.98, r:0.00, omega:0.00, omega_m:-0.00, u:0.00, theta1:18.417, theta2:7.561, e:0.000
t:11.99, r:0.00, omega:0.00, omega_m:-0.00, u:0.00, theta1:18.417, theta2:7.561, e:0.000
t:12.00, r:0.00, omega:0.00, omega_m:-0.00, u:0.00, theta1:18.417, theta2:7.561, e:0.000
t:12.01, r:25.00, omega:0.00, omega_m:15.80, u:460.92, theta1:18.437, theta2:7.561, e:-15.803
t:12.02, r:25.00, omega:0.00, omega_m:21.62, u:461.59, theta1:18.464, theta2:7.561, e:-21.617
t:12.03, r:25.00, omega:0.52, omega_m:23.76, u:458.36, theta1:18.493, theta2:7.561, e:-23.232
t:12.04, r:25.00, omega:0.52, omega_m:24.54, u:459.12, theta1:18.523, theta2:7.560, e:-24.019
t:12.05, r:25.00, omega:19.21, omega_m:24.83, u:318.11, theta1:18.530, theta2:7.555, e:-5.620
t:12.06, r:25.00, omega:19.21, omega_m:24.94, u:318.40, theta1:18.537, theta2:7.549, e:-5.727
t:12.07, r:25.00, omega:26.11, omega_m:24.98, u:266.25, theta1:18.536, theta2:7.550, e:1.132
t:12.08, r:25.00, omega:26.11, omega_m:24.99, u:266.18, theta1:18.534, theta2:7.552, e:1.118
t:12.09, r:25.00, omega:26.11, omega_m:25.00, u:266.10, theta1:18.533, theta2:7.553, e:1.113
t:12.10, r:25.00, omega:21.32, omega_m:25.00, u:302.51, theta1:18.537, theta2:7.549, e:-3.682
t:12.11, r:25.00, omega:21.32, omega_m:25.00, u:302.70, theta1:18.542, theta2:7.546, e:-3.683
t:12.12, r:25.00, omega:21.26, omega_m:25.00, u:303.32, theta1:18.547, theta2:7.542, e:-3.738
t:12.13, r:25.00, omega:21.26, omega_m:25.00, u:303.52, theta1:18.551, theta2:7.538, e:-3.738
t:12.14, r:25.00, omega:21.26, omega_m:25.00, u:303.72, theta1:18.556, theta2:7.534, e:-3.738
t:12.15, r:25.00, omega:21.21, omega_m:25.00, u:304.33, theta1:18.561, theta2:7.530, e:-3.791
t:12.16, r:25.00, omega:21.21, omega_m:25.00, u:304.53, theta1:18.565, theta2:7.526, e:-3.791
t:12.17, r:25.00, omega:20.69, omega_m:25.00, u:308.68, theta1:18.571, theta2:7.521, e:-4.313
t:12.18, r:25.00, omega:20.69, omega_m:25.00, u:308.91, theta1:18.576, theta2:7.517, e:-4.313
t:12.19, r:25.00, omega:20.69, omega_m:25.00, u:309.13, theta1:18.582, theta2:7.512, e:-4.313
t:12.20, r:25.00, omega:20.49, omega_m:25.00, u:310.89, theta1:18.587, theta2:7.508, e:-4.515
t:12.21, r:25.00, omega:20.49, omega_m:25.00, u:311.12, theta1:18.593, theta2:7.503, e:-4.515
t:12.22, r:25.00, omega:23.35, omega_m:25.00, u:289.71, theta1:18.595, theta2:7.501, e:-1.648
t:12.23, r:25.00, omega:23.35, omega_m:25.00, u:289.81, theta1:18.597, theta2:7.499, e:-1.648
t:12.24, r:25.00, omega:23.35, omega_m:25.00, u:289.90, theta1:18.599, theta2:7.497, e:-1.648
t:12.25, r:25.00, omega:20.22, omega_m:25.00, u:313.61, theta1:18.605, theta2:7.492, e:-4.777
t:12.26, r:25.00, omega:20.22, omega_m:25.00, u:313.85, theta1:18.611, theta2:7.488, e:-4.777
t:12.27, r:25.00, omega:21.00, omega_m:25.00, u:308.22, theta1:18.616, theta2:7.483, e:-3.996
t:12.28, r:25.00, omega:21.00, omega_m:25.00, u:308.43, theta1:18.621, theta2:7.479, e:-3.996
t:12.29, r:25.00, omega:21.00, omega_m:25.00, u:308.64, theta1:18.626, theta2:7.475, e:-3.996
t:12.30, r:25.00, omega:22.79, omega_m:25.00, u:295.39, theta1:18.629, theta2:7.472, e:-2.206
t:12.31, r:25.00, omega:22.79, omega_m:25.00, u:295.52, theta1:18.632, theta2:7.470, e:-2.206
t:12.32, r:25.00, omega:21.19, omega_m:25.00, u:307.72, theta1:18.636, theta2:7.466, e:-3.812
t:12.33, r:25.00, omega:21.19, omega_m:25.00, u:307.93, theta1:18.641, theta2:7.462, e:-3.812
t:12.34, r:25.00, omega:21.19, omega_m:25.00, u:308.13, theta1:18.646, theta2:7.458, e:-3.812
t:12.35, r:25.00, omega:20.29, omega_m:25.00, u:315.05, theta1:18.652, theta2:7.453, e:-4.707
t:12.36, r:25.00, omega:20.29, omega_m:25.00, u:315.29, theta1:18.658, theta2:7.448, e:-4.707
t:12.37, r:25.00, omega:21.33, omega_m:25.00, u:307.80, theta1:18.662, theta2:7.444, e:-3.674
t:12.38, r:25.00, omega:21.33, omega_m:25.00, u:308.00, theta1:18.667, theta2:7.440, e:-3.674
t:12.39, r:25.00, omega:21.64, omega_m:25.00, u:305.88, theta1:18.671, theta2:7.437, e:-3.365
t:12.40, r:25.00, omega:21.64, omega_m:25.00, u:306.06, theta1:18.675, theta2:7.433, e:-3.365
t:12.41, r:25.00, omega:21.64, omega_m:25.00, u:306.25, theta1:18.679, theta2:7.429, e:-3.365
t:12.42, r:25.00, omega:21.53, omega_m:25.00, u:307.21, theta1:18.684, theta2:7.426, e:-3.469
t:12.43, r:25.00, omega:21.53, omega_m:25.00, u:307.40, theta1:18.688, theta2:7.422, e:-3.469
t:12.44, r:25.00, omega:21.54, omega_m:25.00, u:307.55, theta1:18.692, theta2:7.418, e:-3.463
t:12.45, r:25.00, omega:21.54, omega_m:25.00, u:307.73, theta1:18.697, theta2:7.415, e:-3.463
t:12.46, r:25.00, omega:21.54, omega_m:25.00, u:307.92, theta1:18.701, theta2:7.411, e:-3.463
t:12.47, r:25.00, omega:21.62, omega_m:25.00, u:307.49, theta1:18.705, theta2:7.407, e:-3.380
t:12.48, r:25.00, omega:21.62, omega_m:25.00, u:307.67, theta1:18.710, theta2:7.404, e:-3.380
t:12.49, r:25.00, omega:21.56, omega_m:25.00, u:308.33, theta1:18.714, theta2:7.400, e:-3.444
t:12.50, r:25.00, omega:21.56, omega_m:25.00, u:308.52, theta1:18.718, theta2:7.396, e:-3.444
t:12.51, r:25.00, omega:21.56, omega_m:25.00, u:308.71, theta1:18.722, theta2:7.392, e:-3.444
t:12.52, r:25.00, omega:21.51, omega_m:25.00, u:309.25, theta1:18.727, theta2:7.389, e:-3.492
t:12.53, r:25.00, omega:21.51, omega_m:25.00, u:309.44, theta1:18.731, theta2:7.385, e:-3.492
t:12.54, r:25.00, omega:21.50, omega_m:25.00, u:309.71, theta1:18.736, theta2:7.381, e:-3.501
t:12.55, r:25.00, omega:21.50, omega_m:25.00, u:309.90, theta1:18.740, theta2:7.377, e:-3.501
t:12.56, r:25.00, omega:21.50, omega_m:25.00, u:310.09, theta1:18.744, theta2:7.374, e:-3.501
t:12.57, r:25.00, omega:21.09, omega_m:25.00, u:313.34, theta1:18.749, theta2:7.369, e:-3.914
t:12.58, r:25.00, omega:21.09, omega_m:25.00, u:313.55, theta1:18.754, theta2:7.365, e:-3.914
t:12.59, r:25.00, omega:23.27, omega_m:25.00, u:297.57, theta1:18.756, theta2:7.363, e:-1.731
t:12.60, r:25.00, omega:23.27, omega_m:25.00, u:297.67, theta1:18.758, theta2:7.361, e:-1.731
t:12.61, r:25.00, omega:22.45, omega_m:25.00, u:303.82, theta1:18.762, theta2:7.358, e:-2.547
t:12.62, r:25.00, omega:22.45, omega_m:25.00, u:303.97, theta1:18.765, theta2:7.356, e:-2.547
t:12.63, r:25.00, omega:22.45, omega_m:25.00, u:304.11, theta1:18.768, theta2:7.353, e:-2.547
t:12.64, r:25.00, omega:19.75, omega_m:25.00, u:324.23, theta1:18.775, theta2:7.348, e:-5.247
t:12.65, r:25.00, omega:19.75, omega_m:25.00, u:324.49, theta1:18.781, theta2:7.342, e:-5.247
t:12.66, r:25.00, omega:22.17, omega_m:25.00, u:306.87, theta1:18.785, theta2:7.339, e:-2.826
t:12.67, r:25.00, omega:22.17, omega_m:25.00, u:307.03, theta1:18.788, theta2:7.336, e:-2.826
t:12.68, r:25.00, omega:22.17, omega_m:25.00, u:307.19, theta1:18.792, theta2:7.333, e:-2.826
t:12.69, r:25.00, omega:21.87, omega_m:25.00, u:309.56, theta1:18.796, theta2:7.330, e:-3.126
t:12.70, r:25.00, omega:21.87, omega_m:25.00, u:309.74, theta1:18.799, theta2:7.326, e:-3.126
t:12.71, r:25.00, omega:20.59, omega_m:25.00, u:319.36, theta1:18.805, theta2:7.322, e:-4.408
t:12.72, r:25.00, omega:20.59, omega_m:25.00, u:319.59, theta1:18.811, theta2:7.317, e:-4.408
t:12.73, r:25.00, omega:22.07, omega_m:25.00, u:308.94, theta1:18.814, theta2:7.314, e:-2.930
t:12.74, r:25.00, omega:22.07, omega_m:25.00, u:309.10, theta1:18.818, theta2:7.311, e:-2.930
t:12.75, r:25.00, omega:22.07, omega_m:25.00, u:309.26, theta1:18.821, theta2:7.307, e:-2.930
t:12.76, r:25.00, omega:22.64, omega_m:25.00, u:305.27, theta1:18.824, theta2:7.305, e:-2.365
t:12.77, r:25.00, omega:22.64, omega_m:25.00, u:305.40, theta1:18.827, theta2:7.302, e:-2.365
t:12.78, r:25.00, omega:20.92, omega_m:25.00, u:318.17, theta1:18.833, theta2:7.298, e:-4.083
t:12.79, r:25.00, omega:20.92, omega_m:25.00, u:318.38, theta1:18.838, theta2:7.293, e:-4.083
t:12.80, r:25.00, omega:20.92, omega_m:25.00, u:318.60, theta1:18.843, theta2:7.289, e:-4.083
t:12.81, r:25.00, omega:20.95, omega_m:25.00, u:318.61, theta1:18.848, theta2:7.285, e:-4.054
t:12.82, r:25.00, omega:20.95, omega_m:25.00, u:318.82, theta1:18.853, theta2:7.281, e:-4.054
t:12.83, r:25.00, omega:23.99, omega_m:25.00, u:296.71, theta1:18.854, theta2:7.279, e:-1.009
t:12.84, r:25.00, omega:23.99, omega_m:25.00, u:296.77, theta1:18.855, theta2:7.278, e:-1.009
t:12.85, r:25.00, omega:21.89, omega_m:25.00, u:312.24, theta1:18.859, theta2:7.275, e:-3.110
t:12.86, r:25.00, omega:21.89, omega_m:25.00, u:312.41, theta1:18.863, theta2:7.271, e:-3.110
t:12.87, r:25.00, omega:21.89, omega_m:25.00, u:312.58, theta1:18.867, theta2:7.268, e:-3.110
t:12.88, r:25.00, omega:20.53, omega_m:25.00, u:322.71, theta1:18.873, theta2:7.263, e:-4.472
t:12.89, r:25.00, omega:20.53, omega_m:25.00, u:322.94, theta1:18.878, theta2:7.259, e:-4.472
t:12.90, r:25.00, omega:23.55, omega_m:25.00, u:301.07, theta1:18.880, theta2:7.257, e:-1.446
t:12.91, r:25.00, omega:23.55, omega_m:25.00, u:301.15, theta1:18.882, theta2:7.255, e:-1.446
t:12.92, r:25.00, omega:23.55, omega_m:25.00, u:301.24, theta1:18.884, theta2:7.254, e:-1.446
t:12.93, r:25.00, omega:21.67, omega_m:25.00, u:315.05, theta1:18.888, theta2:7.250, e:-3.325
t:12.94, r:25.00, omega:21.67, omega_m:25.00, u:315.23, theta1:18.892, theta2:7.247, e:-3.325
t:12.95, r:25.00, omega:20.45, omega_m:25.00, u:324.36, theta1:18.898, theta2:7.242, e:-4.552
t:12.96, r:25.00, omega:20.45, omega_m:25.00, u:324.59, theta1:18.903, theta2:7.237, e:-4.552
t:12.97, r:25.00, omega:22.81, omega_m:25.00, u:307.64, theta1:18.906, theta2:7.235, e:-2.192
t:12.98, r:25.00, omega:22.81, omega_m:25.00, u:307.77, theta1:18.909, theta2:7.232, e:-2.192
t:12.99, r:25.00, omega:22.81, omega_m:25.00, u:307.89, theta1:18.912, theta2:7.230, e:-2.192
t:13.00, r:25.00, omega:21.81, omega_m:25.00, u:315.26, theta1:18.916, theta2:7.226, e:-3.186
t:13.01, r:0.00, omega:21.81, omega_m:9.20, u:0.00, theta1:18.916, theta2:7.240, e:12.617
t:13.02, r:0.00, omega:20.35, omega_m:3.38, u:0.00, theta1:18.916, theta2:7.257, e:16.971
t:13.03, r:0.00, omega:20.35, omega_m:1.24, u:0.00, theta1:18.916, theta2:7.277, e:19.110
t:13.04, r:0.00, omega:20.35, omega_m:0.46, u:0.00, theta1:18.916, theta2:7.297, e:19.897
t:13.05, r:0.00, omega:20.35, omega_m:0.17, u:0.00, theta1:18.916, theta2:7.318, e:20.186
t:13.06, r:0.00, omega:20.35, omega_m:0.06, u:0.00, theta1:18.916, theta2:7.338, e:20.293
t:13.07, r:0.00, omega:20.35, omega_m:0.02, u:0.00, theta1:18.916, theta2:7.359, e:20.332
t:13.08, r:0.00, omega:20.35, omega_m:0.01, u:0.00, theta1:18.916, theta2:7.380, e:20.346
t:13.09, r:0.00, omega:20.35, omega_m:0.00, u:0.00, theta1:18.916, theta2:7.400, e:20.351
t:13.10, r:0.00, omega:20.35, omega_m:0.00, u:0.00, theta1:18.916, theta2:7.421, e:20.353
t:13.11, r:0.00, omega:20.35, omega_m:0.00, u:0.00, theta1:18.916, theta2:7.442, e:20.354
t:13.12, r:0.00, omega:20.35, omega_m:0.00, u:0.00, theta1:18.916, theta2:7.462, e:20.354
t:13.13, r:0.00, omega:20.35, omega_m:0.00, u:0.00, theta1:18.916, theta2:7.483, e:20.354
t:13.14, r:0.00, omega:20.35, omega_m:0.00, u:0.00, theta1:18.916, theta2:7.504, e:20.354
t:13.15, r:0.00, omega:20.35, omega_m:0.00, u:0.00, theta1:18.916, theta2:7.525, e:20.354
t:13.16, r:0.00, omega:20.35, omega_m:0.00, u:0.00, theta1:18.916, theta2:7.545, e:20.354
t:13.17, r:0.00, omega:20.35, omega_m:0.00, u:0.00, theta1:18.916, theta2:7.566, e:20.354
t:13.18, r:0.00, omega:20.35, omega_m:0.00, u:0.00, theta1:18.916, theta2:7.587, e:20.354
t:13.19, r:0.00, omega:20.35, omega_m:0.00, u:0.00, theta1:18.916, theta2:7.607, e:20.354
t:13.20, r:0.00, omega:20.35, omega_m:0.00, u:0.00, theta1:18.916, theta2:7.628, e:20.354
t:13.21, r:0.00, omega:20.35, omega_m:0.00, u:0.00, theta1:18.916, theta2:7.649, e:20.354
t:13.22, r:0.00, omega:20.35, omega_m:0.00, u:0.00, theta1:18.916, theta2:7.670, e:20.354
t:13.23, r:0.00, omega:20.35, omega_m:0.00, u:0.00, theta1:18.916, theta2:7.690, e:20.354
t:13.24, r:0.00, omega:20.35, omega_m:0.00, u:0.00, theta1:18.916, theta2:7.711, e:20.354
t:13.25, r:0.00, omega:20.35, omega_m:0.00, u:0.00, theta1:18.916, theta2:7.732, e:20.354
t:13.26, r:0.00, omega:20.35, omega_m:0.00, u:0.00, theta1:18.916, theta2:7.752, e:20.354
t:13.27, r:0.00, omega:20.35, omega_m:0.00, u:0.00, theta1:18.916, theta2:7.773, e:20.354
t:13.28, r:0.00, omega:20.35, omega_m:0.00, u:0.00, theta1:18.916, theta2:7.794, e:20.354
t:13.29, r:0.00, omega:20.35, omega_m:0.00, u:0.00, theta1:18.916, theta2:7.815, e:20.354
t:13.30, r:0.00, omega:20.35, omega_m:0.00, u:0.00, theta1:18.916, theta2:7.835, e:20.354
t:13.31, r:0.00, omega:20.35, omega_m:0.00, u:0.00, theta1:18.916, theta2:7.856, e:20.354
t:13.32, r:0.00, omega:20.35, omega_m:0.00, u:0.00, theta1:18.916, theta2:7.877, e:20.354
t:13.33, r:0.00, omega:20.35, omega_m:0.00, u:0.00, theta1:18.916, theta2:7.897, e:20.354
t:13.34, r:0.00, omega:20.35, omega_m:0.00, u:0.00, theta1:18.916, theta2:7.918, e:20.354
t:13.35, r:0.00, omega:20.35, omega_m:0.00, u:0.00, theta1:18.916, theta2:7.939, e:20.354
t:13.36, r:0.00, omega:20.35, omega_m:0.00, u:0.00, theta1:18.916, theta2:7.960, e:20.354
t:13.37, r:0.00, omega:20.35, omega_m:0.00, u:0.00, theta1:18.916, theta2:7.980, e:20.354
t:13.38, r:0.00, omega:20.35, omega_m:0.00, u:0.00, theta1:18.916, theta2:8.001, e:20.354
t:13.39, r:0.00, omega:20.35, omega_m:0.00, u:0.00, theta1:18.916, theta2:8.022, e:20.354
t:13.40, r:0.00, omega:20.35, omega_m:0.00, u:0.00, theta1:18.916, theta2:8.042, e:20.354
t:13.41, r:0.00, omega:20.35, omega_m:0.00, u:0.00, theta1:18.916, theta2:8.063, e:20.354
t:13.42, r:0.00, omega:20.35, omega_m:0.00, u:0.00, theta1:18.916, theta2:8.084, e:20.354
t:13.43, r:0.00, omega:20.35, omega_m:0.00, u:0.00, theta1:18.916, theta2:8.105, e:20.354
t:13.44, r:0.00, omega:20.35, omega_m:0.00, u:0.00, theta1:18.916, theta2:8.125, e:20.354
t:13.45, r:0.00, omega:20.35, omega_m:0.00, u:0.00, theta1:18.916, theta2:8.146, e:20.354
t:13.46, r:0.00, omega:20.35, omega_m:0.00, u:0.00, theta1:18.916, theta2:8.167, e:20.354
t:13.47, r:0.00, omega:20.35, omega_m:0.00, u:0.00, theta1:18.916, theta2:8.187, e:20.354
t:13.48, r:0.00, omega:20.35, omega_m:0.00, u:0.00, theta1:18.916, theta2:8.208, e:20.354
t:13.49, r:0.00, omega:20.35, omega_m:0.00, u:0.00, theta1:18.916, theta2:8.229, e:20.354
t:13.50, r:0.00, omega:20.35, omega_m:0.00, u:0.00, theta1:18.916, theta2:8.250, e:20.354
t:13.51, r:0.00, omega:20.35, omega_m:0.00, u:0.00, theta1:18.916, theta2:8.270, e:20.354
t:13.52, r:0.00, omega:0.00, omega_m:0.00, u:0.00, theta1:18.916, theta2:8.270, e:-0.000
t:13.53, r:0.00, omega:0.00, omega_m:0.00, u:0.00, theta1:18.916, theta2:8.270, e:-0.000
t:13.54, r:0.00, omega:0.00, omega_m:0.00, u:0.00, theta1:18.916, theta2:8.270, e:-0.000
t:13.55, r:0.00, omega:0.00, omega_m:0.00, u:0.00, theta1:18.916, theta2:8.270, e:-0.000
t:13.56, r:0.00, omega:0.00, omega_m:0.00, u:0.00, theta1:18.916, theta2:8.270, e:-0.000
t:13.57, r:0.00, omega:0.00, omega_m:0.00, u:0.00, theta1:18.916, theta2:8.270, e:-0.000
t:13.58, r:0.00, omega:0.00, omega_m:0.00, u:0.00, theta1:18.916, theta2:8.270, e:-0.000
t:13.59, r:0.00, omega:0.00, omega_m:0.00, u:0.00, theta1:18.916, theta2:8.270, e:-0.000
t:13.60, r:0.00, omega:0.00, omega_m:0.00, u:0.00, theta1:18.916, theta2:8.270, e:-0.000
t:13.61, r:0.00, omega:0.00, omega_m:0.00, u:0.00, theta1:18.916, theta2:8.270, e:-0.000
t:13.62, r:0.00, omega:0.00, omega_m:0.00, u:0.00, theta1:18.916, theta2:8.270, e:-0.000
t:13.63, r:0.00, omega:0.00, omega_m:0.00, u:0.00, theta1:18.916, theta2:8.270, e:-0.000
t:13.64, r:0.00, omega:0.00, omega_m:0.00, u:0.00, theta1:18.916, theta2:8.270, e:-0.000
t:13.65, r:0.00, omega:0.00, omega_m:0.00, u:0.00, theta1:18.916, theta2:8.270, e:-0.000
t:13.66, r:0.00, omega:0.00, omega_m:0.00, u:0.00, theta1:18.916, theta2:8.270, e:-0.000
t:13.67, r:0.00, omega:0.00, omega_m:0.00, u:0.00, theta1:18.916, theta2:8.270, e:-0.000
t:13.68, r:0.00, omega:0.00, omega_m:0.00, u:0.00, theta1:18.916, theta2:8.270, e:-0.000
t:13.69, r:0.00, omega:0.00, omega_m:0.00, u:0.00, theta1:18.916, theta2:8.270, e:-0.000
t:13.70, r:0.00, omega:0.00, omega_m:0.00, u:0.00, theta1:18.916, theta2:8.270, e:-0.000
t:13.71, r:0.00, omega:0.00, omega_m:0.00, u:0.00, theta1:18.916, theta2:8.270, e:-0.000
t:13.72, r:0.00, omega:0.00, omega_m:0.00, u:0.00, theta1:18.916, theta2:8.270, e:-0.000
t:13.73, r:0.00, omega:0.00, omega_m:0.00, u:0.00, theta1:18.916, theta2:8.270, e:-0.000
t:13.74, r:0.00, omega:0.00, omega_m:0.00, u:0.00, theta1:18.916, theta2:8.270, e:-0.000
t:13.75, r:0.00, omega:0.00, omega_m:0.00, u:0.00, theta1:18.916, theta2:8.270, e:-0.000
t:13.76, r:0.00, omega:0.00, omega_m:0.00, u:0.00, theta1:18.916, theta2:8.270, e:-0.000
t:13.77, r:0.00, omega:0.00, omega_m:0.00, u:0.00, theta1:18.916, theta2:8.270, e:-0.000
t:13.78, r:0.00, omega:0.00, omega_m:0.00, u:0.00, theta1:18.916, theta2:8.270, e:-0.000
t:13.79, r:0.00, omega:0.00, omega_m:0.00, u:0.00, theta1:18.916, theta2:8.270, e:-0.000
t:13.80, r:0.00, omega:0.00, omega_m:0.00, u:0.00, theta1:18.916, theta2:8.270, e:-0.000
t:13.81, r:0.00, omega:0.00, omega_m:0.00, u:0.00, theta1:18.916, theta2:8.270, e:-0.000
t:13.82, r:0.00, omega:0.00, omega_m:0.00, u:0.00, theta1:18.916, theta2:8.270, e:-0.000
t:13.83, r:0.00, omega:0.00, omega_m:0.00, u:0.00, theta1:18.916, theta2:8.270, e:-0.000
t:13.84, r:0.00, omega:0.00, omega_m:0.00, u:0.00, theta1:18.916, theta2:8.270, e:-0.000
t:13.85, r:0.00, omega:0.00, omega_m:0.00, u:0.00, theta1:18.916, theta2:8.270, e:-0.000
t:13.86, r:0.00, omega:0.00, omega_m:0.00, u:0.00, theta1:18.916, theta2:8.270, e:-0.000
t:13.87, r:0.00, omega:0.00, omega_m:0.00, u:0.00, theta1:18.916, theta2:8.270, e:-0.000
t:13.88, r:0.00, omega:0.00, omega_m:0.00, u:0.00, theta1:18.916, theta2:8.270, e:-0.000
t:13.89, r:0.00, omega:0.00, omega_m:0.00, u:0.00, theta1:18.916, theta2:8.270, e:-0.000
t:13.90, r:0.00, omega:0.00, omega_m:0.00, u:0.00, theta1:18.916, theta2:8.270, e:-0.000
t:13.91, r:0.00, omega:0.00, omega_m:0.00, u:0.00, theta1:18.916, theta2:8.270, e:-0.000
t:13.92, r:0.00, omega:0.00, omega_m:0.00, u:0.00, theta1:18.916, theta2:8.270, e:-0.000
t:13.93, r:0.00, omega:0.00, omega_m:0.00, u:0.00, theta1:18.916, theta2:8.270, e:-0.000
t:13.94, r:0.00, omega:0.00, omega_m:0.00, u:0.00, theta1:18.916, theta2:8.270, e:-0.000
t:13.95, r:0.00, omega:0.00, omega_m:0.00, u:0.00, theta1:18.916, theta2:8.270, e:-0.000
t:13.96, r:0.00, omega:0.00, omega_m:0.00, u:0.00, theta1:18.916, theta2:8.270, e:-0.000
t:13.97, r:0.00, omega:0.00, omega_m:0.00, u:0.00, theta1:18.916, theta2:8.270, e:-0.000
t:13.98, r:0.00, omega:0.00, omega_m:0.00, u:0.00, theta1:18.916, theta2:8.270, e:-0.000
t:13.99, r:0.00, omega:0.00, omega_m:0.00, u:0.00, theta1:18.916, theta2:8.270, e:-0.000
t:14.00, r:0.00, omega:0.00, omega_m:0.00, u:0.00, theta1:18.916, theta2:8.270, e:-0.000
t:14.01, r:-25.00, omega:0.00, omega_m:-15.80, u:-473.38, theta1:18.935, theta2:8.270, e:15.803
t:14.02, r:-25.00, omega:-0.52, omega_m:-21.62, u:-469.70, theta1:18.962, theta2:8.270, e:21.092
t:14.03, r:-25.00, omega:-0.52, omega_m:-23.76, u:-470.43, theta1:18.991, theta2:8.269, e:23.231
t:14.04, r:-25.00, omega:-0.52, omega_m:-24.54, u:-471.18, theta1:19.021, theta2:8.269, e:24.018
t:14.05, r:-25.00, omega:-17.79, omega_m:-24.83, u:-328.75, theta1:19.030, theta2:8.262, e:7.041
t:14.06, r:-25.00, omega:-17.79, omega_m:-24.94, u:-329.08, theta1:19.038, theta2:8.256, e:7.147
t:14.07, r:-25.00, omega:-26.76, omega_m:-24.98, u:-254.88, theta1:19.036, theta2:8.258, e:-1.786
t:14.08, r:-25.00, omega:-26.76, omega_m:-24.99, u:-254.77, theta1:19.034, theta2:8.261, e:-1.772
t:14.09, r:-25.00, omega:-24.49, omega_m:-25.00, u:-273.54, theta1:19.035, theta2:8.260, e:0.502
t:14.10, r:-25.00, omega:-24.49, omega_m:-25.00, u:-273.57, theta1:19.035, theta2:8.259, e:0.504
t:14.11, r:-25.00, omega:-24.49, omega_m:-25.00, u:-273.60, theta1:19.036, theta2:8.259, e:0.505
t:14.12, r:-25.00, omega:-21.33, omega_m:-25.00, u:-299.95, theta1:19.040, theta2:8.255, e:3.672
t:14.13, r:-25.00, omega:-21.33, omega_m:-25.00, u:-300.15, theta1:19.045, theta2:8.251, e:3.672
t:14.14, r:-25.00, omega:-20.06, omega_m:-25.00, u:-310.87, theta1:19.051, theta2:8.246, e:4.940
t:14.15, r:-25.00, omega:-20.06, omega_m:-25.00, u:-311.12, theta1:19.057, theta2:8.241, e:4.940
t:14.16, r:-25.00, omega:-20.06, omega_m:-25.00, u:-311.38, theta1:19.064, theta2:8.236, e:4.940
t:14.17, r:-25.00, omega:-19.73, omega_m:-25.00, u:-314.35, theta1:19.070, theta2:8.231, e:5.269
t:14.18, r:-25.00, omega:-19.73, omega_m:-25.00, u:-314.62, theta1:19.077, theta2:8.226, e:5.269
t:14.19, r:-25.00, omega:-22.89, omega_m:-25.00, u:-288.77, theta1:19.079, theta2:8.223, e:2.111
t:14.20, r:-25.00, omega:-22.89, omega_m:-25.00, u:-288.89, theta1:19.082, theta2:8.221, e:2.111
t:14.21, r:-25.00, omega:-22.89, omega_m:-25.00, u:-289.01, theta1:19.085, theta2:8.219, e:2.111
t:14.22, r:-25.00, omega:-22.75, omega_m:-25.00, u:-290.31, theta1:19.088, theta2:8.216, e:2.255
t:14.23, r:-25.00, omega:-22.75, omega_m:-25.00, u:-290.44, theta1:19.090, theta2:8.213, e:2.255
t:14.24, r:-25.00, omega:-19.78, omega_m:-25.00, u:-315.04, theta1:19.097, theta2:8.208, e:5.217
t:14.25, r:-25.00, omega:-19.78, omega_m:-25.00, u:-315.30, theta1:19.103, theta2:8.203, e:5.217
t:14.26, r:-25.00, omega:-19.78, omega_m:-25.00, u:-315.57, theta1:19.110, theta2:8.198, e:5.217
t:14.27, r:-25.00, omega:-21.91, omega_m:-25.00, u:-298.30, theta1:19.114, theta2:8.195, e:3.090
t:14.28, r:-25.00, omega:-21.91, omega_m:-25.00, u:-298.48, theta1:19.118, theta2:8.191, e:3.090
t:14.29, r:-25.00, omega:-21.89, omega_m:-25.00, u:-298.79, theta1:19.122, theta2:8.188, e:3.108
t:14.30, r:-25.00, omega:-21.89, omega_m:-25.00, u:-298.96, theta1:19.125, theta2:8.184, e:3.108
t:14.31, r:-25.00, omega:-21.30, omega_m:-25.00, u:-304.04, theta1:19.130, theta2:8.180, e:3.704
t:14.32, r:-25.00, omega:-21.30, omega_m:-25.00, u:-304.24, theta1:19.135, theta2:8.176, e:3.704
t:14.33, r:-25.00, omega:-21.30, omega_m:-25.00, u:-304.44, theta1:19.139, theta2:8.172, e:3.704
t:14.34, r:-25.00, omega:-20.89, omega_m:-25.00, u:-307.96, theta1:19.144, theta2:8.168, e:4.108
t:14.35, r:-25.00, omega:-20.89, omega_m:-25.00, u:-308.18, theta1:19.150, theta2:8.164, e:4.108
t:14.36, r:-25.00, omega:-21.35, omega_m:-25.00, u:-304.60, theta1:19.154, theta2:8.160, e:3.645
t:14.37, r:-25.00, omega:-21.35, omega_m:-25.00, u:-304.79, theta1:19.159, theta2:8.156, e:3.645
t:14.38, r:-25.00, omega:-21.35, omega_m:-25.00, u:-304.99, theta1:19.163, theta2:8.152, e:3.645
t:14.39, r:-25.00, omega:-21.51, omega_m:-25.00, u:-303.91, theta1:19.168, theta2:8.148, e:3.489
t:14.40, r:-25.00, omega:-21.51, omega_m:-25.00, u:-304.10, theta1:19.172, theta2:8.145, e:3.489
t:14.41, r:-25.00, omega:-22.04, omega_m:-25.00, u:-299.99, theta1:19.176, theta2:8.141, e:2.965
t:14.42, r:-25.00, omega:-22.04, omega_m:-25.00, u:-300.16, theta1:19.179, theta2:8.138, e:2.965
t:14.43, r:-25.00, omega:-22.04, omega_m:-25.00, u:-300.32, theta1:19.183, theta2:8.135, e:2.965
t:14.44, r:-25.00, omega:-22.51, omega_m:-25.00, u:-296.63, theta1:19.186, theta2:8.132, e:2.494
t:14.45, r:-25.00, omega:-22.51, omega_m:-25.00, u:-296.78, theta1:19.189, theta2:8.129, e:2.494
t:14.46, r:-25.00, omega:-21.52, omega_m:-25.00, u:-304.97, theta1:19.194, theta2:8.126, e:3.479
t:14.47, r:-25.00, omega:-21.52, omega_m:-25.00, u:-305.16, theta1:19.198, theta2:8.122, e:3.479
t:14.48, r:-25.00, omega:-21.52, omega_m:-25.00, u:-305.35, theta1:19.202, theta2:8.118, e:3.479
t:14.49, r:-25.00, omega:-20.35, omega_m:-25.00, u:-315.06, theta1:19.208, theta2:8.113, e:4.646
t:14.50, r:-25.00, omega:-20.35, omega_m:-25.00, u:-315.30, theta1:19.214, theta2:8.109, e:4.646
t:14.51, r:-25.00, omega:-22.92, omega_m:-25.00, u:-294.59, theta1:19.217, theta2:8.106, e:2.076
t:14.52, r:-25.00, omega:-22.92, omega_m:-25.00, u:-294.71, theta1:19.219, theta2:8.104, e:2.076
t:14.53, r:-25.00, omega:-22.66, omega_m:-25.00, u:-297.00, theta1:19.222, theta2:8.101, e:2.343
t:14.54, r:-25.00, omega:-22.66, omega_m:-25.00, u:-297.14, theta1:19.225, theta2:8.099, e:2.343
t:14.55, r:-25.00, omega:-22.66, omega_m:-25.00, u:-297.27, theta1:19.228, theta2:8.096, e:2.343
t:14.56, r:-25.00, omega:-20.20, omega_m:-25.00, u:-317.41, theta1:19.234, theta2:8.091, e:4.800
t:14.57, r:-25.00, omega:-20.20, omega_m:-25.00, u:-317.66, theta1:19.240, theta2:8.086, e:4.800
t:14.58, r:-25.00, omega:-21.65, omega_m:-25.00, u:-306.10, theta1:19.244, theta2:8.083, e:3.348
t:14.59, r:-25.00, omega:-21.65, omega_m:-25.00, u:-306.29, theta1:19.248, theta2:8.079, e:3.348
t:14.60, r:-25.00, omega:-21.65, omega_m:-25.00, u:-306.47, theta1:19.252, theta2:8.075, e:3.348
t:14.61, r:-25.00, omega:-21.75, omega_m:-25.00, u:-305.85, theta1:19.257, theta2:8.072, e:3.250
t:14.62, r:-25.00, omega:-21.75, omega_m:-25.00, u:-306.03, theta1:19.261, theta2:8.068, e:3.250
t:14.63, r:-25.00, omega:-21.76, omega_m:-25.00, u:-306.10, theta1:19.265, theta2:8.065, e:3.236
t:14.64, r:-25.00, omega:-21.76, omega_m:-25.00, u:-306.27, theta1:19.269, theta2:8.061, e:3.236
t:14.65, r:-25.00, omega:-21.95, omega_m:-25.00, u:-304.90, theta1:19.273, theta2:8.058, e:3.045
t:14.66, r:-25.00, omega:-21.95, omega_m:-25.00, u:-305.07, theta1:19.276, theta2:8.055, e:3.045
t:14.67, r:-25.00, omega:-21.95, omega_m:-25.00, u:-305.24, theta1:19.280, theta2:8.051, e:3.045
t:14.68, r:-25.00, omega:-22.04, omega_m:-25.00, u:-304.76, theta1:19.284, theta2:8.048, e:2.965
t:14.69, r:-25.00, omega:-22.04, omega_m:-25.00, u:-304.92, theta1:19.288, theta2:8.045, e:2.965
t:14.70, r:-25.00, omega:-21.74, omega_m:-25.00, u:-307.48, theta1:19.292, theta2:8.041, e:3.260
t:14.71, r:-25.00, omega:-21.74, omega_m:-25.00, u:-307.66, theta1:19.296, theta2:8.038, e:3.260
t:14.72, r:-25.00, omega:-21.74, omega_m:-25.00, u:-307.84, theta1:19.300, theta2:8.034, e:3.260
t:14.73, r:-25.00, omega:-21.52, omega_m:-25.00, u:-309.76, theta1:19.304, theta2:8.030, e:3.477
t:14.74, r:-25.00, omega:-21.52, omega_m:-25.00, u:-309.95, theta1:19.308, theta2:8.027, e:3.477
t:14.75, r:-25.00, omega:-21.32, omega_m:-25.00, u:-311.81, theta1:19.313, theta2:8.023, e:3.683
t:14.76, r:-25.00, omega:-21.32, omega_m:-25.00, u:-312.01, theta1:19.318, theta2:8.019, e:3.683
t:14.77, r:-25.00, omega:-22.11, omega_m:-25.00, u:-305.79, theta1:19.321, theta2:8.015, e:2.888
t:14.78, r:-25.00, omega:-22.11, omega_m:-25.00, u:-305.95, theta1:19.325, theta2:8.012, e:2.888
t:14.79, r:-25.00, omega:-22.11, omega_m:-25.00, u:-306.11, theta1:19.328, theta2:8.009, e:2.888
t:14.80, r:-25.00, omega:-22.99, omega_m:-25.00, u:-299.24, theta1:19.331, theta2:8.007, e:2.015
t:14.81, r:-25.00, omega:-22.99, omega_m:-25.00, u:-299.36, theta1:19.334, theta2:8.004, e:2.015
t:14.82, r:-25.00, omega:-22.97, omega_m:-25.00, u:-299.55, theta1:19.336, theta2:8.002, e:2.025
t:14.83, r:-25.00, omega:-22.97, omega_m:-25.00, u:-299.67, theta1:19.339, theta2:8.000, e:2.025
t:14.84, r:-25.00, omega:-21.06, omega_m:-25.00, u:-315.20, theta1:19.344, theta2:7.996, e:3.941
t:14.85, r:-25.00, omega:-21.06, omega_m:-25.00, u:-315.41, theta1:19.348, theta2:7.992, e:3.941
t:14.86, r:-25.00, omega:-21.06, omega_m:-25.00, u:-315.63, theta1:19.353, theta2:7.987, e:3.941
t:14.87, r:-25.00, omega:-21.67, omega_m:-25.00, u:-310.96, theta1:19.358, theta2:7.984, e:3.333
t:14.88, r:-25.00, omega:-21.67, omega_m:-25.00, u:-311.14, theta1:19.362, theta2:7.980, e:3.333
t:14.89, r:-25.00, omega:-23.02, omega_m:-25.00, u:-300.42, theta1:19.364, theta2:7.978, e:1.976
t:14.90, r:-25.00, omega:-23.02, omega_m:-25.00, u:-300.53, theta1:19.367, theta2:7.976, e:1.976
t:14.91, r:-25.00, omega:-23.02, omega_m:-25.00, u:-300.65, theta1:19.369, theta2:7.973, e:1.976
t:14.92, r:-25.00, omega:-21.35, omega_m:-25.00, u:-314.19, theta1:19.374, theta2:7.969, e:3.650
t:14.93, r:-25.00, omega:-21.35, omega_m:-25.00, u:-314.39, theta1:19.378, theta2:7.966, e:3.650
t:14.94, r:-25.00, omega:-21.25, omega_m:-25.00, u:-315.40, theta1:19.383, theta2:7.962, e:3.752
t:14.95, r:-25.00, omega:-21.25, omega_m:-25.00, u:-315.61, theta1:19.388, theta2:7.958, e:3.752
t:14.96, r:-25.00, omega:-23.39, omega_m:-25.00, u:-298.68, theta1:19.390, theta2:7.956, e:1.613
t:14.97, r:-25.00, omega:-23.39, omega_m:-25.00, u:-298.77, theta1:19.392, theta2:7.954, e:1.613
t:14.98, r:-25.00, omega:-23.39, omega_m:-25.00, u:-298.87, theta1:19.394, theta2:7.952, e:1.613
t:14.99, r:-25.00, omega:-20.14, omega_m:-25.00, u:-324.94, theta1:19.400, theta2:7.947, e:4.860
t:15.00, r:-25.00, omega:-20.14, omega_m:-25.00, u:-325.19, theta1:19.406, theta2:7.942, e:4.860
t:15.01, r:0.00, omega:-22.72, omega_m:-9.20, u:0.00, theta1:19.406, theta2:7.957, e:-13.522
t:15.02, r:0.00, omega:-22.72, omega_m:-3.38, u:0.00, theta1:19.406, theta2:7.979, e:-19.335
t:15.03, r:0.00, omega:-22.72, omega_m:-1.24, u:0.00, theta1:19.406, theta2:8.004, e:-21.474
t:15.04, r:0.00, omega:-22.72, omega_m:-0.46, u:0.00, theta1:19.406, theta2:8.029, e:-22.261
t:15.05, r:0.00, omega:-13.53, omega_m:-0.17, u:0.00, theta1:19.406, theta2:8.038, e:-13.360
t:15.06, r:0.00, omega:-13.53, omega_m:-0.06, u:0.00, theta1:19.406, theta2:8.047, e:-13.467
t:15.07, r:0.00, omega:-13.53, omega_m:-0.02, u:0.00, theta1:19.406, theta2:8.056, e:-13.506
t:15.08, r:0.00, omega:-13.53, omega_m:-0.01, u:0.00, theta1:19.406, theta2:8.066, e:-13.520
t:15.09, r:0.00, omega:-13.53, omega_m:-0.00, u:0.00, theta1:19.406, theta2:8.075, e:-13.526
t:15.10, r:0.00, omega:-13.53, omega_m:-0.00, u:0.00, theta1:19.406, theta2:8.084, e:-13.528
t:15.11, r:0.00, omega:-13.53, omega_m:-0.00, u:0.00, theta1:19.406, theta2:8.093, e:-13.528
t:15.12, r:0.00, omega:-13.53, omega_m:-0.00, u:0.00, theta1:19.406, theta2:8.102, e:-13.528
t:15.13, r:0.00, omega:-13.53, omega_m:-0.00, u:0.00, theta1:19.406, theta2:8.111, e:-13.529
t:15.14, r:0.00, omega:-13.53, omega_m:-0.00, u:0.00, theta1:19.406, theta2:8.120, e:-13.529
t:15.15, r:0.00, omega:-13.53, omega_m:-0.00, u:0.00, theta1:19.406, theta2:8.130, e:-13.529
t:15.16, r:0.00, omega:-13.53, omega_m:-0.00, u:0.00, theta1:19.406, theta2:8.139, e:-13.529
t:15.17, r:0.00, omega:-13.53, omega_m:-0.00, u:0.00, theta1:19.406, theta2:8.148, e:-13.529
t:15.18, r:0.00, omega:-13.53, omega_m:-0.00, u:0.00, theta1:19.406, theta2:8.157, e:-13.529
t:15.19, r:0.00, omega:-13.53, omega_m:-0.00, u:0.00, theta1:19.406, theta2:8.166, e:-13.529
t:15.20, r:0.00, omega:-13.53, omega_m:-0.00, u:0.00, theta1:19.406, theta2:8.175, e:-13.529
t:15.21, r:0.00, omega:-13.53, omega_m:-0.00, u:0.00, theta1:19.406, theta2:8.185, e:-13.529
t:15.22, r:0.00, omega:-13.53, omega_m:-0.00, u:0.00, theta1:19.406, theta2:8.194, e:-13.529
t:15.23, r:0.00, omega:-13.53, omega_m:-0.00, u:0.00, theta1:19.406, theta2:8.203, e:-13.529
t:15.24, r:0.00, omega:-13.53, omega_m:-0.00, u:0.00, theta1:19.406, theta2:8.212, e:-13.529
t:15.25, r:0.00, omega:-13.53, omega_m:-0.00, u:0.00, theta1:19.406, theta2:8.221, e:-13.529
t:15.26, r:0.00, omega:-13.53, omega_m:-0.00, u:0.00, theta1:19.406, theta2:8.230, e:-13.529
t:15.27, r:0.00, omega:-13.53, omega_m:-0.00, u:0.00, theta1:19.406, theta2:8.239, e:-13.529
t:15.28, r:0.00, omega:-13.53, omega_m:-0.00, u:0.00, theta1:19.406, theta2:8.249, e:-13.529
t:15.29, r:0.00, omega:-13.53, omega_m:-0.00, u:0.00, theta1:19.406, theta2:8.258, e:-13.529
t:15.30, r:0.00, omega:-13.53, omega_m:-0.00, u:0.00, theta1:19.406, theta2:8.267, e:-13.529
t:15.31, r:0.00, omega:-13.53, omega_m:-0.00, u:0.00, theta1:19.406, theta2:8.276, e:-13.529
t:15.32, r:0.00, omega:-13.53, omega_m:-0.00, u:0.00, theta1:19.406, theta2:8.285, e:-13.529
t:15.33, r:0.00, omega:-13.53, omega_m:-0.00, u:0.00, theta1:19.406, theta2:8.294, e:-13.529
t:15.34, r:0.00, omega:-13.53, omega_m:-0.00, u:0.00, theta1:19.406, theta2:8.303, e:-13.529
t:15.35, r:0.00, omega:-13.53, omega_m:-0.00, u:0.00, theta1:19.406, theta2:8.313, e:-13.529
t:15.36, r:0.00, omega:-13.53, omega_m:-0.00, u:0.00, theta1:19.406, theta2:8.322, e:-13.529
t:15.37, r:0.00, omega:-13.53, omega_m:-0.00, u:0.00, theta1:19.406, theta2:8.331, e:-13.529
t:15.38, r:0.00, omega:-13.53, omega_m:-0.00, u:0.00, theta1:19.406, theta2:8.340, e:-13.529
t:15.39, r:0.00, omega:-13.53, omega_m:-0.00, u:0.00, theta1:19.406, theta2:8.349, e:-13.529
t:15.40, r:0.00, omega:-13.53, omega_m:-0.00, u:0.00, theta1:19.406, theta2:8.358, e:-13.529
t:15.41, r:0.00, omega:-13.53, omega_m:-0.00, u:0.00, theta1:19.406, theta2:8.368, e:-13.529
t:15.42, r:0.00, omega:-13.53, omega_m:-0.00, u:0.00, theta1:19.406, theta2:8.377, e:-13.529
t:15.43, r:0.00, omega:-13.53, omega_m:-0.00, u:0.00, theta1:19.406, theta2:8.386, e:-13.529
t:15.44, r:0.00, omega:-13.53, omega_m:-0.00, u:0.00, theta1:19.406, theta2:8.395, e:-13.529
t:15.45, r:0.00, omega:-13.53, omega_m:-0.00, u:0.00, theta1:19.406, theta2:8.404, e:-13.529
t:15.46, r:0.00, omega:-13.53, omega_m:-0.00, u:0.00, theta1:19.406, theta2:8.413, e:-13.529
t:15.47, r:0.00, omega:-13.53, omega_m:-0.00, u:0.00, theta1:19.406, theta2:8.422, e:-13.529
t:15.48, r:0.00, omega:-13.53, omega_m:-0.00, u:0.00, theta1:19.406, theta2:8.432, e:-13.529
t:15.49, r:0.00, omega:-13.53, omega_m:-0.00, u:0.00, theta1:19.406, theta2:8.441, e:-13.529
t:15.50, r:0.00, omega:-13.53, omega_m:-0.00, u:0.00, theta1:19.406, theta2:8.450, e:-13.529
t:15.51, r:0.00, omega:-13.53, omega_m:-0.00, u:0.00, theta1:19.406, theta2:8.459, e:-13.529
t:15.52, r:0.00, omega:-13.53, omega_m:-0.00, u:0.00, theta1:19.406, theta2:8.468, e:-13.529
t:15.53, r:0.00, omega:-13.53, omega_m:-0.00, u:0.00, theta1:19.406, theta2:8.477, e:-13.529
t:15.54, r:0.00, omega:-13.53, omega_m:-0.00, u:0.00, theta1:19.406, theta2:8.487, e:-13.529
t:15.55, r:0.00, omega:0.00, omega_m:-0.00, u:0.00, theta1:19.406, theta2:8.487, e:0.000
t:15.56, r:0.00, omega:0.00, omega_m:-0.00, u:0.00, theta1:19.406, theta2:8.487, e:0.000
t:15.57, r:0.00, omega:0.00, omega_m:-0.00, u:0.00, theta1:19.406, theta2:8.487, e:0.000
t:15.58, r:0.00, omega:0.00, omega_m:-0.00, u:0.00, theta1:19.406, theta2:8.487, e:0.000
t:15.59, r:0.00, omega:0.00, omega_m:-0.00, u:0.00, theta1:19.406, theta2:8.487, e:0.000
t:15.60, r:0.00, omega:0.00, omega_m:-0.00, u:0.00, theta1:19.406, theta2:8.487, e:0.000
t:15.61, r:0.00, omega:0.00, omega_m:-0.00, u:0.00, theta1:19.406, theta2:8.487, e:0.000
t:15.62, r:0.00, omega:0.00, omega_m:-0.00, u:0.00, theta1:19.406, theta2:8.487, e:0.000
t:15.63, r:0.00, omega:0.00, omega_m:-0.00, u:0.00, theta1:19.406, theta2:8.487, e:0.000
t:15.64, r:0.00, omega:0.00, omega_m:-0.00, u:0.00, theta1:19.406, theta2:8.487, e:0.000
t:15.65, r:0.00, omega:0.00, omega_m:-0.00, u:0.00, theta1:19.406, theta2:8.487, e:0.000
t:15.66, r:0.00, omega:0.00, omega_m:-0.00, u:0.00, theta1:19.406, theta2:8.487, e:0.000
t:15.67, r:0.00, omega:0.00, omega_m:-0.00, u:0.00, theta1:19.406, theta2:8.487, e:0.000
t:15.68, r:0.00, omega:0.00, omega_m:-0.00, u:0.00, theta1:19.406, theta2:8.487, e:0.000
t:15.69, r:0.00, omega:0.00, omega_m:-0.00, u:0.00, theta1:19.406, theta2:8.487, e:0.000
t:15.70, r:0.00, omega:0.00, omega_m:-0.00, u:0.00, theta1:19.406, theta2:8.487, e:0.000
t:15.71, r:0.00, omega:0.00, omega_m:-0.00, u:0.00, theta1:19.406, theta2:8.487, e:0.000
t:15.72, r:0.00, omega:0.00, omega_m:-0.00, u:0.00, theta1:19.406, theta2:8.487, e:0.000
t:15.73, r:0.00, omega:0.00, omega_m:-0.00, u:0.00, theta1:19.406, theta2:8.487, e:0.000
t:15.74, r:0.00, omega:0.00, omega_m:-0.00, u:0.00, theta1:19.406, theta2:8.487, e:0.000
t:15.75, r:0.00, omega:0.00, omega_m:-0.00, u:0.00, theta1:19.406, theta2:8.487, e:0.000
t:15.76, r:0.00, omega:0.00, omega_m:-0.00, u:0.00, theta1:19.406, theta2:8.487, e:0.000
t:15.77, r:0.00, omega:0.00, omega_m:-0.00, u:0.00, theta1:19.406, theta2:8.487, e:0.000
t:15.78, r:0.00, omega:0.00, omega_m:-0.00, u:0.00, theta1:19.406, theta2:8.487, e:0.000
t:15.79, r:0.00, omega:0.00, omega_m:-0.00, u:0.00, theta1:19.406, theta2:8.487, e:0.000
t:15.80, r:0.00, omega:0.00, omega_m:-0.00, u:0.00, theta1:19.406, theta2:8.487, e:0.000
t:15.81, r:0.00, omega:0.00, omega_m:-0.00, u:0.00, theta1:19.406, theta2:8.487, e:0.000
t:15.82, r:0.00, omega:0.00, omega_m:-0.00, u:0.00, theta1:19.406, theta2:8.487, e:0.000
t:15.83, r:0.00, omega:0.00, omega_m:-0.00, u:0.00, theta1:19.406, theta2:8.487, e:0.000
t:15.84, r:0.00, omega:0.00, omega_m:-0.00, u:0.00, theta1:19.406, theta2:8.487, e:0.000
t:15.85, r:0.00, omega:0.00, omega_m:-0.00, u:0.00, theta1:19.406, theta2:8.487, e:0.000
t:15.86, r:0.00, omega:0.00, omega_m:-0.00, u:0.00, theta1:19.406, theta2:8.487, e:0.000
t:15.87, r:0.00, omega:0.00, omega_m:-0.00, u:0.00, theta1:19.406, theta2:8.487, e:0.000
t:15.88, r:0.00, omega:0.00, omega_m:-0.00, u:0.00, theta1:19.406, theta2:8.487, e:0.000
t:15.89, r:0.00, omega:0.00, omega_m:-0.00, u:0.00, theta1:19.406, theta2:8.487, e:0.000
t:15.90, r:0.00, omega:0.00, omega_m:-0.00, u:0.00, theta1:19.406, theta2:8.487, e:0.000
t:15.91, r:0.00, omega:0.00, omega_m:-0.00, u:0.00, theta1:19.406, theta2:8.487, e:0.000
t:15.92, r:0.00, omega:0.00, omega_m:-0.00, u:0.00, theta1:19.406, theta2:8.487, e:0.000
t:15.93, r:0.00, omega:0.00, omega_m:-0.00, u:0.00, theta1:19.406, theta2:8.487, e:0.000
t:15.94, r:0.00, omega:0.00, omega_m:-0.00, u:0.00, theta1:19.406, theta2:8.487, e:0.000
t:15.95, r:0.00, omega:0.00, omega_m:-0.00, u:0.00, theta1:19.406, theta2:8.487, e:0.000
t:15.96, r:0.00, omega:0.00, omega_m:-0.00, u:0.00, theta1:19.406, theta2:8.487, e:0.000
t:15.97, r:0.00, omega:0.00, omega_m:-0.00, u:0.00, theta1:19.406, theta2:8.487, e:0.000
t:15.98, r:0.00, omega:0.00, omega_m:-0.00, u:0.00, theta1:19.406, theta2:8.487, e:0.000
t:15.99, r:0.00, omega:0.00, omega_m:-0.00, u:0.00, theta1:19.406, theta2:8.487, e:0.000
t:16.00, r:0.00, omega:0.00, omega_m:-0.00, u:0.00, theta1:19.406, theta2:8.487, e:0.000
t:16.01, r:25.00, omega:0.00, omega_m:15.80, u:485.64, theta1:19.426, theta2:8.487, e:-15.803
t:16.02, r:25.00, omega:0.00, omega_m:21.62, u:486.31, theta1:19.453, theta2:8.487, e:-21.617
t:16.03, r:25.00, omega:0.00, omega_m:23.76, u:487.06, theta1:19.482, theta2:8.487, e:-23.755
t:16.04, r:25.00, omega:0.53, omega_m:24.54, u:483.33, theta1:19.512, theta2:8.486, e:-24.014
t:16.05, r:25.00, omega:0.53, omega_m:24.83, u:484.09, theta1:19.543, theta2:8.485, e:-24.304
t:16.06, r:25.00, omega:26.05, omega_m:24.94, u:267.41, theta1:19.541, theta2:8.487, e:1.117
t:16.07, r:25.00, omega:26.05, omega_m:24.98, u:267.34, theta1:19.540, theta2:8.488, e:1.078
t:16.08, r:25.00, omega:28.84, omega_m:24.99, u:243.46, theta1:19.535, theta2:8.494, e:3.844
t:16.09, r:25.00, omega:28.84, omega_m:25.00, u:243.18, theta1:19.530, theta2:8.499, e:3.839
t:16.10, r:25.00, omega:21.79, omega_m:25.00, u:303.21, theta1:19.534, theta2:8.496, e:-3.206
t:16.11, r:25.00, omega:21.79, omega_m:25.00, u:303.39, theta1:19.538, theta2:8.492, e:-3.207
t:16.12, r:25.00, omega:21.79, omega_m:25.00, u:303.56, theta1:19.542, theta2:8.489, e:-3.207
t:16.13, r:25.00, omega:21.07, omega_m:25.00, u:309.90, theta1:19.547, theta2:8.485, e:-3.929
t:16.14, r:25.00, omega:21.07, omega_m:25.00, u:310.11, theta1:19.552, theta2:8.480, e:-3.929
t:16.15, r:25.00, omega:21.07, omega_m:25.00, u:310.32, theta1:19.557, theta2:8.476, e:-3.929
t:16.16, r:25.00, omega:20.68, omega_m:25.00, u:313.89, theta1:19.562, theta2:8.472, e:-4.323
t:16.17, r:25.00, omega:20.68, omega_m:25.00, u:314.12, theta1:19.568, theta2:8.467, e:-4.323
t:16.18, r:25.00, omega:20.74, omega_m:25.00, u:313.82, theta1:19.573, theta2:8.463, e:-4.261
t:16.19, r:25.00, omega:20.74, omega_m:25.00, u:314.04, theta1:19.579, theta2:8.458, e:-4.261
t:16.20, r:25.00, omega:22.08, omega_m:25.00, u:302.86, theta1:19.582, theta2:8.455, e:-2.920
t:16.21, r:25.00, omega:22.08, omega_m:25.00, u:303.03, theta1:19.586, theta2:8.452, e:-2.920
t:16.22, r:25.00, omega:22.08, omega_m:25.00, u:303.19, theta1:19.589, theta2:8.449, e:-2.920
t:16.23, r:25.00, omega:22.90, omega_m:25.00, u:296.35, theta1:19.592, theta2:8.446, e:-2.096
t:16.24, r:25.00, omega:22.90, omega_m:25.00, u:296.47, theta1:19.595, theta2:8.444, e:-2.096
t:16.25, r:25.00, omega:20.95, omega_m:25.00, u:313.20, theta1:19.600, theta2:8.440, e:-4.052
t:16.26, r:25.00, omega:20.95, omega_m:25.00, u:313.41, theta1:19.605, theta2:8.436, e:-4.052
t:16.27, r:25.00, omega:20.95, omega_m:25.00, u:313.63, theta1:19.610, theta2:8.431, e:-4.052
t:16.28, r:25.00, omega:20.57, omega_m:25.00, u:317.01, theta1:19.615, theta2:8.427, e:-4.426
t:16.29, r:25.00, omega:20.57, omega_m:25.00, u:317.24, theta1:19.621, theta2:8.422, e:-4.426
t:16.30, r:25.00, omega:23.84, omega_m:25.00, u:289.83, theta1:19.622, theta2:8.421, e:-1.162
t:16.31, r:25.00, omega:23.84, omega_m:25.00, u:289.90, theta1:19.624, theta2:8.419, e:-1.162
t:16.32, r:25.00, omega:23.84, omega_m:25.00, u:289.97, theta1:19.625, theta2:8.418, e:-1.162
t:16.33, r:25.00, omega:19.48, omega_m:25.00, u:326.89, theta1:19.632, theta2:8.413, e:-5.516
t:16.34, r:25.00, omega:19.48, omega_m:25.00, u:327.17, theta1:19.639, theta2:8.407, e:-5.516
t:16.35, r:25.00, omega:22.41, omega_m:25.00, u:302.71, theta1:19.642, theta2:8.404, e:-2.589
t:16.36, r:25.00, omega:22.41, omega_m:25.00, u:302.85, theta1:19.646, theta2:8.401, e:-2.589
t:16.37, r:25.00, omega:21.95, omega_m:25.00, u:306.87, theta1:19.649, theta2:8.398, e:-3.047
t:16.38, r:25.00, omega:21.95, omega_m:25.00, u:307.04, theta1:19.653, theta2:8.395, e:-3.047
t:16.39, r:25.00, omega:21.95, omega_m:25.00, u:307.21, theta1:19.657, theta2:8.391, e:-3.047
t:16.40, r:25.00, omega:21.14, omega_m:25.00, u:314.25, theta1:19.662, theta2:8.387, e:-3.862
t:16.41, r:25.00, omega:21.14, omega_m:25.00, u:314.46, theta1:19.667, theta2:8.383, e:-3.862
t:16.42, r:25.00, omega:20.86, omega_m:25.00, u:317.03, theta1:19.672, theta2:8.379, e:-4.142
t:16.43, r:25.00, omega:20.86, omega_m:25.00, u:317.25, theta1:19.677, theta2:8.375, e:-4.142
t:16.44, r:25.00, omega:20.86, omega_m:25.00, u:317.47, theta1:19.682, theta2:8.370, e:-4.142
t:16.45, r:25.00, omega:22.24, omega_m:25.00, u:306.01, theta1:19.686, theta2:8.367, e:-2.755
t:16.46, r:25.00, omega:22.24, omega_m:25.00, u:306.17, theta1:19.689, theta2:8.364, e:-2.755
t:16.47, r:25.00, omega:21.34, omega_m:25.00, u:313.91, theta1:19.694, theta2:8.360, e:-3.657
t:16.48, r:25.00, omega:21.34, omega_m:25.00, u:314.11, theta1:19.698, theta2:8.356, e:-3.657
t:16.49, r:25.00, omega:21.34, omega_m:25.00, u:314.31, theta1:19.703, theta2:8.352, e:-3.657
t:16.50, r:25.00, omega:21.60, omega_m:25.00, u:312.32, theta1:19.707, theta2:8.349, e:-3.397
t:16.51, r:25.00, omega:21.60, omega_m:25.00, u:312.50, theta1:19.711, theta2:8.345, e:-3.397
t:16.52, r:25.00, omega:22.86, omega_m:25.00, u:302.12, theta1:19.714, theta2:8.343, e:-2.138
t:16.53, r:25.00, omega:22.86, omega_m:25.00, u:302.25, theta1:19.717, theta2:8.340, e:-2.138
t:16.54, r:25.00, omega:21.57, omega_m:25.00, u:313.17, theta1:19.721, theta2:8.337, e:-3.426
t:16.55, r:25.00, omega:21.57, omega_m:25.00, u:313.36, theta1:19.725, theta2:8.333, e:-3.426
t:16.56, r:25.00, omega:21.57, omega_m:25.00, u:313.55, theta1:19.730, theta2:8.329, e:-3.426
t:16.57, r:25.00, omega:21.27, omega_m:25.00, u:316.30, theta1:19.734, theta2:8.325, e:-3.733
t:16.58, r:25.00, omega:21.27, omega_m:25.00, u:316.50, theta1:19.739, theta2:8.321, e:-3.733
t:16.59, r:25.00, omega:22.16, omega_m:25.00, u:309.25, theta1:19.742, theta2:8.318, e:-2.842
t:16.60, r:25.00, omega:22.16, omega_m:25.00, u:309.40, theta1:19.746, theta2:8.315, e:-2.842
t:16.61, r:25.00, omega:23.39, omega_m:25.00, u:299.30, theta1:19.748, theta2:8.313, e:-1.615
t:16.62, r:25.00, omega:23.39, omega_m:25.00, u:299.39, theta1:19.750, theta2:8.311, e:-1.615
t:16.63, r:25.00, omega:23.39, omega_m:25.00, u:299.48, theta1:19.752, theta2:8.309, e:-1.615
t:16.64, r:25.00, omega:20.14, omega_m:25.00, u:326.71, theta1:19.758, theta2:8.304, e:-4.861
t:16.65, r:25.00, omega:20.14, omega_m:25.00, u:326.96, theta1:19.764, theta2:8.299, e:-4.861
t:16.66, r:25.00, omega:21.94, omega_m:25.00, u:312.21, theta1:19.768, theta2:8.296, e:-3.064
t:16.67, r:25.00, omega:21.94, omega_m:25.00, u:312.38, theta1:19.772, theta2:8.293, e:-3.064
t:16.68, r:25.00, omega:21.94, omega_m:25.00, u:312.55, theta1:19.776, theta2:8.289, e:-3.064
t:16.69, r:25.00, omega:22.31, omega_m:25.00, u:309.63, theta1:19.779, theta2:8.286, e:-2.693
t:16.70, r:25.00, omega:22.31, omega_m:25.00, u:309.78, theta1:19.782, theta2:8.283, e:-2.693
t:16.71, r:25.00, omega:20.83, omega_m:25.00, u:322.25, theta1:19.788, theta2:8.279, e:-4.172
t:16.72, r:25.00, omega:20.83, omega_m:25.00, u:322.47, theta1:19.793, theta2:8.275, e:-4.172
t:16.73, r:25.00, omega:20.83, omega_m:25.00, u:322.69, theta1:19.798, theta2:8.270, e:-4.172
t:16.74, r:25.00, omega:22.16, omega_m:25.00, u:311.87, theta1:19.802, theta2:8.267, e:-2.844
t:16.75, r:25.00, omega:22.16, omega_m:25.00, u:312.03, theta1:19.805, theta2:8.264, e:-2.844
t:16.76, r:25.00, omega:23.28, omega_m:25.00, u:302.82, theta1:19.807, theta2:8.262, e:-1.718
t:16.77, r:25.00, omega:23.28, omega_m:25.00, u:302.92, theta1:19.809, theta2:8.260, e:-1.718
t:16.78, r:25.00, omega:20.92, omega_m:25.00, u:322.61, theta1:19.815, theta2:8.256, e:-4.075
t:16.79, r:25.00, omega:20.92, omega_m:25.00, u:322.83, theta1:19.820, theta2:8.252, e:-4.075
t:16.80, r:25.00, omega:20.92, omega_m:25.00, u:323.05, theta1:19.825, theta2:8.247, e:-4.075
t:16.81, r:25.00, omega:21.26, omega_m:25.00, u:320.52, theta1:19.829, theta2:8.243, e:-3.745
t:16.82, r:25.00, omega:21.26, omega_m:25.00, u:320.72, theta1:19.834, theta2:8.239, e:-3.745
t:16.83, r:25.00, omega:22.86, omega_m:25.00, u:307.61, theta1:19.837, theta2:8.237, e:-2.138
t:16.84, r:25.00, omega:22.86, omega_m:25.00, u:307.73, theta1:19.839, theta2:8.234, e:-2.138
t:16.85, r:25.00, omega:22.56, omega_m:25.00, u:310.32, theta1:19.842, theta2:8.232, e:-2.436
t:16.86, r:25.00, omega:22.56, omega_m:25.00, u:310.46, theta1:19.846, theta2:8.229, e:-2.436
t:16.87, r:25.00, omega:22.56, omega_m:25.00, u:310.60, theta1:19.849, theta2:8.226, e:-2.436
t:16.88, r:25.00, omega:22.25, omega_m:25.00, u:313.30, theta1:19.852, theta2:8.223, e:-2.746
t:16.89, r:25.00, omega:22.25, omega_m:25.00, u:313.45, theta1:19.855, theta2:8.220, e:-2.746
t:16.90, r:25.00, omega:21.87, omega_m:25.00, u:316.82, theta1:19.859, theta2:8.217, e:-3.134
t:16.91, r:25.00, omega:21.87, omega_m:25.00, u:316.99, theta1:19.863, theta2:8.213, e:-3.134
t:16.92, r:25.00, omega:21.87, omega_m:25.00, u:317.17, theta1:19.867, theta2:8.210, e:-3.134
t:16.93, r:25.00, omega:21.45, omega_m:25.00, u:320.75, theta1:19.872, theta2:8.206, e:-3.547
t:16.94, r:25.00, omega:21.45, omega_m:25.00, u:320.94, theta1:19.876, theta2:8.202, e:-3.547
t:16.95, r:25.00, omega:22.47, omega_m:25.00, u:312.76, theta1:19.879, theta2:8.199, e:-2.532
t:16.96, r:25.00, omega:22.47, omega_m:25.00, u:312.90, theta1:19.882, theta2:8.196, e:-2.532
t:16.97, r:25.00, omega:23.33, omega_m:25.00, u:305.94, theta1:19.884, theta2:8.195, e:-1.671
t:16.98, r:25.00, omega:23.33, omega_m:25.00, u:306.04, theta1:19.887, theta2:8.193, e:-1.671
t:16.99, r:25.00, omega:23.33, omega_m:25.00, u:306.14, theta1:19.889, theta2:8.191, e:-1.671
t:17.00, r:25.00, omega:21.51, omega_m:25.00, u:321.23, theta1:19.893, theta2:8.187, e:-3.491
t:17.01, r:0.00, omega:21.51, omega_m:9.20, u:0.00, theta1:19.893, theta2:8.200, e:12.312
t:17.02, r:0.00, omega:20.83, omega_m:3.38, u:0.00, theta1:19.893, theta2:8.218, e:17.442
t:17.03, r:0.00, omega:20.83, omega_m:1.24, u:0.00, theta1:19.893, theta2:8.239, e:19.581
t:17.04, r:0.00, omega:20.83, omega_m:0.46, u:0.00, theta1:19.893, theta2:8.260, e:20.368
t:17.05, r:0.00, omega:20.83, omega_m:0.17, u:0.00, theta1:19.893, theta2:8.281, e:20.657
t:17.06, r:0.00, omega:20.83, omega_m:0.06, u:0.00, theta1:19.893, theta2:8.303, e:20.764
t:17.07, r:0.00, omega:20.83, omega_m:0.02, u:0.00, theta1:19.893, theta2:8.325, e:20.803
t:17.08, r:0.00, omega:20.83, omega_m:0.01, u:0.00, theta1:19.893, theta2:8.346, e:20.817
t:17.09, r:0.00, omega:20.83, omega_m:0.00, u:0.00, theta1:19.893, theta2:8.368, e:20.823
t:17.10, r:0.00, omega:20.83, omega_m:0.00, u:0.00, theta1:19.893, theta2:8.390, e:20.825
t:17.11, r:0.00, omega:20.83, omega_m:0.00, u:0.00, theta1:19.893, theta2:8.411, e:20.825
t:17.12, r:0.00, omega:20.83, omega_m:0.00, u:0.00, theta1:19.893, theta2:8.433, e:20.826
t:17.13, r:0.00, omega:20.83, omega_m:0.00, u:0.00, theta1:19.893, theta2:8.455, e:20.826
t:17.14, r:0.00, omega:20.83, omega_m:0.00, u:0.00, theta1:19.893, theta2:8.476, e:20.826
t:17.15, r:0.00, omega:20.83, omega_m:0.00, u:0.00, theta1:19.893, theta2:8.498, e:20.826
t:17.16, r:0.00, omega:20.83, omega_m:0.00, u:0.00, theta1:19.893, theta2:8.520, e:20.826
t:17.17, r:0.00, omega:20.83, omega_m:0.00, u:0.00, theta1:19.893, theta2:8.542, e:20.826
t:17.18, r:0.00, omega:20.83, omega_m:0.00, u:0.00, theta1:19.893, theta2:8.563, e:20.826
t:17.19, r:0.00, omega:20.83, omega_m:0.00, u:0.00, theta1:19.893, theta2:8.585, e:20.826
t:17.20, r:0.00, omega:20.83, omega_m:0.00, u:0.00, theta1:19.893, theta2:8.607, e:20.826
t:17.21, r:0.00, omega:20.83, omega_m:0.00, u:0.00, theta1:19.893, theta2:8.628, e:20.826
t:17.22, r:0.00, omega:20.83, omega_m:0.00, u:0.00, theta1:19.893, theta2:8.650, e:20.826
t:17.23, r:0.00, omega:20.83, omega_m:0.00, u:0.00, theta1:19.893, theta2:8.672, e:20.826
t:17.24, r:0.00, omega:20.83, omega_m:0.00, u:0.00, theta1:19.893, theta2:8.693, e:20.826
t:17.25, r:0.00, omega:20.83, omega_m:0.00, u:0.00, theta1:19.893, theta2:8.715, e:20.826
t:17.26, r:0.00, omega:20.83, omega_m:0.00, u:0.00, theta1:19.893, theta2:8.737, e:20.826
t:17.27, r:0.00, omega:20.83, omega_m:0.00, u:0.00, theta1:19.893, theta2:8.758, e:20.826
t:17.28, r:0.00, omega:20.83, omega_m:0.00, u:0.00, theta1:19.893, theta2:8.780, e:20.826
t:17.29, r:0.00, omega:20.83, omega_m:0.00, u:0.00, theta1:19.893, theta2:8.802, e:20.826
t:17.30, r:0.00, omega:20.83, omega_m:0.00, u:0.00, theta1:19.893, theta2:8.823, e:20.826
t:17.31, r:0.00, omega:20.83, omega_m:0.00, u:0.00, theta1:19.893, theta2:8.845, e:20.826
t:17.32, r:0.00, omega:20.83, omega_m:0.00, u:0.00, theta1:19.893, theta2:8.867, e:20.826
t:17.33, r:0.00, omega:20.83, omega_m:0.00, u:0.00, theta1:19.893, theta2:8.888, e:20.826
t:17.34, r:0.00, omega:20.83, omega_m:0.00, u:0.00, theta1:19.893, theta2:8.910, e:20.826
t:17.35, r:0.00, omega:20.83, omega_m:0.00, u:0.00, theta1:19.893, theta2:8.932, e:20.826
t:17.36, r:0.00, omega:20.83, omega_m:0.00, u:0.00, theta1:19.893, theta2:8.954, e:20.826
t:17.37, r:0.00, omega:20.83, omega_m:0.00, u:0.00, theta1:19.893, theta2:8.975, e:20.826
t:17.38, r:0.00, omega:20.83, omega_m:0.00, u:0.00, theta1:19.893, theta2:8.997, e:20.826
t:17.39, r:0.00, omega:20.83, omega_m:0.00, u:0.00, theta1:19.893, theta2:9.019, e:20.826
t:17.40, r:0.00, omega:20.83, omega_m:0.00, u:0.00, theta1:19.893, theta2:9.040, e:20.826
t:17.41, r:0.00, omega:20.83, omega_m:0.00, u:0.00, theta1:19.893, theta2:9.062, e:20.826
t:17.42, r:0.00, omega:20.83, omega_m:0.00, u:0.00, theta1:19.893, theta2:9.084, e:20.826
t:17.43, r:0.00, omega:20.83, omega_m:0.00, u:0.00, theta1:19.893, theta2:9.105, e:20.826
t:17.44, r:0.00, omega:20.83, omega_m:0.00, u:0.00, theta1:19.893, theta2:9.127, e:20.826
t:17.45, r:0.00, omega:20.83, omega_m:0.00, u:0.00, theta1:19.893, theta2:9.149, e:20.826
t:17.46, r:0.00, omega:20.83, omega_m:0.00, u:0.00, theta1:19.893, theta2:9.170, e:20.826
t:17.47, r:0.00, omega:20.83, omega_m:0.00, u:0.00, theta1:19.893, theta2:9.192, e:20.826
t:17.48, r:0.00, omega:20.83, omega_m:0.00, u:0.00, theta1:19.893, theta2:9.214, e:20.826
t:17.49, r:0.00, omega:20.83, omega_m:0.00, u:0.00, theta1:19.893, theta2:9.235, e:20.826
t:17.50, r:0.00, omega:20.83, omega_m:0.00, u:0.00, theta1:19.893, theta2:9.257, e:20.826
t:17.51, r:0.00, omega:20.83, omega_m:0.00, u:0.00, theta1:19.893, theta2:9.279, e:20.826
t:17.52, r:0.00, omega:0.00, omega_m:0.00, u:0.00, theta1:19.893, theta2:9.279, e:-0.000
t:17.53, r:0.00, omega:0.00, omega_m:0.00, u:0.00, theta1:19.893, theta2:9.279, e:-0.000
t:17.54, r:0.00, omega:0.00, omega_m:0.00, u:0.00, theta1:19.893, theta2:9.279, e:-0.000
t:17.55, r:0.00, omega:0.00, omega_m:0.00, u:0.00, theta1:19.893, theta2:9.279, e:-0.000
t:17.56, r:0.00, omega:0.00, omega_m:0.00, u:0.00, theta1:19.893, theta2:9.279, e:-0.000
t:17.57, r:0.00, omega:0.00, omega_m:0.00, u:0.00, theta1:19.893, theta2:9.279, e:-0.000
t:17.58, r:0.00, omega:0.00, omega_m:0.00, u:0.00, theta1:19.893, theta2:9.279, e:-0.000
t:17.59, r:0.00, omega:0.00, omega_m:0.00, u:0.00, theta1:19.893, theta2:9.279, e:-0.000
t:17.60, r:0.00, omega:0.00, omega_m:0.00, u:0.00, theta1:19.893, theta2:9.279, e:-0.000
t:17.61, r:0.00, omega:0.00, omega_m:0.00, u:0.00, theta1:19.893, theta2:9.279, e:-0.000
t:17.62, r:0.00, omega:0.00, omega_m:0.00, u:0.00, theta1:19.893, theta2:9.279, e:-0.000
t:17.63, r:0.00, omega:0.00, omega_m:0.00, u:0.00, theta1:19.893, theta2:9.279, e:-0.000
t:17.64, r:0.00, omega:0.00, omega_m:0.00, u:0.00, theta1:19.893, theta2:9.279, e:-0.000
t:17.65, r:0.00, omega:0.00, omega_m:0.00, u:0.00, theta1:19.893, theta2:9.279, e:-0.000
t:17.66, r:0.00, omega:0.00, omega_m:0.00, u:0.00, theta1:19.893, theta2:9.279, e:-0.000
t:17.67, r:0.00, omega:0.00, omega_m:0.00, u:0.00, theta1:19.893, theta2:9.279, e:-0.000
t:17.68, r:0.00, omega:0.00, omega_m:0.00, u:0.00, theta1:19.893, theta2:9.279, e:-0.000
t:17.69, r:0.00, omega:0.00, omega_m:0.00, u:0.00, theta1:19.893, theta2:9.279, e:-0.000
t:17.70, r:0.00, omega:0.00, omega_m:0.00, u:0.00, theta1:19.893, theta2:9.279, e:-0.000
t:17.71, r:0.00, omega:0.00, omega_m:0.00, u:0.00, theta1:19.893, theta2:9.279, e:-0.000
t:17.72, r:0.00, omega:0.00, omega_m:0.00, u:0.00, theta1:19.893, theta2:9.279, e:-0.000
t:17.73, r:0.00, omega:0.00, omega_m:0.00, u:0.00, theta1:19.893, theta2:9.279, e:-0.000
t:17.74, r:0.00, omega:0.00, omega_m:0.00, u:0.00, theta1:19.893, theta2:9.279, e:-0.000
t:17.75, r:0.00, omega:0.00, omega_m:0.00, u:0.00, theta1:19.893, theta2:9.279, e:-0.000
t:17.76, r:0.00, omega:0.00, omega_m:0.00, u:0.00, theta1:19.893, theta2:9.279, e:-0.000
t:17.77, r:0.00, omega:0.00, omega_m:0.00, u:0.00, theta1:19.893, theta2:9.279, e:-0.000
t:17.78, r:0.00, omega:0.00, omega_m:0.00, u:0.00, theta1:19.893, theta2:9.279, e:-0.000
t:17.79, r:0.00, omega:0.00, omega_m:0.00, u:0.00, theta1:19.893, theta2:9.279, e:-0.000
t:17.80, r:0.00, omega:0.00, omega_m:0.00, u:0.00, theta1:19.893, theta2:9.279, e:-0.000
t:17.81, r:0.00, omega:0.00, omega_m:0.00, u:0.00, theta1:19.893, theta2:9.279, e:-0.000
t:17.82, r:0.00, omega:0.00, omega_m:0.00, u:0.00, theta1:19.893, theta2:9.279, e:-0.000
t:17.83, r:0.00, omega:0.00, omega_m:0.00, u:0.00, theta1:19.893, theta2:9.279, e:-0.000
t:17.84, r:0.00, omega:0.00, omega_m:0.00, u:0.00, theta1:19.893, theta2:9.279, e:-0.000
t:17.85, r:0.00, omega:0.00, omega_m:0.00, u:0.00, theta1:19.893, theta2:9.279, e:-0.000
t:17.86, r:0.00, omega:0.00, omega_m:0.00, u:0.00, theta1:19.893, theta2:9.279, e:-0.000
t:17.87, r:0.00, omega:0.00, omega_m:0.00, u:0.00, theta1:19.893, theta2:9.279, e:-0.000
t:17.88, r:0.00, omega:0.00, omega_m:0.00, u:0.00, theta1:19.893, theta2:9.279, e:-0.000
t:17.89, r:0.00, omega:0.00, omega_m:0.00, u:0.00, theta1:19.893, theta2:9.279, e:-0.000
t:17.90, r:0.00, omega:0.00, omega_m:0.00, u:0.00, theta1:19.893, theta2:9.279, e:-0.000
t:17.91, r:0.00, omega:0.00, omega_m:0.00, u:0.00, theta1:19.893, theta2:9.279, e:-0.000
t:17.92, r:0.00, omega:0.00, omega_m:0.00, u:0.00, theta1:19.893, theta2:9.279, e:-0.000
t:17.93, r:0.00, omega:0.00, omega_m:0.00, u:0.00, theta1:19.893, theta2:9.279, e:-0.000
t:17.94, r:0.00, omega:0.00, omega_m:0.00, u:0.00, theta1:19.893, theta2:9.279, e:-0.000
t:17.95, r:0.00, omega:0.00, omega_m:0.00, u:0.00, theta1:19.893, theta2:9.279, e:-0.000
t:17.96, r:0.00, omega:0.00, omega_m:0.00, u:0.00, theta1:19.893, theta2:9.279, e:-0.000
t:17.97, r:0.00, omega:0.00, omega_m:0.00, u:0.00, theta1:19.893, theta2:9.279, e:-0.000
t:17.98, r:0.00, omega:0.00, omega_m:0.00, u:0.00, theta1:19.893, theta2:9.279, e:-0.000
t:17.99, r:0.00, omega:0.00, omega_m:0.00, u:0.00, theta1:19.893, theta2:9.279, e:-0.000
t:18.00, r:0.00, omega:0.00, omega_m:0.00, u:0.00, theta1:19.893, theta2:9.279, e:-0.000
t:18.01, r:-25.00, omega:0.00, omega_m:-15.80, u:-497.82, theta1:19.913, theta2:9.279, e:15.803
t:18.02, r:-25.00, omega:0.00, omega_m:-21.62, u:-498.49, theta1:19.940, theta2:9.279, e:21.617
t:18.03, r:-25.00, omega:-0.52, omega_m:-23.76, u:-494.39, theta1:19.969, theta2:9.278, e:23.234
t:18.04, r:-25.00, omega:-0.52, omega_m:-24.54, u:-495.14, theta1:19.999, theta2:9.278, e:24.021
t:18.05, r:-25.00, omega:-20.20, omega_m:-24.83, u:-312.85, theta1:20.005, theta2:9.273, e:4.636
t:18.06, r:-25.00, omega:-20.20, omega_m:-24.94, u:-313.09, theta1:20.011, theta2:9.268, e:4.743
t:18.07, r:-25.00, omega:-27.54, omega_m:-24.98, u:-244.84, theta1:20.007, theta2:9.272, e:-2.563
t:18.08, r:-25.00, omega:-27.54, omega_m:-24.99, u:-244.66, theta1:20.004, theta2:9.275, e:-2.549
t:18.09, r:-25.00, omega:-24.23, omega_m:-25.00, u:-275.39, theta1:20.005, theta2:9.274, e:0.764
t:18.10, r:-25.00, omega:-24.23, omega_m:-25.00, u:-275.43, theta1:20.006, theta2:9.273, e:0.766
t:18.11, r:-25.00, omega:-24.23, omega_m:-25.00, u:-275.48, theta1:20.007, theta2:9.272, e:0.767
t:18.12, r:-25.00, omega:-20.19, omega_m:-25.00, u:-313.21, theta1:20.013, theta2:9.268, e:4.809
t:18.13, r:-25.00, omega:-20.19, omega_m:-25.00, u:-313.46, theta1:20.019, theta2:9.263, e:4.810
t:18.14, r:-25.00, omega:-19.96, omega_m:-25.00, u:-315.86, theta1:20.025, theta2:9.258, e:5.040
t:18.15, r:-25.00, omega:-19.96, omega_m:-25.00, u:-316.11, theta1:20.032, theta2:9.253, e:5.040
t:18.16, r:-25.00, omega:-19.96, omega_m:-25.00, u:-316.37, theta1:20.038, theta2:9.248, e:5.040
t:18.17, r:-25.00, omega:-21.90, omega_m:-25.00, u:-298.64, theta1:20.042, theta2:9.244, e:3.105
t:18.18, r:-25.00, omega:-21.90, omega_m:-25.00, u:-298.82, theta1:20.046, theta2:9.241, e:3.105
t:18.19, r:-25.00, omega:-23.37, omega_m:-25.00, u:-285.24, theta1:20.048, theta2:9.239, e:1.625
t:18.20, r:-25.00, omega:-23.37, omega_m:-25.00, u:-285.33, theta1:20.050, theta2:9.237, e:1.625
t:18.21, r:-25.00, omega:-22.87, omega_m:-25.00, u:-290.07, theta1:20.052, theta2:9.235, e:2.125
t:18.22, r:-25.00, omega:-22.87, omega_m:-25.00, u:-290.20, theta1:20.055, theta2:9.232, e:2.125
t:18.23, r:-25.00, omega:-22.87, omega_m:-25.00, u:-290.32, theta1:20.058, theta2:9.230, e:2.125
t:18.24, r:-25.00, omega:-19.37, omega_m:-25.00, u:-322.96, theta1:20.065, theta2:9.224, e:5.631
t:18.25, r:-25.00, omega:-19.37, omega_m:-25.00, u:-323.24, theta1:20.072, theta2:9.219, e:5.631
t:18.26, r:-25.00, omega:-22.87, omega_m:-25.00, u:-291.07, theta1:20.075, theta2:9.216, e:2.128
t:18.27, r:-25.00, omega:-22.87, omega_m:-25.00, u:-291.19, theta1:20.077, theta2:9.214, e:2.128
t:18.28, r:-25.00, omega:-22.87, omega_m:-25.00, u:-291.31, theta1:20.080, theta2:9.211, e:2.128
t:18.29, r:-25.00, omega:-21.19, omega_m:-25.00, u:-306.98, theta1:20.085, theta2:9.207, e:3.807
t:18.30, r:-25.00, omega:-21.19, omega_m:-25.00, u:-307.18, theta1:20.089, theta2:9.203, e:3.807
t:18.31, r:-25.00, omega:-20.13, omega_m:-25.00, u:-317.23, theta1:20.095, theta2:9.199, e:4.871
t:18.32, r:-25.00, omega:-20.13, omega_m:-25.00, u:-317.48, theta1:20.102, theta2:9.194, e:4.871
t:18.33, r:-25.00, omega:-20.13, omega_m:-25.00, u:-317.73, theta1:20.108, theta2:9.189, e:4.871
t:18.34, r:-25.00, omega:-22.49, omega_m:-25.00, u:-296.20, theta1:20.111, theta2:9.186, e:2.513
t:18.35, r:-25.00, omega:-22.49, omega_m:-25.00, u:-296.34, theta1:20.114, theta2:9.183, e:2.513
t:18.36, r:-25.00, omega:-22.30, omega_m:-25.00, u:-298.20, theta1:20.117, theta2:9.180, e:2.698
t:18.37, r:-25.00, omega:-22.30, omega_m:-25.00, u:-298.35, theta1:20.121, theta2:9.177, e:2.698
t:18.38, r:-25.00, omega:-22.30, omega_m:-25.00, u:-298.50, theta1:20.124, theta2:9.174, e:2.698
t:18.39, r:-25.00, omega:-22.11, omega_m:-25.00, u:-300.43, theta1:20.128, theta2:9.171, e:2.890
t:18.40, r:-25.00, omega:-22.11, omega_m:-25.00, u:-300.59, theta1:20.131, theta2:9.168, e:2.890
t:18.41, r:-25.00, omega:-20.72, omega_m:-25.00, u:-313.54, theta1:20.137, theta2:9.163, e:4.278
t:18.42, r:-25.00, omega:-20.72, omega_m:-25.00, u:-313.76, theta1:20.142, theta2:9.159, e:4.278
t:18.43, r:-25.00, omega:-21.34, omega_m:-25.00, u:-308.27, theta1:20.147, theta2:9.155, e:3.657
t:18.44, r:-25.00, omega:-21.34, omega_m:-25.00, u:-308.47, theta1:20.151, theta2:9.151, e:3.657
t:18.45, r:-25.00, omega:-21.34, omega_m:-25.00, u:-308.67, theta1:20.156, theta2:9.147, e:3.657
t:18.46, r:-25.00, omega:-22.03, omega_m:-25.00, u:-302.52, theta1:20.159, theta2:9.144, e:2.967
t:18.47, r:-25.00, omega:-22.03, omega_m:-25.00, u:-302.68, theta1:20.163, theta2:9.141, e:2.967
t:18.48, r:-25.00, omega:-21.98, omega_m:-25.00, u:-303.38, theta1:20.167, theta2:9.137, e:3.025
t:18.49, r:-25.00, omega:-21.98, omega_m:-25.00, u:-303.55, theta1:20.171, theta2:9.134, e:3.025
t:18.50, r:-25.00, omega:-21.98, omega_m:-25.00, u:-303.72, theta1:20.174, theta2:9.131, e:3.025
t:18.51, r:-25.00, omega:-22.77, omega_m:-25.00, u:-296.62, theta1:20.177, theta2:9.128, e:2.234
t:18.52, r:-25.00, omega:-22.77, omega_m:-25.00, u:-296.75, theta1:20.180, theta2:9.125, e:2.234
t:18.53, r:-25.00, omega:-22.55, omega_m:-25.00, u:-298.90, theta1:20.183, theta2:9.123, e:2.454
t:18.54, r:-25.00, omega:-22.55, omega_m:-25.00, u:-299.04, theta1:20.186, theta2:9.120, e:2.454
t:18.55, r:-25.00, omega:-22.55, omega_m:-25.00, u:-299.18, theta1:20.189, theta2:9.117, e:2.454
t:18.56, r:-25.00, omega:-19.92, omega_m:-25.00, u:-323.40, theta1:20.196, theta2:9.112, e:5.083
t:18.57, r:-25.00, omega:-19.92, omega_m:-25.00, u:-323.66, theta1:20.202, theta2:9.107, e:5.083
t:18.58, r:-25.00, omega:-22.48, omega_m:-25.00, u:-300.42, theta1:20.205, theta2:9.104, e:2.515
t:18.59, r:-25.00, omega:-22.48, omega_m:-25.00, u:-300.56, theta1:20.208, theta2:9.101, e:2.515
t:18.60, r:-25.00, omega:-22.23, omega_m:-25.00, u:-303.08, theta1:20.212, theta2:9.098, e:2.775
t:18.61, r:-25.00, omega:-22.23, omega_m:-25.00, u:-303.24, theta1:20.215, theta2:9.095, e:2.775
t:18.62, r:-25.00, omega:-22.23, omega_m:-25.00, u:-303.39, theta1:20.219, theta2:9.092, e:2.775
t:18.63, r:-25.00, omega:-21.64, omega_m:-25.00, u:-308.92, theta1:20.223, theta2:9.089, e:3.363
t:18.64, r:-25.00, omega:-21.64, omega_m:-25.00, u:-309.10, theta1:20.227, theta2:9.085, e:3.363
t:18.65, r:-25.00, omega:-21.17, omega_m:-25.00, u:-313.53, theta1:20.232, theta2:9.081, e:3.827
t:18.66, r:-25.00, omega:-21.17, omega_m:-25.00, u:-313.74, theta1:20.237, theta2:9.077, e:3.827
t:18.67, r:-25.00, omega:-21.17, omega_m:-25.00, u:-313.94, theta1:20.241, theta2:9.073, e:3.827
t:18.68, r:-25.00, omega:-21.53, omega_m:-25.00, u:-310.84, theta1:20.246, theta2:9.069, e:3.465
t:18.69, r:-25.00, omega:-21.53, omega_m:-25.00, u:-311.03, theta1:20.250, theta2:9.065, e:3.465
t:18.70, r:-25.00, omega:-22.21, omega_m:-25.00, u:-305.05, theta1:20.254, theta2:9.062, e:2.788
t:18.71, r:-25.00, omega:-22.21, omega_m:-25.00, u:-305.21, theta1:20.257, theta2:9.059, e:2.788
t:18.72, r:-25.00, omega:-23.11, omega_m:-25.00, u:-297.19, theta1:20.259, theta2:9.057, e:1.891
t:18.73, r:-25.00, omega:-23.11, omega_m:-25.00, u:-297.30, theta1:20.262, theta2:9.055, e:1.891
t:18.74, r:-25.00, omega:-22.78, omega_m:-25.00, u:-300.44, theta1:20.265, theta2:9.052, e:2.224
t:18.75, r:-25.00, omega:-22.78, omega_m:-25.00, u:-300.57, theta1:20.267, theta2:9.050, e:2.224
t:18.76, r:-25.00, omega:-22.78, omega_m:-25.00, u:-300.69, theta1:20.270, theta2:9.047, e:2.224
t:18.77, r:-25.00, omega:-20.76, omega_m:-25.00, u:-319.18, theta1:20.275, theta2:9.043, e:4.242
t:18.78, r:-25.00, omega:-20.76, omega_m:-25.00, u:-319.40, theta1:20.281, theta2:9.038, e:4.242
t:18.79, r:-25.00, omega:-21.46, omega_m:-25.00, u:-313.29, theta1:20.285, theta2:9.034, e:3.545
t:18.80, r:-25.00, omega:-21.46, omega_m:-25.00, u:-313.48, theta1:20.290, theta2:9.031, e:3.545
t:18.81, r:-25.00, omega:-21.46, omega_m:-25.00, u:-313.67, theta1:20.294, theta2:9.027, e:3.545
t:18.82, r:-25.00, omega:-23.46, omega_m:-25.00, u:-295.69, theta1:20.296, theta2:9.025, e:1.542
t:18.83, r:-25.00, omega:-23.46, omega_m:-25.00, u:-295.78, theta1:20.298, theta2:9.023, e:1.542
t:18.84, r:-25.00, omega:-22.06, omega_m:-25.00, u:-308.59, theta1:20.301, theta2:9.020, e:2.944
t:18.85, r:-25.00, omega:-22.06, omega_m:-25.00, u:-308.75, theta1:20.305, theta2:9.017, e:2.944
t:18.86, r:-25.00, omega:-22.06, omega_m:-25.00, u:-308.91, theta1:20.309, theta2:9.014, e:2.944
t:18.87, r:-25.00, omega:-21.10, omega_m:-25.00, u:-317.78, theta1:20.314, theta2:9.009, e:3.904
t:18.88, r:-25.00, omega:-21.10, omega_m:-25.00, u:-317.99, theta1:20.319, theta2:9.005, e:3.904
t:18.89, r:-25.00, omega:-22.26, omega_m:-25.00, u:-307.65, theta1:20.322, theta2:9.002, e:2.739
t:18.90, r:-25.00, omega:-22.26, omega_m:-25.00, u:-307.81, theta1:20.325, theta2:8.999, e:2.739
t:18.91, r:-25.00, omega:-22.29, omega_m:-25.00, u:-307.74, theta1:20.329, theta2:8.996, e:2.714
t:18.92, r:-25.00, omega:-22.29, omega_m:-25.00, u:-307.89, theta1:20.332, theta2:8.993, e:2.714
t:18.93, r:-25.00, omega:-22.29, omega_m:-25.00, u:-308.04, theta1:20.336, theta2:8.990, e:2.714
t:18.94, r:-25.00, omega:-21.92, omega_m:-25.00, u:-311.46, theta1:20.339, theta2:8.987, e:3.076
t:18.95, r:-25.00, omega:-21.92, omega_m:-25.00, u:-311.63, theta1:20.343, theta2:8.983, e:3.076
t:18.96, r:-25.00, omega:-21.75, omega_m:-25.00, u:-313.34, theta1:20.347, theta2:8.980, e:3.246
t:18.97, r:-25.00, omega:-21.75, omega_m:-25.00, u:-313.51, theta1:20.351, theta2:8.976, e:3.246
t:18.98, r:-25.00, omega:-21.68, omega_m:-25.00, u:-314.39, theta1:20.356, theta2:8.973, e:3.323
t:18.99, r:-25.00, omega:-21.68, omega_m:-25.00, u:-314.57, theta1:20.360, theta2:8.969, e:3.323
t:19.00, r:-25.00, omega:-21.68, omega_m:-25.00, u:-314.76, theta1:20.364, theta2:8.966, e:3.323
t:19.01, r:0.00, omega:-22.98, omega_m:-9.20, u:0.00, theta1:20.364, theta2:8.981, e:-13.786
t:19.02, r:0.00, omega:-22.98, omega_m:-3.38, u:0.00, theta1:20.364, theta2:9.004, e:-19.600
t:19.03, r:0.00, omega:-22.98, omega_m:-1.24, u:0.00, theta1:20.364, theta2:9.029, e:-21.738
t:19.04, r:0.00, omega:-17.16, omega_m:-0.46, u:0.00, theta1:20.364, theta2:9.043, e:-16.704
t:19.05, r:0.00, omega:-17.16, omega_m:-0.17, u:0.00, theta1:20.364, theta2:9.058, e:-16.994
t:19.06, r:0.00, omega:-17.16, omega_m:-0.06, u:0.00, theta1:20.364, theta2:9.072, e:-17.100
t:19.07, r:0.00, omega:-17.16, omega_m:-0.02, u:0.00, theta1:20.364, theta2:9.087, e:-17.139
t:19.08, r:0.00, omega:-17.16, omega_m:-0.01, u:0.00, theta1:20.364, theta2:9.102, e:-17.154
t:19.09, r:0.00, omega:-17.16, omega_m:-0.00, u:0.00, theta1:20.364, theta2:9.117, e:-17.159
t:19.10, r:0.00, omega:-17.16, omega_m:-0.00, u:0.00, theta1:20.364, theta2:9.131, e:-17.161
t:19.11, r:0.00, omega:-17.16, omega_m:-0.00, u:0.00, theta1:20.364, theta2:9.146, e:-17.162
t:19.12, r:0.00, omega:-17.16, omega_m:-0.00, u:0.00, theta1:20.364, theta2:9.161, e:-17.162
t:19.13, r:0.00, omega:-17.16, omega_m:-0.00, u:0.00, theta1:20.364, theta2:9.175, e:-17.162
t:19.14, r:0.00, omega:-17.16, omega_m:-0.00, u:0.00, theta1:20.364, theta2:9.190, e:-17.162
t:19.15, r:0.00, omega:-17.16, omega_m:-0.00, u:0.00, theta1:20.364, theta2:9.205, e:-17.162
t:19.16, r:0.00, omega:-17.16, omega_m:-0.00, u:0.00, theta1:20.364, theta2:9.220, e:-17.162
t:19.17, r:0.00, omega:-17.16, omega_m:-0.00, u:0.00, theta1:20.364, theta2:9.234, e:-17.162
t:19.18, r:0.00, omega:-17.16, omega_m:-0.00, u:0.00, theta1:20.364, theta2:9.249, e:-17.162
t:19.19, r:0.00, omega:-17.16, omega_m:-0.00, u:0.00, theta1:20.364, theta2:9.264, e:-17.162
t:19.20, r:0.00, omega:-17.16, omega_m:-0.00, u:0.00, theta1:20.364, theta2:9.279, e:-17.162
t:19.21, r:0.00, omega:-17.16, omega_m:-0.00, u:0.00, theta1:20.364, theta2:9.293, e:-17.162
t:19.22, r:0.00, omega:-17.16, omega_m:-0.00, u:0.00, theta1:20.364, theta2:9.308, e:-17.162
t:19.23, r:0.00, omega:-17.16, omega_m:-0.00, u:0.00, theta1:20.364, theta2:9.323, e:-17.162
t:19.24, r:0.00, omega:-17.16, omega_m:-0.00, u:0.00, theta1:20.364, theta2:9.337, e:-17.162
t:19.25, r:0.00, omega:-17.16, omega_m:-0.00, u:0.00, theta1:20.364, theta2:9.352, e:-17.162
t:19.26, r:0.00, omega:-17.16, omega_m:-0.00, u:0.00, theta1:20.364, theta2:9.367, e:-17.162
t:19.27, r:0.00, omega:-17.16, omega_m:-0.00, u:0.00, theta1:20.364, theta2:9.382, e:-17.162
t:19.28, r:0.00, omega:-17.16, omega_m:-0.00, u:0.00, theta1:20.364, theta2:9.396, e:-17.162
t:19.29, r:0.00, omega:-17.16, omega_m:-0.00, u:0.00, theta1:20.364, theta2:9.411, e:-17.162
t:19.30, r:0.00, omega:-17.16, omega_m:-0.00, u:0.00, theta1:20.364, theta2:9.426, e:-17.162
t:19.31, r:0.00, omega:-17.16, omega_m:-0.00, u:0.00, theta1:20.364, theta2:9.441, e:-17.162
t:19.32, r:0.00, omega:-17.16, omega_m:-0.00, u:0.00, theta1:20.364, theta2:9.455, e:-17.162
t:19.33, r:0.00, omega:-17.16, omega_m:-0.00, u:0.00, theta1:20.364, theta2:9.470, e:-17.162
t:19.34, r:0.00, omega:-17.16, omega_m:-0.00, u:0.00, theta1:20.364, theta2:9.485, e:-17.162
t:19.35, r:0.00, omega:-17.16, omega_m:-0.00, u:0.00, theta1:20.364, theta2:9.499, e:-17.162
t:19.36, r:0.00, omega:-17.16, omega_m:-0.00, u:0.00, theta1:20.364, theta2:9.514, e:-17.162
t:19.37, r:0.00, omega:-17.16, omega_m:-0.00, u:0.00, theta1:20.364, theta2:9.529, e:-17.162
t:19.38, r:0.00, omega:-17.16, omega_m:-0.00, u:0.00, theta1:20.364, theta2:9.544, e:-17.162
t:19.39, r:0.00, omega:-17.16, omega_m:-0.00, u:0.00, theta1:20.364, theta2:9.558, e:-17.162
t:19.40, r:0.00, omega:-17.16, omega_m:-0.00, u:0.00, theta1:20.364, theta2:9.573, e:-17.162
t:19.41, r:0.00, omega:-17.16, omega_m:-0.00, u:0.00, theta1:20.364, theta2:9.588, e:-17.162
t:19.42, r:0.00, omega:-17.16, omega_m:-0.00, u:0.00, theta1:20.364, theta2:9.603, e:-17.162
t:19.43, r:0.00, omega:-17.16, omega_m:-0.00, u:0.00, theta1:20.364, theta2:9.617, e:-17.162
t:19.44, r:0.00, omega:-17.16, omega_m:-0.00, u:0.00, theta1:20.364, theta2:9.632, e:-17.162
t:19.45, r:0.00, omega:-17.16, omega_m:-0.00, u:0.00, theta1:20.364, theta2:9.647, e:-17.162
t:19.46, r:0.00, omega:-17.16, omega_m:-0.00, u:0.00, theta1:20.364, theta2:9.661, e:-17.162
t:19.47, r:0.00, omega:-17.16, omega_m:-0.00, u:0.00, theta1:20.364, theta2:9.676, e:-17.162
t:19.48, r:0.00, omega:-17.16, omega_m:-0.00, u:0.00, theta1:20.364, theta2:9.691, e:-17.162
t:19.49, r:0.00, omega:-17.16, omega_m:-0.00, u:0.00, theta1:20.364, theta2:9.706, e:-17.162
t:19.50, r:0.00, omega:-17.16, omega_m:-0.00, u:0.00, theta1:20.364, theta2:9.720, e:-17.162
t:19.51, r:0.00, omega:-17.16, omega_m:-0.00, u:0.00, theta1:20.364, theta2:9.735, e:-17.162
t:19.52, r:0.00, omega:-17.16, omega_m:-0.00, u:0.00, theta1:20.364, theta2:9.750, e:-17.162
t:19.53, r:0.00, omega:-17.16, omega_m:-0.00, u:0.00, theta1:20.364, theta2:9.765, e:-17.162
t:19.54, r:0.00, omega:0.00, omega_m:-0.00, u:0.00, theta1:20.364, theta2:9.765, e:0.000
t:19.55, r:0.00, omega:0.00, omega_m:-0.00, u:0.00, theta1:20.364, theta2:9.765, e:0.000
t:19.56, r:0.00, omega:0.00, omega_m:-0.00, u:0.00, theta1:20.364, theta2:9.765, e:0.000
t:19.57, r:0.00, omega:0.00, omega_m:-0.00, u:0.00, theta1:20.364, theta2:9.765, e:0.000
t:19.58, r:0.00, omega:0.00, omega_m:-0.00, u:0.00, theta1:20.364, theta2:9.765, e:0.000
t:19.59, r:0.00, omega:0.00, omega_m:-0.00, u:0.00, theta1:20.364, theta2:9.765, e:0.000
t:19.60, r:0.00, omega:0.00, omega_m:-0.00, u:0.00, theta1:20.364, theta2:9.765, e:0.000
t:19.61, r:0.00, omega:0.00, omega_m:-0.00, u:0.00, theta1:20.364, theta2:9.765, e:0.000
t:19.62, r:0.00, omega:0.00, omega_m:-0.00, u:0.00, theta1:20.364, theta2:9.765, e:0.000
t:19.63, r:0.00, omega:0.00, omega_m:-0.00, u:0.00, theta1:20.364, theta2:9.765, e:0.000
t:19.64, r:0.00, omega:0.00, omega_m:-0.00, u:0.00, theta1:20.364, theta2:9.765, e:0.000
t:19.65, r:0.00, omega:0.00, omega_m:-0.00, u:0.00, theta1:20.364, theta2:9.765, e:0.000
t:19.66, r:0.00, omega:0.00, omega_m:-0.00, u:0.00, theta1:20.364, theta2:9.765, e:0.000
t:19.67, r:0.00, omega:0.00, omega_m:-0.00, u:0.00, theta1:20.364, theta2:9.765, e:0.000
t:19.68, r:0.00, omega:0.00, omega_m:-0.00, u:0.00, theta1:20.364, theta2:9.765, e:0.000
t:19.69, r:0.00, omega:0.00, omega_m:-0.00, u:0.00, theta1:20.364, theta2:9.765, e:0.000
t:19.70, r:0.00, omega:0.00, omega_m:-0.00, u:0.00, theta1:20.364, theta2:9.765, e:0.000
t:19.71, r:0.00, omega:0.00, omega_m:-0.00, u:0.00, theta1:20.364, theta2:9.765, e:0.000
t:19.72, r:0.00, omega:0.00, omega_m:-0.00, u:0.00, theta1:20.364, theta2:9.765, e:0.000
t:19.73, r:0.00, omega:0.00, omega_m:-0.00, u:0.00, theta1:20.364, theta2:9.765, e:0.000
t:19.74, r:0.00, omega:0.00, omega_m:-0.00, u:0.00, theta1:20.364, theta2:9.765, e:0.000
t:19.75, r:0.00, omega:0.00, omega_m:-0.00, u:0.00, theta1:20.364, theta2:9.765, e:0.000
t:19.76, r:0.00, omega:0.00, omega_m:-0.00, u:0.00, theta1:20.364, theta2:9.765, e:0.000
t:19.77, r:0.00, omega:0.00, omega_m:-0.00, u:0.00, theta1:20.364, theta2:9.765, e:0.000
t:19.78, r:0.00, omega:0.00, omega_m:-0.00, u:0.00, theta1:20.364, theta2:9.765, e:0.000
t:19.79, r:0.00, omega:0.00, omega_m:-0.00, u:0.00, theta1:20.364, theta2:9.765, e:0.000
t:19.80, r:0.00, omega:0.00, omega_m:-0.00, u:0.00, theta1:20.364, theta2:9.765, e:0.000
t:19.81, r:0.00, omega:0.00, omega_m:-0.00, u:0.00, theta1:20.364, theta2:9.765, e:0.000
t:19.82, r:0.00, omega:0.00, omega_m:-0.00, u:0.00, theta1:20.364, theta2:9.765, e:0.000
t:19.83, r:0.00, omega:0.00, omega_m:-0.00, u:0.00, theta1:20.364, theta2:9.765, e:0.000
t:19.84, r:0.00, omega:0.00, omega_m:-0.00, u:0.00, theta1:20.364, theta2:9.765, e:0.000
t:19.85, r:0.00, omega:0.00, omega_m:-0.00, u:0.00, theta1:20.364, theta2:9.765, e:0.000
t:19.86, r:0.00, omega:0.00, omega_m:-0.00, u:0.00, theta1:20.364, theta2:9.765, e:0.000
t:19.87, r:0.00, omega:0.00, omega_m:-0.00, u:0.00, theta1:20.364, theta2:9.765, e:0.000
t:19.88, r:0.00, omega:0.00, omega_m:-0.00, u:0.00, theta1:20.364, theta2:9.765, e:0.000
t:19.89, r:0.00, omega:0.00, omega_m:-0.00, u:0.00, theta1:20.364, theta2:9.765, e:0.000
t:19.90, r:0.00, omega:0.00, omega_m:-0.00, u:0.00, theta1:20.364, theta2:9.765, e:0.000
t:19.91, r:0.00, omega:0.00, omega_m:-0.00, u:0.00, theta1:20.364, theta2:9.765, e:0.000
t:19.92, r:0.00, omega:0.00, omega_m:-0.00, u:0.00, theta1:20.364, theta2:9.765, e:0.000
t:19.93, r:0.00, omega:0.00, omega_m:-0.00, u:0.00, theta1:20.364, theta2:9.765, e:0.000
t:19.94, r:0.00, omega:0.00, omega_m:-0.00, u:0.00, theta1:20.364, theta2:9.765, e:0.000
t:19.95, r:0.00, omega:0.00, omega_m:-0.00, u:0.00, theta1:20.364, theta2:9.765, e:0.000
t:19.96, r:0.00, omega:0.00, omega_m:-0.00, u:0.00, theta1:20.364, theta2:9.765, e:0.000
t:19.97, r:0.00, omega:0.00, omega_m:-0.00, u:0.00, theta1:20.364, theta2:9.765, e:0.000
t:19.98, r:0.00, omega:0.00, omega_m:-0.00, u:0.00, theta1:20.364, theta2:9.765, e:0.000
t:19.99, r:0.00, omega:0.00, omega_m:-0.00, u:0.00, theta1:20.364, theta2:9.765, e:0.000
t:20.00, r:0.00, omega:0.00, omega_m:-0.00, u:0.00, theta1:20.364, theta2:9.765, e:0.000
t:20.01, r:25.00, omega:0.00, omega_m:15.80, u:509.59, theta1:20.384, theta2:9.765, e:-15.803
t:20.02, r:25.00, omega:0.00, omega_m:21.62, u:510.27, theta1:20.411, theta2:9.765, e:-21.617
t:20.03, r:25.00, omega:0.00, omega_m:23.76, u:511.01, theta1:20.440, theta2:9.765, e:-23.755
t:20.04, r:25.00, omega:0.00, omega_m:24.54, u:511.78, theta1:20.471, theta2:9.765, e:-24.542
t:20.05, r:25.00, omega:0.52, omega_m:24.83, u:507.47, theta1:20.501, theta2:9.764, e:-24.313
t:20.06, r:25.00, omega:0.52, omega_m:24.94, u:508.23, theta1:20.532, theta2:9.763, e:-24.419
t:20.07, r:25.00, omega:28.34, omega_m:24.98, u:236.33, theta1:20.528, theta2:9.768, e:3.367
t:20.08, r:25.00, omega:33.67, omega_m:24.99, u:183.52, theta1:20.517, theta2:9.783, e:8.680
t:20.09, r:25.00, omega:33.67, omega_m:25.00, u:182.76, theta1:20.506, theta2:9.797, e:8.675
t:20.10, r:25.00, omega:25.09, omega_m:25.00, u:266.86, theta1:20.506, theta2:9.797, e:0.089
t:20.11, r:25.00, omega:25.09, omega_m:25.00, u:266.85, theta1:20.506, theta2:9.798, e:0.088
t:20.12, r:25.00, omega:25.09, omega_m:25.00, u:266.85, theta1:20.506, theta2:9.798, e:0.088
t:20.13, r:25.00, omega:19.43, omega_m:25.00, u:322.51, theta1:20.513, theta2:9.792, e:-5.566
t:20.14, r:25.00, omega:19.43, omega_m:25.00, u:322.79, theta1:20.520, theta2:9.787, e:-5.566
t:20.15, r:25.00, omega:19.43, omega_m:25.00, u:323.07, theta1:20.527, theta2:9.781, e:-5.566
t:20.16, r:25.00, omega:18.68, omega_m:25.00, u:330.74, theta1:20.535, theta2:9.776, e:-6.318
t:20.17, r:25.00, omega:18.68, omega_m:25.00, u:331.04, theta1:20.542, theta2:9.770, e:-6.318
t:20.18, r:25.00, omega:21.54, omega_m:25.00, u:303.30, theta1:20.547, theta2:9.766, e:-3.459
t:20.19, r:25.00, omega:21.54, omega_m:25.00, u:303.49, theta1:20.551, theta2:9.762, e:-3.459
t:20.20, r:25.00, omega:22.98, omega_m:25.00, u:289.57, theta1:20.554, theta2:9.760, e:-2.021
t:20.21, r:25.00, omega:22.98, omega_m:25.00, u:289.69, theta1:20.556, theta2:9.758, e:-2.021
t:20.22, r:25.00, omega:22.98, omega_m:25.00, u:289.80, theta1:20.559, theta2:9.755, e:-2.021
t:20.23, r:25.00, omega:21.81, omega_m:25.00, u:301.40, theta1:20.563, theta2:9.752, e:-3.192
t:20.24, r:25.00, omega:21.81, omega_m:25.00, u:301.57, theta1:20.567, theta2:9.748, e:-3.192
t:20.25, r:25.00, omega:20.33, omega_m:25.00, u:316.21, theta1:20.572, theta2:9.743, e:-4.668
t:20.26, r:25.00, omega:20.33, omega_m:25.00, u:316.45, theta1:20.578, theta2:9.739, e:-4.668
t:20.27, r:25.00, omega:20.33, omega_m:25.00, u:316.70, theta1:20.584, theta2:9.734, e:-4.668
t:20.28, r:25.00, omega:20.34, omega_m:25.00, u:316.82, theta1:20.590, theta2:9.729, e:-4.657
t:20.29, r:25.00, omega:20.34, omega_m:25.00, u:317.06, theta1:20.596, theta2:9.725, e:-4.657
t:20.30, r:25.00, omega:24.17, omega_m:25.00, u:279.92, theta1:20.597, theta2:9.724, e:-0.832
t:20.31, r:25.00, omega:24.17, omega_m:25.00, u:279.97, theta1:20.598, theta2:9.723, e:-0.832
t:20.32, r:25.00, omega:24.17, omega_m:25.00, u:280.02, theta1:20.599, theta2:9.721, e:-0.832
t:20.33, r:25.00, omega:20.17, omega_m:25.00, u:319.16, theta1:20.605, theta2:9.717, e:-4.832
t:20.34, r:25.00, omega:20.17, omega_m:25.00, u:319.41, theta1:20.611, theta2:9.712, e:-4.832
t:20.35, r:25.00, omega:19.95, omega_m:25.00, u:321.83, theta1:20.617, theta2:9.707, e:-5.055
t:20.36, r:25.00, omega:19.95, omega_m:25.00, u:322.09, theta1:20.624, theta2:9.702, e:-5.055
t:20.37, r:25.00, omega:19.95, omega_m:25.00, u:322.35, theta1:20.630, theta2:9.697, e:-5.055
t:20.38, r:25.00, omega:22.24, omega_m:25.00, u:300.29, theta1:20.633, theta2:9.694, e:-2.765
t:20.39, r:25.00, omega:22.24, omega_m:25.00, u:300.45, theta1:20.637, theta2:9.690, e:-2.765
t:20.40, r:25.00, omega:22.34, omega_m:25.00, u:299.58, theta1:20.640, theta2:9.688, e:-2.659
t:20.41, r:25.00, omega:22.34, omega_m:25.00, u:299.73, theta1:20.643, theta2:9.685, e:-2.659
t:20.42, r:25.00, omega:21.21, omega_m:25.00, u:310.93, theta1:20.648, theta2:9.681, e:-3.795
t:20.43, r:25.00, omega:21.21, omega_m:25.00, u:311.13, theta1:20.653, theta2:9.676, e:-3.795
t:20.44, r:25.00, omega:21.21, omega_m:25.00, u:311.34, theta1:20.658, theta2:9.672, e:-3.795
t:20.45, r:25.00, omega:20.53, omega_m:25.00, u:318.15, theta1:20.663, theta2:9.668, e:-4.475
t:20.46, r:25.00, omega:20.53, omega_m:25.00, u:318.38, theta1:20.669, theta2:9.663, e:-4.475
t:20.47, r:25.00, omega:21.75, omega_m:25.00, u:306.76, theta1:20.673, theta2:9.660, e:-3.254
t:20.48, r:25.00, omega:21.75, omega_m:25.00, u:306.94, theta1:20.677, theta2:9.656, e:-3.254
t:20.49, r:25.00, omega:21.75, omega_m:25.00, u:307.12, theta1:20.681, theta2:9.653, e:-3.254
t:20.50, r:25.00, omega:21.92, omega_m:25.00, u:305.61, theta1:20.685, theta2:9.649, e:-3.080
t:20.51, r:25.00, omega:21.92, omega_m:25.00, u:305.78, theta1:20.689, theta2:9.646, e:-3.080
t:20.52, r:25.00, omega:21.90, omega_m:25.00, u:306.18, theta1:20.693, theta2:9.643, e:-3.103
t:20.53, r:25.00, omega:21.90, omega_m:25.00, u:306.35, theta1:20.697, theta2:9.639, e:-3.103
t:20.54, r:25.00, omega:21.90, omega_m:25.00, u:306.52, theta1:20.700, theta2:9.636, e:-3.103
t:20.55, r:25.00, omega:21.94, omega_m:25.00, u:306.27, theta1:20.704, theta2:9.632, e:-3.060
t:20.56, r:25.00, omega:21.94, omega_m:25.00, u:306.44, theta1:20.708, theta2:9.629, e:-3.060
t:20.57, r:25.00, omega:21.52, omega_m:25.00, u:310.69, theta1:20.712, theta2:9.625, e:-3.481
t:20.58, r:25.00, omega:21.52, omega_m:25.00, u:310.87, theta1:20.717, theta2:9.622, e:-3.481
t:20.59, r:25.00, omega:21.52, omega_m:25.00, u:311.06, theta1:20.721, theta2:9.618, e:-3.481
t:20.60, r:25.00, omega:21.17, omega_m:25.00, u:314.59, theta1:20.726, theta2:9.614, e:-3.827
t:20.61, r:25.00, omega:21.17, omega_m:25.00, u:314.80, theta1:20.731, theta2:9.610, e:-3.827
t:20.62, r:25.00, omega:21.76, omega_m:25.00, u:309.30, theta1:20.735, theta2:9.606, e:-3.236
t:20.63, r:25.00, omega:21.76, omega_m:25.00, u:309.48, theta1:20.739, theta2:9.603, e:-3.236
t:20.64, r:25.00, omega:21.64, omega_m:25.00, u:310.85, theta1:20.743, theta2:9.599, e:-3.360
t:20.65, r:25.00, omega:21.64, omega_m:25.00, u:311.04, theta1:20.747, theta2:9.595, e:-3.360
t:20.66, r:25.00, omega:21.64, omega_m:25.00, u:311.22, theta1:20.751, theta2:9.592, e:-3.360
t:20.67, r:25.00, omega:21.90, omega_m:25.00, u:308.86, theta1:20.755, theta2:9.588, e:-3.096
t:20.68, r:25.00, omega:21.90, omega_m:25.00, u:309.03, theta1:20.759, theta2:9.585, e:-3.096
t:20.69, r:25.00, omega:22.81, omega_m:25.00, u:300.48, theta1:20.762, theta2:9.582, e:-2.191
t:20.70, r:25.00, omega:22.81, omega_m:25.00, u:300.61, theta1:20.765, theta2:9.580, e:-2.191
t:20.71, r:25.00, omega:22.81, omega_m:25.00, u:300.73, theta1:20.767, theta2:9.577, e:-2.191
t:20.72, r:25.00, omega:20.62, omega_m:25.00, u:321.88, theta1:20.773, theta2:9.573, e:-4.375
t:20.73, r:25.00, omega:20.62, omega_m:25.00, u:322.11, theta1:20.778, theta2:9.568, e:-4.375
t:20.74, r:25.00, omega:20.65, omega_m:25.00, u:322.05, theta1:20.784, theta2:9.564, e:-4.345
t:20.75, r:25.00, omega:20.65, omega_m:25.00, u:322.28, theta1:20.789, theta2:9.559, e:-4.345
t:20.76, r:25.00, omega:23.60, omega_m:25.00, u:294.18, theta1:20.791, theta2:9.558, e:-1.397
t:20.77, r:25.00, omega:23.60, omega_m:25.00, u:294.27, theta1:20.793, theta2:9.556, e:-1.397
t:20.78, r:25.00, omega:23.60, omega_m:25.00, u:294.35, theta1:20.794, theta2:9.554, e:-1.397
t:20.79, r:25.00, omega:20.83, omega_m:25.00, u:321.09, theta1:20.800, theta2:9.550, e:-4.173
t:20.80, r:25.00, omega:20.83, omega_m:25.00, u:321.31, theta1:20.805, theta2:9.546, e:-4.173
t:20.81, r:25.00, omega:20.75, omega_m:25.00, u:322.25, theta1:20.810, theta2:9.541, e:-4.248
t:20.82, r:25.00, omega:20.75, omega_m:25.00, u:322.47, theta1:20.815, theta2:9.537, e:-4.248
t:20.83, r:25.00, omega:20.75, omega_m:25.00, u:322.70, theta1:20.821, theta2:9.533, e:-4.248
t:20.84, r:25.00, omega:23.11, omega_m:25.00, u:300.32, theta1:20.823, theta2:9.530, e:-1.889
t:20.85, r:25.00, omega:23.11, omega_m:25.00, u:300.43, theta1:20.825, theta2:9.528, e:-1.889
t:20.86, r:25.00, omega:22.99, omega_m:25.00, u:301.69, theta1:20.828, theta2:9.526, e:-2.009
t:20.87, r:25.00, omega:22.99, omega_m:25.00, u:301.80, theta1:20.830, theta2:9.524, e:-2.009
t:20.88, r:25.00, omega:21.06, omega_m:25.00, u:320.42, theta1:20.835, theta2:9.519, e:-3.941
t:20.89, r:25.00, omega:21.06, omega_m:25.00, u:320.63, theta1:20.840, theta2:9.515, e:-3.941
t:20.90, r:25.00, omega:21.06, omega_m:25.00, u:320.84, theta1:20.845, theta2:9.511, e:-3.941
t:20.91, r:25.00, omega:21.10, omega_m:25.00, u:320.66, theta1:20.850, theta2:9.507, e:-3.901
t:20.92, r:25.00, omega:21.10, omega_m:25.00, u:320.87, theta1:20.855, theta2:9.503, e:-3.901
t:20.93, r:25.00, omega:23.04, omega_m:25.00, u:302.51, theta1:20.857, theta2:9.501, e:-1.956
t:20.94, r:25.00, omega:23.04, omega_m:25.00, u:302.62, theta1:20.860, theta2:9.498, e:-1.956
t:20.95, r:25.00, omega:23.04, omega_m:25.00, u:302.73, theta1:20.862, theta2:9.496, e:-1.956
t:20.96, r:25.00, omega:21.92, omega_m:25.00, u:313.53, theta1:20.866, theta2:9.493, e:-3.076
t:20.97, r:25.00, omega:21.92, omega_m:25.00, u:313.70, theta1:20.870, theta2:9.489, e:-3.076
t:20.98, r:25.00, omega:21.30, omega_m:25.00, u:319.84, theta1:20.875, theta2:9.485, e:-3.702
t:20.99, r:25.00, omega:21.30, omega_m:25.00, u:320.04, theta1:20.879, theta2:9.482, e:-3.702
t:21.00, r:25.00, omega:21.19, omega_m:25.00, u:321.30, theta1:20.884, theta2:9.477, e:-3.813
t:21.01, r:0.00, omega:21.19, omega_m:9.20, u:0.00, theta1:20.884, theta2:9.490, e:11.990
t:21.02, r:0.00, omega:21.19, omega_m:3.38, u:0.00, theta1:20.884, theta2:9.509, e:17.804
t:21.03, r:0.00, omega:17.67, omega_m:1.24, u:0.00, theta1:20.884, theta2:9.524, e:16.428
t:21.04, r:0.00, omega:17.67, omega_m:0.46, u:0.00, theta1:20.884, theta2:9.539, e:17.215
t:21.05, r:0.00, omega:17.67, omega_m:0.17, u:0.00, theta1:20.884, theta2:9.554, e:17.505
t:21.06, r:0.00, omega:17.67, omega_m:0.06, u:0.00, theta1:20.884, theta2:9.570, e:17.611
t:21.07, r:0.00, omega:17.67, omega_m:0.02, u:0.00, theta1:20.884, theta2:9.585, e:17.650
t:21.08, r:0.00, omega:17.67, omega_m:0.01, u:0.00, theta1:20.884, theta2:9.601, e:17.665
t:21.09, r:0.00, omega:17.67, omega_m:0.00, u:0.00, theta1:20.884, theta2:9.617, e:17.670
t:21.10, r:0.00, omega:17.67, omega_m:0.00, u:0.00, theta1:20.884, theta2:9.632, e:17.672
t:21.11, r:0.00, omega:17.67, omega_m:0.00, u:0.00, theta1:20.884, theta2:9.648, e:17.673
t:21.12, r:0.00, omega:17.67, omega_m:0.00, u:0.00, theta1:20.884, theta2:9.663, e:17.673
t:21.13, r:0.00, omega:17.67, omega_m:0.00, u:0.00, theta1:20.884, theta2:9.679, e:17.673
t:21.14, r:0.00, omega:17.67, omega_m:0.00, u:0.00, theta1:20.884, theta2:9.695, e:17.673
t:21.15, r:0.00, omega:17.67, omega_m:0.00, u:0.00, theta1:20.884, theta2:9.710, e:17.673
t:21.16, r:0.00, omega:17.67, omega_m:0.00, u:0.00, theta1:20.884, theta2:9.726, e:17.673
t:21.17, r:0.00, omega:17.67, omega_m:0.00, u:0.00, theta1:20.884, theta2:9.742, e:17.673
t:21.18, r:0.00, omega:17.67, omega_m:0.00, u:0.00, theta1:20.884, theta2:9.757, e:17.673
t:21.19, r:0.00, omega:17.67, omega_m:0.00, u:0.00, theta1:20.884, theta2:9.773, e:17.673
t:21.20, r:0.00, omega:17.67, omega_m:0.00, u:0.00, theta1:20.884, theta2:9.788, e:17.673
t:21.21, r:0.00, omega:17.67, omega_m:0.00, u:0.00, theta1:20.884, theta2:9.804, e:17.673
t:21.22, r:0.00, omega:17.67, omega_m:0.00, u:0.00, theta1:20.884, theta2:9.820, e:17.673
t:21.23, r:0.00, omega:17.67, omega_m:0.00, u:0.00, theta1:20.884, theta2:9.835, e:17.673
t:21.24, r:0.00, omega:17.67, omega_m:0.00, u:0.00, theta1:20.884, theta2:9.851, e:17.673
t:21.25, r:0.00, omega:17.67, omega_m:0.00, u:0.00, theta1:20.884, theta2:9.867, e:17.673
t:21.26, r:0.00, omega:17.67, omega_m:0.00, u:0.00, theta1:20.884, theta2:9.882, e:17.673
t:21.27, r:0.00, omega:17.67, omega_m:0.00, u:0.00, theta1:20.884, theta2:9.898, e:17.673
t:21.28, r:0.00, omega:17.67, omega_m:0.00, u:0.00, theta1:20.884, theta2:9.913, e:17.673
t:21.29, r:0.00, omega:17.67, omega_m:0.00, u:0.00, theta1:20.884, theta2:9.929, e:17.673
t:21.30, r:0.00, omega:17.67, omega_m:0.00, u:0.00, theta1:20.884, theta2:9.945, e:17.673
t:21.31, r:0.00, omega:17.67, omega_m:0.00, u:0.00, theta1:20.884, theta2:9.960, e:17.673
t:21.32, r:0.00, omega:17.67, omega_m:0.00, u:0.00, theta1:20.884, theta2:9.976, e:17.673
t:21.33, r:0.00, omega:17.67, omega_m:0.00, u:0.00, theta1:20.884, theta2:9.991, e:17.673
t:21.34, r:0.00, omega:17.67, omega_m:0.00, u:0.00, theta1:20.884, theta2:10.007, e:17.673
t:21.35, r:0.00, omega:17.67, omega_m:0.00, u:0.00, theta1:20.884, theta2:10.023, e:17.673
t:21.36, r:0.00, omega:17.67, omega_m:0.00, u:0.00, theta1:20.884, theta2:10.038, e:17.673
t:21.37, r:0.00, omega:17.67, omega_m:0.00, u:0.00, theta1:20.884, theta2:10.054, e:17.673
t:21.38, r:0.00, omega:17.67, omega_m:0.00, u:0.00, theta1:20.884, theta2:10.070, e:17.673
t:21.39, r:0.00, omega:17.67, omega_m:0.00, u:0.00, theta1:20.884, theta2:10.085, e:17.673
t:21.40, r:0.00, omega:17.67, omega_m:0.00, u:0.00, theta1:20.884, theta2:10.101, e:17.673
t:21.41, r:0.00, omega:17.67, omega_m:0.00, u:0.00, theta1:20.884, theta2:10.116, e:17.673
t:21.42, r:0.00, omega:17.67, omega_m:0.00, u:0.00, theta1:20.884, theta2:10.132, e:17.673
t:21.43, r:0.00, omega:17.67, omega_m:0.00, u:0.00, theta1:20.884, theta2:10.148, e:17.673
t:21.44, r:0.00, omega:17.67, omega_m:0.00, u:0.00, theta1:20.884, theta2:10.163, e:17.673
t:21.45, r:0.00, omega:17.67, omega_m:0.00, u:0.00, theta1:20.884, theta2:10.179, e:17.673
t:21.46, r:0.00, omega:17.67, omega_m:0.00, u:0.00, theta1:20.884, theta2:10.194, e:17.673
t:21.47, r:0.00, omega:17.67, omega_m:0.00, u:0.00, theta1:20.884, theta2:10.210, e:17.673
t:21.48, r:0.00, omega:17.67, omega_m:0.00, u:0.00, theta1:20.884, theta2:10.226, e:17.673
t:21.49, r:0.00, omega:17.67, omega_m:0.00, u:0.00, theta1:20.884, theta2:10.241, e:17.673
t:21.50, r:0.00, omega:17.67, omega_m:0.00, u:0.00, theta1:20.884, theta2:10.257, e:17.673
t:21.51, r:0.00, omega:17.67, omega_m:0.00, u:0.00, theta1:20.884, theta2:10.273, e:17.673
t:21.52, r:0.00, omega:17.67, omega_m:0.00, u:0.00, theta1:20.884, theta2:10.288, e:17.673
t:21.53, r:0.00, omega:0.00, omega_m:0.00, u:0.00, theta1:20.884, theta2:10.288, e:-0.000
t:21.54, r:0.00, omega:0.00, omega_m:0.00, u:0.00, theta1:20.884, theta2:10.288, e:-0.000
t:21.55, r:0.00, omega:0.00, omega_m:0.00, u:0.00, theta1:20.884, theta2:10.288, e:-0.000
t:21.56, r:0.00, omega:0.00, omega_m:0.00, u:0.00, theta1:20.884, theta2:10.288, e:-0.000
t:21.57, r:0.00, omega:0.00, omega_m:0.00, u:0.00, theta1:20.884, theta2:10.288, e:-0.000
t:21.58, r:0.00, omega:0.00, omega_m:0.00, u:0.00, theta1:20.884, theta2:10.288, e:-0.000
t:21.59, r:0.00, omega:0.00, omega_m:0.00, u:0.00, theta1:20.884, theta2:10.288, e:-0.000
t:21.60, r:0.00, omega:0.00, omega_m:0.00, u:0.00, theta1:20.884, theta2:10.288, e:-0.000
t:21.61, r:0.00, omega:0.00, omega_m:0.00, u:0.00, theta1:20.884, theta2:10.288, e:-0.000
t:21.62, r:0.00, omega:0.00, omega_m:0.00, u:0.00, theta1:20.884, theta2:10.288, e:-0.000
t:21.63, r:0.00, omega:0.00, omega_m:0.00, u:0.00, theta1:20.884, theta2:10.288, e:-0.000
t:21.64, r:0.00, omega:0.00, omega_m:0.00, u:0.00, theta1:20.884, theta2:10.288, e:-0.000
t:21.65, r:0.00, omega:0.00, omega_m:0.00, u:0.00, theta1:20.884, theta2:10.288, e:-0.000
t:21.66, r:0.00, omega:0.00, omega_m:0.00, u:0.00, theta1:20.884, theta2:10.288, e:-0.000
t:21.67, r:0.00, omega:0.00, omega_m:0.00, u:0.00, theta1:20.884, theta2:10.288, e:-0.000
t:21.68, r:0.00, omega:0.00, omega_m:0.00, u:0.00, theta1:20.884, theta2:10.288, e:-0.000
t:21.69, r:0.00, omega:0.00, omega_m:0.00, u:0.00, theta1:20.884, theta2:10.288, e:-0.000
t:21.70, r:0.00, omega:0.00, omega_m:0.00, u:0.00, theta1:20.884, theta2:10.288, e:-0.000
t:21.71, r:0.00, omega:0.00, omega_m:0.00, u:0.00, theta1:20.884, theta2:10.288, e:-0.000
t:21.72, r:0.00, omega:0.00, omega_m:0.00, u:0.00, theta1:20.884, theta2:10.288, e:-0.000
t:21.73, r:0.00, omega:0.00, omega_m:0.00, u:0.00, theta1:20.884, theta2:10.288, e:-0.000
t:21.74, r:0.00, omega:0.00, omega_m:0.00, u:0.00, theta1:20.884, theta2:10.288, e:-0.000
t:21.75, r:0.00, omega:0.00, omega_m:0.00, u:0.00, theta1:20.884, theta2:10.288, e:-0.000
t:21.76, r:0.00, omega:0.00, omega_m:0.00, u:0.00, theta1:20.884, theta2:10.288, e:-0.000
t:21.77, r:0.00, omega:0.00, omega_m:0.00, u:0.00, theta1:20.884, theta2:10.288, e:-0.000
t:21.78, r:0.00, omega:0.00, omega_m:0.00, u:0.00, theta1:20.884, theta2:10.288, e:-0.000
t:21.79, r:0.00, omega:0.00, omega_m:0.00, u:0.00, theta1:20.884, theta2:10.288, e:-0.000
t:21.80, r:0.00, omega:0.00, omega_m:0.00, u:0.00, theta1:20.884, theta2:10.288, e:-0.000
t:21.81, r:0.00, omega:0.00, omega_m:0.00, u:0.00, theta1:20.884, theta2:10.288, e:-0.000
t:21.82, r:0.00, omega:0.00, omega_m:0.00, u:0.00, theta1:20.884, theta2:10.288, e:-0.000
t:21.83, r:0.00, omega:0.00, omega_m:0.00, u:0.00, theta1:20.884, theta2:10.288, e:-0.000
t:21.84, r:0.00, omega:0.00, omega_m:0.00, u:0.00, theta1:20.884, theta2:10.288, e:-0.000
t:21.85, r:0.00, omega:0.00, omega_m:0.00, u:0.00, theta1:20.884, theta2:10.288, e:-0.000
t:21.86, r:0.00, omega:0.00, omega_m:0.00, u:0.00, theta1:20.884, theta2:10.288, e:-0.000
t:21.87, r:0.00, omega:0.00, omega_m:0.00, u:0.00, theta1:20.884, theta2:10.288, e:-0.000
t:21.88, r:0.00, omega:0.00, omega_m:0.00, u:0.00, theta1:20.884, theta2:10.288, e:-0.000
t:21.89, r:0.00, omega:0.00, omega_m:0.00, u:0.00, theta1:20.884, theta2:10.288, e:-0.000
t:21.90, r:0.00, omega:0.00, omega_m:0.00, u:0.00, theta1:20.884, theta2:10.288, e:-0.000
t:21.91, r:0.00, omega:0.00, omega_m:0.00, u:0.00, theta1:20.884, theta2:10.288, e:-0.000
t:21.92, r:0.00, omega:0.00, omega_m:0.00, u:0.00, theta1:20.884, theta2:10.288, e:-0.000
t:21.93, r:0.00, omega:0.00, omega_m:0.00, u:0.00, theta1:20.884, theta2:10.288, e:-0.000
t:21.94, r:0.00, omega:0.00, omega_m:0.00, u:0.00, theta1:20.884, theta2:10.288, e:-0.000
t:21.95, r:0.00, omega:0.00, omega_m:0.00, u:0.00, theta1:20.884, theta2:10.288, e:-0.000
t:21.96, r:0.00, omega:0.00, omega_m:0.00, u:0.00, theta1:20.884, theta2:10.288, e:-0.000
t:21.97, r:0.00, omega:0.00, omega_m:0.00, u:0.00, theta1:20.884, theta2:10.288, e:-0.000
t:21.98, r:0.00, omega:0.00, omega_m:0.00, u:0.00, theta1:20.884, theta2:10.288, e:-0.000
t:21.99, r:0.00, omega:0.00, omega_m:0.00, u:0.00, theta1:20.884, theta2:10.288, e:-0.000
t:22.00, r:0.00, omega:0.00, omega_m:0.00, u:0.00, theta1:20.884, theta2:10.288, e:-0.000
t:22.01, r:-25.00, omega:0.00, omega_m:-15.80, u:-522.60, theta1:20.904, theta2:10.288, e:15.803
t:22.02, r:-25.00, omega:0.00, omega_m:-21.62, u:-523.27, theta1:20.931, theta2:10.288, e:21.617
t:22.03, r:-25.00, omega:0.00, omega_m:-23.76, u:-524.01, theta1:20.961, theta2:10.288, e:23.755
t:22.04, r:-25.00, omega:-0.52, omega_m:-24.54, u:-519.43, theta1:20.991, theta2:10.288, e:24.024
t:22.05, r:-25.00, omega:-0.52, omega_m:-24.83, u:-520.19, theta1:21.021, theta2:10.287, e:24.313
t:22.06, r:-25.00, omega:-28.39, omega_m:-24.94, u:-233.26, theta1:21.017, theta2:10.292, e:-3.449
t:22.07, r:-25.00, omega:-28.39, omega_m:-24.98, u:-233.02, theta1:21.012, theta2:10.297, e:-3.410
t:22.08, r:-25.00, omega:-32.24, omega_m:-24.99, u:-192.75, theta1:21.003, theta2:10.308, e:-7.248
t:22.09, r:-25.00, omega:-32.24, omega_m:-25.00, u:-192.15, theta1:20.994, theta2:10.320, e:-7.242
t:22.10, r:-25.00, omega:-23.14, omega_m:-25.00, u:-286.12, theta1:20.997, theta2:10.318, e:1.855
t:22.11, r:-25.00, omega:-23.14, omega_m:-25.00, u:-286.23, theta1:20.999, theta2:10.316, e:1.856
t:22.12, r:-25.00, omega:-23.14, omega_m:-25.00, u:-286.34, theta1:21.001, theta2:10.314, e:1.856
t:22.13, r:-25.00, omega:-17.46, omega_m:-25.00, u:-345.30, theta1:21.011, theta2:10.307, e:7.540
t:22.14, r:-25.00, omega:-17.46, omega_m:-25.00, u:-345.65, theta1:21.020, theta2:10.300, e:7.540
t:22.15, r:-25.00, omega:-17.46, omega_m:-25.00, u:-346.00, theta1:21.030, theta2:10.294, e:7.540
t:22.16, r:-25.00, omega:-20.95, omega_m:-25.00, u:-310.33, theta1:21.035, theta2:10.290, e:4.053
t:22.17, r:-25.00, omega:-20.95, omega_m:-25.00, u:-310.54, theta1:21.040, theta2:10.285, e:4.053
t:22.18, r:-25.00, omega:-24.37, omega_m:-25.00, u:-275.38, theta1:21.040, theta2:10.285, e:0.631
t:22.19, r:-25.00, omega:-24.37, omega_m:-25.00, u:-275.42, theta1:21.041, theta2:10.284, e:0.631
t:22.20, r:-25.00, omega:-23.92, omega_m:-25.00, u:-280.13, theta1:21.043, theta2:10.282, e:1.083
t:22.21, r:-25.00, omega:-23.92, omega_m:-25.00, u:-280.20, theta1:21.044, theta2:10.281, e:1.083
t:22.22, r:-25.00, omega:-23.92, omega_m:-25.00, u:-280.26, theta1:21.045, theta2:10.280, e:1.083
t:22.23, r:-25.00, omega:-19.50, omega_m:-25.00, u:-325.96, theta1:21.052, theta2:10.275, e:5.501
t:22.24, r:-25.00, omega:-19.50, omega_m:-25.00, u:-326.23, theta1:21.059, theta2:10.269, e:5.501
t:22.25, r:-25.00, omega:-20.89, omega_m:-25.00, u:-312.15, theta1:21.064, theta2:10.265, e:4.108
t:22.26, r:-25.00, omega:-20.89, omega_m:-25.00, u:-312.37, theta1:21.069, theta2:10.261, e:4.108
t:22.27, r:-25.00, omega:-20.89, omega_m:-25.00, u:-312.58, theta1:21.074, theta2:10.256, e:4.108
t:22.28, r:-25.00, omega:-21.26, omega_m:-25.00, u:-309.06, theta1:21.079, theta2:10.252, e:3.745
t:22.29, r:-25.00, omega:-21.26, omega_m:-25.00, u:-309.27, theta1:21.084, theta2:10.248, e:3.745
t:22.30, r:-25.00, omega:-21.98, omega_m:-25.00, u:-302.04, theta1:21.088, theta2:10.245, e:3.023
t:22.31, r:-25.00, omega:-21.98, omega_m:-25.00, u:-302.20, theta1:21.091, theta2:10.242, e:3.023
t:22.32, r:-25.00, omega:-22.68, omega_m:-25.00, u:-295.14, theta1:21.094, theta2:10.239, e:2.321
t:22.33, r:-25.00, omega:-22.68, omega_m:-25.00, u:-295.27, theta1:21.097, theta2:10.236, e:2.321
t:22.34, r:-25.00, omega:-22.68, omega_m:-25.00, u:-295.41, theta1:21.100, theta2:10.234, e:2.321
t:22.35, r:-25.00, omega:-22.61, omega_m:-25.00, u:-296.26, theta1:21.103, theta2:10.231, e:2.391
t:22.36, r:-25.00, omega:-22.61, omega_m:-25.00, u:-296.40, theta1:21.106, theta2:10.228, e:2.391
t:22.37, r:-25.00, omega:-20.09, omega_m:-25.00, u:-322.43, theta1:21.112, theta2:10.223, e:4.911
t:22.38, r:-25.00, omega:-20.09, omega_m:-25.00, u:-322.68, theta1:21.118, theta2:10.219, e:4.911
t:22.39, r:-25.00, omega:-20.09, omega_m:-25.00, u:-322.93, theta1:21.124, theta2:10.214, e:4.911
t:22.40, r:-25.00, omega:-21.52, omega_m:-25.00, u:-308.46, theta1:21.129, theta2:10.210, e:3.476
t:22.41, r:-25.00, omega:-21.52, omega_m:-25.00, u:-308.65, theta1:21.133, theta2:10.206, e:3.476
t:22.42, r:-25.00, omega:-22.97, omega_m:-25.00, u:-294.03, theta1:21.136, theta2:10.204, e:2.032
t:22.43, r:-25.00, omega:-22.97, omega_m:-25.00, u:-294.15, theta1:21.138, theta2:10.201, e:2.032
t:22.44, r:-25.00, omega:-22.62, omega_m:-25.00, u:-297.84, theta1:21.141, theta2:10.199, e:2.380
t:22.45, r:-25.00, omega:-22.62, omega_m:-25.00, u:-297.97, theta1:21.144, theta2:10.196, e:2.380
t:22.46, r:-25.00, omega:-22.62, omega_m:-25.00, u:-298.11, theta1:21.147, theta2:10.193, e:2.380
t:22.47, r:-25.00, omega:-20.25, omega_m:-25.00, u:-322.51, theta1:21.153, theta2:10.189, e:4.750
t:22.48, r:-25.00, omega:-20.25, omega_m:-25.00, u:-322.76, theta1:21.159, theta2:10.184, e:4.750
t:22.49, r:-25.00, omega:-22.53, omega_m:-25.00, u:-299.65, theta1:21.162, theta2:10.181, e:2.468
t:22.50, r:-25.00, omega:-22.53, omega_m:-25.00, u:-299.79, theta1:21.165, theta2:10.178, e:2.468
t:22.51, r:-25.00, omega:-22.53, omega_m:-25.00, u:-299.93, theta1:21.168, theta2:10.175, e:2.468
t:22.52, r:-25.00, omega:-22.55, omega_m:-25.00, u:-299.93, theta1:21.171, theta2:10.173, e:2.453
t:22.53, r:-25.00, omega:-22.55, omega_m:-25.00, u:-300.06, theta1:21.174, theta2:10.170, e:2.453
t:22.54, r:-25.00, omega:-21.99, omega_m:-25.00, u:-305.89, theta1:21.178, theta2:10.167, e:3.010
t:22.55, r:-25.00, omega:-21.99, omega_m:-25.00, u:-306.06, theta1:21.182, theta2:10.163, e:3.010
t:22.56, r:-25.00, omega:-21.67, omega_m:-25.00, u:-309.49, theta1:21.186, theta2:10.160, e:3.330
t:22.57, r:-25.00, omega:-21.67, omega_m:-25.00, u:-309.67, theta1:21.190, theta2:10.156, e:3.330
t:22.58, r:-25.00, omega:-21.67, omega_m:-25.00, u:-309.85, theta1:21.194, theta2:10.152, e:3.330
t:22.59, r:-25.00, omega:-21.18, omega_m:-25.00, u:-315.00, theta1:21.199, theta2:10.148, e:3.816
t:22.60, r:-25.00, omega:-21.18, omega_m:-25.00, u:-315.20, theta1:21.204, theta2:10.144, e:3.816
t:22.61, r:-25.00, omega:-21.26, omega_m:-25.00, u:-314.59, theta1:21.209, theta2:10.140, e:3.736
t:22.62, r:-25.00, omega:-21.26, omega_m:-25.00, u:-314.79, theta1:21.213, theta2:10.136, e:3.736
t:22.63, r:-25.00, omega:-21.26, omega_m:-25.00, u:-315.00, theta1:21.218, theta2:10.132, e:3.736
t:22.64, r:-25.00, omega:-23.34, omega_m:-25.00, u:-294.10, theta1:21.220, theta2:10.130, e:1.665
t:22.65, r:-25.00, omega:-23.34, omega_m:-25.00, u:-294.20, theta1:21.222, theta2:10.129, e:1.665
t:22.66, r:-25.00, omega:-22.66, omega_m:-25.00, u:-301.19, theta1:21.225, theta2:10.126, e:2.341
t:22.67, r:-25.00, omega:-22.66, omega_m:-25.00, u:-301.32, theta1:21.228, theta2:10.123, e:2.341
t:22.68, r:-25.00, omega:-20.33, omega_m:-25.00, u:-325.09, theta1:21.234, theta2:10.118, e:4.665
t:22.69, r:-25.00, omega:-20.33, omega_m:-25.00, u:-325.33, theta1:21.240, theta2:10.114, e:4.665
t:22.70, r:-25.00, omega:-20.33, omega_m:-25.00, u:-325.57, theta1:21.245, theta2:10.109, e:4.665
t:22.71, r:-25.00, omega:-22.51, omega_m:-25.00, u:-303.68, theta1:21.249, theta2:10.106, e:2.485
t:22.72, r:-25.00, omega:-22.51, omega_m:-25.00, u:-303.82, theta1:21.252, theta2:10.103, e:2.485
t:22.73, r:-25.00, omega:-22.33, omega_m:-25.00, u:-305.82, theta1:21.255, theta2:10.100, e:2.669
t:22.74, r:-25.00, omega:-22.33, omega_m:-25.00, u:-305.97, theta1:21.258, theta2:10.097, e:2.669
t:22.75, r:-25.00, omega:-22.27, omega_m:-25.00, u:-306.77, theta1:21.262, theta2:10.094, e:2.732
t:22.76, r:-25.00, omega:-22.27, omega_m:-25.00, u:-306.92, theta1:21.265, theta2:10.091, e:2.732
t:22.77, r:-25.00, omega:-22.27, omega_m:-25.00, u:-307.07, theta1:21.269, theta2:10.088, e:2.732
t:22.78, r:-25.00, omega:-22.00, omega_m:-25.00, u:-309.89, theta1:21.272, theta2:10.085, e:2.995
t:22.79, r:-25.00, omega:-22.00, omega_m:-25.00, u:-310.06, theta1:21.276, theta2:10.082, e:2.995
t:22.80, r:-25.00, omega:-22.29, omega_m:-25.00, u:-307.30, theta1:21.279, theta2:10.079, e:2.707
t:22.81, r:-25.00, omega:-22.29, omega_m:-25.00, u:-307.45, theta1:21.283, theta2:10.076, e:2.707
t:22.82, r:-25.00, omega:-22.29, omega_m:-25.00, u:-307.60, theta1:21.286, theta2:10.073, e:2.707
t:22.83, r:-25.00, omega:-21.96, omega_m:-25.00, u:-311.08, theta1:21.290, theta2:10.069, e:3.035
t:22.84, r:-25.00, omega:-21.96, omega_m:-25.00, u:-311.25, theta1:21.294, theta2:10.066, e:3.035
t:22.85, r:-25.00, omega:-22.28, omega_m:-25.00, u:-308.18, theta1:21.297, theta2:10.063, e:2.715
t:22.86, r:-25.00, omega:-22.28, omega_m:-25.00, u:-308.33, theta1:21.301, theta2:10.060, e:2.715
t:22.87, r:-25.00, omega:-22.58, omega_m:-25.00, u:-305.46, theta1:21.304, theta2:10.057, e:2.416
t:22.88, r:-25.00, omega:-22.58, omega_m:-25.00, u:-305.60, theta1:21.307, theta2:10.055, e:2.416
t:22.89, r:-25.00, omega:-22.58, omega_m:-25.00, u:-305.74, theta1:21.310, theta2:10.052, e:2.416
t:22.90, r:-25.00, omega:-22.38, omega_m:-25.00, u:-307.92, theta1:21.313, theta2:10.049, e:2.619
t:22.91, r:-25.00, omega:-22.38, omega_m:-25.00, u:-308.07, theta1:21.316, theta2:10.046, e:2.619
t:22.92, r:-25.00, omega:-21.39, omega_m:-25.00, u:-318.18, theta1:21.321, theta2:10.042, e:3.606
t:22.93, r:-25.00, omega:-21.39, omega_m:-25.00, u:-318.37, theta1:21.325, theta2:10.038, e:3.606
t:22.94, r:-25.00, omega:-21.49, omega_m:-25.00, u:-317.62, theta1:21.330, theta2:10.034, e:3.512
t:22.95, r:-25.00, omega:-21.49, omega_m:-25.00, u:-317.81, theta1:21.334, theta2:10.031, e:3.512
t:22.96, r:-25.00, omega:-21.49, omega_m:-25.00, u:-318.00, theta1:21.338, theta2:10.027, e:3.512
t:22.97, r:-25.00, omega:-22.23, omega_m:-25.00, u:-310.77, theta1:21.342, theta2:10.024, e:2.775
t:22.98, r:-25.00, omega:-22.23, omega_m:-25.00, u:-310.92, theta1:21.345, theta2:10.021, e:2.775
t:22.99, r:-25.00, omega:-22.89, omega_m:-25.00, u:-304.43, theta1:21.348, theta2:10.018, e:2.114
t:23.00, r:-25.00, omega:-22.89, omega_m:-25.00, u:-304.55, theta1:21.351, theta2:10.016, e:2.114
t:23.01, r:0.00, omega:-23.23, omega_m:-9.20, u:0.00, theta1:21.351, theta2:10.032, e:-14.038
t:23.02, r:0.00, omega:-23.23, omega_m:-3.38, u:0.00, theta1:21.351, theta2:10.055, e:-19.852
t:23.03, r:0.00, omega:-23.23, omega_m:-1.24, u:0.00, theta1:21.351, theta2:10.081, e:-21.990
t:23.04, r:0.00, omega:-23.23, omega_m:-0.46, u:0.00, theta1:21.351, theta2:10.107, e:-22.777
t:23.05, r:0.00, omega:-23.23, omega_m:-0.17, u:0.00, theta1:21.351, theta2:10.134, e:-23.066
t:23.06, r:0.00, omega:-23.23, omega_m:-0.06, u:0.00, theta1:21.351, theta2:10.161, e:-23.173
t:23.07, r:0.00, omega:-23.23, omega_m:-0.02, u:0.00, theta1:21.351, theta2:10.188, e:-23.212
t:23.08, r:0.00, omega:-23.23, omega_m:-0.01, u:0.00, theta1:21.351, theta2:10.215, e:-23.227
t:23.09, r:0.00, omega:-23.23, omega_m:-0.00, u:0.00, theta1:21.351, theta2:10.242, e:-23.232
t:23.10, r:0.00, omega:-23.23, omega_m:-0.00, u:0.00, theta1:21.351, theta2:10.269, e:-23.234
t:23.11, r:0.00, omega:-23.23, omega_m:-0.00, u:0.00, theta1:21.351, theta2:10.296, e:-23.234
t:23.12, r:0.00, omega:-23.23, omega_m:-0.00, u:0.00, theta1:21.351, theta2:10.323, e:-23.235
t:23.13, r:0.00, omega:-23.23, omega_m:-0.00, u:0.00, theta1:21.351, theta2:10.350, e:-23.235
t:23.14, r:0.00, omega:-23.23, omega_m:-0.00, u:0.00, theta1:21.351, theta2:10.377, e:-23.235
t:23.15, r:0.00, omega:-23.23, omega_m:-0.00, u:0.00, theta1:21.351, theta2:10.404, e:-23.235
t:23.16, r:0.00, omega:-23.23, omega_m:-0.00, u:0.00, theta1:21.351, theta2:10.431, e:-23.235
t:23.17, r:0.00, omega:-23.23, omega_m:-0.00, u:0.00, theta1:21.351, theta2:10.458, e:-23.235
t:23.18, r:0.00, omega:-23.23, omega_m:-0.00, u:0.00, theta1:21.351, theta2:10.485, e:-23.235
t:23.19, r:0.00, omega:-23.23, omega_m:-0.00, u:0.00, theta1:21.351, theta2:10.512, e:-23.235
t:23.20, r:0.00, omega:-23.23, omega_m:-0.00, u:0.00, theta1:21.351, theta2:10.539, e:-23.235
t:23.21, r:0.00, omega:-23.23, omega_m:-0.00, u:0.00, theta1:21.351, theta2:10.566, e:-23.235
t:23.22, r:0.00, omega:-23.23, omega_m:-0.00, u:0.00, theta1:21.351, theta2:10.593, e:-23.235
t:23.23, r:0.00, omega:-23.23, omega_m:-0.00, u:0.00, theta1:21.351, theta2:10.620, e:-23.235
t:23.24, r:0.00, omega:-23.23, omega_m:-0.00, u:0.00, theta1:21.351, theta2:10.647, e:-23.235
t:23.25, r:0.00, omega:-23.23, omega_m:-0.00, u:0.00, theta1:21.351, theta2:10.674, e:-23.235
t:23.26, r:0.00, omega:-23.23, omega_m:-0.00, u:0.00, theta1:21.351, theta2:10.701, e:-23.235
t:23.27, r:0.00, omega:-23.23, omega_m:-0.00, u:0.00, theta1:21.351, theta2:10.728, e:-23.235
t:23.28, r:0.00, omega:-23.23, omega_m:-0.00, u:0.00, theta1:21.351, theta2:10.755, e:-23.235
t:23.29, r:0.00, omega:-23.23, omega_m:-0.00, u:0.00, theta1:21.351, theta2:10.782, e:-23.235
t:23.30, r:0.00, omega:-23.23, omega_m:-0.00, u:0.00, theta1:21.351, theta2:10.809, e:-23.235
t:23.31, r:0.00, omega:-23.23, omega_m:-0.00, u:0.00, theta1:21.351, theta2:10.836, e:-23.235
t:23.32, r:0.00, omega:-23.23, omega_m:-0.00, u:0.00, theta1:21.351, theta2:10.863, e:-23.235
t:23.33, r:0.00, omega:-23.23, omega_m:-0.00, u:0.00, theta1:21.351, theta2:10.890, e:-23.235
t:23.34, r:0.00, omega:-23.23, omega_m:-0.00, u:0.00, theta1:21.351, theta2:10.917, e:-23.235
t:23.35, r:0.00, omega:-23.23, omega_m:-0.00, u:0.00, theta1:21.351, theta2:10.944, e:-23.235
t:23.36, r:0.00, omega:-23.23, omega_m:-0.00, u:0.00, theta1:21.351, theta2:10.971, e:-23.235
t:23.37, r:0.00, omega:-23.23, omega_m:-0.00, u:0.00, theta1:21.351, theta2:10.998, e:-23.235
t:23.38, r:0.00, omega:-23.23, omega_m:-0.00, u:0.00, theta1:21.351, theta2:11.025, e:-23.235
t:23.39, r:0.00, omega:-23.23, omega_m:-0.00, u:0.00, theta1:21.351, theta2:11.052, e:-23.235
t:23.40, r:0.00, omega:-23.23, omega_m:-0.00, u:0.00, theta1:21.351, theta2:11.079, e:-23.235
t:23.41, r:0.00, omega:-23.23, omega_m:-0.00, u:0.00, theta1:21.351, theta2:11.106, e:-23.235
t:23.42, r:0.00, omega:-23.23, omega_m:-0.00, u:0.00, theta1:21.351, theta2:11.133, e:-23.235
t:23.43, r:0.00, omega:-23.23, omega_m:-0.00, u:0.00, theta1:21.351, theta2:11.160, e:-23.235
t:23.44, r:0.00, omega:-23.23, omega_m:-0.00, u:0.00, theta1:21.351, theta2:11.187, e:-23.235
t:23.45, r:0.00, omega:-23.23, omega_m:-0.00, u:0.00, theta1:21.351, theta2:11.214, e:-23.235
t:23.46, r:0.00, omega:-23.23, omega_m:-0.00, u:0.00, theta1:21.351, theta2:11.241, e:-23.235
t:23.47, r:0.00, omega:-23.23, omega_m:-0.00, u:0.00, theta1:21.351, theta2:11.268, e:-23.235
t:23.48, r:0.00, omega:-23.23, omega_m:-0.00, u:0.00, theta1:21.351, theta2:11.295, e:-23.235
t:23.49, r:0.00, omega:-23.23, omega_m:-0.00, u:0.00, theta1:21.351, theta2:11.322, e:-23.235
t:23.50, r:0.00, omega:-23.23, omega_m:-0.00, u:0.00, theta1:21.351, theta2:11.349, e:-23.235
t:23.51, r:0.00, omega:0.00, omega_m:-0.00, u:0.00, theta1:21.351, theta2:11.349, e:0.000
t:23.52, r:0.00, omega:0.00, omega_m:-0.00, u:0.00, theta1:21.351, theta2:11.349, e:0.000
t:23.53, r:0.00, omega:0.00, omega_m:-0.00, u:0.00, theta1:21.351, theta2:11.349, e:0.000
t:23.54, r:0.00, omega:0.00, omega_m:-0.00, u:0.00, theta1:21.351, theta2:11.349, e:0.000
t:23.55, r:0.00, omega:0.00, omega_m:-0.00, u:0.00, theta1:21.351, theta2:11.349, e:0.000
t:23.56, r:0.00, omega:0.00, omega_m:-0.00, u:0.00, theta1:21.351, theta2:11.349, e:0.000
t:23.57, r:0.00, omega:0.00, omega_m:-0.00, u:0.00, theta1:21.351, theta2:11.349, e:0.000
t:23.58, r:0.00, omega:0.00, omega_m:-0.00, u:0.00, theta1:21.351, theta2:11.349, e:0.000
t:23.59, r:0.00, omega:0.00, omega_m:-0.00, u:0.00, theta1:21.351, theta2:11.349, e:0.000
t:23.60, r:0.00, omega:0.00, omega_m:-0.00, u:0.00, theta1:21.351, theta2:11.349, e:0.000
t:23.61, r:0.00, omega:0.00, omega_m:-0.00, u:0.00, theta1:21.351, theta2:11.349, e:0.000
t:23.62, r:0.00, omega:0.00, omega_m:-0.00, u:0.00, theta1:21.351, theta2:11.349, e:0.000
t:23.63, r:0.00, omega:0.00, omega_m:-0.00, u:0.00, theta1:21.351, theta2:11.349, e:0.000
t:23.64, r:0.00, omega:0.00, omega_m:-0.00, u:0.00, theta1:21.351, theta2:11.349, e:0.000
t:23.65, r:0.00, omega:0.00, omega_m:-0.00, u:0.00, theta1:21.351, theta2:11.349, e:0.000
t:23.66, r:0.00, omega:0.00, omega_m:-0.00, u:0.00, theta1:21.351, theta2:11.349, e:0.000
t:23.67, r:0.00, omega:0.00, omega_m:-0.00, u:0.00, theta1:21.351, theta2:11.349, e:0.000
t:23.68, r:0.00, omega:0.00, omega_m:-0.00, u:0.00, theta1:21.351, theta2:11.349, e:0.000
t:23.69, r:0.00, omega:0.00, omega_m:-0.00, u:0.00, theta1:21.351, theta2:11.349, e:0.000
t:23.70, r:0.00, omega:0.00, omega_m:-0.00, u:0.00, theta1:21.351, theta2:11.349, e:0.000
t:23.71, r:0.00, omega:0.00, omega_m:-0.00, u:0.00, theta1:21.351, theta2:11.349, e:0.000
t:23.72, r:0.00, omega:0.00, omega_m:-0.00, u:0.00, theta1:21.351, theta2:11.349, e:0.000
t:23.73, r:0.00, omega:0.00, omega_m:-0.00, u:0.00, theta1:21.351, theta2:11.349, e:0.000
t:23.74, r:0.00, omega:0.00, omega_m:-0.00, u:0.00, theta1:21.351, theta2:11.349, e:0.000
t:23.75, r:0.00, omega:0.00, omega_m:-0.00, u:0.00, theta1:21.351, theta2:11.349, e:0.000
t:23.76, r:0.00, omega:0.00, omega_m:-0.00, u:0.00, theta1:21.351, theta2:11.349, e:0.000
t:23.77, r:0.00, omega:0.00, omega_m:-0.00, u:0.00, theta1:21.351, theta2:11.349, e:0.000
t:23.78, r:0.00, omega:0.00, omega_m:-0.00, u:0.00, theta1:21.351, theta2:11.349, e:0.000
t:23.79, r:0.00, omega:0.00, omega_m:-0.00, u:0.00, theta1:21.351, theta2:11.349, e:0.000
t:23.80, r:0.00, omega:0.00, omega_m:-0.00, u:0.00, theta1:21.351, theta2:11.349, e:0.000
t:23.81, r:0.00, omega:0.00, omega_m:-0.00, u:0.00, theta1:21.351, theta2:11.349, e:0.000
t:23.82, r:0.00, omega:0.00, omega_m:-0.00, u:0.00, theta1:21.351, theta2:11.349, e:0.000
t:23.83, r:0.00, omega:0.00, omega_m:-0.00, u:0.00, theta1:21.351, theta2:11.349, e:0.000
t:23.84, r:0.00, omega:0.00, omega_m:-0.00, u:0.00, theta1:21.351, theta2:11.349, e:0.000
t:23.85, r:0.00, omega:0.00, omega_m:-0.00, u:0.00, theta1:21.351, theta2:11.349, e:0.000
t:23.86, r:0.00, omega:0.00, omega_m:-0.00, u:0.00, theta1:21.351, theta2:11.349, e:0.000
t:23.87, r:0.00, omega:0.00, omega_m:-0.00, u:0.00, theta1:21.351, theta2:11.349, e:0.000
t:23.88, r:0.00, omega:0.00, omega_m:-0.00, u:0.00, theta1:21.351, theta2:11.349, e:0.000
t:23.89, r:0.00, omega:0.00, omega_m:-0.00, u:0.00, theta1:21.351, theta2:11.349, e:0.000
t:23.90, r:0.00, omega:0.00, omega_m:-0.00, u:0.00, theta1:21.351, theta2:11.349, e:0.000
t:23.91, r:0.00, omega:0.00, omega_m:-0.00, u:0.00, theta1:21.351, theta2:11.349, e:0.000
t:23.92, r:0.00, omega:0.00, omega_m:-0.00, u:0.00, theta1:21.351, theta2:11.349, e:0.000
t:23.93, r:0.00, omega:0.00, omega_m:-0.00, u:0.00, theta1:21.351, theta2:11.349, e:0.000
t:23.94, r:0.00, omega:0.00, omega_m:-0.00, u:0.00, theta1:21.351, theta2:11.349, e:0.000
t:23.95, r:0.00, omega:0.00, omega_m:-0.00, u:0.00, theta1:21.351, theta2:11.349, e:0.000
t:23.96, r:0.00, omega:0.00, omega_m:-0.00, u:0.00, theta1:21.351, theta2:11.349, e:0.000
t:23.97, r:0.00, omega:0.00, omega_m:-0.00, u:0.00, theta1:21.351, theta2:11.349, e:0.000
t:23.98, r:0.00, omega:0.00, omega_m:-0.00, u:0.00, theta1:21.351, theta2:11.349, e:0.000
t:23.99, r:0.00, omega:0.00, omega_m:-0.00, u:0.00, theta1:21.351, theta2:11.349, e:0.000
t:24.00, r:0.00, omega:0.00, omega_m:-0.00, u:0.00, theta1:21.351, theta2:11.349, e:0.000
t:24.01, r:25.00, omega:0.00, omega_m:15.80, u:534.26, theta1:21.370, theta2:11.349, e:-15.803
t:24.02, r:25.00, omega:0.00, omega_m:21.62, u:534.94, theta1:21.397, theta2:11.349, e:-21.617
t:24.03, r:25.00, omega:0.00, omega_m:23.76, u:535.68, theta1:21.427, theta2:11.349, e:-23.755
t:24.04, r:25.00, omega:0.51, omega_m:24.54, u:530.63, theta1:21.457, theta2:11.348, e:-24.031
t:24.05, r:25.00, omega:0.51, omega_m:24.83, u:531.39, theta1:21.488, theta2:11.347, e:-24.321
t:24.06, r:25.00, omega:26.76, omega_m:24.94, u:233.42, theta1:21.485, theta2:11.350, e:1.821
t:24.07, r:25.00, omega:33.85, omega_m:24.98, u:152.20, theta1:21.474, theta2:11.365, e:8.869
t:24.08, r:25.00, omega:33.85, omega_m:24.99, u:151.42, theta1:21.463, theta2:11.380, e:8.854
t:24.09, r:25.00, omega:33.85, omega_m:25.00, u:150.63, theta1:21.452, theta2:11.395, e:8.849
t:24.10, r:25.00, omega:22.04, omega_m:25.00, u:285.27, theta1:21.456, theta2:11.392, e:-2.954
t:24.11, r:25.00, omega:22.04, omega_m:25.00, u:285.44, theta1:21.459, theta2:11.388, e:-2.955
t:24.12, r:25.00, omega:22.04, omega_m:25.00, u:285.60, theta1:21.463, theta2:11.385, e:-2.955
t:24.13, r:25.00, omega:15.55, omega_m:25.00, u:359.96, theta1:21.475, theta2:11.378, e:-9.450
t:24.14, r:25.00, omega:15.55, omega_m:25.00, u:360.37, theta1:21.487, theta2:11.370, e:-9.450
t:24.15, r:25.00, omega:15.55, omega_m:25.00, u:360.78, theta1:21.499, theta2:11.363, e:-9.450
t:24.16, r:25.00, omega:20.37, omega_m:25.00, u:306.21, theta1:21.504, theta2:11.358, e:-4.627
t:24.17, r:25.00, omega:20.37, omega_m:25.00, u:306.45, theta1:21.510, theta2:11.354, e:-4.627
t:24.18, r:25.00, omega:23.41, omega_m:25.00, u:272.11, theta1:21.512, theta2:11.352, e:-1.595
t:24.19, r:25.00, omega:23.41, omega_m:25.00, u:272.21, theta1:21.514, theta2:11.350, e:-1.595
t:24.20, r:25.00, omega:21.24, omega_m:25.00, u:296.94, theta1:21.519, theta2:11.346, e:-3.756
t:24.21, r:25.00, omega:21.24, omega_m:25.00, u:297.14, theta1:21.524, theta2:11.342, e:-3.756
t:24.22, r:25.00, omega:21.24, omega_m:25.00, u:297.35, theta1:21.528, theta2:11.338, e:-3.756
t:24.23, r:25.00, omega:20.33, omega_m:25.00, u:307.96, theta1:21.534, theta2:11.333, e:-4.671
t:24.24, r:25.00, omega:20.33, omega_m:25.00, u:308.20, theta1:21.540, theta2:11.328, e:-4.671
t:24.25, r:25.00, omega:20.33, omega_m:25.00, u:308.44, theta1:21.546, theta2:11.324, e:-4.671
t:24.26, r:25.00, omega:20.19, omega_m:25.00, u:310.30, theta1:21.552, theta2:11.319, e:-4.813
t:24.27, r:25.00, omega:20.19, omega_m:25.00, u:310.55, theta1:21.558, theta2:11.314, e:-4.813
t:24.28, r:25.00, omega:20.46, omega_m:25.00, u:307.71, theta1:21.563, theta2:11.309, e:-4.541
t:24.29, r:25.00, omega:20.46, omega_m:25.00, u:307.95, theta1:21.569, theta2:11.305, e:-4.541
t:24.30, r:25.00, omega:23.56, omega_m:25.00, u:272.94, theta1:21.571, theta2:11.303, e:-1.437
t:24.31, r:25.00, omega:23.56, omega_m:25.00, u:273.02, theta1:21.573, theta2:11.301, e:-1.437
t:24.32, r:25.00, omega:23.56, omega_m:25.00, u:273.11, theta1:21.575, theta2:11.300, e:-1.437
t:24.33, r:25.00, omega:21.36, omega_m:25.00, u:298.24, theta1:21.579, theta2:11.296, e:-3.643
t:24.34, r:25.00, omega:21.36, omega_m:25.00, u:298.44, theta1:21.584, theta2:11.292, e:-3.643
t:24.35, r:25.00, omega:21.36, omega_m:25.00, u:298.63, theta1:21.588, theta2:11.288, e:-3.643
t:24.36, r:25.00, omega:19.02, omega_m:25.00, u:325.27, theta1:21.596, theta2:11.282, e:-5.977
t:24.37, r:25.00, omega:19.02, omega_m:25.00, u:325.57, theta1:21.603, theta2:11.276, e:-5.977
t:24.38, r:25.00, omega:20.55, omega_m:25.00, u:308.56, theta1:21.609, theta2:11.272, e:-4.448
t:24.39, r:25.00, omega:20.55, omega_m:25.00, u:308.79, theta1:21.614, theta2:11.267, e:-4.448
t:24.40, r:25.00, omega:22.61, omega_m:25.00, u:285.69, theta1:21.617, theta2:11.265, e:-2.386
t:24.41, r:25.00, omega:22.61, omega_m:25.00, u:285.83, theta1:21.620, theta2:11.262, e:-2.386
t:24.42, r:25.00, omega:22.61, omega_m:25.00, u:285.97, theta1:21.623, theta2:11.259, e:-2.386
t:24.43, r:25.00, omega:20.52, omega_m:25.00, u:309.81, theta1:21.629, theta2:11.255, e:-4.483
t:24.44, r:25.00, omega:20.52, omega_m:25.00, u:310.04, theta1:21.634, theta2:11.250, e:-4.483
t:24.45, r:25.00, omega:20.52, omega_m:25.00, u:310.27, theta1:21.640, theta2:11.245, e:-4.483
t:24.46, r:25.00, omega:20.15, omega_m:25.00, u:314.68, theta1:21.646, theta2:11.241, e:-4.852
t:24.47, r:25.00, omega:20.15, omega_m:25.00, u:314.93, theta1:21.652, theta2:11.236, e:-4.852
t:24.48, r:25.00, omega:22.37, omega_m:25.00, u:290.11, theta1:21.655, theta2:11.233, e:-2.630
t:24.49, r:25.00, omega:22.37, omega_m:25.00, u:290.25, theta1:21.659, theta2:11.230, e:-2.630
t:24.50, r:25.00, omega:20.68, omega_m:25.00, u:309.50, theta1:21.664, theta2:11.225, e:-4.323
t:24.51, r:25.00, omega:20.68, omega_m:25.00, u:309.73, theta1:21.670, theta2:11.221, e:-4.323
t:24.52, r:25.00, omega:20.68, omega_m:25.00, u:309.95, theta1:21.675, theta2:11.216, e:-4.323
t:24.53, r:25.00, omega:20.50, omega_m:25.00, u:312.19, theta1:21.681, theta2:11.212, e:-4.501
t:24.54, r:25.00, omega:20.50, omega_m:25.00, u:312.42, theta1:21.686, theta2:11.207, e:-4.501
t:24.55, r:25.00, omega:21.60, omega_m:25.00, u:300.23, theta1:21.690, theta2:11.203, e:-3.397
t:24.56, r:25.00, omega:21.60, omega_m:25.00, u:300.41, theta1:21.695, theta2:11.200, e:-3.397
t:24.57, r:25.00, omega:21.60, omega_m:25.00, u:300.60, theta1:21.699, theta2:11.196, e:-3.397
t:24.58, r:25.00, omega:22.58, omega_m:25.00, u:289.82, theta1:21.702, theta2:11.193, e:-2.421
t:24.59, r:25.00, omega:22.58, omega_m:25.00, u:289.95, theta1:21.705, theta2:11.191, e:-2.421
t:24.60, r:25.00, omega:20.74, omega_m:25.00, u:310.79, theta1:21.710, theta2:11.186, e:-4.263
t:24.61, r:25.00, omega:20.74, omega_m:25.00, u:311.02, theta1:21.716, theta2:11.182, e:-4.263
t:24.62, r:25.00, omega:20.74, omega_m:25.00, u:311.24, theta1:21.721, theta2:11.177, e:-4.263
t:24.63, r:25.00, omega:20.23, omega_m:25.00, u:317.11, theta1:21.727, theta2:11.173, e:-4.767
t:24.64, r:25.00, omega:20.23, omega_m:25.00, u:317.36, theta1:21.733, theta2:11.168, e:-4.767
t:24.65, r:25.00, omega:22.65, omega_m:25.00, u:290.46, theta1:21.736, theta2:11.165, e:-2.346
t:24.66, r:25.00, omega:22.65, omega_m:25.00, u:290.60, theta1:21.739, theta2:11.162, e:-2.346
t:24.67, r:25.00, omega:22.65, omega_m:25.00, u:290.73, theta1:21.742, theta2:11.160, e:-2.346
t:24.68, r:25.00, omega:21.41, omega_m:25.00, u:304.79, theta1:21.746, theta2:11.156, e:-3.588
t:24.69, r:25.00, omega:21.41, omega_m:25.00, u:304.98, theta1:21.751, theta2:11.152, e:-3.588
t:24.70, r:25.00, omega:20.01, omega_m:25.00, u:320.85, theta1:21.757, theta2:11.147, e:-4.989
t:24.71, r:25.00, omega:20.01, omega_m:25.00, u:321.11, theta1:21.763, theta2:11.142, e:-4.989
t:24.72, r:25.00, omega:20.01, omega_m:25.00, u:321.36, theta1:21.769, theta2:11.137, e:-4.989
t:24.73, r:25.00, omega:21.18, omega_m:25.00, u:308.60, theta1:21.774, theta2:11.133, e:-3.824
t:24.74, r:25.00, omega:21.18, omega_m:25.00, u:308.80, theta1:21.779, theta2:11.129, e:-3.824
t:24.75, r:25.00, omega:21.36, omega_m:25.00, u:306.93, theta1:21.783, theta2:11.125, e:-3.638
t:24.76, r:25.00, omega:21.36, omega_m:25.00, u:307.13, theta1:21.788, theta2:11.121, e:-3.638
t:24.77, r:25.00, omega:22.45, omega_m:25.00, u:295.16, theta1:21.791, theta2:11.118, e:-2.549
t:24.78, r:25.00, omega:22.45, omega_m:25.00, u:295.31, theta1:21.794, theta2:11.116, e:-2.549
t:24.79, r:25.00, omega:22.45, omega_m:25.00, u:295.45, theta1:21.798, theta2:11.113, e:-2.549
t:24.80, r:25.00, omega:22.17, omega_m:25.00, u:298.72, theta1:21.801, theta2:11.110, e:-2.830
t:24.81, r:25.00, omega:22.17, omega_m:25.00, u:298.88, theta1:21.805, theta2:11.106, e:-2.830
t:24.82, r:25.00, omega:19.94, omega_m:25.00, u:323.88, theta1:21.811, theta2:11.101, e:-5.057
t:24.83, r:25.00, omega:19.94, omega_m:25.00, u:324.14, theta1:21.817, theta2:11.096, e:-5.057
t:24.84, r:25.00, omega:19.94, omega_m:25.00, u:324.40, theta1:21.824, theta2:11.091, e:-5.057
t:24.85, r:25.00, omega:21.41, omega_m:25.00, u:308.28, theta1:21.828, theta2:11.087, e:-3.587
t:24.86, r:25.00, omega:21.41, omega_m:25.00, u:308.48, theta1:21.833, theta2:11.084, e:-3.587
t:24.87, r:25.00, omega:23.14, omega_m:25.00, u:289.41, theta1:21.835, theta2:11.081, e:-1.856
t:24.88, r:25.00, omega:23.14, omega_m:25.00, u:289.52, theta1:21.837, theta2:11.079, e:-1.856
t:24.89, r:25.00, omega:23.14, omega_m:25.00, u:289.62, theta1:21.840, theta2:11.077, e:-1.856
t:24.90, r:25.00, omega:21.41, omega_m:25.00, u:308.97, theta1:21.844, theta2:11.073, e:-3.586
t:24.91, r:25.00, omega:21.41, omega_m:25.00, u:309.17, theta1:21.848, theta2:11.069, e:-3.586
t:24.92, r:25.00, omega:20.48, omega_m:25.00, u:319.70, theta1:21.854, theta2:11.065, e:-4.516
t:24.93, r:25.00, omega:20.48, omega_m:25.00, u:319.93, theta1:21.860, theta2:11.060, e:-4.516
t:24.94, r:25.00, omega:20.48, omega_m:25.00, u:320.17, theta1:21.865, theta2:11.056, e:-4.516
t:24.95, r:25.00, omega:20.74, omega_m:25.00, u:317.55, theta1:21.871, theta2:11.051, e:-4.258
t:24.96, r:25.00, omega:20.74, omega_m:25.00, u:317.77, theta1:21.876, theta2:11.047, e:-4.258
t:24.97, r:25.00, omega:21.86, omega_m:25.00, u:305.58, theta1:21.880, theta2:11.043, e:-3.139
t:24.98, r:25.00, omega:21.86, omega_m:25.00, u:305.75, theta1:21.884, theta2:11.040, e:-3.139
t:24.99, r:25.00, omega:21.86, omega_m:25.00, u:305.92, theta1:21.888, theta2:11.036, e:-3.139
t:25.00, r:25.00, omega:21.66, omega_m:25.00, u:308.27, theta1:21.892, theta2:11.033, e:-3.335
t:25.01, r:0.00, omega:21.66, omega_m:9.20, u:0.00, theta1:21.892, theta2:11.046, e:12.468
t:25.02, r:0.00, omega:22.20, omega_m:3.38, u:0.00, theta1:21.892, theta2:11.067, e:18.818
t:25.03, r:0.00, omega:22.20, omega_m:1.24, u:0.00, theta1:21.892, theta2:11.091, e:20.957
t:25.04, r:0.00, omega:22.20, omega_m:0.46, u:0.00, theta1:21.892, theta2:11.115, e:21.744
t:25.05, r:0.00, omega:22.20, omega_m:0.17, u:0.00, theta1:21.892, theta2:11.139, e:22.033
t:25.06, r:0.00, omega:22.20, omega_m:0.06, u:0.00, theta1:21.892, theta2:11.164, e:22.139
t:25.07, r:0.00, omega:22.20, omega_m:0.02, u:0.00, theta1:21.892, theta2:11.188, e:22.179
t:25.08, r:0.00, omega:22.20, omega_m:0.01, u:0.00, theta1:21.892, theta2:11.213, e:22.193
t:25.09, r:0.00, omega:22.20, omega_m:0.00, u:0.00, theta1:21.892, theta2:11.238, e:22.198
t:25.10, r:0.00, omega:22.20, omega_m:0.00, u:0.00, theta1:21.892, theta2:11.262, e:22.200
t:25.11, r:0.00, omega:22.20, omega_m:0.00, u:0.00, theta1:21.892, theta2:11.287, e:22.201
t:25.12, r:0.00, omega:22.20, omega_m:0.00, u:0.00, theta1:21.892, theta2:11.312, e:22.201
t:25.13, r:0.00, omega:22.20, omega_m:0.00, u:0.00, theta1:21.892, theta2:11.336, e:22.201
t:25.14, r:0.00, omega:22.20, omega_m:0.00, u:0.00, theta1:21.892, theta2:11.361, e:22.201
t:25.15, r:0.00, omega:22.20, omega_m:0.00, u:0.00, theta1:21.892, theta2:11.385, e:22.201
t:25.16, r:0.00, omega:22.20, omega_m:0.00, u:0.00, theta1:21.892, theta2:11.410, e:22.201
t:25.17, r:0.00, omega:22.20, omega_m:0.00, u:0.00, theta1:21.892, theta2:11.435, e:22.201
t:25.18, r:0.00, omega:22.20, omega_m:0.00, u:0.00, theta1:21.892, theta2:11.459, e:22.201
t:25.19, r:0.00, omega:22.20, omega_m:0.00, u:0.00, theta1:21.892, theta2:11.484, e:22.201
t:25.20, r:0.00, omega:22.20, omega_m:0.00, u:0.00, theta1:21.892, theta2:11.509, e:22.201
t:25.21, r:0.00, omega:22.20, omega_m:0.00, u:0.00, theta1:21.892, theta2:11.533, e:22.201
t:25.22, r:0.00, omega:22.20, omega_m:0.00, u:0.00, theta1:21.892, theta2:11.558, e:22.201
t:25.23, r:0.00, omega:22.20, omega_m:0.00, u:0.00, theta1:21.892, theta2:11.583, e:22.201
t:25.24, r:0.00, omega:22.20, omega_m:0.00, u:0.00, theta1:21.892, theta2:11.607, e:22.201
t:25.25, r:0.00, omega:22.20, omega_m:0.00, u:0.00, theta1:21.892, theta2:11.632, e:22.201
t:25.26, r:0.00, omega:22.20, omega_m:0.00, u:0.00, theta1:21.892, theta2:11.657, e:22.201
t:25.27, r:0.00, omega:22.20, omega_m:0.00, u:0.00, theta1:21.892, theta2:11.681, e:22.201
t:25.28, r:0.00, omega:22.20, omega_m:0.00, u:0.00, theta1:21.892, theta2:11.706, e:22.201
t:25.29, r:0.00, omega:22.20, omega_m:0.00, u:0.00, theta1:21.892, theta2:11.731, e:22.201
t:25.30, r:0.00, omega:22.20, omega_m:0.00, u:0.00, theta1:21.892, theta2:11.755, e:22.201
t:25.31, r:0.00, omega:22.20, omega_m:0.00, u:0.00, theta1:21.892, theta2:11.780, e:22.201
t:25.32, r:0.00, omega:22.20, omega_m:0.00, u:0.00, theta1:21.892, theta2:11.804, e:22.201
t:25.33, r:0.00, omega:22.20, omega_m:0.00, u:0.00, theta1:21.892, theta2:11.829, e:22.201
t:25.34, r:0.00, omega:22.20, omega_m:0.00, u:0.00, theta1:21.892, theta2:11.854, e:22.201
t:25.35, r:0.00, omega:22.20, omega_m:0.00, u:0.00, theta1:21.892, theta2:11.878, e:22.201
t:25.36, r:0.00, omega:22.20, omega_m:0.00, u:0.00, theta1:21.892, theta2:11.903, e:22.201
t:25.37, r:0.00, omega:22.20, omega_m:0.00, u:0.00, theta1:21.892, theta2:11.928, e:22.201
t:25.38, r:0.00, omega:22.20, omega_m:0.00, u:0.00, theta1:21.892, theta2:11.952, e:22.201
t:25.39, r:0.00, omega:22.20, omega_m:0.00, u:0.00, theta1:21.892, theta2:11.977, e:22.201
t:25.40, r:0.00, omega:22.20, omega_m:0.00, u:0.00, theta1:21.892, theta2:12.002, e:22.201
t:25.41, r:0.00, omega:22.20, omega_m:0.00, u:0.00, theta1:21.892, theta2:12.026, e:22.201
t:25.42, r:0.00, omega:22.20, omega_m:0.00, u:0.00, theta1:21.892, theta2:12.051, e:22.201
t:25.43, r:0.00, omega:22.20, omega_m:0.00, u:0.00, theta1:21.892, theta2:12.076, e:22.201
t:25.44, r:0.00, omega:22.20, omega_m:0.00, u:0.00, theta1:21.892, theta2:12.100, e:22.201
t:25.45, r:0.00, omega:22.20, omega_m:0.00, u:0.00, theta1:21.892, theta2:12.125, e:22.201
t:25.46, r:0.00, omega:22.20, omega_m:0.00, u:0.00, theta1:21.892, theta2:12.149, e:22.201
t:25.47, r:0.00, omega:22.20, omega_m:0.00, u:0.00, theta1:21.892, theta2:12.174, e:22.201
t:25.48, r:0.00, omega:22.20, omega_m:0.00, u:0.00, theta1:21.892, theta2:12.199, e:22.201
t:25.49, r:0.00, omega:22.20, omega_m:0.00, u:0.00, theta1:21.892, theta2:12.223, e:22.201
t:25.50, r:0.00, omega:22.20, omega_m:0.00, u:0.00, theta1:21.892, theta2:12.248, e:22.201
t:25.51, r:0.00, omega:22.20, omega_m:0.00, u:0.00, theta1:21.892, theta2:12.273, e:22.201
t:25.52, r:0.00, omega:0.00, omega_m:0.00, u:0.00, theta1:21.892, theta2:12.273, e:-0.000
t:25.53, r:0.00, omega:0.00, omega_m:0.00, u:0.00, theta1:21.892, theta2:12.273, e:-0.000
t:25.54, r:0.00, omega:0.00, omega_m:0.00, u:0.00, theta1:21.892, theta2:12.273, e:-0.000
t:25.55, r:0.00, omega:0.00, omega_m:0.00, u:0.00, theta1:21.892, theta2:12.273, e:-0.000
t:25.56, r:0.00, omega:0.00, omega_m:0.00, u:0.00, theta1:21.892, theta2:12.273, e:-0.000
t:25.57, r:0.00, omega:0.00, omega_m:0.00, u:0.00, theta1:21.892, theta2:12.273, e:-0.000
t:25.58, r:0.00, omega:0.00, omega_m:0.00, u:0.00, theta1:21.892, theta2:12.273, e:-0.000
t:25.59, r:0.00, omega:0.00, omega_m:0.00, u:0.00, theta1:21.892, theta2:12.273, e:-0.000
t:25.60, r:0.00, omega:0.00, omega_m:0.00, u:0.00, theta1:21.892, theta2:12.273, e:-0.000
t:25.61, r:0.00, omega:0.00, omega_m:0.00, u:0.00, theta1:21.892, theta2:12.273, e:-0.000
t:25.62, r:0.00, omega:0.00, omega_m:0.00, u:0.00, theta1:21.892, theta2:12.273, e:-0.000
t:25.63, r:0.00, omega:0.00, omega_m:0.00, u:0.00, theta1:21.892, theta2:12.273, e:-0.000
t:25.64, r:0.00, omega:0.00, omega_m:0.00, u:0.00, theta1:21.892, theta2:12.273, e:-0.000
t:25.65, r:0.00, omega:0.00, omega_m:0.00, u:0.00, theta1:21.892, theta2:12.273, e:-0.000
t:25.66, r:0.00, omega:0.00, omega_m:0.00, u:0.00, theta1:21.892, theta2:12.273, e:-0.000
t:25.67, r:0.00, omega:0.00, omega_m:0.00, u:0.00, theta1:21.892, theta2:12.273, e:-0.000
t:25.68, r:0.00, omega:0.00, omega_m:0.00, u:0.00, theta1:21.892, theta2:12.273, e:-0.000
t:25.69, r:0.00, omega:0.00, omega_m:0.00, u:0.00, theta1:21.892, theta2:12.273, e:-0.000
t:25.70, r:0.00, omega:0.00, omega_m:0.00, u:0.00, theta1:21.892, theta2:12.273, e:-0.000
t:25.71, r:0.00, omega:0.00, omega_m:0.00, u:0.00, theta1:21.892, theta2:12.273, e:-0.000
t:25.72, r:0.00, omega:0.00, omega_m:0.00, u:0.00, theta1:21.892, theta2:12.273, e:-0.000
t:25.73, r:0.00, omega:0.00, omega_m:0.00, u:0.00, theta1:21.892, theta2:12.273, e:-0.000
t:25.74, r:0.00, omega:0.00, omega_m:0.00, u:0.00, theta1:21.892, theta2:12.273, e:-0.000
t:25.75, r:0.00, omega:0.00, omega_m:0.00, u:0.00, theta1:21.892, theta2:12.273, e:-0.000
t:25.76, r:0.00, omega:0.00, omega_m:0.00, u:0.00, theta1:21.892, theta2:12.273, e:-0.000
t:25.77, r:0.00, omega:0.00, omega_m:0.00, u:0.00, theta1:21.892, theta2:12.273, e:-0.000
t:25.78, r:0.00, omega:0.00, omega_m:0.00, u:0.00, theta1:21.892, theta2:12.273, e:-0.000
t:25.79, r:0.00, omega:0.00, omega_m:0.00, u:0.00, theta1:21.892, theta2:12.273, e:-0.000
t:25.80, r:0.00, omega:0.00, omega_m:0.00, u:0.00, theta1:21.892, theta2:12.273, e:-0.000
t:25.81, r:0.00, omega:0.00, omega_m:0.00, u:0.00, theta1:21.892, theta2:12.273, e:-0.000
t:25.82, r:0.00, omega:0.00, omega_m:0.00, u:0.00, theta1:21.892, theta2:12.273, e:-0.000
t:25.83, r:0.00, omega:0.00, omega_m:0.00, u:0.00, theta1:21.892, theta2:12.273, e:-0.000
t:25.84, r:0.00, omega:0.00, omega_m:0.00, u:0.00, theta1:21.892, theta2:12.273, e:-0.000
t:25.85, r:0.00, omega:0.00, omega_m:0.00, u:0.00, theta1:21.892, theta2:12.273, e:-0.000
t:25.86, r:0.00, omega:0.00, omega_m:0.00, u:0.00, theta1:21.892, theta2:12.273, e:-0.000
t:25.87, r:0.00, omega:0.00, omega_m:0.00, u:0.00, theta1:21.892, theta2:12.273, e:-0.000
t:25.88, r:0.00, omega:0.00, omega_m:0.00, u:0.00, theta1:21.892, theta2:12.273, e:-0.000
t:25.89, r:0.00, omega:0.00, omega_m:0.00, u:0.00, theta1:21.892, theta2:12.273, e:-0.000
t:25.90, r:0.00, omega:0.00, omega_m:0.00, u:0.00, theta1:21.892, theta2:12.273, e:-0.000
t:25.91, r:0.00, omega:0.00, omega_m:0.00, u:0.00, theta1:21.892, theta2:12.273, e:-0.000
t:25.92, r:0.00, omega:0.00, omega_m:0.00, u:0.00, theta1:21.892, theta2:12.273, e:-0.000
t:25.93, r:0.00, omega:0.00, omega_m:0.00, u:0.00, theta1:21.892, theta2:12.273, e:-0.000
t:25.94, r:0.00, omega:0.00, omega_m:0.00, u:0.00, theta1:21.892, theta2:12.273, e:-0.000
t:25.95, r:0.00, omega:0.00, omega_m:0.00, u:0.00, theta1:21.892, theta2:12.273, e:-0.000
t:25.96, r:0.00, omega:0.00, omega_m:0.00, u:0.00, theta1:21.892, theta2:12.273, e:-0.000
t:25.97, r:0.00, omega:0.00, omega_m:0.00, u:0.00, theta1:21.892, theta2:12.273, e:-0.000
t:25.98, r:0.00, omega:0.00, omega_m:0.00, u:0.00, theta1:21.892, theta2:12.273, e:-0.000
t:25.99, r:0.00, omega:0.00, omega_m:0.00, u:0.00, theta1:21.892, theta2:12.273, e:-0.000
t:26.00, r:0.00, omega:0.00, omega_m:0.00, u:0.00, theta1:21.892, theta2:12.273, e:-0.000
t:26.01, r:-25.00, omega:0.00, omega_m:-15.80, u:-547.79, theta1:21.912, theta2:12.273, e:15.803
t:26.02, r:-25.00, omega:0.00, omega_m:-21.62, u:-548.47, theta1:21.939, theta2:12.273, e:21.617
t:26.03, r:-25.00, omega:-0.52, omega_m:-23.76, u:-542.83, theta1:21.968, theta2:12.272, e:23.237
t:26.04, r:-25.00, omega:-0.52, omega_m:-24.54, u:-543.58, theta1:21.998, theta2:12.271, e:24.023
t:26.05, r:-25.00, omega:-22.81, omega_m:-24.83, u:-270.14, theta1:22.000, theta2:12.269, e:2.021
t:26.06, r:-25.00, omega:-22.81, omega_m:-24.94, u:-270.26, theta1:22.003, theta2:12.267, e:2.127
t:26.07, r:-25.00, omega:-31.24, omega_m:-24.98, u:-166.42, theta1:21.995, theta2:12.277, e:-6.258
t:26.08, r:-25.00, omega:-31.24, omega_m:-24.99, u:-165.92, theta1:21.987, theta2:12.286, e:-6.244
t:26.09, r:-25.00, omega:-21.86, omega_m:-25.00, u:-281.29, theta1:21.991, theta2:12.283, e:3.137
t:26.10, r:-25.00, omega:-21.86, omega_m:-25.00, u:-281.46, theta1:21.995, theta2:12.279, e:3.139
t:26.11, r:-25.00, omega:-21.86, omega_m:-25.00, u:-281.63, theta1:21.999, theta2:12.276, e:3.140
t:26.12, r:-25.00, omega:-18.05, omega_m:-25.00, u:-328.70, theta1:22.008, theta2:12.270, e:6.947
t:26.13, r:-25.00, omega:-18.05, omega_m:-25.00, u:-329.03, theta1:22.017, theta2:12.263, e:6.947
t:26.14, r:-25.00, omega:-18.05, omega_m:-25.00, u:-329.36, theta1:22.025, theta2:12.257, e:6.947
t:26.15, r:-25.00, omega:-20.40, omega_m:-25.00, u:-300.83, theta1:22.031, theta2:12.252, e:4.600
t:26.16, r:-25.00, omega:-20.40, omega_m:-25.00, u:-301.07, theta1:22.037, theta2:12.248, e:4.600
t:26.17, r:-25.00, omega:-21.95, omega_m:-25.00, u:-282.25, theta1:22.041, theta2:12.244, e:3.050
t:26.18, r:-25.00, omega:-21.95, omega_m:-25.00, u:-282.42, theta1:22.044, theta2:12.241, e:3.050
t:26.19, r:-25.00, omega:-22.28, omega_m:-25.00, u:-278.56, theta1:22.048, theta2:12.238, e:2.722
t:26.20, r:-25.00, omega:-22.28, omega_m:-25.00, u:-278.71, theta1:22.051, theta2:12.235, e:2.722
t:26.21, r:-25.00, omega:-22.28, omega_m:-25.00, u:-278.86, theta1:22.055, theta2:12.232, e:2.722
t:26.22, r:-25.00, omega:-21.84, omega_m:-25.00, u:-284.33, theta1:22.059, theta2:12.229, e:3.155
t:26.23, r:-25.00, omega:-21.84, omega_m:-25.00, u:-284.51, theta1:22.062, theta2:12.225, e:3.155
t:26.24, r:-25.00, omega:-21.84, omega_m:-25.00, u:-284.68, theta1:22.066, theta2:12.222, e:3.155
t:26.25, r:-25.00, omega:-18.70, omega_m:-25.00, u:-323.41, theta1:22.074, theta2:12.216, e:6.299
t:26.26, r:-25.00, omega:-18.70, omega_m:-25.00, u:-323.72, theta1:22.082, theta2:12.210, e:6.299
t:26.27, r:-25.00, omega:-20.31, omega_m:-25.00, u:-304.37, theta1:22.088, theta2:12.205, e:4.694
t:26.28, r:-25.00, omega:-20.31, omega_m:-25.00, u:-304.61, theta1:22.094, theta2:12.200, e:4.694
t:26.29, r:-25.00, omega:-20.31, omega_m:-25.00, u:-304.86, theta1:22.100, theta2:12.196, e:4.694
t:26.30, r:-25.00, omega:-21.84, omega_m:-25.00, u:-286.30, theta1:22.104, theta2:12.192, e:3.159
t:26.31, r:-25.00, omega:-21.84, omega_m:-25.00, u:-286.48, theta1:22.108, theta2:12.189, e:3.159
t:26.32, r:-25.00, omega:-22.11, omega_m:-25.00, u:-283.32, theta1:22.111, theta2:12.185, e:2.887
t:26.33, r:-25.00, omega:-22.11, omega_m:-25.00, u:-283.48, theta1:22.115, theta2:12.182, e:2.887
t:26.34, r:-25.00, omega:-22.11, omega_m:-25.00, u:-283.64, theta1:22.118, theta2:12.179, e:2.887
t:26.35, r:-25.00, omega:-19.83, omega_m:-25.00, u:-311.71, theta1:22.125, theta2:12.174, e:5.170
t:26.36, r:-25.00, omega:-19.83, omega_m:-25.00, u:-311.97, theta1:22.131, theta2:12.169, e:5.170
t:26.37, r:-25.00, omega:-20.08, omega_m:-25.00, u:-309.21, theta1:22.138, theta2:12.164, e:4.922
t:26.38, r:-25.00, omega:-20.08, omega_m:-25.00, u:-309.46, theta1:22.144, theta2:12.159, e:4.922
t:26.39, r:-25.00, omega:-20.08, omega_m:-25.00, u:-309.72, theta1:22.150, theta2:12.154, e:4.922
t:26.40, r:-25.00, omega:-21.85, omega_m:-25.00, u:-288.35, theta1:22.154, theta2:12.151, e:3.150
t:26.41, r:-25.00, omega:-21.85, omega_m:-25.00, u:-288.52, theta1:22.158, theta2:12.147, e:3.150
t:26.42, r:-25.00, omega:-21.55, omega_m:-25.00, u:-292.34, theta1:22.162, theta2:12.143, e:3.448
t:26.43, r:-25.00, omega:-21.55, omega_m:-25.00, u:-292.53, theta1:22.166, theta2:12.140, e:3.448
t:26.44, r:-25.00, omega:-21.55, omega_m:-25.00, u:-292.72, theta1:22.171, theta2:12.136, e:3.448
t:26.45, r:-25.00, omega:-21.27, omega_m:-25.00, u:-296.33, theta1:22.175, theta2:12.132, e:3.729
t:26.46, r:-25.00, omega:-21.27, omega_m:-25.00, u:-296.53, theta1:22.180, theta2:12.128, e:3.729
t:26.47, r:-25.00, omega:-20.89, omega_m:-25.00, u:-301.36, theta1:22.185, theta2:12.124, e:4.110
t:26.48, r:-25.00, omega:-20.89, omega_m:-25.00, u:-301.57, theta1:22.190, theta2:12.119, e:4.110
t:26.49, r:-25.00, omega:-20.89, omega_m:-25.00, u:-301.79, theta1:22.195, theta2:12.115, e:4.110
t:26.50, r:-25.00, omega:-20.70, omega_m:-25.00, u:-304.29, theta1:22.201, theta2:12.111, e:4.297
t:26.51, r:-25.00, omega:-20.70, omega_m:-25.00, u:-304.52, theta1:22.206, theta2:12.106, e:4.297
t:26.52, r:-25.00, omega:-20.70, omega_m:-25.00, u:-304.79, theta1:22.212, theta2:12.102, e:4.301
t:26.53, r:-25.00, omega:-20.70, omega_m:-25.00, u:-305.02, theta1:22.217, theta2:12.097, e:4.301
t:26.54, r:-25.00, omega:-22.34, omega_m:-25.00, u:-285.27, theta1:22.220, theta2:12.094, e:2.656
t:26.55, r:-25.00, omega:-22.34, omega_m:-25.00, u:-285.42, theta1:22.224, theta2:12.091, e:2.656
t:26.56, r:-25.00, omega:-22.34, omega_m:-25.00, u:-285.57, theta1:22.227, theta2:12.088, e:2.656
t:26.57, r:-25.00, omega:-21.84, omega_m:-25.00, u:-291.86, theta1:22.231, theta2:12.085, e:3.162
t:26.58, r:-25.00, omega:-21.84, omega_m:-25.00, u:-292.04, theta1:22.235, theta2:12.082, e:3.162
t:26.59, r:-25.00, omega:-21.84, omega_m:-25.00, u:-292.21, theta1:22.239, theta2:12.078, e:3.162
t:26.60, r:-25.00, omega:-19.29, omega_m:-25.00, u:-323.26, theta1:22.246, theta2:12.073, e:5.710
t:26.61, r:-25.00, omega:-19.29, omega_m:-25.00, u:-323.55, theta1:22.253, theta2:12.067, e:5.710
t:26.62, r:-25.00, omega:-21.40, omega_m:-25.00, u:-298.30, theta1:22.257, theta2:12.063, e:3.602
t:26.63, r:-25.00, omega:-21.40, omega_m:-25.00, u:-298.50, theta1:22.262, theta2:12.059, e:3.602
t:26.64, r:-25.00, omega:-21.40, omega_m:-25.00, u:-298.69, theta1:22.266, theta2:12.056, e:3.602
t:26.65, r:-25.00, omega:-20.78, omega_m:-25.00, u:-306.34, theta1:22.272, theta2:12.051, e:4.217
t:26.66, r:-25.00, omega:-20.78, omega_m:-25.00, u:-306.56, theta1:22.277, theta2:12.047, e:4.217
t:26.67, r:-25.00, omega:-21.79, omega_m:-25.00, u:-294.65, theta1:22.281, theta2:12.043, e:3.214
t:26.68, r:-25.00, omega:-21.79, omega_m:-25.00, u:-294.83, theta1:22.285, theta2:12.040, e:3.214
t:26.69, r:-25.00, omega:-21.54, omega_m:-25.00, u:-297.94, theta1:22.289, theta2:12.036, e:3.457
t:26.70, r:-25.00, omega:-21.54, omega_m:-25.00, u:-298.13, theta1:22.294, theta2:12.032, e:3.457
t:26.71, r:-25.00, omega:-21.54, omega_m:-25.00, u:-298.32, theta1:22.298, theta2:12.029, e:3.457
t:26.72, r:-25.00, omega:-21.27, omega_m:-25.00, u:-301.80, theta1:22.303, theta2:12.025, e:3.729
t:26.73, r:-25.00, omega:-21.27, omega_m:-25.00, u:-302.00, theta1:22.307, theta2:12.021, e:3.729
t:26.74, r:-25.00, omega:-21.17, omega_m:-25.00, u:-303.43, theta1:22.312, theta2:12.017, e:3.832
t:26.75, r:-25.00, omega:-21.17, omega_m:-25.00, u:-303.64, theta1:22.317, theta2:12.013, e:3.832
t:26.76, r:-25.00, omega:-21.17, omega_m:-25.00, u:-303.84, theta1:22.322, theta2:12.009, e:3.832
t:26.77, r:-25.00, omega:-21.20, omega_m:-25.00, u:-303.66, theta1:22.326, theta2:12.004, e:3.799
t:26.78, r:-25.00, omega:-21.20, omega_m:-25.00, u:-303.86, theta1:22.331, theta2:12.000, e:3.799
t:26.79, r:-25.00, omega:-22.72, omega_m:-25.00, u:-285.80, theta1:22.334, theta2:11.998, e:2.283
t:26.80, r:-25.00, omega:-22.72, omega_m:-25.00, u:-285.93, theta1:22.337, theta2:11.995, e:2.283
t:26.81, r:-25.00, omega:-22.72, omega_m:-25.00, u:-286.06, theta1:22.340, theta2:11.993, e:2.283
t:26.82, r:-25.00, omega:-20.96, omega_m:-25.00, u:-307.38, theta1:22.345, theta2:11.988, e:4.043
t:26.83, r:-25.00, omega:-20.96, omega_m:-25.00, u:-307.60, theta1:22.350, theta2:11.984, e:4.043
t:26.84, r:-25.00, omega:-20.73, omega_m:-25.00, u:-310.56, theta1:22.355, theta2:11.980, e:4.272
t:26.85, r:-25.00, omega:-20.73, omega_m:-25.00, u:-310.78, theta1:22.361, theta2:11.975, e:4.272
t:26.86, r:-25.00, omega:-21.96, omega_m:-25.00, u:-296.23, theta1:22.364, theta2:11.972, e:3.042
t:26.87, r:-25.00, omega:-21.96, omega_m:-25.00, u:-296.40, theta1:22.368, theta2:11.969, e:3.042
t:26.88, r:-25.00, omega:-21.96, omega_m:-25.00, u:-296.57, theta1:22.372, theta2:11.965, e:3.042
t:26.89, r:-25.00, omega:-19.98, omega_m:-25.00, u:-320.48, theta1:22.378, theta2:11.960, e:5.019
t:26.90, r:-25.00, omega:-19.98, omega_m:-25.00, u:-320.74, theta1:22.385, theta2:11.955, e:5.019
t:26.91, r:-25.00, omega:-22.25, omega_m:-25.00, u:-293.81, theta1:22.388, theta2:11.952, e:2.754
t:26.92, r:-25.00, omega:-22.25, omega_m:-25.00, u:-293.97, theta1:22.391, theta2:11.949, e:2.754
t:26.93, r:-25.00, omega:-22.25, omega_m:-25.00, u:-294.12, theta1:22.395, theta2:11.946, e:2.754
t:26.94, r:-25.00, omega:-22.14, omega_m:-25.00, u:-295.51, theta1:22.398, theta2:11.943, e:2.857
t:26.95, r:-25.00, omega:-22.14, omega_m:-25.00, u:-295.66, theta1:22.402, theta2:11.940, e:2.857
t:26.96, r:-25.00, omega:-21.42, omega_m:-25.00, u:-304.47, theta1:22.406, theta2:11.936, e:3.578
t:26.97, r:-25.00, omega:-21.42, omega_m:-25.00, u:-304.66, theta1:22.411, theta2:11.932, e:3.578
t:26.98, r:-25.00, omega:-21.42, omega_m:-25.00, u:-304.86, theta1:22.415, theta2:11.928, e:3.578
t:26.99, r:-25.00, omega:-20.19, omega_m:-25.00, u:-319.82, theta1:22.421, theta2:11.923, e:4.812
t:27.00, r:-25.00, omega:-20.19, omega_m:-25.00, u:-320.07, theta1:22.427, theta2:11.919, e:4.812
t:27.01, r:0.00, omega:-22.17, omega_m:-9.20, u:0.00, theta1:22.427, theta2:11.933, e:-12.972
t:27.02, r:0.00, omega:-22.17, omega_m:-3.38, u:0.00, theta1:22.427, theta2:11.954, e:-18.785
t:27.03, r:0.00, omega:-22.17, omega_m:-1.24, u:0.00, theta1:22.427, theta2:11.977, e:-20.924
t:27.04, r:0.00, omega:-22.17, omega_m:-0.46, u:0.00, theta1:22.427, theta2:12.001, e:-21.711
t:27.05, r:0.00, omega:-13.16, omega_m:-0.17, u:0.00, theta1:22.427, theta2:12.010, e:-12.988
t:27.06, r:0.00, omega:-13.16, omega_m:-0.06, u:0.00, theta1:22.427, theta2:12.018, e:-13.095
t:27.07, r:0.00, omega:-13.16, omega_m:-0.02, u:0.00, theta1:22.427, theta2:12.027, e:-13.134
t:27.08, r:0.00, omega:-13.16, omega_m:-0.01, u:0.00, theta1:22.427, theta2:12.035, e:-13.148
t:27.09, r:0.00, omega:-13.16, omega_m:-0.00, u:0.00, theta1:22.427, theta2:12.044, e:-13.154
t:27.10, r:0.00, omega:-13.16, omega_m:-0.00, u:0.00, theta1:22.427, theta2:12.053, e:-13.156
t:27.11, r:0.00, omega:-13.16, omega_m:-0.00, u:0.00, theta1:22.427, theta2:12.061, e:-13.156
t:27.12, r:0.00, omega:-13.16, omega_m:-0.00, u:0.00, theta1:22.427, theta2:12.070, e:-13.157
t:27.13, r:0.00, omega:-13.16, omega_m:-0.00, u:0.00, theta1:22.427, theta2:12.079, e:-13.157
t:27.14, r:0.00, omega:-13.16, omega_m:-0.00, u:0.00, theta1:22.427, theta2:12.087, e:-13.157
t:27.15, r:0.00, omega:-13.16, omega_m:-0.00, u:0.00, theta1:22.427, theta2:12.096, e:-13.157
t:27.16, r:0.00, omega:-13.16, omega_m:-0.00, u:0.00, theta1:22.427, theta2:12.105, e:-13.157
t:27.17, r:0.00, omega:-13.16, omega_m:-0.00, u:0.00, theta1:22.427, theta2:12.113, e:-13.157
t:27.18, r:0.00, omega:-13.16, omega_m:-0.00, u:0.00, theta1:22.427, theta2:12.122, e:-13.157
t:27.19, r:0.00, omega:-13.16, omega_m:-0.00, u:0.00, theta1:22.427, theta2:12.131, e:-13.157
t:27.20, r:0.00, omega:-13.16, omega_m:-0.00, u:0.00, theta1:22.427, theta2:12.139, e:-13.157
t:27.21, r:0.00, omega:-13.16, omega_m:-0.00, u:0.00, theta1:22.427, theta2:12.148, e:-13.157
t:27.22, r:0.00, omega:-13.16, omega_m:-0.00, u:0.00, theta1:22.427, theta2:12.157, e:-13.157
t:27.23, r:0.00, omega:-13.16, omega_m:-0.00, u:0.00, theta1:22.427, theta2:12.165, e:-13.157
t:27.24, r:0.00, omega:-13.16, omega_m:-0.00, u:0.00, theta1:22.427, theta2:12.174, e:-13.157
t:27.25, r:0.00, omega:-13.16, omega_m:-0.00, u:0.00, theta1:22.427, theta2:12.183, e:-13.157
t:27.26, r:0.00, omega:-13.16, omega_m:-0.00, u:0.00, theta1:22.427, theta2:12.191, e:-13.157
t:27.27, r:0.00, omega:-13.16, omega_m:-0.00, u:0.00, theta1:22.427, theta2:12.200, e:-13.157
t:27.28, r:0.00, omega:-13.16, omega_m:-0.00, u:0.00, theta1:22.427, theta2:12.209, e:-13.157
t:27.29, r:0.00, omega:-13.16, omega_m:-0.00, u:0.00, theta1:22.427, theta2:12.217, e:-13.157
t:27.30, r:0.00, omega:-13.16, omega_m:-0.00, u:0.00, theta1:22.427, theta2:12.226, e:-13.157
t:27.31, r:0.00, omega:-13.16, omega_m:-0.00, u:0.00, theta1:22.427, theta2:12.235, e:-13.157
t:27.32, r:0.00, omega:-13.16, omega_m:-0.00, u:0.00, theta1:22.427, theta2:12.243, e:-13.157
t:27.33, r:0.00, omega:-13.16, omega_m:-0.00, u:0.00, theta1:22.427, theta2:12.252, e:-13.157
t:27.34, r:0.00, omega:-13.16, omega_m:-0.00, u:0.00, theta1:22.427, theta2:12.261, e:-13.157
t:27.35, r:0.00, omega:-13.16, omega_m:-0.00, u:0.00, theta1:22.427, theta2:12.269, e:-13.157
t:27.36, r:0.00, omega:-13.16, omega_m:-0.00, u:0.00, theta1:22.427, theta2:12.278, e:-13.157
t:27.37, r:0.00, omega:-13.16, omega_m:-0.00, u:0.00, theta1:22.427, theta2:12.286, e:-13.157
t:27.38, r:0.00, omega:-13.16, omega_m:-0.00, u:0.00, theta1:22.427, theta2:12.295, e:-13.157
t:27.39, r:0.00, omega:-13.16, omega_m:-0.00, u:0.00, theta1:22.427, theta2:12.304, e:-13.157
t:27.40, r:0.00, omega:-13.16, omega_m:-0.00, u:0.00, theta1:22.427, theta2:12.312, e:-13.157
t:27.41, r:0.00, omega:-13.16, omega_m:-0.00, u:0.00, theta1:22.427, theta2:12.321, e:-13.157
t:27.42, r:0.00, omega:-13.16, omega_m:-0.00, u:0.00, theta1:22.427, theta2:12.330, e:-13.157
t:27.43, r:0.00, omega:-13.16, omega_m:-0.00, u:0.00, theta1:22.427, theta2:12.338, e:-13.157
t:27.44, r:0.00, omega:-13.16, omega_m:-0.00, u:0.00, theta1:22.427, theta2:12.347, e:-13.157
t:27.45, r:0.00, omega:-13.16, omega_m:-0.00, u:0.00, theta1:22.427, theta2:12.356, e:-13.157
t:27.46, r:0.00, omega:-13.16, omega_m:-0.00, u:0.00, theta1:22.427, theta2:12.364, e:-13.157
t:27.47, r:0.00, omega:-13.16, omega_m:-0.00, u:0.00, theta1:22.427, theta2:12.373, e:-13.157
t:27.48, r:0.00, omega:-13.16, omega_m:-0.00, u:0.00, theta1:22.427, theta2:12.382, e:-13.157
t:27.49, r:0.00, omega:-13.16, omega_m:-0.00, u:0.00, theta1:22.427, theta2:12.390, e:-13.157
t:27.50, r:0.00, omega:-13.16, omega_m:-0.00, u:0.00, theta1:22.427, theta2:12.399, e:-13.157
t:27.51, r:0.00, omega:-13.16, omega_m:-0.00, u:0.00, theta1:22.427, theta2:12.408, e:-13.157
t:27.52, r:0.00, omega:-13.16, omega_m:-0.00, u:0.00, theta1:22.427, theta2:12.416, e:-13.157
t:27.53, r:0.00, omega:-13.16, omega_m:-0.00, u:0.00, theta1:22.427, theta2:12.425, e:-13.157
t:27.54, r:0.00, omega:-13.16, omega_m:-0.00, u:0.00, theta1:22.427, theta2:12.434, e:-13.157
t:27.55, r:0.00, omega:0.00, omega_m:-0.00, u:0.00, theta1:22.427, theta2:12.434, e:0.000
t:27.56, r:0.00, omega:0.00, omega_m:-0.00, u:0.00, theta1:22.427, theta2:12.434, e:0.000
t:27.57, r:0.00, omega:0.00, omega_m:-0.00, u:0.00, theta1:22.427, theta2:12.434, e:0.000
t:27.58, r:0.00, omega:0.00, omega_m:-0.00, u:0.00, theta1:22.427, theta2:12.434, e:0.000
t:27.59, r:0.00, omega:0.00, omega_m:-0.00, u:0.00, theta1:22.427, theta2:12.434, e:0.000
t:27.60, r:0.00, omega:0.00, omega_m:-0.00, u:0.00, theta1:22.427, theta2:12.434, e:0.000
t:27.61, r:0.00, omega:0.00, omega_m:-0.00, u:0.00, theta1:22.427, theta2:12.434, e:0.000
t:27.62, r:0.00, omega:0.00, omega_m:-0.00, u:0.00, theta1:22.427, theta2:12.434, e:0.000
t:27.63, r:0.00, omega:0.00, omega_m:-0.00, u:0.00, theta1:22.427, theta2:12.434, e:0.000
t:27.64, r:0.00, omega:0.00, omega_m:-0.00, u:0.00, theta1:22.427, theta2:12.434, e:0.000
t:27.65, r:0.00, omega:0.00, omega_m:-0.00, u:0.00, theta1:22.427, theta2:12.434, e:0.000
t:27.66, r:0.00, omega:0.00, omega_m:-0.00, u:0.00, theta1:22.427, theta2:12.434, e:0.000
t:27.67, r:0.00, omega:0.00, omega_m:-0.00, u:0.00, theta1:22.427, theta2:12.434, e:0.000
t:27.68, r:0.00, omega:0.00, omega_m:-0.00, u:0.00, theta1:22.427, theta2:12.434, e:0.000
t:27.69, r:0.00, omega:0.00, omega_m:-0.00, u:0.00, theta1:22.427, theta2:12.434, e:0.000
t:27.70, r:0.00, omega:0.00, omega_m:-0.00, u:0.00, theta1:22.427, theta2:12.434, e:0.000
t:27.71, r:0.00, omega:0.00, omega_m:-0.00, u:0.00, theta1:22.427, theta2:12.434, e:0.000
t:27.72, r:0.00, omega:0.00, omega_m:-0.00, u:0.00, theta1:22.427, theta2:12.434, e:0.000
t:27.73, r:0.00, omega:0.00, omega_m:-0.00, u:0.00, theta1:22.427, theta2:12.434, e:0.000
t:27.74, r:0.00, omega:0.00, omega_m:-0.00, u:0.00, theta1:22.427, theta2:12.434, e:0.000
t:27.75, r:0.00, omega:0.00, omega_m:-0.00, u:0.00, theta1:22.427, theta2:12.434, e:0.000
t:27.76, r:0.00, omega:0.00, omega_m:-0.00, u:0.00, theta1:22.427, theta2:12.434, e:0.000
t:27.77, r:0.00, omega:0.00, omega_m:-0.00, u:0.00, theta1:22.427, theta2:12.434, e:0.000
t:27.78, r:0.00, omega:0.00, omega_m:-0.00, u:0.00, theta1:22.427, theta2:12.434, e:0.000
t:27.79, r:0.00, omega:0.00, omega_m:-0.00, u:0.00, theta1:22.427, theta2:12.434, e:0.000
t:27.80, r:0.00, omega:0.00, omega_m:-0.00, u:0.00, theta1:22.427, theta2:12.434, e:0.000
t:27.81, r:0.00, omega:0.00, omega_m:-0.00, u:0.00, theta1:22.427, theta2:12.434, e:0.000
t:27.82, r:0.00, omega:0.00, omega_m:-0.00, u:0.00, theta1:22.427, theta2:12.434, e:0.000
t:27.83, r:0.00, omega:0.00, omega_m:-0.00, u:0.00, theta1:22.427, theta2:12.434, e:0.000
t:27.84, r:0.00, omega:0.00, omega_m:-0.00, u:0.00, theta1:22.427, theta2:12.434, e:0.000
t:27.85, r:0.00, omega:0.00, omega_m:-0.00, u:0.00, theta1:22.427, theta2:12.434, e:0.000
t:27.86, r:0.00, omega:0.00, omega_m:-0.00, u:0.00, theta1:22.427, theta2:12.434, e:0.000
t:27.87, r:0.00, omega:0.00, omega_m:-0.00, u:0.00, theta1:22.427, theta2:12.434, e:0.000
t:27.88, r:0.00, omega:0.00, omega_m:-0.00, u:0.00, theta1:22.427, theta2:12.434, e:0.000
t:27.89, r:0.00, omega:0.00, omega_m:-0.00, u:0.00, theta1:22.427, theta2:12.434, e:0.000
t:27.90, r:0.00, omega:0.00, omega_m:-0.00, u:0.00, theta1:22.427, theta2:12.434, e:0.000
t:27.91, r:0.00, omega:0.00, omega_m:-0.00, u:0.00, theta1:22.427, theta2:12.434, e:0.000
t:27.92, r:0.00, omega:0.00, omega_m:-0.00, u:0.00, theta1:22.427, theta2:12.434, e:0.000
t:27.93, r:0.00, omega:0.00, omega_m:-0.00, u:0.00, theta1:22.427, theta2:12.434, e:0.000
t:27.94, r:0.00, omega:0.00, omega_m:-0.00, u:0.00, theta1:22.427, theta2:12.434, e:0.000
t:27.95, r:0.00, omega:0.00, omega_m:-0.00, u:0.00, theta1:22.427, theta2:12.434, e:0.000
t:27.96, r:0.00, omega:0.00, omega_m:-0.00, u:0.00, theta1:22.427, theta2:12.434, e:0.000
t:27.97, r:0.00, omega:0.00, omega_m:-0.00, u:0.00, theta1:22.427, theta2:12.434, e:0.000
t:27.98, r:0.00, omega:0.00, omega_m:-0.00, u:0.00, theta1:22.427, theta2:12.434, e:0.000
t:27.99, r:0.00, omega:0.00, omega_m:-0.00, u:0.00, theta1:22.427, theta2:12.434, e:0.000
t:28.00, r:0.00, omega:0.00, omega_m:-0.00, u:0.00, theta1:22.427, theta2:12.434, e:0.000
t:28.01, r:25.00, omega:0.00, omega_m:15.80, u:561.18, theta1:22.447, theta2:12.434, e:-15.803
t:28.02, r:25.00, omega:0.00, omega_m:21.62, u:561.86, theta1:22.474, theta2:12.434, e:-21.617
t:28.03, r:25.00, omega:0.00, omega_m:23.76, u:562.60, theta1:22.504, theta2:12.434, e:-23.755
t:28.04, r:25.00, omega:0.53, omega_m:24.54, u:556.76, theta1:22.534, theta2:12.433, e:-24.012
t:28.05, r:25.00, omega:0.53, omega_m:24.83, u:557.52, theta1:22.564, theta2:12.432, e:-24.302
t:28.06, r:25.00, omega:29.05, omega_m:24.94, u:202.69, theta1:22.559, theta2:12.438, e:4.109
t:28.07, r:25.00, omega:34.74, omega_m:24.98, u:131.04, theta1:22.547, theta2:12.455, e:9.758
t:28.08, r:25.00, omega:34.74, omega_m:24.99, u:130.15, theta1:22.535, theta2:12.472, e:9.744
t:28.09, r:25.00, omega:34.74, omega_m:25.00, u:129.25, theta1:22.523, theta2:12.489, e:9.738
t:28.10, r:25.00, omega:22.42, omega_m:25.00, u:283.23, theta1:22.526, theta2:12.486, e:-2.581
t:28.11, r:25.00, omega:22.42, omega_m:25.00, u:283.37, theta1:22.529, theta2:12.483, e:-2.581
t:28.12, r:25.00, omega:22.42, omega_m:25.00, u:283.52, theta1:22.532, theta2:12.480, e:-2.582
t:28.13, r:25.00, omega:14.73, omega_m:25.00, u:379.93, theta1:22.545, theta2:12.473, e:-10.272
t:28.14, r:25.00, omega:14.73, omega_m:25.00, u:380.36, theta1:22.558, theta2:12.465, e:-10.272
t:28.15, r:25.00, omega:14.73, omega_m:25.00, u:380.79, theta1:22.571, theta2:12.458, e:-10.272
t:28.16, r:25.00, omega:20.40, omega_m:25.00, u:310.32, theta1:22.577, theta2:12.453, e:-4.596
t:28.17, r:25.00, omega:20.40, omega_m:25.00, u:310.56, theta1:22.582, theta2:12.448, e:-4.596
t:28.18, r:25.00, omega:24.74, omega_m:25.00, u:256.56, theta1:22.583, theta2:12.448, e:-0.256
t:28.19, r:25.00, omega:24.74, omega_m:25.00, u:256.57, theta1:22.583, theta2:12.448, e:-0.256
t:28.20, r:25.00, omega:21.72, omega_m:25.00, u:294.39, theta1:22.587, theta2:12.444, e:-3.280
t:28.21, r:25.00, omega:21.72, omega_m:25.00, u:294.57, theta1:22.591, theta2:12.441, e:-3.280
t:28.22, r:25.00, omega:21.72, omega_m:25.00, u:294.75, theta1:22.595, theta2:12.437, e:-3.280
t:28.23, r:25.00, omega:19.43, omega_m:25.00, u:323.56, theta1:22.602, theta2:12.432, e:-5.574
t:28.24, r:25.00, omega:19.43, omega_m:25.00, u:323.84, theta1:22.609, theta2:12.426, e:-5.574
t:28.25, r:25.00, omega:19.43, omega_m:25.00, u:324.12, theta1:22.616, theta2:12.421, e:-5.574
t:28.26, r:25.00, omega:20.96, omega_m:25.00, u:305.24, theta1:22.621, theta2:12.417, e:-4.037
t:28.27, r:25.00, omega:20.96, omega_m:25.00, u:305.45, theta1:22.626, theta2:12.412, e:-4.037
t:28.28, r:25.00, omega:21.89, omega_m:25.00, u:294.16, theta1:22.630, theta2:12.409, e:-3.113
t:28.29, r:25.00, omega:21.89, omega_m:25.00, u:294.33, theta1:22.634, theta2:12.405, e:-3.113
t:28.30, r:25.00, omega:21.48, omega_m:25.00, u:299.57, theta1:22.638, theta2:12.402, e:-3.520
t:28.31, r:25.00, omega:21.48, omega_m:25.00, u:299.76, theta1:22.643, theta2:12.398, e:-3.520
t:28.32, r:25.00, omega:21.48, omega_m:25.00, u:299.95, theta1:22.647, theta2:12.394, e:-3.520
t:28.33, r:25.00, omega:21.19, omega_m:25.00, u:303.79, theta1:22.652, theta2:12.390, e:-3.813
t:28.34, r:25.00, omega:21.19, omega_m:25.00, u:303.99, theta1:22.657, theta2:12.386, e:-3.813
t:28.35, r:25.00, omega:20.80, omega_m:25.00, u:308.95, theta1:22.662, theta2:12.382, e:-4.195
t:28.36, r:25.00, omega:20.80, omega_m:25.00, u:309.17, theta1:22.667, theta2:12.377, e:-4.195
t:28.37, r:25.00, omega:20.80, omega_m:25.00, u:309.39, theta1:22.672, theta2:12.373, e:-4.195
t:28.38, r:25.00, omega:21.39, omega_m:25.00, u:302.36, theta1:22.677, theta2:12.369, e:-3.611
t:28.39, r:25.00, omega:21.39, omega_m:25.00, u:302.56, theta1:22.682, theta2:12.365, e:-3.611
t:28.40, r:25.00, omega:22.36, omega_m:25.00, u:290.69, theta1:22.685, theta2:12.362, e:-2.639
t:28.41, r:25.00, omega:22.36, omega_m:25.00, u:290.84, theta1:22.688, theta2:12.359, e:-2.639
t:28.42, r:25.00, omega:22.36, omega_m:25.00, u:290.99, theta1:22.691, theta2:12.356, e:-2.639
t:28.43, r:25.00, omega:20.56, omega_m:25.00, u:313.42, theta1:22.697, theta2:12.352, e:-4.436
t:28.44, r:25.00, omega:20.56, omega_m:25.00, u:313.65, theta1:22.703, theta2:12.347, e:-4.436
t:28.45, r:25.00, omega:20.40, omega_m:25.00, u:315.90, theta1:22.708, theta2:12.343, e:-4.599
t:28.46, r:25.00, omega:20.40, omega_m:25.00, u:316.14, theta1:22.714, theta2:12.338, e:-4.599
t:28.47, r:25.00, omega:20.40, omega_m:25.00, u:316.38, theta1:22.720, theta2:12.333, e:-4.599
t:28.48, r:25.00, omega:20.65, omega_m:25.00, u:313.55, theta1:22.725, theta2:12.329, e:-4.351
t:28.49, r:25.00, omega:20.65, omega_m:25.00, u:313.78, theta1:22.731, theta2:12.324, e:-4.351
t:28.50, r:25.00, omega:22.10, omega_m:25.00, u:296.09, theta1:22.734, theta2:12.321, e:-2.903
t:28.51, r:25.00, omega:22.10, omega_m:25.00, u:296.26, theta1:22.738, theta2:12.318, e:-2.903
t:28.52, r:25.00, omega:22.10, omega_m:25.00, u:296.42, theta1:22.742, theta2:12.315, e:-2.903
t:28.53, r:25.00, omega:22.00, omega_m:25.00, u:297.76, theta1:22.745, theta2:12.311, e:-2.998
t:28.54, r:25.00, omega:22.00, omega_m:25.00, u:297.93, theta1:22.749, theta2:12.308, e:-2.998
t:28.55, r:25.00, omega:21.75, omega_m:25.00, u:301.24, theta1:22.753, theta2:12.304, e:-3.253
t:28.56, r:25.00, omega:21.75, omega_m:25.00, u:301.42, theta1:22.757, theta2:12.301, e:-3.253
t:28.57, r:25.00, omega:20.88, omega_m:25.00, u:312.34, theta1:22.762, theta2:12.297, e:-4.123
t:28.58, r:25.00, omega:20.88, omega_m:25.00, u:312.56, theta1:22.767, theta2:12.292, e:-4.123
t:28.59, r:25.00, omega:20.88, omega_m:25.00, u:312.78, theta1:22.773, theta2:12.288, e:-4.123
t:28.60, r:25.00, omega:19.94, omega_m:25.00, u:324.57, theta1:22.779, theta2:12.283, e:-5.062
t:28.61, r:25.00, omega:19.94, omega_m:25.00, u:324.83, theta1:22.785, theta2:12.278, e:-5.062
t:28.62, r:25.00, omega:23.94, omega_m:25.00, u:275.77, theta1:22.787, theta2:12.277, e:-1.061
t:28.63, r:25.00, omega:23.94, omega_m:25.00, u:275.83, theta1:22.788, theta2:12.275, e:-1.061
t:28.64, r:25.00, omega:23.94, omega_m:25.00, u:275.90, theta1:22.789, theta2:12.274, e:-1.061
t:28.65, r:25.00, omega:21.32, omega_m:25.00, u:308.27, theta1:22.794, theta2:12.270, e:-3.682
t:28.66, r:25.00, omega:21.32, omega_m:25.00, u:308.47, theta1:22.798, theta2:12.266, e:-3.682
t:28.67, r:25.00, omega:21.32, omega_m:25.00, u:308.66, theta1:22.803, theta2:12.262, e:-3.682
t:28.68, r:25.00, omega:18.90, omega_m:25.00, u:338.60, theta1:22.811, theta2:12.257, e:-6.099
t:28.69, r:25.00, omega:18.90, omega_m:25.00, u:338.90, theta1:22.818, theta2:12.251, e:-6.099
t:28.70, r:25.00, omega:21.66, omega_m:25.00, u:305.29, theta1:22.822, theta2:12.247, e:-3.340
t:28.71, r:25.00, omega:21.66, omega_m:25.00, u:305.48, theta1:22.827, theta2:12.244, e:-3.340
t:28.72, r:25.00, omega:22.19, omega_m:25.00, u:299.09, theta1:22.830, theta2:12.240, e:-2.806
t:28.73, r:25.00, omega:22.19, omega_m:25.00, u:299.25, theta1:22.834, theta2:12.237, e:-2.806
t:28.74, r:25.00, omega:22.19, omega_m:25.00, u:299.40, theta1:22.837, theta2:12.234, e:-2.806
t:28.75, r:25.00, omega:21.98, omega_m:25.00, u:302.19, theta1:22.841, theta2:12.231, e:-3.020
t:28.76, r:25.00, omega:21.98, omega_m:25.00, u:302.36, theta1:22.845, theta2:12.228, e:-3.020
t:28.77, r:25.00, omega:20.33, omega_m:25.00, u:322.79, theta1:22.851, theta2:12.223, e:-4.672
t:28.78, r:25.00, omega:20.33, omega_m:25.00, u:323.04, theta1:22.856, theta2:12.218, e:-4.672
t:28.79, r:25.00, omega:20.33, omega_m:25.00, u:323.28, theta1:22.862, theta2:12.213, e:-4.672
t:28.80, r:25.00, omega:21.18, omega_m:25.00, u:313.12, theta1:22.867, theta2:12.209, e:-3.823
t:28.81, r:25.00, omega:21.18, omega_m:25.00, u:313.33, theta1:22.872, theta2:12.205, e:-3.823
t:28.82, r:25.00, omega:21.64, omega_m:25.00, u:307.80, theta1:22.876, theta2:12.202, e:-3.356
t:28.83, r:25.00, omega:21.64, omega_m:25.00, u:307.99, theta1:22.880, theta2:12.198, e:-3.356
t:28.84, r:25.00, omega:22.68, omega_m:25.00, u:295.47, theta1:22.883, theta2:12.195, e:-2.319
t:28.85, r:25.00, omega:22.68, omega_m:25.00, u:295.60, theta1:22.886, theta2:12.193, e:-2.319
t:28.86, r:25.00, omega:22.68, omega_m:25.00, u:295.73, theta1:22.889, theta2:12.190, e:-2.319
t:28.87, r:25.00, omega:23.07, omega_m:25.00, u:291.13, theta1:22.891, theta2:12.188, e:-1.932
t:28.88, r:25.00, omega:23.07, omega_m:25.00, u:291.24, theta1:22.894, theta2:12.186, e:-1.932
t:28.89, r:25.00, omega:20.49, omega_m:25.00, u:322.94, theta1:22.899, theta2:12.181, e:-4.514
t:28.90, r:25.00, omega:20.49, omega_m:25.00, u:323.18, theta1:22.905, theta2:12.176, e:-4.514
t:28.91, r:25.00, omega:20.49, omega_m:25.00, u:323.42, theta1:22.911, theta2:12.172, e:-4.514
t:28.92, r:25.00, omega:19.96, omega_m:25.00, u:330.11, theta1:22.917, theta2:12.167, e:-5.043
t:28.93, r:25.00, omega:19.96, omega_m:25.00, u:330.37, theta1:22.923, theta2:12.162, e:-5.043
t:28.94, r:25.00, omega:24.04, omega_m:25.00, u:280.73, theta1:22.924, theta2:12.161, e:-0.956
t:28.95, r:25.00, omega:24.04, omega_m:25.00, u:280.78, theta1:22.926, theta2:12.159, e:-0.956
t:28.96, r:25.00, omega:21.83, omega_m:25.00, u:307.87, theta1:22.930, theta2:12.156, e:-3.170
t:28.97, r:25.00, omega:21.83, omega_m:25.00, u:308.05, theta1:22.934, theta2:12.152, e:-3.170
t:28.98, r:25.00, omega:21.83, omega_m:25.00, u:308.22, theta1:22.938, theta2:12.149, e:-3.170
t:28.99, r:25.00, omega:19.63, omega_m:25.00, u:335.21, theta1:22.944, theta2:12.144, e:-5.369
t:29.00, r:25.00, omega:19.63, omega_m:25.00, u:335.48, theta1:22.951, theta2:12.138, e:-5.369
t:29.01, r:0.00, omega:23.28, omega_m:9.20, u:0.00, theta1:22.951, theta2:12.155, e:14.080
t:29.02, r:0.00, omega:23.28, omega_m:3.38, u:0.00, theta1:22.951, theta2:12.178, e:19.894
t:29.03, r:0.00, omega:23.28, omega_m:1.24, u:0.00, theta1:22.951, theta2:12.204, e:22.033
t:29.04, r:0.00, omega:23.28, omega_m:0.46, u:0.00, theta1:22.951, theta2:12.230, e:22.819
t:29.05, r:0.00, omega:23.28, omega_m:0.17, u:0.00, theta1:22.951, theta2:12.257, e:23.109
t:29.06, r:0.00, omega:23.28, omega_m:0.06, u:0.00, theta1:22.951, theta2:12.284, e:23.215
t:29.07, r:0.00, omega:23.28, omega_m:0.02, u:0.00, theta1:22.951, theta2:12.311, e:23.254
t:29.08, r:0.00, omega:23.28, omega_m:0.01, u:0.00, theta1:22.951, theta2:12.338, e:23.269
t:29.09, r:0.00, omega:23.28, omega_m:0.00, u:0.00, theta1:22.951, theta2:12.365, e:23.274
t:29.10, r:0.00, omega:23.28, omega_m:0.00, u:0.00, theta1:22.951, theta2:12.392, e:23.276
t:29.11, r:0.00, omega:23.28, omega_m:0.00, u:0.00, theta1:22.951, theta2:12.420, e:23.277
t:29.12, r:0.00, omega:23.28, omega_m:0.00, u:0.00, theta1:22.951, theta2:12.447, e:23.277
t:29.13, r:0.00, omega:23.28, omega_m:0.00, u:0.00, theta1:22.951, theta2:12.474, e:23.277
t:29.14, r:0.00, omega:23.28, omega_m:0.00, u:0.00, theta1:22.951, theta2:12.501, e:23.277
t:29.15, r:0.00, omega:23.28, omega_m:0.00, u:0.00, theta1:22.951, theta2:12.528, e:23.277
t:29.16, r:0.00, omega:23.28, omega_m:0.00, u:0.00, theta1:22.951, theta2:12.555, e:23.277
t:29.17, r:0.00, omega:23.28, omega_m:0.00, u:0.00, theta1:22.951, theta2:12.582, e:23.277
t:29.18, r:0.00, omega:23.28, omega_m:0.00, u:0.00, theta1:22.951, theta2:12.609, e:23.277
t:29.19, r:0.00, omega:23.28, omega_m:0.00, u:0.00, theta1:22.951, theta2:12.636, e:23.277
t:29.20, r:0.00, omega:23.28, omega_m:0.00, u:0.00, theta1:22.951, theta2:12.663, e:23.277
t:29.21, r:0.00, omega:23.28, omega_m:0.00, u:0.00, theta1:22.951, theta2:12.690, e:23.277
t:29.22, r:0.00, omega:23.28, omega_m:0.00, u:0.00, theta1:22.951, theta2:12.718, e:23.277
t:29.23, r:0.00, omega:23.28, omega_m:0.00, u:0.00, theta1:22.951, theta2:12.745, e:23.277
t:29.24, r:0.00, omega:23.28, omega_m:0.00, u:0.00, theta1:22.951, theta2:12.772, e:23.277
t:29.25, r:0.00, omega:23.28, omega_m:0.00, u:0.00, theta1:22.951, theta2:12.799, e:23.277
t:29.26, r:0.00, omega:23.28, omega_m:0.00, u:0.00, theta1:22.951, theta2:12.826, e:23.277
t:29.27, r:0.00, omega:23.28, omega_m:0.00, u:0.00, theta1:22.951, theta2:12.853, e:23.277
t:29.28, r:0.00, omega:23.28, omega_m:0.00, u:0.00, theta1:22.951, theta2:12.880, e:23.277
t:29.29, r:0.00, omega:23.28, omega_m:0.00, u:0.00, theta1:22.951, theta2:12.907, e:23.277
t:29.30, r:0.00, omega:23.28, omega_m:0.00, u:0.00, theta1:22.951, theta2:12.934, e:23.277
t:29.31, r:0.00, omega:23.28, omega_m:0.00, u:0.00, theta1:22.951, theta2:12.961, e:23.277
t:29.32, r:0.00, omega:23.28, omega_m:0.00, u:0.00, theta1:22.951, theta2:12.988, e:23.277
t:29.33, r:0.00, omega:23.28, omega_m:0.00, u:0.00, theta1:22.951, theta2:13.016, e:23.277
t:29.34, r:0.00, omega:23.28, omega_m:0.00, u:0.00, theta1:22.951, theta2:13.043, e:23.277
t:29.35, r:0.00, omega:23.28, omega_m:0.00, u:0.00, theta1:22.951, theta2:13.070, e:23.277
t:29.36, r:0.00, omega:23.28, omega_m:0.00, u:0.00, theta1:22.951, theta2:13.097, e:23.277
t:29.37, r:0.00, omega:23.28, omega_m:0.00, u:0.00, theta1:22.951, theta2:13.124, e:23.277
t:29.38, r:0.00, omega:23.28, omega_m:0.00, u:0.00, theta1:22.951, theta2:13.151, e:23.277
t:29.39, r:0.00, omega:23.28, omega_m:0.00, u:0.00, theta1:22.951, theta2:13.178, e:23.277
t:29.40, r:0.00, omega:23.28, omega_m:0.00, u:0.00, theta1:22.951, theta2:13.205, e:23.277
t:29.41, r:0.00, omega:23.28, omega_m:0.00, u:0.00, theta1:22.951, theta2:13.232, e:23.277
t:29.42, r:0.00, omega:23.28, omega_m:0.00, u:0.00, theta1:22.951, theta2:13.259, e:23.277
t:29.43, r:0.00, omega:23.28, omega_m:0.00, u:0.00, theta1:22.951, theta2:13.286, e:23.277
t:29.44, r:0.00, omega:23.28, omega_m:0.00, u:0.00, theta1:22.951, theta2:13.314, e:23.277
t:29.45, r:0.00, omega:23.28, omega_m:0.00, u:0.00, theta1:22.951, theta2:13.341, e:23.277
t:29.46, r:0.00, omega:23.28, omega_m:0.00, u:0.00, theta1:22.951, theta2:13.368, e:23.277
t:29.47, r:0.00, omega:23.28, omega_m:0.00, u:0.00, theta1:22.951, theta2:13.395, e:23.277
t:29.48, r:0.00, omega:23.28, omega_m:0.00, u:0.00, theta1:22.951, theta2:13.422, e:23.277
t:29.49, r:0.00, omega:23.28, omega_m:0.00, u:0.00, theta1:22.951, theta2:13.449, e:23.277
t:29.50, r:0.00, omega:23.28, omega_m:0.00, u:0.00, theta1:22.951, theta2:13.476, e:23.277
t:29.51, r:0.00, omega:0.00, omega_m:0.00, u:0.00, theta1:22.951, theta2:13.476, e:-0.000
t:29.52, r:0.00, omega:0.00, omega_m:0.00, u:0.00, theta1:22.951, theta2:13.476, e:-0.000
t:29.53, r:0.00, omega:0.00, omega_m:0.00, u:0.00, theta1:22.951, theta2:13.476, e:-0.000
t:29.54, r:0.00, omega:0.00, omega_m:0.00, u:0.00, theta1:22.951, theta2:13.476, e:-0.000
t:29.55, r:0.00, omega:0.00, omega_m:0.00, u:0.00, theta1:22.951, theta2:13.476, e:-0.000
t:29.56, r:0.00, omega:0.00, omega_m:0.00, u:0.00, theta1:22.951, theta2:13.476, e:-0.000
t:29.57, r:0.00, omega:0.00, omega_m:0.00, u:0.00, theta1:22.951, theta2:13.476, e:-0.000
t:29.58, r:0.00, omega:0.00, omega_m:0.00, u:0.00, theta1:22.951, theta2:13.476, e:-0.000
t:29.59, r:0.00, omega:0.00, omega_m:0.00, u:0.00, theta1:22.951, theta2:13.476, e:-0.000
t:29.60, r:0.00, omega:0.00, omega_m:0.00, u:0.00, theta1:22.951, theta2:13.476, e:-0.000
t:29.61, r:0.00, omega:0.00, omega_m:0.00, u:0.00, theta1:22.951, theta2:13.476, e:-0.000
t:29.62, r:0.00, omega:0.00, omega_m:0.00, u:0.00, theta1:22.951, theta2:13.476, e:-0.000
t:29.63, r:0.00, omega:0.00, omega_m:0.00, u:0.00, theta1:22.951, theta2:13.476, e:-0.000
t:29.64, r:0.00, omega:0.00, omega_m:0.00, u:0.00, theta1:22.951, theta2:13.476, e:-0.000
t:29.65, r:0.00, omega:0.00, omega_m:0.00, u:0.00, theta1:22.951, theta2:13.476, e:-0.000
t:29.66, r:0.00, omega:0.00, omega_m:0.00, u:0.00, theta1:22.951, theta2:13.476, e:-0.000
t:29.67, r:0.00, omega:0.00, omega_m:0.00, u:0.00, theta1:22.951, theta2:13.476, e:-0.000
t:29.68, r:0.00, omega:0.00, omega_m:0.00, u:0.00, theta1:22.951, theta2:13.476, e:-0.000
t:29.69, r:0.00, omega:0.00, omega_m:0.00, u:0.00, theta1:22.951, theta2:13.476, e:-0.000
t:29.70, r:0.00, omega:0.00, omega_m:0.00, u:0.00, theta1:22.951, theta2:13.476, e:-0.000
t:29.71, r:0.00, omega:0.00, omega_m:0.00, u:0.00, theta1:22.951, theta2:13.476, e:-0.000
t:29.72, r:0.00, omega:0.00, omega_m:0.00, u:0.00, theta1:22.951, theta2:13.476, e:-0.000
t:29.73, r:0.00, omega:0.00, omega_m:0.00, u:0.00, theta1:22.951, theta2:13.476, e:-0.000
t:29.74, r:0.00, omega:0.00, omega_m:0.00, u:0.00, theta1:22.951, theta2:13.476, e:-0.000
t:29.75, r:0.00, omega:0.00, omega_m:0.00, u:0.00, theta1:22.951, theta2:13.476, e:-0.000
t:29.76, r:0.00, omega:0.00, omega_m:0.00, u:0.00, theta1:22.951, theta2:13.476, e:-0.000
t:29.77, r:0.00, omega:0.00, omega_m:0.00, u:0.00, theta1:22.951, theta2:13.476, e:-0.000
t:29.78, r:0.00, omega:0.00, omega_m:0.00, u:0.00, theta1:22.951, theta2:13.476, e:-0.000
t:29.79, r:0.00, omega:0.00, omega_m:0.00, u:0.00, theta1:22.951, theta2:13.476, e:-0.000
t:29.80, r:0.00, omega:0.00, omega_m:0.00, u:0.00, theta1:22.951, theta2:13.476, e:-0.000
t:29.81, r:0.00, omega:0.00, omega_m:0.00, u:0.00, theta1:22.951, theta2:13.476, e:-0.000
t:29.82, r:0.00, omega:0.00, omega_m:0.00, u:0.00, theta1:22.951, theta2:13.476, e:-0.000
t:29.83, r:0.00, omega:0.00, omega_m:0.00, u:0.00, theta1:22.951, theta2:13.476, e:-0.000
t:29.84, r:0.00, omega:0.00, omega_m:0.00, u:0.00, theta1:22.951, theta2:13.476, e:-0.000
t:29.85, r:0.00, omega:0.00, omega_m:0.00, u:0.00, theta1:22.951, theta2:13.476, e:-0.000
t:29.86, r:0.00, omega:0.00, omega_m:0.00, u:0.00, theta1:22.951, theta2:13.476, e:-0.000
t:29.87, r:0.00, omega:0.00, omega_m:0.00, u:0.00, theta1:22.951, theta2:13.476, e:-0.000
t:29.88, r:0.00, omega:0.00, omega_m:0.00, u:0.00, theta1:22.951, theta2:13.476, e:-0.000
t:29.89, r:0.00, omega:0.00, omega_m:0.00, u:0.00, theta1:22.951, theta2:13.476, e:-0.000
t:29.90, r:0.00, omega:0.00, omega_m:0.00, u:0.00, theta1:22.951, theta2:13.476, e:-0.000
t:29.91, r:0.00, omega:0.00, omega_m:0.00, u:0.00, theta1:22.951, theta2:13.476, e:-0.000
t:29.92, r:0.00, omega:0.00, omega_m:0.00, u:0.00, theta1:22.951, theta2:13.476, e:-0.000
t:29.93, r:0.00, omega:0.00, omega_m:0.00, u:0.00, theta1:22.951, theta2:13.476, e:-0.000
t:29.94, r:0.00, omega:0.00, omega_m:0.00, u:0.00, theta1:22.951, theta2:13.476, e:-0.000
t:29.95, r:0.00, omega:0.00, omega_m:0.00, u:0.00, theta1:22.951, theta2:13.476, e:-0.000
t:29.96, r:0.00, omega:0.00, omega_m:0.00, u:0.00, theta1:22.951, theta2:13.476, e:-0.000
t:29.97, r:0.00, omega:0.00, omega_m:0.00, u:0.00, theta1:22.951, theta2:13.476, e:-0.000
t:29.98, r:0.00, omega:0.00, omega_m:0.00, u:0.00, theta1:22.951, theta2:13.476, e:-0.000
t:29.99, r:0.00, omega:0.00, omega_m:0.00, u:0.00, theta1:22.951, theta2:13.476, e:-0.000
t:30.00, r:0.00, omega:0.00, omega_m:0.00, u:0.00, theta1:22.951, theta2:13.476, e:-0.000
t:30.01, r:-25.00, omega:0.00, omega_m:-15.80, u:-574.27, theta1:22.971, theta2:13.476, e:15.803
t:30.02, r:-25.00, omega:0.00, omega_m:-21.62, u:-574.94, theta1:22.998, theta2:13.476, e:21.617
t:30.03, r:-25.00, omega:-0.51, omega_m:-23.76, u:-568.75, theta1:23.027, theta2:13.476, e:23.242
t:30.04, r:-25.00, omega:-0.51, omega_m:-24.54, u:-569.50, theta1:23.057, theta2:13.475, e:24.029
t:30.05, r:-25.00, omega:-26.84, omega_m:-24.83, u:-214.67, theta1:23.054, theta2:13.478, e:-2.005
t:30.06, r:-25.00, omega:-26.84, omega_m:-24.94, u:-214.54, theta1:23.052, theta2:13.480, e:-1.898
t:30.07, r:-25.00, omega:-30.96, omega_m:-24.98, u:-158.50, theta1:23.044, theta2:13.489, e:-5.981
t:30.08, r:-25.00, omega:-30.96, omega_m:-24.99, u:-158.03, theta1:23.037, theta2:13.499, e:-5.967
t:30.09, r:-25.00, omega:-30.96, omega_m:-25.00, u:-157.56, theta1:23.030, theta2:13.508, e:-5.961
t:30.10, r:-25.00, omega:-20.64, omega_m:-25.00, u:-297.15, theta1:23.035, theta2:13.503, e:4.358
t:30.11, r:-25.00, omega:-20.64, omega_m:-25.00, u:-297.38, theta1:23.040, theta2:13.499, e:4.359
t:30.12, r:-25.00, omega:-20.64, omega_m:-25.00, u:-297.61, theta1:23.046, theta2:13.494, e:4.359
t:30.13, r:-25.00, omega:-15.20, omega_m:-25.00, u:-371.49, theta1:23.058, theta2:13.487, e:9.803
t:30.14, r:-25.00, omega:-15.20, omega_m:-25.00, u:-371.91, theta1:23.070, theta2:13.479, e:9.803
t:30.15, r:-25.00, omega:-15.20, omega_m:-25.00, u:-372.33, theta1:23.083, theta2:13.472, e:9.803
t:30.16, r:-25.00, omega:-20.50, omega_m:-25.00, u:-301.14, theta1:23.088, theta2:13.467, e:4.501
t:30.17, r:-25.00, omega:-20.50, omega_m:-25.00, u:-301.38, theta1:23.094, theta2:13.463, e:4.501
t:30.18, r:-25.00, omega:-24.43, omega_m:-25.00, u:-248.52, theta1:23.095, theta2:13.462, e:0.573
t:30.19, r:-25.00, omega:-24.43, omega_m:-25.00, u:-248.56, theta1:23.095, theta2:13.461, e:0.573
t:30.20, r:-25.00, omega:-23.40, omega_m:-25.00, u:-262.51, theta1:23.097, theta2:13.460, e:1.602
t:30.21, r:-25.00, omega:-23.40, omega_m:-25.00, u:-262.60, theta1:23.099, theta2:13.458, e:1.602
t:30.22, r:-25.00, omega:-23.40, omega_m:-25.00, u:-262.70, theta1:23.101, theta2:13.456, e:1.602
t:30.23, r:-25.00, omega:-19.56, omega_m:-25.00, u:-314.65, theta1:23.108, theta2:13.450, e:5.443
t:30.24, r:-25.00, omega:-19.56, omega_m:-25.00, u:-314.93, theta1:23.115, theta2:13.445, e:5.443
t:30.25, r:-25.00, omega:-19.04, omega_m:-25.00, u:-322.18, theta1:23.122, theta2:13.439, e:5.961
t:30.26, r:-25.00, omega:-19.04, omega_m:-25.00, u:-322.48, theta1:23.130, theta2:13.434, e:5.961
t:30.27, r:-25.00, omega:-19.04, omega_m:-25.00, u:-322.77, theta1:23.137, theta2:13.428, e:5.961
t:30.28, r:-25.00, omega:-20.86, omega_m:-25.00, u:-298.57, theta1:23.142, theta2:13.424, e:4.142
t:30.29, r:-25.00, omega:-20.86, omega_m:-25.00, u:-298.79, theta1:23.148, theta2:13.419, e:4.142
t:30.30, r:-25.00, omega:-23.16, omega_m:-25.00, u:-267.99, theta1:23.150, theta2:13.417, e:1.839
t:30.31, r:-25.00, omega:-23.16, omega_m:-25.00, u:-268.10, theta1:23.152, theta2:13.415, e:1.839
t:30.32, r:-25.00, omega:-23.16, omega_m:-25.00, u:-268.20, theta1:23.155, theta2:13.413, e:1.839
t:30.33, r:-25.00, omega:-21.61, omega_m:-25.00, u:-289.23, theta1:23.159, theta2:13.409, e:3.393
t:30.34, r:-25.00, omega:-21.61, omega_m:-25.00, u:-289.42, theta1:23.163, theta2:13.406, e:3.393
t:30.35, r:-25.00, omega:-18.88, omega_m:-25.00, u:-326.28, theta1:23.171, theta2:13.400, e:6.120
t:30.36, r:-25.00, omega:-18.88, omega_m:-25.00, u:-326.58, theta1:23.178, theta2:13.394, e:6.120
t:30.37, r:-25.00, omega:-18.88, omega_m:-25.00, u:-326.88, theta1:23.186, theta2:13.388, e:6.120
t:30.38, r:-25.00, omega:-21.28, omega_m:-25.00, u:-295.00, theta1:23.191, theta2:13.384, e:3.724
t:30.39, r:-25.00, omega:-21.28, omega_m:-25.00, u:-295.20, theta1:23.195, theta2:13.381, e:3.724
t:30.40, r:-25.00, omega:-22.53, omega_m:-25.00, u:-278.58, theta1:23.198, theta2:13.378, e:2.472
t:30.41, r:-25.00, omega:-22.53, omega_m:-25.00, u:-278.72, theta1:23.201, theta2:13.375, e:2.472
t:30.42, r:-25.00, omega:-22.53, omega_m:-25.00, u:-278.86, theta1:23.205, theta2:13.372, e:2.472
t:30.43, r:-25.00, omega:-22.19, omega_m:-25.00, u:-283.57, theta1:23.208, theta2:13.369, e:2.812
t:30.44, r:-25.00, omega:-22.19, omega_m:-25.00, u:-283.72, theta1:23.212, theta2:13.366, e:2.812
t:30.45, r:-25.00, omega:-18.94, omega_m:-25.00, u:-327.42, theta1:23.219, theta2:13.360, e:6.059
t:30.46, r:-25.00, omega:-18.94, omega_m:-25.00, u:-327.72, theta1:23.227, theta2:13.354, e:6.059
t:30.47, r:-25.00, omega:-18.94, omega_m:-25.00, u:-328.01, theta1:23.234, theta2:13.349, e:6.059
t:30.48, r:-25.00, omega:-21.34, omega_m:-25.00, u:-296.17, theta1:23.239, theta2:13.345, e:3.658
t:30.49, r:-25.00, omega:-21.34, omega_m:-25.00, u:-296.37, theta1:23.243, theta2:13.341, e:3.658
t:30.50, r:-25.00, omega:-22.59, omega_m:-25.00, u:-279.89, theta1:23.246, theta2:13.338, e:2.413
t:30.51, r:-25.00, omega:-22.59, omega_m:-25.00, u:-280.02, theta1:23.249, theta2:13.335, e:2.413
t:30.52, r:-25.00, omega:-22.80, omega_m:-25.00, u:-277.32, theta1:23.252, theta2:13.333, e:2.200
t:30.53, r:-25.00, omega:-22.80, omega_m:-25.00, u:-277.44, theta1:23.255, theta2:13.330, e:2.200
t:30.54, r:-25.00, omega:-22.80, omega_m:-25.00, u:-277.57, theta1:23.258, theta2:13.328, e:2.200
t:30.55, r:-25.00, omega:-19.74, omega_m:-25.00, u:-318.67, theta1:23.264, theta2:13.323, e:5.264
t:30.56, r:-25.00, omega:-19.74, omega_m:-25.00, u:-318.94, theta1:23.271, theta2:13.318, e:5.264
t:30.57, r:-25.00, omega:-19.74, omega_m:-25.00, u:-319.20, theta1:23.277, theta2:13.312, e:5.264
t:30.58, r:-25.00, omega:-19.62, omega_m:-25.00, u:-320.97, theta1:23.284, theta2:13.307, e:5.376
t:30.59, r:-25.00, omega:-19.62, omega_m:-25.00, u:-321.24, theta1:23.291, theta2:13.302, e:5.376
t:30.60, r:-25.00, omega:-22.09, omega_m:-25.00, u:-288.62, theta1:23.295, theta2:13.299, e:2.912
t:30.61, r:-25.00, omega:-22.09, omega_m:-25.00, u:-288.79, theta1:23.298, theta2:13.295, e:2.912
t:30.62, r:-25.00, omega:-23.27, omega_m:-25.00, u:-273.13, theta1:23.300, theta2:13.293, e:1.727
t:30.63, r:-25.00, omega:-23.27, omega_m:-25.00, u:-273.23, theta1:23.303, theta2:13.291, e:1.727
t:30.64, r:-25.00, omega:-23.27, omega_m:-25.00, u:-273.33, theta1:23.305, theta2:13.289, e:1.727
t:30.65, r:-25.00, omega:-20.68, omega_m:-25.00, u:-308.05, theta1:23.310, theta2:13.285, e:4.322
t:30.66, r:-25.00, omega:-20.68, omega_m:-25.00, u:-308.28, theta1:23.315, theta2:13.280, e:4.322
t:30.67, r:-25.00, omega:-20.68, omega_m:-25.00, u:-308.51, theta1:23.321, theta2:13.276, e:4.322
t:30.68, r:-25.00, omega:-19.51, omega_m:-25.00, u:-324.31, theta1:23.328, theta2:13.271, e:5.492
t:30.69, r:-25.00, omega:-19.51, omega_m:-25.00, u:-324.59, theta1:23.335, theta2:13.265, e:5.492
t:30.70, r:-25.00, omega:-22.05, omega_m:-25.00, u:-291.03, theta1:23.338, theta2:13.262, e:2.950
t:30.71, r:-25.00, omega:-22.05, omega_m:-25.00, u:-291.20, theta1:23.342, theta2:13.259, e:2.950
t:30.72, r:-25.00, omega:-22.31, omega_m:-25.00, u:-287.85, theta1:23.345, theta2:13.256, e:2.686
t:30.73, r:-25.00, omega:-22.31, omega_m:-25.00, u:-288.00, theta1:23.349, theta2:13.253, e:2.686
t:30.74, r:-25.00, omega:-22.31, omega_m:-25.00, u:-288.15, theta1:23.352, theta2:13.250, e:2.686
t:30.75, r:-25.00, omega:-22.19, omega_m:-25.00, u:-290.00, theta1:23.356, theta2:13.247, e:2.814
t:30.76, r:-25.00, omega:-22.19, omega_m:-25.00, u:-290.15, theta1:23.359, theta2:13.243, e:2.814
t:30.77, r:-25.00, omega:-20.98, omega_m:-25.00, u:-306.38, theta1:23.364, theta2:13.239, e:4.022
t:30.78, r:-25.00, omega:-20.98, omega_m:-25.00, u:-306.59, theta1:23.369, theta2:13.235, e:4.022
t:30.79, r:-25.00, omega:-20.98, omega_m:-25.00, u:-306.80, theta1:23.374, theta2:13.231, e:4.022
t:30.80, r:-25.00, omega:-20.70, omega_m:-25.00, u:-310.74, theta1:23.380, theta2:13.226, e:4.303
t:30.81, r:-25.00, omega:-20.70, omega_m:-25.00, u:-310.97, theta1:23.385, theta2:13.222, e:4.303
t:30.82, r:-25.00, omega:-20.30, omega_m:-25.00, u:-316.48, theta1:23.391, theta2:13.217, e:4.702
t:30.83, r:-25.00, omega:-20.30, omega_m:-25.00, u:-316.73, theta1:23.397, theta2:13.212, e:4.702
t:30.84, r:-25.00, omega:-20.30, omega_m:-25.00, u:-316.97, theta1:23.403, theta2:13.208, e:4.702
t:30.85, r:-25.00, omega:-22.73, omega_m:-25.00, u:-284.99, theta1:23.405, theta2:13.205, e:2.270
t:30.86, r:-25.00, omega:-22.73, omega_m:-25.00, u:-285.12, theta1:23.408, theta2:13.202, e:2.270
t:30.87, r:-25.00, omega:-22.62, omega_m:-25.00, u:-286.76, theta1:23.411, theta2:13.200, e:2.384
t:30.88, r:-25.00, omega:-22.62, omega_m:-25.00, u:-286.89, theta1:23.414, theta2:13.197, e:2.384
t:30.89, r:-25.00, omega:-19.83, omega_m:-25.00, u:-323.91, theta1:23.421, theta2:13.192, e:5.169
t:30.90, r:-25.00, omega:-19.83, omega_m:-25.00, u:-324.17, theta1:23.427, theta2:13.187, e:5.169
t:30.91, r:-25.00, omega:-19.83, omega_m:-25.00, u:-324.43, theta1:23.434, theta2:13.182, e:5.169
t:30.92, r:-25.00, omega:-21.72, omega_m:-25.00, u:-299.75, theta1:23.438, theta2:13.178, e:3.283
t:30.93, r:-25.00, omega:-21.72, omega_m:-25.00, u:-299.93, theta1:23.442, theta2:13.175, e:3.283
t:30.94, r:-25.00, omega:-22.01, omega_m:-25.00, u:-296.20, theta1:23.446, theta2:13.171, e:2.987
t:30.95, r:-25.00, omega:-22.01, omega_m:-25.00, u:-296.37, theta1:23.449, theta2:13.168, e:2.987
t:30.96, r:-25.00, omega:-22.01, omega_m:-25.00, u:-296.53, theta1:23.453, theta2:13.165, e:2.987
t:30.97, r:-25.00, omega:-21.89, omega_m:-25.00, u:-298.33, theta1:23.457, theta2:13.161, e:3.110
t:30.98, r:-25.00, omega:-21.89, omega_m:-25.00, u:-298.50, theta1:23.461, theta2:13.158, e:3.110
t:30.99, r:-25.00, omega:-21.68, omega_m:-25.00, u:-301.40, theta1:23.465, theta2:13.154, e:3.317
t:31.00, r:-25.00, omega:-21.68, omega_m:-25.00, u:-301.58, theta1:23.469, theta2:13.151, e:3.317
t:31.01, r:0.00, omega:-21.68, omega_m:-9.20, u:0.00, theta1:23.469, theta2:13.164, e:-12.486
t:31.02, r:0.00, omega:-21.42, omega_m:-3.38, u:0.00, theta1:23.469, theta2:13.184, e:-18.040
t:31.03, r:0.00, omega:-21.42, omega_m:-1.24, u:0.00, theta1:23.469, theta2:13.205, e:-20.178
t:31.04, r:0.00, omega:-21.42, omega_m:-0.46, u:0.00, theta1:23.469, theta2:13.228, e:-20.965
t:31.05, r:0.00, omega:-21.42, omega_m:-0.17, u:0.00, theta1:23.469, theta2:13.250, e:-21.255
t:31.06, r:0.00, omega:-21.42, omega_m:-0.06, u:0.00, theta1:23.469, theta2:13.273, e:-21.361
t:31.07, r:0.00, omega:-21.42, omega_m:-0.02, u:0.00, theta1:23.469, theta2:13.296, e:-21.400
t:31.08, r:0.00, omega:-21.42, omega_m:-0.01, u:0.00, theta1:23.469, theta2:13.319, e:-21.415
t:31.09, r:0.00, omega:-21.42, omega_m:-0.00, u:0.00, theta1:23.469, theta2:13.342, e:-21.420
t:31.10, r:0.00, omega:-21.42, omega_m:-0.00, u:0.00, theta1:23.469, theta2:13.365, e:-21.422
t:31.11, r:0.00, omega:-21.42, omega_m:-0.00, u:0.00, theta1:23.469, theta2:13.388, e:-21.423
t:31.12, r:0.00, omega:-21.42, omega_m:-0.00, u:0.00, theta1:23.469, theta2:13.411, e:-21.423
t:31.13, r:0.00, omega:-21.42, omega_m:-0.00, u:0.00, theta1:23.469, theta2:13.434, e:-21.423
t:31.14, r:0.00, omega:-21.42, omega_m:-0.00, u:0.00, theta1:23.469, theta2:13.457, e:-21.423
t:31.15, r:0.00, omega:-21.42, omega_m:-0.00, u:0.00, theta1:23.469, theta2:13.480, e:-21.423
t:31.16, r:0.00, omega:-21.42, omega_m:-0.00, u:0.00, theta1:23.469, theta2:13.503, e:-21.423
t:31.17, r:0.00, omega:-21.42, omega_m:-0.00, u:0.00, theta1:23.469, theta2:13.526, e:-21.423
t:31.18, r:0.00, omega:-21.42, omega_m:-0.00, u:0.00, theta1:23.469, theta2:13.549, e:-21.423
t:31.19, r:0.00, omega:-21.42, omega_m:-0.00, u:0.00, theta1:23.469, theta2:13.572, e:-21.423
t:31.20, r:0.00, omega:-21.42, omega_m:-0.00, u:0.00, theta1:23.469, theta2:13.594, e:-21.423
t:31.21, r:0.00, omega:-21.42, omega_m:-0.00, u:0.00, theta1:23.469, theta2:13.617, e:-21.423
t:31.22, r:0.00, omega:-21.42, omega_m:-0.00, u:0.00, theta1:23.469, theta2:13.640, e:-21.423
t:31.23, r:0.00, omega:-21.42, omega_m:-0.00, u:0.00, theta1:23.469, theta2:13.663, e:-21.423
t:31.24, r:0.00, omega:-21.42, omega_m:-0.00, u:0.00, theta1:23.469, theta2:13.686, e:-21.423
t:31.25, r:0.00, omega:-21.42, omega_m:-0.00, u:0.00, theta1:23.469, theta2:13.709, e:-21.423
t:31.26, r:0.00, omega:-21.42, omega_m:-0.00, u:0.00, theta1:23.469, theta2:13.732, e:-21.423
t:31.27, r:0.00, omega:-21.42, omega_m:-0.00, u:0.00, theta1:23.469, theta2:13.755, e:-21.423
t:31.28, r:0.00, omega:-21.42, omega_m:-0.00, u:0.00, theta1:23.469, theta2:13.778, e:-21.423
t:31.29, r:0.00, omega:-21.42, omega_m:-0.00, u:0.00, theta1:23.469, theta2:13.801, e:-21.423
t:31.30, r:0.00, omega:-21.42, omega_m:-0.00, u:0.00, theta1:23.469, theta2:13.824, e:-21.423
t:31.31, r:0.00, omega:-21.42, omega_m:-0.00, u:0.00, theta1:23.469, theta2:13.847, e:-21.423
t:31.32, r:0.00, omega:-21.42, omega_m:-0.00, u:0.00, theta1:23.469, theta2:13.870, e:-21.423
t:31.33, r:0.00, omega:-21.42, omega_m:-0.00, u:0.00, theta1:23.469, theta2:13.893, e:-21.423
t:31.34, r:0.00, omega:-21.42, omega_m:-0.00, u:0.00, theta1:23.469, theta2:13.916, e:-21.423
t:31.35, r:0.00, omega:-21.42, omega_m:-0.00, u:0.00, theta1:23.469, theta2:13.939, e:-21.423
t:31.36, r:0.00, omega:-21.42, omega_m:-0.00, u:0.00, theta1:23.469, theta2:13.962, e:-21.423
t:31.37, r:0.00, omega:-21.42, omega_m:-0.00, u:0.00, theta1:23.469, theta2:13.985, e:-21.423
t:31.38, r:0.00, omega:-21.42, omega_m:-0.00, u:0.00, theta1:23.469, theta2:14.008, e:-21.423
t:31.39, r:0.00, omega:-21.42, omega_m:-0.00, u:0.00, theta1:23.469, theta2:14.030, e:-21.423
t:31.40, r:0.00, omega:-21.42, omega_m:-0.00, u:0.00, theta1:23.469, theta2:14.053, e:-21.423
t:31.41, r:0.00, omega:-21.42, omega_m:-0.00, u:0.00, theta1:23.469, theta2:14.076, e:-21.423
t:31.42, r:0.00, omega:-21.42, omega_m:-0.00, u:0.00, theta1:23.469, theta2:14.099, e:-21.423
t:31.43, r:0.00, omega:-21.42, omega_m:-0.00, u:0.00, theta1:23.469, theta2:14.122, e:-21.423
t:31.44, r:0.00, omega:-21.42, omega_m:-0.00, u:0.00, theta1:23.469, theta2:14.145, e:-21.423
t:31.45, r:0.00, omega:-21.42, omega_m:-0.00, u:0.00, theta1:23.469, theta2:14.168, e:-21.423
t:31.46, r:0.00, omega:-21.42, omega_m:-0.00, u:0.00, theta1:23.469, theta2:14.191, e:-21.423
t:31.47, r:0.00, omega:-21.42, omega_m:-0.00, u:0.00, theta1:23.469, theta2:14.214, e:-21.423
t:31.48, r:0.00, omega:-21.42, omega_m:-0.00, u:0.00, theta1:23.469, theta2:14.237, e:-21.423
t:31.49, r:0.00, omega:-21.42, omega_m:-0.00, u:0.00, theta1:23.469, theta2:14.260, e:-21.423
t:31.50, r:0.00, omega:-21.42, omega_m:-0.00, u:0.00, theta1:23.469, theta2:14.283, e:-21.423
t:31.51, r:0.00, omega:-21.42, omega_m:-0.00, u:0.00, theta1:23.469, theta2:14.306, e:-21.423
t:31.52, r:0.00, omega:0.00, omega_m:-0.00, u:0.00, theta1:23.469, theta2:14.306, e:0.000
t:31.53, r:0.00, omega:0.00, omega_m:-0.00, u:0.00, theta1:23.469, theta2:14.306, e:0.000
t:31.54, r:0.00, omega:0.00, omega_m:-0.00, u:0.00, theta1:23.469, theta2:14.306, e:0.000
t:31.55, r:0.00, omega:0.00, omega_m:-0.00, u:0.00, theta1:23.469, theta2:14.306, e:0.000
t:31.56, r:0.00, omega:0.00, omega_m:-0.00, u:0.00, theta1:23.469, theta2:14.306, e:0.000
t:31.57, r:0.00, omega:0.00, omega_m:-0.00, u:0.00, theta1:23.469, theta2:14.306, e:0.000
t:31.58, r:0.00, omega:0.00, omega_m:-0.00, u:0.00, theta1:23.469, theta2:14.306, e:0.000
t:31.59, r:0.00, omega:0.00, omega_m:-0.00, u:0.00, theta1:23.469, theta2:14.306, e:0.000
t:31.60, r:0.00, omega:0.00, omega_m:-0.00, u:0.00, theta1:23.469, theta2:14.306, e:0.000
t:31.61, r:0.00, omega:0.00, omega_m:-0.00, u:0.00, theta1:23.469, theta2:14.306, e:0.000
t:31.62, r:0.00, omega:0.00, omega_m:-0.00, u:0.00, theta1:23.469, theta2:14.306, e:0.000
t:31.63, r:0.00, omega:0.00, omega_m:-0.00, u:0.00, theta1:23.469, theta2:14.306, e:0.000
t:31.64, r:0.00, omega:0.00, omega_m:-0.00, u:0.00, theta1:23.469, theta2:14.306, e:0.000
t:31.65, r:0.00, omega:0.00, omega_m:-0.00, u:0.00, theta1:23.469, theta2:14.306, e:0.000
t:31.66, r:0.00, omega:0.00, omega_m:-0.00, u:0.00, theta1:23.469, theta2:14.306, e:0.000
t:31.67, r:0.00, omega:0.00, omega_m:-0.00, u:0.00, theta1:23.469, theta2:14.306, e:0.000
t:31.68, r:0.00, omega:0.00, omega_m:-0.00, u:0.00, theta1:23.469, theta2:14.306, e:0.000
t:31.69, r:0.00, omega:0.00, omega_m:-0.00, u:0.00, theta1:23.469, theta2:14.306, e:0.000
t:31.70, r:0.00, omega:0.00, omega_m:-0.00, u:0.00, theta1:23.469, theta2:14.306, e:0.000
t:31.71, r:0.00, omega:0.00, omega_m:-0.00, u:0.00, theta1:23.469, theta2:14.306, e:0.000
t:31.72, r:0.00, omega:0.00, omega_m:-0.00, u:0.00, theta1:23.469, theta2:14.306, e:0.000
t:31.73, r:0.00, omega:0.00, omega_m:-0.00, u:0.00, theta1:23.469, theta2:14.306, e:0.000
t:31.74, r:0.00, omega:0.00, omega_m:-0.00, u:0.00, theta1:23.469, theta2:14.306, e:0.000
t:31.75, r:0.00, omega:0.00, omega_m:-0.00, u:0.00, theta1:23.469, theta2:14.306, e:0.000
t:31.76, r:0.00, omega:0.00, omega_m:-0.00, u:0.00, theta1:23.469, theta2:14.306, e:0.000
t:31.77, r:0.00, omega:0.00, omega_m:-0.00, u:0.00, theta1:23.469, theta2:14.306, e:0.000
t:31.78, r:0.00, omega:0.00, omega_m:-0.00, u:0.00, theta1:23.469, theta2:14.306, e:0.000
t:31.79, r:0.00, omega:0.00, omega_m:-0.00, u:0.00, theta1:23.469, theta2:14.306, e:0.000
t:31.80, r:0.00, omega:0.00, omega_m:-0.00, u:0.00, theta1:23.469, theta2:14.306, e:0.000
t:31.81, r:0.00, omega:0.00, omega_m:-0.00, u:0.00, theta1:23.469, theta2:14.306, e:0.000
t:31.82, r:0.00, omega:0.00, omega_m:-0.00, u:0.00, theta1:23.469, theta2:14.306, e:0.000
t:31.83, r:0.00, omega:0.00, omega_m:-0.00, u:0.00, theta1:23.469, theta2:14.306, e:0.000
t:31.84, r:0.00, omega:0.00, omega_m:-0.00, u:0.00, theta1:23.469, theta2:14.306, e:0.000
t:31.85, r:0.00, omega:0.00, omega_m:-0.00, u:0.00, theta1:23.469, theta2:14.306, e:0.000
t:31.86, r:0.00, omega:0.00, omega_m:-0.00, u:0.00, theta1:23.469, theta2:14.306, e:0.000
t:31.87, r:0.00, omega:0.00, omega_m:-0.00, u:0.00, theta1:23.469, theta2:14.306, e:0.000
t:31.88, r:0.00, omega:0.00, omega_m:-0.00, u:0.00, theta1:23.469, theta2:14.306, e:0.000
t:31.89, r:0.00, omega:0.00, omega_m:-0.00, u:0.00, theta1:23.469, theta2:14.306, e:0.000
t:31.90, r:0.00, omega:0.00, omega_m:-0.00, u:0.00, theta1:23.469, theta2:14.306, e:0.000
t:31.91, r:0.00, omega:0.00, omega_m:-0.00, u:0.00, theta1:23.469, theta2:14.306, e:0.000
t:31.92, r:0.00, omega:0.00, omega_m:-0.00, u:0.00, theta1:23.469, theta2:14.306, e:0.000
t:31.93, r:0.00, omega:0.00, omega_m:-0.00, u:0.00, theta1:23.469, theta2:14.306, e:0.000
t:31.94, r:0.00, omega:0.00, omega_m:-0.00, u:0.00, theta1:23.469, theta2:14.306, e:0.000
t:31.95, r:0.00, omega:0.00, omega_m:-0.00, u:0.00, theta1:23.469, theta2:14.306, e:0.000
t:31.96, r:0.00, omega:0.00, omega_m:-0.00, u:0.00, theta1:23.469, theta2:14.306, e:0.000
t:31.97, r:0.00, omega:0.00, omega_m:-0.00, u:0.00, theta1:23.469, theta2:14.306, e:0.000
t:31.98, r:0.00, omega:0.00, omega_m:-0.00, u:0.00, theta1:23.469, theta2:14.306, e:0.000
t:31.99, r:0.00, omega:0.00, omega_m:-0.00, u:0.00, theta1:23.469, theta2:14.306, e:0.000
t:32.00, r:0.00, omega:0.00, omega_m:-0.00, u:0.00, theta1:23.469, theta2:14.306, e:0.000
t:32.01, r:25.00, omega:0.00, omega_m:15.80, u:587.22, theta1:23.489, theta2:14.306, e:-15.803
t:32.02, r:25.00, omega:0.00, omega_m:21.62, u:587.90, theta1:23.516, theta2:14.306, e:-21.617
t:32.03, r:25.00, omega:0.51, omega_m:23.76, u:581.28, theta1:23.545, theta2:14.305, e:-23.242
t:32.04, r:25.00, omega:0.51, omega_m:24.54, u:582.03, theta1:23.575, theta2:14.305, e:-24.029
t:32.05, r:25.00, omega:27.42, omega_m:24.83, u:197.01, theta1:23.572, theta2:14.308, e:2.585
t:32.06, r:25.00, omega:27.42, omega_m:24.94, u:196.84, theta1:23.569, theta2:14.312, e:2.478
t:32.07, r:25.00, omega:29.87, omega_m:24.98, u:161.35, theta1:23.562, theta2:14.319, e:4.893
t:32.08, r:25.00, omega:29.87, omega_m:24.99, u:160.98, theta1:23.556, theta2:14.326, e:4.879
t:32.09, r:25.00, omega:29.87, omega_m:25.00, u:160.61, theta1:23.550, theta2:14.333, e:4.874
t:32.10, r:25.00, omega:19.65, omega_m:25.00, u:307.36, theta1:23.557, theta2:14.328, e:-5.348
t:32.11, r:25.00, omega:19.65, omega_m:25.00, u:307.63, theta1:23.564, theta2:14.323, e:-5.349
t:32.12, r:25.00, omega:19.65, omega_m:25.00, u:307.90, theta1:23.570, theta2:14.318, e:-5.349
t:32.13, r:25.00, omega:15.33, omega_m:25.00, u:370.20, theta1:23.582, theta2:14.310, e:-9.671
t:32.14, r:25.00, omega:15.33, omega_m:25.00, u:370.61, theta1:23.595, theta2:14.303, e:-9.671
t:32.15, r:25.00, omega:15.33, omega_m:25.00, u:371.03, theta1:23.607, theta2:14.295, e:-9.671
t:32.16, r:25.00, omega:20.30, omega_m:25.00, u:300.21, theta1:23.612, theta2:14.291, e:-4.700
t:32.17, r:25.00, omega:20.30, omega_m:25.00, u:300.46, theta1:23.618, theta2:14.286, e:-4.700
t:32.18, r:25.00, omega:23.90, omega_m:25.00, u:249.09, theta1:23.620, theta2:14.285, e:-1.100
t:32.19, r:25.00, omega:23.90, omega_m:25.00, u:249.16, theta1:23.621, theta2:14.283, e:-1.100
t:32.20, r:25.00, omega:21.65, omega_m:25.00, u:281.44, theta1:23.625, theta2:14.280, e:-3.348
t:32.21, r:25.00, omega:21.65, omega_m:25.00, u:281.63, theta1:23.629, theta2:14.276, e:-3.348
t:32.22, r:25.00, omega:21.65, omega_m:25.00, u:281.81, theta1:23.634, theta2:14.272, e:-3.348
t:32.23, r:25.00, omega:19.27, omega_m:25.00, u:316.04, theta1:23.641, theta2:14.267, e:-5.726
t:32.24, r:25.00, omega:19.27, omega_m:25.00, u:316.33, theta1:23.648, theta2:14.261, e:-5.726
t:32.25, r:25.00, omega:19.27, omega_m:25.00, u:316.61, theta1:23.655, theta2:14.256, e:-5.726
t:32.26, r:25.00, omega:19.34, omega_m:25.00, u:315.98, theta1:23.662, theta2:14.250, e:-5.662
t:32.27, r:25.00, omega:19.34, omega_m:25.00, u:316.26, theta1:23.669, theta2:14.245, e:-5.662
t:32.28, r:25.00, omega:23.06, omega_m:25.00, u:263.40, theta1:23.672, theta2:14.243, e:-1.943
t:32.29, r:25.00, omega:23.06, omega_m:25.00, u:263.51, theta1:23.674, theta2:14.240, e:-1.943
t:32.30, r:25.00, omega:23.06, omega_m:25.00, u:263.63, theta1:23.677, theta2:14.238, e:-1.943
t:32.31, r:25.00, omega:21.43, omega_m:25.00, u:287.02, theta1:23.681, theta2:14.234, e:-3.573
t:32.32, r:25.00, omega:21.43, omega_m:25.00, u:287.22, theta1:23.686, theta2:14.231, e:-3.573
t:32.33, r:25.00, omega:19.65, omega_m:25.00, u:312.84, theta1:23.692, theta2:14.225, e:-5.354
t:32.34, r:25.00, omega:19.65, omega_m:25.00, u:313.11, theta1:23.699, theta2:14.220, e:-5.354
t:32.35, r:25.00, omega:19.65, omega_m:25.00, u:313.38, theta1:23.706, theta2:14.215, e:-5.354
t:32.36, r:25.00, omega:19.11, omega_m:25.00, u:321.29, theta1:23.713, theta2:14.209, e:-5.890
t:32.37, r:25.00, omega:19.11, omega_m:25.00, u:321.58, theta1:23.720, theta2:14.203, e:-5.890
t:32.38, r:25.00, omega:21.31, omega_m:25.00, u:290.46, theta1:23.725, theta2:14.200, e:-3.685
t:32.39, r:25.00, omega:21.31, omega_m:25.00, u:290.66, theta1:23.730, theta2:14.196, e:-3.685
t:32.40, r:25.00, omega:21.31, omega_m:25.00, u:290.86, theta1:23.734, theta2:14.192, e:-3.685
t:32.41, r:25.00, omega:22.79, omega_m:25.00, u:270.05, theta1:23.737, theta2:14.189, e:-2.210
t:32.42, r:25.00, omega:22.79, omega_m:25.00, u:270.18, theta1:23.740, theta2:14.187, e:-2.210
t:32.43, r:25.00, omega:19.89, omega_m:25.00, u:311.64, theta1:23.746, theta2:14.182, e:-5.114
t:32.44, r:25.00, omega:19.89, omega_m:25.00, u:311.90, theta1:23.752, theta2:14.176, e:-5.114
t:32.45, r:25.00, omega:19.89, omega_m:25.00, u:312.16, theta1:23.759, theta2:14.171, e:-5.114
t:32.46, r:25.00, omega:18.90, omega_m:25.00, u:326.42, theta1:23.766, theta2:14.166, e:-6.099
t:32.47, r:25.00, omega:18.90, omega_m:25.00, u:326.71, theta1:23.774, theta2:14.160, e:-6.099
t:32.48, r:25.00, omega:18.90, omega_m:25.00, u:327.01, theta1:23.782, theta2:14.154, e:-6.099
t:32.49, r:25.00, omega:21.83, omega_m:25.00, u:285.68, theta1:23.786, theta2:14.151, e:-3.166
t:32.50, r:25.00, omega:21.83, omega_m:25.00, u:285.85, theta1:23.790, theta2:14.147, e:-3.166
t:32.51, r:25.00, omega:21.94, omega_m:25.00, u:284.47, theta1:23.793, theta2:14.144, e:-3.056
t:32.52, r:25.00, omega:21.94, omega_m:25.00, u:284.64, theta1:23.797, theta2:14.140, e:-3.056
t:32.53, r:25.00, omega:20.80, omega_m:25.00, u:301.00, theta1:23.803, theta2:14.136, e:-4.198
t:32.54, r:25.00, omega:20.80, omega_m:25.00, u:301.22, theta1:23.808, theta2:14.132, e:-4.198
t:32.55, r:25.00, omega:20.80, omega_m:25.00, u:301.44, theta1:23.813, theta2:14.127, e:-4.198
t:32.56, r:25.00, omega:19.94, omega_m:25.00, u:313.92, theta1:23.819, theta2:14.122, e:-5.062
t:32.57, r:25.00, omega:19.94, omega_m:25.00, u:314.18, theta1:23.826, theta2:14.117, e:-5.062
t:32.58, r:25.00, omega:22.06, omega_m:25.00, u:284.34, theta1:23.829, theta2:14.114, e:-2.937
t:32.59, r:25.00, omega:22.06, omega_m:25.00, u:284.50, theta1:23.833, theta2:14.111, e:-2.937
t:32.60, r:25.00, omega:22.06, omega_m:25.00, u:284.66, theta1:23.837, theta2:14.108, e:-2.937
t:32.61, r:25.00, omega:20.58, omega_m:25.00, u:305.76, theta1:23.842, theta2:14.103, e:-4.416
t:32.62, r:25.00, omega:20.58, omega_m:25.00, u:305.99, theta1:23.848, theta2:14.098, e:-4.416
t:32.63, r:25.00, omega:20.58, omega_m:25.00, u:306.22, theta1:23.853, theta2:14.094, e:-4.416
t:32.64, r:25.00, omega:19.55, omega_m:25.00, u:321.10, theta1:23.860, theta2:14.089, e:-5.453
t:32.65, r:25.00, omega:19.55, omega_m:25.00, u:321.38, theta1:23.867, theta2:14.083, e:-5.453
t:32.66, r:25.00, omega:21.22, omega_m:25.00, u:298.02, theta1:23.872, theta2:14.079, e:-3.779
t:32.67, r:25.00, omega:21.22, omega_m:25.00, u:298.22, theta1:23.876, theta2:14.075, e:-3.779
t:32.68, r:25.00, omega:21.22, omega_m:25.00, u:298.42, theta1:23.881, theta2:14.071, e:-3.779
t:32.69, r:25.00, omega:21.49, omega_m:25.00, u:294.88, theta1:23.885, theta2:14.067, e:-3.514
t:32.70, r:25.00, omega:21.49, omega_m:25.00, u:295.07, theta1:23.890, theta2:14.064, e:-3.514
t:32.71, r:25.00, omega:21.88, omega_m:25.00, u:289.74, theta1:23.894, theta2:14.060, e:-3.122
t:32.72, r:25.00, omega:21.88, omega_m:25.00, u:289.91, theta1:23.898, theta2:14.057, e:-3.122
t:32.73, r:25.00, omega:21.14, omega_m:25.00, u:300.54, theta1:23.902, theta2:14.053, e:-3.864
t:32.74, r:25.00, omega:21.14, omega_m:25.00, u:300.75, theta1:23.907, theta2:14.049, e:-3.864
t:32.75, r:25.00, omega:21.14, omega_m:25.00, u:300.96, theta1:23.912, theta2:14.045, e:-3.864
t:32.76, r:25.00, omega:19.80, omega_m:25.00, u:319.97, theta1:23.919, theta2:14.039, e:-5.199
t:32.77, r:25.00, omega:19.80, omega_m:25.00, u:320.23, theta1:23.925, theta2:14.034, e:-5.199
t:32.78, r:25.00, omega:19.80, omega_m:25.00, u:320.50, theta1:23.932, theta2:14.029, e:-5.199
t:32.79, r:25.00, omega:20.42, omega_m:25.00, u:312.04, theta1:23.937, theta2:14.025, e:-4.579
t:32.80, r:25.00, omega:20.42, omega_m:25.00, u:312.28, theta1:23.943, theta2:14.020, e:-4.579
t:32.81, r:25.00, omega:23.31, omega_m:25.00, u:271.85, theta1:23.945, theta2:14.018, e:-1.689
t:32.82, r:25.00, omega:23.31, omega_m:25.00, u:271.95, theta1:23.947, theta2:14.016, e:-1.689
t:32.83, r:25.00, omega:20.15, omega_m:25.00, u:316.48, theta1:23.953, theta2:14.011, e:-4.848
t:32.84, r:25.00, omega:20.15, omega_m:25.00, u:316.73, theta1:23.959, theta2:14.006, e:-4.848
t:32.85, r:25.00, omega:20.15, omega_m:25.00, u:316.98, theta1:23.965, theta2:14.001, e:-4.848
t:32.86, r:25.00, omega:20.23, omega_m:25.00, u:316.16, theta1:23.971, theta2:13.996, e:-4.771
t:32.87, r:25.00, omega:20.23, omega_m:25.00, u:316.40, theta1:23.977, theta2:13.992, e:-4.771
t:32.88, r:25.00, omega:23.68, omega_m:25.00, u:268.25, theta1:23.979, theta2:13.990, e:-1.324
t:32.89, r:25.00, omega:23.68, omega_m:25.00, u:268.32, theta1:23.981, theta2:13.988, e:-1.324
t:32.90, r:25.00, omega:23.68, omega_m:25.00, u:268.40, theta1:23.982, theta2:13.987, e:-1.324
t:32.91, r:25.00, omega:20.79, omega_m:25.00, u:308.93, theta1:23.988, theta2:13.983, e:-4.206
t:32.92, r:25.00, omega:20.79, omega_m:25.00, u:309.16, theta1:23.993, theta2:13.978, e:-4.206
t:32.93, r:25.00, omega:20.79, omega_m:25.00, u:309.38, theta1:23.998, theta2:13.974, e:-4.206
t:32.94, r:25.00, omega:19.27, omega_m:25.00, u:330.92, theta1:24.005, theta2:13.968, e:-5.727
t:32.95, r:25.00, omega:19.27, omega_m:25.00, u:331.20, theta1:24.012, theta2:13.963, e:-5.727
t:32.96, r:25.00, omega:21.12, omega_m:25.00, u:305.61, theta1:24.017, theta2:13.959, e:-3.879
t:32.97, r:25.00, omega:21.12, omega_m:25.00, u:305.81, theta1:24.022, theta2:13.955, e:-3.879
t:32.98, r:25.00, omega:21.50, omega_m:25.00, u:300.78, theta1:24.027, theta2:13.951, e:-3.504
t:32.99, r:25.00, omega:21.50, omega_m:25.00, u:300.97, theta1:24.031, theta2:13.947, e:-3.504
t:33.00, r:25.00, omega:21.50, omega_m:25.00, u:301.16, theta1:24.035, theta2:13.943, e:-3.504
t:33.01, r:0.00, omega:21.27, omega_m:9.20, u:0.00, theta1:24.035, theta2:13.956, e:12.078
t:33.02, r:0.00, omega:21.27, omega_m:3.38, u:0.00, theta1:24.035, theta2:13.975, e:17.892
t:33.03, r:0.00, omega:21.27, omega_m:1.24, u:0.00, theta1:24.035, theta2:13.996, e:20.030
t:33.04, r:0.00, omega:21.27, omega_m:0.46, u:0.00, theta1:24.035, theta2:14.019, e:20.817
t:33.05, r:0.00, omega:12.00, omega_m:0.17, u:0.00, theta1:24.035, theta2:14.026, e:11.834
t:33.06, r:0.00, omega:12.00, omega_m:0.06, u:0.00, theta1:24.035, theta2:14.033, e:11.940
t:33.07, r:0.00, omega:12.00, omega_m:0.02, u:0.00, theta1:24.035, theta2:14.040, e:11.979
t:33.08, r:0.00, omega:12.00, omega_m:0.01, u:0.00, theta1:24.035, theta2:14.047, e:11.994
t:33.09, r:0.00, omega:12.00, omega_m:0.00, u:0.00, theta1:24.035, theta2:14.054, e:11.999
t:33.10, r:0.00, omega:12.00, omega_m:0.00, u:0.00, theta1:24.035, theta2:14.062, e:12.001
t:33.11, r:0.00, omega:12.00, omega_m:0.00, u:0.00, theta1:24.035, theta2:14.069, e:12.002
t:33.12, r:0.00, omega:12.00, omega_m:0.00, u:0.00, theta1:24.035, theta2:14.076, e:12.002
t:33.13, r:0.00, omega:12.00, omega_m:0.00, u:0.00, theta1:24.035, theta2:14.083, e:12.002
t:33.14, r:0.00, omega:12.00, omega_m:0.00, u:0.00, theta1:24.035, theta2:14.090, e:12.002
t:33.15, r:0.00, omega:12.00, omega_m:0.00, u:0.00, theta1:24.035, theta2:14.098, e:12.002
t:33.16, r:0.00, omega:12.00, omega_m:0.00, u:0.00, theta1:24.035, theta2:14.105, e:12.002
t:33.17, r:0.00, omega:12.00, omega_m:0.00, u:0.00, theta1:24.035, theta2:14.112, e:12.002
t:33.18, r:0.00, omega:12.00, omega_m:0.00, u:0.00, theta1:24.035, theta2:14.119, e:12.002
t:33.19, r:0.00, omega:12.00, omega_m:0.00, u:0.00, theta1:24.035, theta2:14.126, e:12.002
t:33.20, r:0.00, omega:12.00, omega_m:0.00, u:0.00, theta1:24.035, theta2:14.134, e:12.002
t:33.21, r:0.00, omega:12.00, omega_m:0.00, u:0.00, theta1:24.035, theta2:14.141, e:12.002
t:33.22, r:0.00, omega:12.00, omega_m:0.00, u:0.00, theta1:24.035, theta2:14.148, e:12.002
t:33.23, r:0.00, omega:12.00, omega_m:0.00, u:0.00, theta1:24.035, theta2:14.155, e:12.002
t:33.24, r:0.00, omega:12.00, omega_m:0.00, u:0.00, theta1:24.035, theta2:14.162, e:12.002
t:33.25, r:0.00, omega:12.00, omega_m:0.00, u:0.00, theta1:24.035, theta2:14.170, e:12.002
t:33.26, r:0.00, omega:12.00, omega_m:0.00, u:0.00, theta1:24.035, theta2:14.177, e:12.002
t:33.27, r:0.00, omega:12.00, omega_m:0.00, u:0.00, theta1:24.035, theta2:14.184, e:12.002
t:33.28, r:0.00, omega:12.00, omega_m:0.00, u:0.00, theta1:24.035, theta2:14.191, e:12.002
t:33.29, r:0.00, omega:12.00, omega_m:0.00, u:0.00, theta1:24.035, theta2:14.198, e:12.002
t:33.30, r:0.00, omega:12.00, omega_m:0.00, u:0.00, theta1:24.035, theta2:14.206, e:12.002
t:33.31, r:0.00, omega:12.00, omega_m:0.00, u:0.00, theta1:24.035, theta2:14.213, e:12.002
t:33.32, r:0.00, omega:12.00, omega_m:0.00, u:0.00, theta1:24.035, theta2:14.220, e:12.002
t:33.33, r:0.00, omega:12.00, omega_m:0.00, u:0.00, theta1:24.035, theta2:14.227, e:12.002
t:33.34, r:0.00, omega:12.00, omega_m:0.00, u:0.00, theta1:24.035, theta2:14.234, e:12.002
t:33.35, r:0.00, omega:12.00, omega_m:0.00, u:0.00, theta1:24.035, theta2:14.242, e:12.002
t:33.36, r:0.00, omega:12.00, omega_m:0.00, u:0.00, theta1:24.035, theta2:14.249, e:12.002
t:33.37, r:0.00, omega:12.00, omega_m:0.00, u:0.00, theta1:24.035, theta2:14.256, e:12.002
t:33.38, r:0.00, omega:12.00, omega_m:0.00, u:0.00, theta1:24.035, theta2:14.263, e:12.002
t:33.39, r:0.00, omega:12.00, omega_m:0.00, u:0.00, theta1:24.035, theta2:14.271, e:12.002
t:33.40, r:0.00, omega:12.00, omega_m:0.00, u:0.00, theta1:24.035, theta2:14.278, e:12.002
t:33.41, r:0.00, omega:12.00, omega_m:0.00, u:0.00, theta1:24.035, theta2:14.285, e:12.002
t:33.42, r:0.00, omega:12.00, omega_m:0.00, u:0.00, theta1:24.035, theta2:14.292, e:12.002
t:33.43, r:0.00, omega:12.00, omega_m:0.00, u:0.00, theta1:24.035, theta2:14.299, e:12.002
t:33.44, r:0.00, omega:12.00, omega_m:0.00, u:0.00, theta1:24.035, theta2:14.307, e:12.002
t:33.45, r:0.00, omega:12.00, omega_m:0.00, u:0.00, theta1:24.035, theta2:14.314, e:12.002
t:33.46, r:0.00, omega:12.00, omega_m:0.00, u:0.00, theta1:24.035, theta2:14.321, e:12.002
t:33.47, r:0.00, omega:12.00, omega_m:0.00, u:0.00, theta1:24.035, theta2:14.328, e:12.002
t:33.48, r:0.00, omega:12.00, omega_m:0.00, u:0.00, theta1:24.035, theta2:14.335, e:12.002
t:33.49, r:0.00, omega:12.00, omega_m:0.00, u:0.00, theta1:24.035, theta2:14.343, e:12.002
t:33.50, r:0.00, omega:12.00, omega_m:0.00, u:0.00, theta1:24.035, theta2:14.350, e:12.002
t:33.51, r:0.00, omega:12.00, omega_m:0.00, u:0.00, theta1:24.035, theta2:14.357, e:12.002
t:33.52, r:0.00, omega:12.00, omega_m:0.00, u:0.00, theta1:24.035, theta2:14.364, e:12.002
t:33.53, r:0.00, omega:12.00, omega_m:0.00, u:0.00, theta1:24.035, theta2:14.371, e:12.002
t:33.54, r:0.00, omega:12.00, omega_m:0.00, u:0.00, theta1:24.035, theta2:14.379, e:12.002
t:33.55, r:0.00, omega:0.00, omega_m:0.00, u:0.00, theta1:24.035, theta2:14.379, e:-0.000
t:33.56, r:0.00, omega:0.00, omega_m:0.00, u:0.00, theta1:24.035, theta2:14.379, e:-0.000
t:33.57, r:0.00, omega:0.00, omega_m:0.00, u:0.00, theta1:24.035, theta2:14.379, e:-0.000
t:33.58, r:0.00, omega:0.00, omega_m:0.00, u:0.00, theta1:24.035, theta2:14.379, e:-0.000
t:33.59, r:0.00, omega:0.00, omega_m:0.00, u:0.00, theta1:24.035, theta2:14.379, e:-0.000
t:33.60, r:0.00, omega:0.00, omega_m:0.00, u:0.00, theta1:24.035, theta2:14.379, e:-0.000
t:33.61, r:0.00, omega:0.00, omega_m:0.00, u:0.00, theta1:24.035, theta2:14.379, e:-0.000
t:33.62, r:0.00, omega:0.00, omega_m:0.00, u:0.00, theta1:24.035, theta2:14.379, e:-0.000
t:33.63, r:0.00, omega:0.00, omega_m:0.00, u:0.00, theta1:24.035, theta2:14.379, e:-0.000
t:33.64, r:0.00, omega:0.00, omega_m:0.00, u:0.00, theta1:24.035, theta2:14.379, e:-0.000
t:33.65, r:0.00, omega:0.00, omega_m:0.00, u:0.00, theta1:24.035, theta2:14.379, e:-0.000
t:33.66, r:0.00, omega:0.00, omega_m:0.00, u:0.00, theta1:24.035, theta2:14.379, e:-0.000
t:33.67, r:0.00, omega:0.00, omega_m:0.00, u:0.00, theta1:24.035, theta2:14.379, e:-0.000
t:33.68, r:0.00, omega:0.00, omega_m:0.00, u:0.00, theta1:24.035, theta2:14.379, e:-0.000
t:33.69, r:0.00, omega:0.00, omega_m:0.00, u:0.00, theta1:24.035, theta2:14.379, e:-0.000
t:33.70, r:0.00, omega:0.00, omega_m:0.00, u:0.00, theta1:24.035, theta2:14.379, e:-0.000
t:33.71, r:0.00, omega:0.00, omega_m:0.00, u:0.00, theta1:24.035, theta2:14.379, e:-0.000
t:33.72, r:0.00, omega:0.00, omega_m:0.00, u:0.00, theta1:24.035, theta2:14.379, e:-0.000
t:33.73, r:0.00, omega:0.00, omega_m:0.00, u:0.00, theta1:24.035, theta2:14.379, e:-0.000
t:33.74, r:0.00, omega:0.00, omega_m:0.00, u:0.00, theta1:24.035, theta2:14.379, e:-0.000
t:33.75, r:0.00, omega:0.00, omega_m:0.00, u:0.00, theta1:24.035, theta2:14.379, e:-0.000
t:33.76, r:0.00, omega:0.00, omega_m:0.00, u:0.00, theta1:24.035, theta2:14.379, e:-0.000
t:33.77, r:0.00, omega:0.00, omega_m:0.00, u:0.00, theta1:24.035, theta2:14.379, e:-0.000
t:33.78, r:0.00, omega:0.00, omega_m:0.00, u:0.00, theta1:24.035, theta2:14.379, e:-0.000
t:33.79, r:0.00, omega:0.00, omega_m:0.00, u:0.00, theta1:24.035, theta2:14.379, e:-0.000
t:33.80, r:0.00, omega:0.00, omega_m:0.00, u:0.00, theta1:24.035, theta2:14.379, e:-0.000
t:33.81, r:0.00, omega:0.00, omega_m:0.00, u:0.00, theta1:24.035, theta2:14.379, e:-0.000
t:33.82, r:0.00, omega:0.00, omega_m:0.00, u:0.00, theta1:24.035, theta2:14.379, e:-0.000
t:33.83, r:0.00, omega:0.00, omega_m:0.00, u:0.00, theta1:24.035, theta2:14.379, e:-0.000
t:33.84, r:0.00, omega:0.00, omega_m:0.00, u:0.00, theta1:24.035, theta2:14.379, e:-0.000
t:33.85, r:0.00, omega:0.00, omega_m:0.00, u:0.00, theta1:24.035, theta2:14.379, e:-0.000
t:33.86, r:0.00, omega:0.00, omega_m:0.00, u:0.00, theta1:24.035, theta2:14.379, e:-0.000
t:33.87, r:0.00, omega:0.00, omega_m:0.00, u:0.00, theta1:24.035, theta2:14.379, e:-0.000
t:33.88, r:0.00, omega:0.00, omega_m:0.00, u:0.00, theta1:24.035, theta2:14.379, e:-0.000
t:33.89, r:0.00, omega:0.00, omega_m:0.00, u:0.00, theta1:24.035, theta2:14.379, e:-0.000
t:33.90, r:0.00, omega:0.00, omega_m:0.00, u:0.00, theta1:24.035, theta2:14.379, e:-0.000
t:33.91, r:0.00, omega:0.00, omega_m:0.00, u:0.00, theta1:24.035, theta2:14.379, e:-0.000
t:33.92, r:0.00, omega:0.00, omega_m:0.00, u:0.00, theta1:24.035, theta2:14.379, e:-0.000
t:33.93, r:0.00, omega:0.00, omega_m:0.00, u:0.00, theta1:24.035, theta2:14.379, e:-0.000
t:33.94, r:0.00, omega:0.00, omega_m:0.00, u:0.00, theta1:24.035, theta2:14.379, e:-0.000
t:33.95, r:0.00, omega:0.00, omega_m:0.00, u:0.00, theta1:24.035, theta2:14.379, e:-0.000
t:33.96, r:0.00, omega:0.00, omega_m:0.00, u:0.00, theta1:24.035, theta2:14.379, e:-0.000
t:33.97, r:0.00, omega:0.00, omega_m:0.00, u:0.00, theta1:24.035, theta2:14.379, e:-0.000
t:33.98, r:0.00, omega:0.00, omega_m:0.00, u:0.00, theta1:24.035, theta2:14.379, e:-0.000
t:33.99, r:0.00, omega:0.00, omega_m:0.00, u:0.00, theta1:24.035, theta2:14.379, e:-0.000
t:34.00, r:0.00, omega:0.00, omega_m:0.00, u:0.00, theta1:24.035, theta2:14.379, e:-0.000
t:34.01, r:-25.00, omega:0.00, omega_m:-15.80, u:-601.38, theta1:24.055, theta2:14.379, e:15.803
t:34.02, r:-25.00, omega:0.00, omega_m:-21.62, u:-602.05, theta1:24.082, theta2:14.379, e:21.617
t:34.03, r:-25.00, omega:0.00, omega_m:-23.76, u:-602.79, theta1:24.112, theta2:14.379, e:23.755
t:34.04, r:-25.00, omega:-0.53, omega_m:-24.54, u:-595.91, theta1:24.142, theta2:14.378, e:24.011
t:34.05, r:-25.00, omega:-0.53, omega_m:-24.83, u:-596.67, theta1:24.172, theta2:14.377, e:24.300
t:34.06, r:-25.00, omega:-30.06, omega_m:-24.94, u:-171.70, theta1:24.166, theta2:14.385, e:-5.124
t:34.07, r:-25.00, omega:-35.16, omega_m:-24.98, u:-97.39, theta1:24.153, theta2:14.403, e:-10.185
t:34.08, r:-25.00, omega:-35.16, omega_m:-24.99, u:-96.44, theta1:24.140, theta2:14.421, e:-10.170
t:34.09, r:-25.00, omega:-29.06, omega_m:-25.00, u:-184.17, theta1:24.135, theta2:14.427, e:-4.061
t:34.10, r:-25.00, omega:-29.06, omega_m:-25.00, u:-183.87, theta1:24.130, theta2:14.433, e:-4.059
t:34.11, r:-25.00, omega:-29.06, omega_m:-25.00, u:-183.57, theta1:24.125, theta2:14.438, e:-4.059
t:34.12, r:-25.00, omega:-15.31, omega_m:-25.00, u:-382.55, theta1:24.137, theta2:14.431, e:9.694
t:34.13, r:-25.00, omega:-15.31, omega_m:-25.00, u:-382.97, theta1:24.149, theta2:14.424, e:9.694
t:34.14, r:-25.00, omega:-15.31, omega_m:-25.00, u:-383.38, theta1:24.161, theta2:14.416, e:9.694
t:34.15, r:-25.00, omega:-17.64, omega_m:-25.00, u:-350.04, theta1:24.171, theta2:14.410, e:7.357
t:34.16, r:-25.00, omega:-17.64, omega_m:-25.00, u:-350.38, theta1:24.180, theta2:14.403, e:7.357
t:34.17, r:-25.00, omega:-24.14, omega_m:-25.00, u:-256.82, theta1:24.181, theta2:14.402, e:0.858
t:34.18, r:-25.00, omega:-24.14, omega_m:-25.00, u:-256.87, theta1:24.182, theta2:14.401, e:0.858
t:34.19, r:-25.00, omega:-24.14, omega_m:-25.00, u:-256.92, theta1:24.183, theta2:14.400, e:0.858
t:34.20, r:-25.00, omega:-25.06, omega_m:-25.00, u:-243.73, theta1:24.183, theta2:14.400, e:-0.059
t:34.21, r:-25.00, omega:-25.06, omega_m:-25.00, u:-243.72, theta1:24.183, theta2:14.400, e:-0.059
t:34.22, r:-25.00, omega:-18.40, omega_m:-25.00, u:-339.90, theta1:24.191, theta2:14.394, e:6.598
t:34.23, r:-25.00, omega:-18.40, omega_m:-25.00, u:-340.22, theta1:24.199, theta2:14.388, e:6.598
t:34.24, r:-25.00, omega:-18.40, omega_m:-25.00, u:-340.54, theta1:24.208, theta2:14.382, e:6.598
t:34.25, r:-25.00, omega:-19.67, omega_m:-25.00, u:-322.57, theta1:24.214, theta2:14.377, e:5.331
t:34.26, r:-25.00, omega:-19.67, omega_m:-25.00, u:-322.84, theta1:24.221, theta2:14.372, e:5.331
t:34.27, r:-25.00, omega:-23.33, omega_m:-25.00, u:-270.35, theta1:24.223, theta2:14.370, e:1.671
t:34.28, r:-25.00, omega:-23.33, omega_m:-25.00, u:-270.44, theta1:24.225, theta2:14.368, e:1.671
t:34.29, r:-25.00, omega:-23.33, omega_m:-25.00, u:-270.54, theta1:24.227, theta2:14.366, e:1.671
t:34.30, r:-25.00, omega:-23.12, omega_m:-25.00, u:-273.65, theta1:24.230, theta2:14.364, e:1.880
t:34.31, r:-25.00, omega:-23.12, omega_m:-25.00, u:-273.76, theta1:24.232, theta2:14.361, e:1.880
t:34.32, r:-25.00, omega:-18.56, omega_m:-25.00, u:-339.52, theta1:24.240, theta2:14.355, e:6.437
t:34.33, r:-25.00, omega:-18.56, omega_m:-25.00, u:-339.84, theta1:24.248, theta2:14.349, e:6.437
t:34.34, r:-25.00, omega:-18.56, omega_m:-25.00, u:-340.15, theta1:24.256, theta2:14.343, e:6.437
t:34.35, r:-25.00, omega:-21.31, omega_m:-25.00, u:-300.96, theta1:24.261, theta2:14.339, e:3.691
t:34.36, r:-25.00, omega:-21.31, omega_m:-25.00, u:-301.16, theta1:24.265, theta2:14.336, e:3.691
t:34.37, r:-25.00, omega:-23.20, omega_m:-25.00, u:-274.21, theta1:24.268, theta2:14.333, e:1.804
t:34.38, r:-25.00, omega:-23.20, omega_m:-25.00, u:-274.32, theta1:24.270, theta2:14.331, e:1.804
t:34.39, r:-25.00, omega:-23.20, omega_m:-25.00, u:-274.42, theta1:24.272, theta2:14.329, e:1.804
t:34.40, r:-25.00, omega:-21.86, omega_m:-25.00, u:-293.69, theta1:24.276, theta2:14.326, e:3.137
t:34.41, r:-25.00, omega:-21.86, omega_m:-25.00, u:-293.87, theta1:24.280, theta2:14.322, e:3.137
t:34.42, r:-25.00, omega:-19.74, omega_m:-25.00, u:-324.58, theta1:24.286, theta2:14.317, e:5.263
t:34.43, r:-25.00, omega:-19.74, omega_m:-25.00, u:-324.85, theta1:24.293, theta2:14.312, e:5.263
t:34.44, r:-25.00, omega:-19.74, omega_m:-25.00, u:-325.12, theta1:24.300, theta2:14.307, e:5.263
t:34.45, r:-25.00, omega:-21.69, omega_m:-25.00, u:-297.36, theta1:24.304, theta2:14.303, e:3.310
t:34.46, r:-25.00, omega:-21.69, omega_m:-25.00, u:-297.54, theta1:24.308, theta2:14.300, e:3.310
t:34.47, r:-25.00, omega:-21.61, omega_m:-25.00, u:-298.80, theta1:24.312, theta2:14.296, e:3.385
t:34.48, r:-25.00, omega:-21.61, omega_m:-25.00, u:-298.98, theta1:24.316, theta2:14.292, e:3.385
t:34.49, r:-25.00, omega:-21.72, omega_m:-25.00, u:-297.73, theta1:24.320, theta2:14.289, e:3.285
t:34.50, r:-25.00, omega:-21.72, omega_m:-25.00, u:-297.91, theta1:24.325, theta2:14.285, e:3.285
t:34.51, r:-25.00, omega:-21.72, omega_m:-25.00, u:-298.09, theta1:24.329, theta2:14.282, e:3.285
t:34.52, r:-25.00, omega:-22.58, omega_m:-25.00, u:-285.81, theta1:24.332, theta2:14.279, e:2.416
t:34.53, r:-25.00, omega:-22.58, omega_m:-25.00, u:-285.95, theta1:24.335, theta2:14.276, e:2.416
t:34.54, r:-25.00, omega:-20.66, omega_m:-25.00, u:-313.69, theta1:24.340, theta2:14.272, e:4.343
t:34.55, r:-25.00, omega:-20.66, omega_m:-25.00, u:-313.92, theta1:24.346, theta2:14.267, e:4.343
t:34.56, r:-25.00, omega:-20.66, omega_m:-25.00, u:-314.15, theta1:24.351, theta2:14.263, e:4.343
t:34.57, r:-25.00, omega:-20.57, omega_m:-25.00, u:-315.62, theta1:24.357, theta2:14.258, e:4.430
t:34.58, r:-25.00, omega:-20.57, omega_m:-25.00, u:-315.85, theta1:24.362, theta2:14.254, e:4.430
t:34.59, r:-25.00, omega:-23.08, omega_m:-25.00, u:-280.13, theta1:24.364, theta2:14.251, e:1.916
t:34.60, r:-25.00, omega:-23.08, omega_m:-25.00, u:-280.24, theta1:24.367, theta2:14.249, e:1.916
t:34.61, r:-25.00, omega:-23.08, omega_m:-25.00, u:-280.35, theta1:24.369, theta2:14.247, e:1.916
t:34.62, r:-25.00, omega:-20.41, omega_m:-25.00, u:-318.73, theta1:24.375, theta2:14.242, e:4.593
t:34.63, r:-25.00, omega:-20.41, omega_m:-25.00, u:-318.97, theta1:24.381, theta2:14.238, e:4.593
t:34.64, r:-25.00, omega:-20.58, omega_m:-25.00, u:-316.68, theta1:24.386, theta2:14.233, e:4.416
t:34.65, r:-25.00, omega:-20.58, omega_m:-25.00, u:-316.91, theta1:24.392, theta2:14.229, e:4.416
t:34.66, r:-25.00, omega:-22.69, omega_m:-25.00, u:-287.08, theta1:24.395, theta2:14.226, e:2.310
t:34.67, r:-25.00, omega:-22.69, omega_m:-25.00, u:-287.21, theta1:24.398, theta2:14.223, e:2.310
t:34.68, r:-25.00, omega:-22.69, omega_m:-25.00, u:-287.34, theta1:24.400, theta2:14.221, e:2.310
t:34.69, r:-25.00, omega:-22.92, omega_m:-25.00, u:-284.13, theta1:24.403, theta2:14.218, e:2.075
t:34.70, r:-25.00, omega:-22.92, omega_m:-25.00, u:-284.25, theta1:24.406, theta2:14.216, e:2.075
t:34.71, r:-25.00, omega:-19.47, omega_m:-25.00, u:-333.63, theta1:24.413, theta2:14.211, e:5.530
t:34.72, r:-25.00, omega:-19.47, omega_m:-25.00, u:-333.91, theta1:24.419, theta2:14.205, e:5.530
t:34.73, r:-25.00, omega:-19.47, omega_m:-25.00, u:-334.18, theta1:24.426, theta2:14.200, e:5.530
t:34.74, r:-25.00, omega:-21.85, omega_m:-25.00, u:-300.63, theta1:24.430, theta2:14.196, e:3.154
t:34.75, r:-25.00, omega:-21.85, omega_m:-25.00, u:-300.80, theta1:24.434, theta2:14.193, e:3.154
t:34.76, r:-25.00, omega:-23.27, omega_m:-25.00, u:-280.69, theta1:24.436, theta2:14.191, e:1.730
t:34.77, r:-25.00, omega:-23.27, omega_m:-25.00, u:-280.79, theta1:24.439, theta2:14.189, e:1.730
t:34.78, r:-25.00, omega:-22.25, omega_m:-25.00, u:-295.44, theta1:24.442, theta2:14.186, e:2.751
t:34.79, r:-25.00, omega:-22.25, omega_m:-25.00, u:-295.59, theta1:24.445, theta2:14.183, e:2.751
t:34.80, r:-25.00, omega:-22.25, omega_m:-25.00, u:-295.74, theta1:24.449, theta2:14.180, e:2.751
t:34.81, r:-25.00, omega:-20.63, omega_m:-25.00, u:-318.87, theta1:24.454, theta2:14.175, e:4.366
t:34.82, r:-25.00, omega:-20.63, omega_m:-25.00, u:-319.10, theta1:24.460, theta2:14.171, e:4.366
t:34.83, r:-25.00, omega:-20.63, omega_m:-25.00, u:-319.33, theta1:24.465, theta2:14.166, e:4.366
t:34.84, r:-25.00, omega:-20.04, omega_m:-25.00, u:-328.03, theta1:24.471, theta2:14.161, e:4.963
t:34.85, r:-25.00, omega:-20.04, omega_m:-25.00, u:-328.29, theta1:24.478, theta2:14.156, e:4.963
t:34.86, r:-25.00, omega:-21.55, omega_m:-25.00, u:-307.13, theta1:24.482, theta2:14.152, e:3.454
t:34.87, r:-25.00, omega:-21.55, omega_m:-25.00, u:-307.32, theta1:24.486, theta2:14.149, e:3.454
t:34.88, r:-25.00, omega:-22.83, omega_m:-25.00, u:-289.30, theta1:24.489, theta2:14.146, e:2.172
t:34.89, r:-25.00, omega:-22.83, omega_m:-25.00, u:-289.42, theta1:24.492, theta2:14.144, e:2.172
t:34.90, r:-25.00, omega:-22.83, omega_m:-25.00, u:-289.55, theta1:24.494, theta2:14.141, e:2.172
t:34.91, r:-25.00, omega:-22.94, omega_m:-25.00, u:-288.14, theta1:24.497, theta2:14.139, e:2.064
t:34.92, r:-25.00, omega:-22.94, omega_m:-25.00, u:-288.26, theta1:24.500, theta2:14.137, e:2.064
t:34.93, r:-25.00, omega:-20.79, omega_m:-25.00, u:-318.86, theta1:24.505, theta2:14.132, e:4.213
t:34.94, r:-25.00, omega:-20.79, omega_m:-25.00, u:-319.08, theta1:24.510, theta2:14.128, e:4.213
t:34.95, r:-25.00, omega:-20.79, omega_m:-25.00, u:-319.30, theta1:24.515, theta2:14.123, e:4.213
t:34.96, r:-25.00, omega:-20.25, omega_m:-25.00, u:-327.11, theta1:24.521, theta2:14.119, e:4.749
t:34.97, r:-25.00, omega:-20.25, omega_m:-25.00, u:-327.36, theta1:24.527, theta2:14.114, e:4.749
t:34.98, r:-25.00, omega:-22.91, omega_m:-25.00, u:-289.89, theta1:24.530, theta2:14.111, e:2.085
t:34.99, r:-25.00, omega:-22.91, omega_m:-25.00, u:-290.01, theta1:24.533, theta2:14.109, e:2.085
t:35.00, r:-25.00, omega:-23.06, omega_m:-25.00, u:-288.13, theta1:24.535, theta2:14.107, e:1.944
t:35.01, r:0.00, omega:-23.06, omega_m:-9.20, u:0.00, theta1:24.535, theta2:14.123, e:-13.859
t:35.02, r:0.00, omega:-23.06, omega_m:-3.38, u:0.00, theta1:24.535, theta2:14.145, e:-19.672
t:35.03, r:0.00, omega:-19.18, omega_m:-1.24, u:0.00, theta1:24.535, theta2:14.163, e:-17.938
t:35.04, r:0.00, omega:-19.18, omega_m:-0.46, u:0.00, theta1:24.535, theta2:14.181, e:-18.725
t:35.05, r:0.00, omega:-19.18, omega_m:-0.17, u:0.00, theta1:24.535, theta2:14.199, e:-19.015
t:35.06, r:0.00, omega:-19.18, omega_m:-0.06, u:0.00, theta1:24.535, theta2:14.217, e:-19.121
t:35.07, r:0.00, omega:-19.18, omega_m:-0.02, u:0.00, theta1:24.535, theta2:14.236, e:-19.160
t:35.08, r:0.00, omega:-19.18, omega_m:-0.01, u:0.00, theta1:24.535, theta2:14.254, e:-19.175
t:35.09, r:0.00, omega:-19.18, omega_m:-0.00, u:0.00, theta1:24.535, theta2:14.272, e:-19.180
t:35.10, r:0.00, omega:-19.18, omega_m:-0.00, u:0.00, theta1:24.535, theta2:14.291, e:-19.182
t:35.11, r:0.00, omega:-19.18, omega_m:-0.00, u:0.00, theta1:24.535, theta2:14.309, e:-19.183
t:35.12, r:0.00, omega:-19.18, omega_m:-0.00, u:0.00, theta1:24.535, theta2:14.328, e:-19.183
t:35.13, r:0.00, omega:-19.18, omega_m:-0.00, u:0.00, theta1:24.535, theta2:14.346, e:-19.183
t:35.14, r:0.00, omega:-19.18, omega_m:-0.00, u:0.00, theta1:24.535, theta2:14.364, e:-19.183
t:35.15, r:0.00, omega:-19.18, omega_m:-0.00, u:0.00, theta1:24.535, theta2:14.383, e:-19.183
t:35.16, r:0.00, omega:-19.18, omega_m:-0.00, u:0.00, theta1:24.535, theta2:14.401, e:-19.183
t:35.17, r:0.00, omega:-19.18, omega_m:-0.00, u:0.00, theta1:24.535, theta2:14.420, e:-19.183
t:35.18, r:0.00, omega:-19.18, omega_m:-0.00, u:0.00, theta1:24.535, theta2:14.438, e:-19.183
t:35.19, r:0.00, omega:-19.18, omega_m:-0.00, u:0.00, theta1:24.535, theta2:14.456, e:-19.183
t:35.20, r:0.00, omega:-19.18, omega_m:-0.00, u:0.00, theta1:24.535, theta2:14.475, e:-19.183
t:35.21, r:0.00, omega:-19.18, omega_m:-0.00, u:0.00, theta1:24.535, theta2:14.493, e:-19.183
t:35.22, r:0.00, omega:-19.18, omega_m:-0.00, u:0.00, theta1:24.535, theta2:14.512, e:-19.183
t:35.23, r:0.00, omega:-19.18, omega_m:-0.00, u:0.00, theta1:24.535, theta2:14.530, e:-19.183
t:35.24, r:0.00, omega:-19.18, omega_m:-0.00, u:0.00, theta1:24.535, theta2:14.548, e:-19.183
t:35.25, r:0.00, omega:-19.18, omega_m:-0.00, u:0.00, theta1:24.535, theta2:14.567, e:-19.183
t:35.26, r:0.00, omega:-19.18, omega_m:-0.00, u:0.00, theta1:24.535, theta2:14.585, e:-19.183
t:35.27, r:0.00, omega:-19.18, omega_m:-0.00, u:0.00, theta1:24.535, theta2:14.604, e:-19.183
t:35.28, r:0.00, omega:-19.18, omega_m:-0.00, u:0.00, theta1:24.535, theta2:14.622, e:-19.183
t:35.29, r:0.00, omega:-19.18, omega_m:-0.00, u:0.00, theta1:24.535, theta2:14.640, e:-19.183
t:35.30, r:0.00, omega:-19.18, omega_m:-0.00, u:0.00, theta1:24.535, theta2:14.659, e:-19.183
t:35.31, r:0.00, omega:-19.18, omega_m:-0.00, u:0.00, theta1:24.535, theta2:14.677, e:-19.183
t:35.32, r:0.00, omega:-19.18, omega_m:-0.00, u:0.00, theta1:24.535, theta2:14.696, e:-19.183
t:35.33, r:0.00, omega:-19.18, omega_m:-0.00, u:0.00, theta1:24.535, theta2:14.714, e:-19.183
t:35.34, r:0.00, omega:-19.18, omega_m:-0.00, u:0.00, theta1:24.535, theta2:14.732, e:-19.183
t:35.35, r:0.00, omega:-19.18, omega_m:-0.00, u:0.00, theta1:24.535, theta2:14.751, e:-19.183
t:35.36, r:0.00, omega:-19.18, omega_m:-0.00, u:0.00, theta1:24.535, theta2:14.769, e:-19.183
t:35.37, r:0.00, omega:-19.18, omega_m:-0.00, u:0.00, theta1:24.535, theta2:14.788, e:-19.183
t:35.38, r:0.00, omega:-19.18, omega_m:-0.00, u:0.00, theta1:24.535, theta2:14.806, e:-19.183
t:35.39, r:0.00, omega:-19.18, omega_m:-0.00, u:0.00, theta1:24.535, theta2:14.824, e:-19.183
t:35.40, r:0.00, omega:-19.18, omega_m:-0.00, u:0.00, theta1:24.535, theta2:14.843, e:-19.183
t:35.41, r:0.00, omega:-19.18, omega_m:-0.00, u:0.00, theta1:24.535, theta2:14.861, e:-19.183
t:35.42, r:0.00, omega:-19.18, omega_m:-0.00, u:0.00, theta1:24.535, theta2:14.880, e:-19.183
t:35.43, r:0.00, omega:-19.18, omega_m:-0.00, u:0.00, theta1:24.535, theta2:14.898, e:-19.183
t:35.44, r:0.00, omega:-19.18, omega_m:-0.00, u:0.00, theta1:24.535, theta2:14.916, e:-19.183
t:35.45, r:0.00, omega:-19.18, omega_m:-0.00, u:0.00, theta1:24.535, theta2:14.935, e:-19.183
t:35.46, r:0.00, omega:-19.18, omega_m:-0.00, u:0.00, theta1:24.535, theta2:14.953, e:-19.183
t:35.47, r:0.00, omega:-19.18, omega_m:-0.00, u:0.00, theta1:24.535, theta2:14.972, e:-19.183
t:35.48, r:0.00, omega:-19.18, omega_m:-0.00, u:0.00, theta1:24.535, theta2:14.990, e:-19.183
t:35.49, r:0.00, omega:-19.18, omega_m:-0.00, u:0.00, theta1:24.535, theta2:15.008, e:-19.183
t:35.50, r:0.00, omega:-19.18, omega_m:-0.00, u:0.00, theta1:24.535, theta2:15.027, e:-19.183
t:35.51, r:0.00, omega:-19.18, omega_m:-0.00, u:0.00, theta1:24.535, theta2:15.045, e:-19.183
t:35.52, r:0.00, omega:-19.18, omega_m:-0.00, u:0.00, theta1:24.535, theta2:15.064, e:-19.183
t:35.53, r:0.00, omega:0.00, omega_m:-0.00, u:0.00, theta1:24.535, theta2:15.064, e:0.000
t:35.54, r:0.00, omega:0.00, omega_m:-0.00, u:0.00, theta1:24.535, theta2:15.064, e:0.000
t:35.55, r:0.00, omega:0.00, omega_m:-0.00, u:0.00, theta1:24.535, theta2:15.064, e:0.000
t:35.56, r:0.00, omega:0.00, omega_m:-0.00, u:0.00, theta1:24.535, theta2:15.064, e:0.000
t:35.57, r:0.00, omega:0.00, omega_m:-0.00, u:0.00, theta1:24.535, theta2:15.064, e:0.000
t:35.58, r:0.00, omega:0.00, omega_m:-0.00, u:0.00, theta1:24.535, theta2:15.064, e:0.000
t:35.59, r:0.00, omega:0.00, omega_m:-0.00, u:0.00, theta1:24.535, theta2:15.064, e:0.000
t:35.60, r:0.00, omega:0.00, omega_m:-0.00, u:0.00, theta1:24.535, theta2:15.064, e:0.000
t:35.61, r:0.00, omega:0.00, omega_m:-0.00, u:0.00, theta1:24.535, theta2:15.064, e:0.000
t:35.62, r:0.00, omega:0.00, omega_m:-0.00, u:0.00, theta1:24.535, theta2:15.064, e:0.000
t:35.63, r:0.00, omega:0.00, omega_m:-0.00, u:0.00, theta1:24.535, theta2:15.064, e:0.000
t:35.64, r:0.00, omega:0.00, omega_m:-0.00, u:0.00, theta1:24.535, theta2:15.064, e:0.000
t:35.65, r:0.00, omega:0.00, omega_m:-0.00, u:0.00, theta1:24.535, theta2:15.064, e:0.000
t:35.66, r:0.00, omega:0.00, omega_m:-0.00, u:0.00, theta1:24.535, theta2:15.064, e:0.000
t:35.67, r:0.00, omega:0.00, omega_m:-0.00, u:0.00, theta1:24.535, theta2:15.064, e:0.000
t:35.68, r:0.00, omega:0.00, omega_m:-0.00, u:0.00, theta1:24.535, theta2:15.064, e:0.000
t:35.69, r:0.00, omega:0.00, omega_m:-0.00, u:0.00, theta1:24.535, theta2:15.064, e:0.000
t:35.70, r:0.00, omega:0.00, omega_m:-0.00, u:0.00, theta1:24.535, theta2:15.064, e:0.000
t:35.71, r:0.00, omega:0.00, omega_m:-0.00, u:0.00, theta1:24.535, theta2:15.064, e:0.000
t:35.72, r:0.00, omega:0.00, omega_m:-0.00, u:0.00, theta1:24.535, theta2:15.064, e:0.000
t:35.73, r:0.00, omega:0.00, omega_m:-0.00, u:0.00, theta1:24.535, theta2:15.064, e:0.000
t:35.74, r:0.00, omega:0.00, omega_m:-0.00, u:0.00, theta1:24.535, theta2:15.064, e:0.000
t:35.75, r:0.00, omega:0.00, omega_m:-0.00, u:0.00, theta1:24.535, theta2:15.064, e:0.000
t:35.76, r:0.00, omega:0.00, omega_m:-0.00, u:0.00, theta1:24.535, theta2:15.064, e:0.000
t:35.77, r:0.00, omega:0.00, omega_m:-0.00, u:0.00, theta1:24.535, theta2:15.064, e:0.000
t:35.78, r:0.00, omega:0.00, omega_m:-0.00, u:0.00, theta1:24.535, theta2:15.064, e:0.000
t:35.79, r:0.00, omega:0.00, omega_m:-0.00, u:0.00, theta1:24.535, theta2:15.064, e:0.000
t:35.80, r:0.00, omega:0.00, omega_m:-0.00, u:0.00, theta1:24.535, theta2:15.064, e:0.000
t:35.81, r:0.00, omega:0.00, omega_m:-0.00, u:0.00, theta1:24.535, theta2:15.064, e:0.000
t:35.82, r:0.00, omega:0.00, omega_m:-0.00, u:0.00, theta1:24.535, theta2:15.064, e:0.000
t:35.83, r:0.00, omega:0.00, omega_m:-0.00, u:0.00, theta1:24.535, theta2:15.064, e:0.000
t:35.84, r:0.00, omega:0.00, omega_m:-0.00, u:0.00, theta1:24.535, theta2:15.064, e:0.000
t:35.85, r:0.00, omega:0.00, omega_m:-0.00, u:0.00, theta1:24.535, theta2:15.064, e:0.000
t:35.86, r:0.00, omega:0.00, omega_m:-0.00, u:0.00, theta1:24.535, theta2:15.064, e:0.000
t:35.87, r:0.00, omega:0.00, omega_m:-0.00, u:0.00, theta1:24.535, theta2:15.064, e:0.000
t:35.88, r:0.00, omega:0.00, omega_m:-0.00, u:0.00, theta1:24.535, theta2:15.064, e:0.000
t:35.89, r:0.00, omega:0.00, omega_m:-0.00, u:0.00, theta1:24.535, theta2:15.064, e:0.000
t:35.90, r:0.00, omega:0.00, omega_m:-0.00, u:0.00, theta1:24.535, theta2:15.064, e:0.000
t:35.91, r:0.00, omega:0.00, omega_m:-0.00, u:0.00, theta1:24.535, theta2:15.064, e:0.000
t:35.92, r:0.00, omega:0.00, omega_m:-0.00, u:0.00, theta1:24.535, theta2:15.064, e:0.000
t:35.93, r:0.00, omega:0.00, omega_m:-0.00, u:0.00, theta1:24.535, theta2:15.064, e:0.000
t:35.94, r:0.00, omega:0.00, omega_m:-0.00, u:0.00, theta1:24.535, theta2:15.064, e:0.000
t:35.95, r:0.00, omega:0.00, omega_m:-0.00, u:0.00, theta1:24.535, theta2:15.064, e:0.000
t:35.96, r:0.00, omega:0.00, omega_m:-0.00, u:0.00, theta1:24.535, theta2:15.064, e:0.000
t:35.97, r:0.00, omega:0.00, omega_m:-0.00, u:0.00, theta1:24.535, theta2:15.064, e:0.000
t:35.98, r:0.00, omega:0.00, omega_m:-0.00, u:0.00, theta1:24.535, theta2:15.064, e:0.000
t:35.99, r:0.00, omega:0.00, omega_m:-0.00, u:0.00, theta1:24.535, theta2:15.064, e:0.000
t:36.00, r:0.00, omega:0.00, omega_m:-0.00, u:0.00, theta1:24.535, theta2:15.064, e:0.000
t:36.01, r:25.00, omega:0.00, omega_m:15.80, u:613.87, theta1:24.555, theta2:15.064, e:-15.803
t:36.02, r:25.00, omega:0.00, omega_m:21.62, u:614.54, theta1:24.582, theta2:15.064, e:-21.617
t:36.03, r:25.00, omega:0.00, omega_m:23.76, u:615.29, theta1:24.611, theta2:15.064, e:-23.755
t:36.04, r:25.00, omega:0.52, omega_m:24.54, u:608.26, theta1:24.641, theta2:15.063, e:-24.026
t:36.05, r:25.00, omega:0.52, omega_m:24.83, u:609.02, theta1:24.672, theta2:15.062, e:-24.315
t:36.06, r:25.00, omega:31.72, omega_m:24.94, u:138.50, theta1:24.663, theta2:15.073, e:6.780
t:36.07, r:25.00, omega:36.80, omega_m:24.98, u:60.72, theta1:24.649, theta2:15.095, e:11.823
t:36.08, r:25.00, omega:36.80, omega_m:24.99, u:59.55, theta1:24.634, theta2:15.117, e:11.809
t:36.09, r:25.00, omega:36.80, omega_m:25.00, u:58.38, theta1:24.619, theta2:15.138, e:11.804
t:36.10, r:25.00, omega:21.34, omega_m:25.00, u:292.57, theta1:24.624, theta2:15.134, e:-3.655
t:36.11, r:25.00, omega:21.34, omega_m:25.00, u:292.77, theta1:24.628, theta2:15.130, e:-3.656
t:36.12, r:25.00, omega:21.34, omega_m:25.00, u:292.97, theta1:24.633, theta2:15.127, e:-3.656
t:36.13, r:25.00, omega:21.34, omega_m:25.00, u:293.16, theta1:24.637, theta2:15.123, e:-3.656
t:36.14, r:25.00, omega:13.65, omega_m:25.00, u:409.94, theta1:24.652, theta2:15.115, e:-11.348
t:36.15, r:25.00, omega:13.65, omega_m:25.00, u:410.40, theta1:24.666, theta2:15.107, e:-11.348
t:36.16, r:25.00, omega:19.49, omega_m:25.00, u:322.48, theta1:24.673, theta2:15.102, e:-5.510
t:36.17, r:25.00, omega:19.49, omega_m:25.00, u:322.76, theta1:24.679, theta2:15.096, e:-5.510
t:36.18, r:25.00, omega:19.49, omega_m:25.00, u:323.04, theta1:24.686, theta2:15.091, e:-5.510
t:36.19, r:25.00, omega:25.03, omega_m:25.00, u:239.40, theta1:24.686, theta2:15.091, e:0.032
t:36.20, r:25.00, omega:25.03, omega_m:25.00, u:239.39, theta1:24.686, theta2:15.091, e:0.032
t:36.21, r:25.00, omega:22.82, omega_m:25.00, u:272.83, theta1:24.689, theta2:15.089, e:-2.175
t:36.22, r:25.00, omega:22.82, omega_m:25.00, u:272.96, theta1:24.692, theta2:15.086, e:-2.175
t:36.23, r:25.00, omega:22.82, omega_m:25.00, u:273.08, theta1:24.694, theta2:15.084, e:-2.175
t:36.24, r:25.00, omega:18.67, omega_m:25.00, u:336.01, theta1:24.702, theta2:15.078, e:-6.327
t:36.25, r:25.00, omega:18.67, omega_m:25.00, u:336.32, theta1:24.710, theta2:15.072, e:-6.327
t:36.26, r:25.00, omega:19.56, omega_m:25.00, u:323.29, theta1:24.717, theta2:15.067, e:-5.444
t:36.27, r:25.00, omega:19.56, omega_m:25.00, u:323.57, theta1:24.724, theta2:15.061, e:-5.444
t:36.28, r:25.00, omega:19.56, omega_m:25.00, u:323.84, theta1:24.731, theta2:15.056, e:-5.444
t:36.29, r:25.00, omega:22.54, omega_m:25.00, u:279.11, theta1:24.734, theta2:15.053, e:-2.464
t:36.30, r:25.00, omega:22.54, omega_m:25.00, u:279.25, theta1:24.737, theta2:15.050, e:-2.464
t:36.31, r:25.00, omega:20.60, omega_m:25.00, u:308.56, theta1:24.742, theta2:15.046, e:-4.396
t:36.32, r:25.00, omega:20.60, omega_m:25.00, u:308.79, theta1:24.748, theta2:15.041, e:-4.396
t:36.33, r:25.00, omega:20.60, omega_m:25.00, u:309.02, theta1:24.753, theta2:15.037, e:-4.396
t:36.34, r:25.00, omega:21.51, omega_m:25.00, u:295.59, theta1:24.758, theta2:15.033, e:-3.491
t:36.35, r:25.00, omega:21.51, omega_m:25.00, u:295.78, theta1:24.762, theta2:15.029, e:-3.491
t:36.36, r:25.00, omega:22.79, omega_m:25.00, u:276.63, theta1:24.765, theta2:15.027, e:-2.208
t:36.37, r:25.00, omega:22.79, omega_m:25.00, u:276.76, theta1:24.768, theta2:15.024, e:-2.208
t:36.38, r:25.00, omega:22.79, omega_m:25.00, u:276.89, theta1:24.770, theta2:15.022, e:-2.208
t:36.39, r:25.00, omega:20.33, omega_m:25.00, u:314.15, theta1:24.776, theta2:15.017, e:-4.672
t:36.40, r:25.00, omega:20.33, omega_m:25.00, u:314.39, theta1:24.782, theta2:15.012, e:-4.672
t:36.41, r:25.00, omega:19.08, omega_m:25.00, u:333.47, theta1:24.789, theta2:15.007, e:-5.924
t:36.42, r:25.00, omega:19.08, omega_m:25.00, u:333.76, theta1:24.797, theta2:15.001, e:-5.924
t:36.43, r:25.00, omega:19.08, omega_m:25.00, u:334.06, theta1:24.804, theta2:14.995, e:-5.924
t:36.44, r:25.00, omega:22.12, omega_m:25.00, u:288.59, theta1:24.808, theta2:14.992, e:-2.881
t:36.45, r:25.00, omega:22.12, omega_m:25.00, u:288.75, theta1:24.811, theta2:14.989, e:-2.881
t:36.46, r:25.00, omega:22.58, omega_m:25.00, u:282.02, theta1:24.814, theta2:14.986, e:-2.423
t:36.47, r:25.00, omega:22.58, omega_m:25.00, u:282.16, theta1:24.818, theta2:14.983, e:-2.423
t:36.48, r:25.00, omega:22.58, omega_m:25.00, u:282.30, theta1:24.821, theta2:14.981, e:-2.423
t:36.49, r:25.00, omega:20.25, omega_m:25.00, u:317.33, theta1:24.826, theta2:14.976, e:-4.746
t:36.50, r:25.00, omega:20.25, omega_m:25.00, u:317.58, theta1:24.832, theta2:14.971, e:-4.746
t:36.51, r:25.00, omega:20.15, omega_m:25.00, u:319.44, theta1:24.838, theta2:14.966, e:-4.853
t:36.52, r:25.00, omega:20.15, omega_m:25.00, u:319.69, theta1:24.845, theta2:14.961, e:-4.853
t:36.53, r:25.00, omega:20.15, omega_m:25.00, u:319.94, theta1:24.851, theta2:14.956, e:-4.853
t:36.54, r:25.00, omega:21.32, omega_m:25.00, u:302.57, theta1:24.855, theta2:14.952, e:-3.678
t:36.55, r:25.00, omega:21.32, omega_m:25.00, u:302.77, theta1:24.860, theta2:14.949, e:-3.678
t:36.56, r:25.00, omega:22.47, omega_m:25.00, u:285.79, theta1:24.863, theta2:14.946, e:-2.533
t:36.57, r:25.00, omega:22.47, omega_m:25.00, u:285.93, theta1:24.866, theta2:14.943, e:-2.533
t:36.58, r:25.00, omega:21.97, omega_m:25.00, u:293.49, theta1:24.870, theta2:14.940, e:-3.028
t:36.59, r:25.00, omega:21.97, omega_m:25.00, u:293.66, theta1:24.874, theta2:14.936, e:-3.028
t:36.60, r:25.00, omega:21.97, omega_m:25.00, u:293.83, theta1:24.877, theta2:14.933, e:-3.028
t:36.61, r:25.00, omega:20.20, omega_m:25.00, u:320.49, theta1:24.883, theta2:14.928, e:-4.796
t:36.62, r:25.00, omega:20.20, omega_m:25.00, u:320.73, theta1:24.889, theta2:14.923, e:-4.796
t:36.63, r:25.00, omega:20.20, omega_m:25.00, u:320.98, theta1:24.895, theta2:14.918, e:-4.796
t:36.64, r:25.00, omega:19.67, omega_m:25.00, u:329.25, theta1:24.902, theta2:14.913, e:-5.333
t:36.65, r:25.00, omega:19.67, omega_m:25.00, u:329.52, theta1:24.909, theta2:14.908, e:-5.333
t:36.66, r:25.00, omega:23.65, omega_m:25.00, u:270.17, theta1:24.910, theta2:14.906, e:-1.346
t:36.67, r:25.00, omega:23.65, omega_m:25.00, u:270.25, theta1:24.912, theta2:14.905, e:-1.346
t:36.68, r:25.00, omega:22.49, omega_m:25.00, u:287.81, theta1:24.915, theta2:14.902, e:-2.514
t:36.69, r:25.00, omega:22.49, omega_m:25.00, u:287.95, theta1:24.918, theta2:14.899, e:-2.514
t:36.70, r:25.00, omega:22.49, omega_m:25.00, u:288.09, theta1:24.922, theta2:14.896, e:-2.514
t:36.71, r:25.00, omega:19.04, omega_m:25.00, u:339.74, theta1:24.929, theta2:14.891, e:-5.962
t:36.72, r:25.00, omega:19.04, omega_m:25.00, u:340.04, theta1:24.936, theta2:14.885, e:-5.962
t:36.73, r:25.00, omega:21.03, omega_m:25.00, u:310.65, theta1:24.941, theta2:14.881, e:-3.974
t:36.74, r:25.00, omega:21.03, omega_m:25.00, u:310.86, theta1:24.946, theta2:14.876, e:-3.974
t:36.75, r:25.00, omega:21.03, omega_m:25.00, u:311.07, theta1:24.951, theta2:14.872, e:-3.974
t:36.76, r:25.00, omega:22.69, omega_m:25.00, u:286.43, theta1:24.954, theta2:14.870, e:-2.308
t:36.77, r:25.00, omega:22.69, omega_m:25.00, u:286.56, theta1:24.957, theta2:14.867, e:-2.308
t:36.78, r:25.00, omega:20.85, omega_m:25.00, u:314.16, theta1:24.962, theta2:14.863, e:-4.149
t:36.79, r:25.00, omega:20.85, omega_m:25.00, u:314.38, theta1:24.968, theta2:14.858, e:-4.149
t:36.80, r:25.00, omega:20.85, omega_m:25.00, u:314.60, theta1:24.973, theta2:14.854, e:-4.149
t:36.81, r:25.00, omega:20.49, omega_m:25.00, u:320.12, theta1:24.978, theta2:14.849, e:-4.505
t:36.82, r:25.00, omega:20.49, omega_m:25.00, u:320.36, theta1:24.984, theta2:14.845, e:-4.505
t:36.83, r:25.00, omega:21.39, omega_m:25.00, u:307.29, theta1:24.989, theta2:14.841, e:-3.612
t:36.84, r:25.00, omega:21.39, omega_m:25.00, u:307.49, theta1:24.993, theta2:14.837, e:-3.612
t:36.85, r:25.00, omega:21.39, omega_m:25.00, u:307.68, theta1:24.998, theta2:14.833, e:-3.612
t:36.86, r:25.00, omega:21.86, omega_m:25.00, u:300.88, theta1:25.001, theta2:14.830, e:-3.141
t:36.87, r:25.00, omega:21.86, omega_m:25.00, u:301.05, theta1:25.005, theta2:14.826, e:-3.141
t:36.88, r:25.00, omega:21.81, omega_m:25.00, u:301.90, theta1:25.009, theta2:14.823, e:-3.187
t:36.89, r:25.00, omega:21.81, omega_m:25.00, u:302.08, theta1:25.013, theta2:14.819, e:-3.187
t:36.90, r:25.00, omega:21.79, omega_m:25.00, u:302.63, theta1:25.017, theta2:14.816, e:-3.212
t:36.91, r:25.00, omega:21.79, omega_m:25.00, u:302.81, theta1:25.021, theta2:14.812, e:-3.212
t:36.92, r:25.00, omega:21.79, omega_m:25.00, u:302.98, theta1:25.025, theta2:14.809, e:-3.212
t:36.93, r:25.00, omega:21.29, omega_m:25.00, u:310.52, theta1:25.030, theta2:14.805, e:-3.708
t:36.94, r:25.00, omega:21.29, omega_m:25.00, u:310.72, theta1:25.035, theta2:14.801, e:-3.708
t:36.95, r:25.00, omega:20.93, omega_m:25.00, u:316.30, theta1:25.040, theta2:14.797, e:-4.070
t:36.96, r:25.00, omega:20.93, omega_m:25.00, u:316.52, theta1:25.045, theta2:14.793, e:-4.070
t:36.97, r:25.00, omega:20.93, omega_m:25.00, u:316.73, theta1:25.050, theta2:14.788, e:-4.070
t:36.98, r:25.00, omega:21.64, omega_m:25.00, u:306.36, theta1:25.054, theta2:14.785, e:-3.357
t:36.99, r:25.00, omega:21.64, omega_m:25.00, u:306.55, theta1:25.058, theta2:14.781, e:-3.357
t:37.00, r:25.00, omega:21.84, omega_m:25.00, u:303.77, theta1:25.062, theta2:14.778, e:-3.157
t:37.01, r:0.00, omega:21.84, omega_m:9.20, u:0.00, theta1:25.062, theta2:14.791, e:12.646
t:37.02, r:0.00, omega:21.84, omega_m:3.38, u:0.00, theta1:25.062, theta2:14.812, e:18.460
t:37.03, r:0.00, omega:19.03, omega_m:1.24, u:0.00, theta1:25.062, theta2:14.828, e:17.783
t:37.04, r:0.00, omega:19.03, omega_m:0.46, u:0.00, theta1:25.062, theta2:14.846, e:18.570
t:37.05, r:0.00, omega:19.03, omega_m:0.17, u:0.00, theta1:25.062, theta2:14.864, e:18.859
t:37.06, r:0.00, omega:19.03, omega_m:0.06, u:0.00, theta1:25.062, theta2:14.882, e:18.966
t:37.07, r:0.00, omega:19.03, omega_m:0.02, u:0.00, theta1:25.062, theta2:14.900, e:19.005
t:37.08, r:0.00, omega:19.03, omega_m:0.01, u:0.00, theta1:25.062, theta2:14.918, e:19.019
t:37.09, r:0.00, omega:19.03, omega_m:0.00, u:0.00, theta1:25.062, theta2:14.936, e:19.024
t:37.10, r:0.00, omega:19.03, omega_m:0.00, u:0.00, theta1:25.062, theta2:14.954, e:19.026
t:37.11, r:0.00, omega:19.03, omega_m:0.00, u:0.00, theta1:25.062, theta2:14.973, e:19.027
t:37.12, r:0.00, omega:19.03, omega_m:0.00, u:0.00, theta1:25.062, theta2:14.991, e:19.027
t:37.13, r:0.00, omega:19.03, omega_m:0.00, u:0.00, theta1:25.062, theta2:15.009, e:19.027
t:37.14, r:0.00, omega:19.03, omega_m:0.00, u:0.00, theta1:25.062, theta2:15.027, e:19.027
t:37.15, r:0.00, omega:19.03, omega_m:0.00, u:0.00, theta1:25.062, theta2:15.045, e:19.027
t:37.16, r:0.00, omega:19.03, omega_m:0.00, u:0.00, theta1:25.062, theta2:15.063, e:19.027
t:37.17, r:0.00, omega:19.03, omega_m:0.00, u:0.00, theta1:25.062, theta2:15.081, e:19.028
t:37.18, r:0.00, omega:19.03, omega_m:0.00, u:0.00, theta1:25.062, theta2:15.099, e:19.028
t:37.19, r:0.00, omega:19.03, omega_m:0.00, u:0.00, theta1:25.062, theta2:15.117, e:19.028
t:37.20, r:0.00, omega:19.03, omega_m:0.00, u:0.00, theta1:25.062, theta2:15.136, e:19.028
t:37.21, r:0.00, omega:19.03, omega_m:0.00, u:0.00, theta1:25.062, theta2:15.154, e:19.028
t:37.22, r:0.00, omega:19.03, omega_m:0.00, u:0.00, theta1:25.062, theta2:15.172, e:19.028
t:37.23, r:0.00, omega:19.03, omega_m:0.00, u:0.00, theta1:25.062, theta2:15.190, e:19.028
t:37.24, r:0.00, omega:19.03, omega_m:0.00, u:0.00, theta1:25.062, theta2:15.208, e:19.028
t:37.25, r:0.00, omega:19.03, omega_m:0.00, u:0.00, theta1:25.062, theta2:15.226, e:19.028
t:37.26, r:0.00, omega:19.03, omega_m:0.00, u:0.00, theta1:25.062, theta2:15.244, e:19.028
t:37.27, r:0.00, omega:19.03, omega_m:0.00, u:0.00, theta1:25.062, theta2:15.262, e:19.028
t:37.28, r:0.00, omega:19.03, omega_m:0.00, u:0.00, theta1:25.062, theta2:15.280, e:19.028
t:37.29, r:0.00, omega:19.03, omega_m:0.00, u:0.00, theta1:25.062, theta2:15.298, e:19.028
t:37.30, r:0.00, omega:19.03, omega_m:0.00, u:0.00, theta1:25.062, theta2:15.317, e:19.028
t:37.31, r:0.00, omega:19.03, omega_m:0.00, u:0.00, theta1:25.062, theta2:15.335, e:19.028
t:37.32, r:0.00, omega:19.03, omega_m:0.00, u:0.00, theta1:25.062, theta2:15.353, e:19.028
t:37.33, r:0.00, omega:19.03, omega_m:0.00, u:0.00, theta1:25.062, theta2:15.371, e:19.028
t:37.34, r:0.00, omega:19.03, omega_m:0.00, u:0.00, theta1:25.062, theta2:15.389, e:19.028
t:37.35, r:0.00, omega:19.03, omega_m:0.00, u:0.00, theta1:25.062, theta2:15.407, e:19.028
t:37.36, r:0.00, omega:19.03, omega_m:0.00, u:0.00, theta1:25.062, theta2:15.425, e:19.028
t:37.37, r:0.00, omega:19.03, omega_m:0.00, u:0.00, theta1:25.062, theta2:15.443, e:19.028
t:37.38, r:0.00, omega:19.03, omega_m:0.00, u:0.00, theta1:25.062, theta2:15.461, e:19.028
t:37.39, r:0.00, omega:19.03, omega_m:0.00, u:0.00, theta1:25.062, theta2:15.479, e:19.028
t:37.40, r:0.00, omega:19.03, omega_m:0.00, u:0.00, theta1:25.062, theta2:15.498, e:19.028
t:37.41, r:0.00, omega:19.03, omega_m:0.00, u:0.00, theta1:25.062, theta2:15.516, e:19.028
t:37.42, r:0.00, omega:19.03, omega_m:0.00, u:0.00, theta1:25.062, theta2:15.534, e:19.028
t:37.43, r:0.00, omega:19.03, omega_m:0.00, u:0.00, theta1:25.062, theta2:15.552, e:19.028
t:37.44, r:0.00, omega:19.03, omega_m:0.00, u:0.00, theta1:25.062, theta2:15.570, e:19.028
t:37.45, r:0.00, omega:19.03, omega_m:0.00, u:0.00, theta1:25.062, theta2:15.588, e:19.028
t:37.46, r:0.00, omega:19.03, omega_m:0.00, u:0.00, theta1:25.062, theta2:15.606, e:19.028
t:37.47, r:0.00, omega:19.03, omega_m:0.00, u:0.00, theta1:25.062, theta2:15.624, e:19.028
t:37.48, r:0.00, omega:19.03, omega_m:0.00, u:0.00, theta1:25.062, theta2:15.642, e:19.028
t:37.49, r:0.00, omega:19.03, omega_m:0.00, u:0.00, theta1:25.062, theta2:15.660, e:19.028
t:37.50, r:0.00, omega:19.03, omega_m:0.00, u:0.00, theta1:25.062, theta2:15.679, e:19.028
t:37.51, r:0.00, omega:19.03, omega_m:0.00, u:0.00, theta1:25.062, theta2:15.697, e:19.028
t:37.52, r:0.00, omega:19.03, omega_m:0.00, u:0.00, theta1:25.062, theta2:15.715, e:19.028
t:37.53, r:0.00, omega:0.00, omega_m:0.00, u:0.00, theta1:25.062, theta2:15.715, e:-0.000
t:37.54, r:0.00, omega:0.00, omega_m:0.00, u:0.00, theta1:25.062, theta2:15.715, e:-0.000
t:37.55, r:0.00, omega:0.00, omega_m:0.00, u:0.00, theta1:25.062, theta2:15.715, e:-0.000
t:37.56, r:0.00, omega:0.00, omega_m:0.00, u:0.00, theta1:25.062, theta2:15.715, e:-0.000
t:37.57, r:0.00, omega:0.00, omega_m:0.00, u:0.00, theta1:25.062, theta2:15.715, e:-0.000
t:37.58, r:0.00, omega:0.00, omega_m:0.00, u:0.00, theta1:25.062, theta2:15.715, e:-0.000
t:37.59, r:0.00, omega:0.00, omega_m:0.00, u:0.00, theta1:25.062, theta2:15.715, e:-0.000
t:37.60, r:0.00, omega:0.00, omega_m:0.00, u:0.00, theta1:25.062, theta2:15.715, e:-0.000
t:37.61, r:0.00, omega:0.00, omega_m:0.00, u:0.00, theta1:25.062, theta2:15.715, e:-0.000
t:37.62, r:0.00, omega:0.00, omega_m:0.00, u:0.00, theta1:25.062, theta2:15.715, e:-0.000
t:37.63, r:0.00, omega:0.00, omega_m:0.00, u:0.00, theta1:25.062, theta2:15.715, e:-0.000
t:37.64, r:0.00, omega:0.00, omega_m:0.00, u:0.00, theta1:25.062, theta2:15.715, e:-0.000
t:37.65, r:0.00, omega:0.00, omega_m:0.00, u:0.00, theta1:25.062, theta2:15.715, e:-0.000
t:37.66, r:0.00, omega:0.00, omega_m:0.00, u:0.00, theta1:25.062, theta2:15.715, e:-0.000
t:37.67, r:0.00, omega:0.00, omega_m:0.00, u:0.00, theta1:25.062, theta2:15.715, e:-0.000
t:37.68, r:0.00, omega:0.00, omega_m:0.00, u:0.00, theta1:25.062, theta2:15.715, e:-0.000
t:37.69, r:0.00, omega:0.00, omega_m:0.00, u:0.00, theta1:25.062, theta2:15.715, e:-0.000
t:37.70, r:0.00, omega:0.00, omega_m:0.00, u:0.00, theta1:25.062, theta2:15.715, e:-0.000
t:37.71, r:0.00, omega:0.00, omega_m:0.00, u:0.00, theta1:25.062, theta2:15.715, e:-0.000
t:37.72, r:0.00, omega:0.00, omega_m:0.00, u:0.00, theta1:25.062, theta2:15.715, e:-0.000
t:37.73, r:0.00, omega:0.00, omega_m:0.00, u:0.00, theta1:25.062, theta2:15.715, e:-0.000
t:37.74, r:0.00, omega:0.00, omega_m:0.00, u:0.00, theta1:25.062, theta2:15.715, e:-0.000
t:37.75, r:0.00, omega:0.00, omega_m:0.00, u:0.00, theta1:25.062, theta2:15.715, e:-0.000
t:37.76, r:0.00, omega:0.00, omega_m:0.00, u:0.00, theta1:25.062, theta2:15.715, e:-0.000
t:37.77, r:0.00, omega:0.00, omega_m:0.00, u:0.00, theta1:25.062, theta2:15.715, e:-0.000
t:37.78, r:0.00, omega:0.00, omega_m:0.00, u:0.00, theta1:25.062, theta2:15.715, e:-0.000
t:37.79, r:0.00, omega:0.00, omega_m:0.00, u:0.00, theta1:25.062, theta2:15.715, e:-0.000
t:37.80, r:0.00, omega:0.00, omega_m:0.00, u:0.00, theta1:25.062, theta2:15.715, e:-0.000
t:37.81, r:0.00, omega:0.00, omega_m:0.00, u:0.00, theta1:25.062, theta2:15.715, e:-0.000
t:37.82, r:0.00, omega:0.00, omega_m:0.00, u:0.00, theta1:25.062, theta2:15.715, e:-0.000
t:37.83, r:0.00, omega:0.00, omega_m:0.00, u:0.00, theta1:25.062, theta2:15.715, e:-0.000
t:37.84, r:0.00, omega:0.00, omega_m:0.00, u:0.00, theta1:25.062, theta2:15.715, e:-0.000
t:37.85, r:0.00, omega:0.00, omega_m:0.00, u:0.00, theta1:25.062, theta2:15.715, e:-0.000
t:37.86, r:0.00, omega:0.00, omega_m:0.00, u:0.00, theta1:25.062, theta2:15.715, e:-0.000
t:37.87, r:0.00, omega:0.00, omega_m:0.00, u:0.00, theta1:25.062, theta2:15.715, e:-0.000
t:37.88, r:0.00, omega:0.00, omega_m:0.00, u:0.00, theta1:25.062, theta2:15.715, e:-0.000
t:37.89, r:0.00, omega:0.00, omega_m:0.00, u:0.00, theta1:25.062, theta2:15.715, e:-0.000
t:37.90, r:0.00, omega:0.00, omega_m:0.00, u:0.00, theta1:25.062, theta2:15.715, e:-0.000
t:37.91, r:0.00, omega:0.00, omega_m:0.00, u:0.00, theta1:25.062, theta2:15.715, e:-0.000
t:37.92, r:0.00, omega:0.00, omega_m:0.00, u:0.00, theta1:25.062, theta2:15.715, e:-0.000
t:37.93, r:0.00, omega:0.00, omega_m:0.00, u:0.00, theta1:25.062, theta2:15.715, e:-0.000
t:37.94, r:0.00, omega:0.00, omega_m:0.00, u:0.00, theta1:25.062, theta2:15.715, e:-0.000
t:37.95, r:0.00, omega:0.00, omega_m:0.00, u:0.00, theta1:25.062, theta2:15.715, e:-0.000
t:37.96, r:0.00, omega:0.00, omega_m:0.00, u:0.00, theta1:25.062, theta2:15.715, e:-0.000
t:37.97, r:0.00, omega:0.00, omega_m:0.00, u:0.00, theta1:25.062, theta2:15.715, e:-0.000
t:37.98, r:0.00, omega:0.00, omega_m:0.00, u:0.00, theta1:25.062, theta2:15.715, e:-0.000
t:37.99, r:0.00, omega:0.00, omega_m:0.00, u:0.00, theta1:25.062, theta2:15.715, e:-0.000
t:38.00, r:0.00, omega:0.00, omega_m:0.00, u:0.00, theta1:25.062, theta2:15.715, e:-0.000
t:38.01, r:-25.00, omega:0.00, omega_m:-15.80, u:-627.05, theta1:25.082, theta2:15.715, e:15.803
t:38.02, r:-25.00, omega:0.00, omega_m:-21.62, u:-627.73, theta1:25.109, theta2:15.715, e:21.617
t:38.03, r:-25.00, omega:0.00, omega_m:-23.76, u:-628.47, theta1:25.139, theta2:15.715, e:23.755
t:38.04, r:-25.00, omega:-0.52, omega_m:-24.54, u:-621.11, theta1:25.169, theta2:15.714, e:24.026
t:38.05, r:-25.00, omega:-0.52, omega_m:-24.83, u:-621.87, theta1:25.199, theta2:15.714, e:24.316
t:38.06, r:-25.00, omega:-32.75, omega_m:-24.94, u:-114.64, theta1:25.189, theta2:15.726, e:-7.816
t:38.07, r:-25.00, omega:-38.28, omega_m:-24.98, u:-26.33, theta1:25.173, theta2:15.752, e:-13.303
t:38.08, r:-25.00, omega:-38.28, omega_m:-24.99, u:-24.95, theta1:25.156, theta2:15.777, e:-13.289
t:38.09, r:-25.00, omega:-38.28, omega_m:-25.00, u:-23.56, theta1:25.140, theta2:15.803, e:-13.283
t:38.10, r:-25.00, omega:-23.26, omega_m:-25.00, u:-260.98, theta1:25.142, theta2:15.801, e:1.736
t:38.11, r:-25.00, omega:-23.26, omega_m:-25.00, u:-261.08, theta1:25.144, theta2:15.799, e:1.737
t:38.12, r:-25.00, omega:-23.26, omega_m:-25.00, u:-261.18, theta1:25.146, theta2:15.797, e:1.737
t:38.13, r:-25.00, omega:-23.26, omega_m:-25.00, u:-261.28, theta1:25.148, theta2:15.795, e:1.737
t:38.14, r:-25.00, omega:-12.19, omega_m:-25.00, u:-436.74, theta1:25.164, theta2:15.787, e:12.815
t:38.15, r:-25.00, omega:-12.19, omega_m:-25.00, u:-437.24, theta1:25.180, theta2:15.779, e:12.815
t:38.16, r:-25.00, omega:-12.19, omega_m:-25.00, u:-437.73, theta1:25.196, theta2:15.771, e:12.815
t:38.17, r:-25.00, omega:-19.27, omega_m:-25.00, u:-326.30, theta1:25.203, theta2:15.766, e:5.731
t:38.18, r:-25.00, omega:-19.27, omega_m:-25.00, u:-326.58, theta1:25.211, theta2:15.760, e:5.731
t:38.19, r:-25.00, omega:-26.90, omega_m:-25.00, u:-206.15, theta1:25.208, theta2:15.763, e:-1.902
t:38.20, r:-25.00, omega:-26.90, omega_m:-25.00, u:-206.03, theta1:25.206, theta2:15.765, e:-1.902
t:38.21, r:-25.00, omega:-24.94, omega_m:-25.00, u:-236.90, theta1:25.206, theta2:15.765, e:0.056
t:38.22, r:-25.00, omega:-24.94, omega_m:-25.00, u:-236.91, theta1:25.206, theta2:15.765, e:0.056
t:38.23, r:-25.00, omega:-24.94, omega_m:-25.00, u:-236.91, theta1:25.206, theta2:15.765, e:0.056
t:38.24, r:-25.00, omega:-18.38, omega_m:-25.00, u:-340.76, theta1:25.214, theta2:15.759, e:6.623
t:38.25, r:-25.00, omega:-18.38, omega_m:-25.00, u:-341.08, theta1:25.223, theta2:15.753, e:6.623
t:38.26, r:-25.00, omega:-18.39, omega_m:-25.00, u:-341.14, theta1:25.231, theta2:15.747, e:6.607
t:38.27, r:-25.00, omega:-18.39, omega_m:-25.00, u:-341.46, theta1:25.239, theta2:15.741, e:6.607
t:38.28, r:-25.00, omega:-18.39, omega_m:-25.00, u:-341.78, theta1:25.247, theta2:15.735, e:6.607
t:38.29, r:-25.00, omega:-21.89, omega_m:-25.00, u:-286.89, theta1:25.251, theta2:15.731, e:3.108
t:38.30, r:-25.00, omega:-21.89, omega_m:-25.00, u:-287.06, theta1:25.255, theta2:15.728, e:3.108
t:38.31, r:-25.00, omega:-22.92, omega_m:-25.00, u:-271.01, theta1:25.258, theta2:15.725, e:2.079
t:38.32, r:-25.00, omega:-22.92, omega_m:-25.00, u:-271.13, theta1:25.260, theta2:15.723, e:2.079
t:38.33, r:-25.00, omega:-22.75, omega_m:-25.00, u:-273.92, theta1:25.263, theta2:15.720, e:2.249
t:38.34, r:-25.00, omega:-22.75, omega_m:-25.00, u:-274.05, theta1:25.266, theta2:15.718, e:2.249
t:38.35, r:-25.00, omega:-22.75, omega_m:-25.00, u:-274.17, theta1:25.269, theta2:15.715, e:2.249
t:38.36, r:-25.00, omega:-20.25, omega_m:-25.00, u:-313.66, theta1:25.275, theta2:15.711, e:4.746
t:38.37, r:-25.00, omega:-20.25, omega_m:-25.00, u:-313.90, theta1:25.281, theta2:15.706, e:4.746
t:38.38, r:-25.00, omega:-20.25, omega_m:-25.00, u:-314.15, theta1:25.287, theta2:15.701, e:4.746
t:38.39, r:-25.00, omega:-19.48, omega_m:-25.00, u:-326.65, theta1:25.294, theta2:15.696, e:5.524
t:38.40, r:-25.00, omega:-19.48, omega_m:-25.00, u:-326.92, theta1:25.300, theta2:15.690, e:5.524
t:38.41, r:-25.00, omega:-21.59, omega_m:-25.00, u:-294.00, theta1:25.305, theta2:15.687, e:3.414
t:38.42, r:-25.00, omega:-21.59, omega_m:-25.00, u:-294.19, theta1:25.309, theta2:15.683, e:3.414
t:38.43, r:-25.00, omega:-23.67, omega_m:-25.00, u:-261.59, theta1:25.311, theta2:15.681, e:1.330
t:38.44, r:-25.00, omega:-23.67, omega_m:-25.00, u:-261.67, theta1:25.312, theta2:15.680, e:1.330
t:38.45, r:-25.00, omega:-23.67, omega_m:-25.00, u:-261.75, theta1:25.314, theta2:15.678, e:1.330
t:38.46, r:-25.00, omega:-20.00, omega_m:-25.00, u:-319.50, theta1:25.320, theta2:15.673, e:4.997
t:38.47, r:-25.00, omega:-20.00, omega_m:-25.00, u:-319.75, theta1:25.326, theta2:15.668, e:4.997
t:38.48, r:-25.00, omega:-20.00, omega_m:-25.00, u:-320.01, theta1:25.333, theta2:15.663, e:4.997
t:38.49, r:-25.00, omega:-19.96, omega_m:-25.00, u:-320.93, theta1:25.339, theta2:15.658, e:5.040
t:38.50, r:-25.00, omega:-19.96, omega_m:-25.00, u:-321.19, theta1:25.345, theta2:15.653, e:5.040
t:38.51, r:-25.00, omega:-21.79, omega_m:-25.00, u:-292.67, theta1:25.349, theta2:15.650, e:3.206
t:38.52, r:-25.00, omega:-21.79, omega_m:-25.00, u:-292.84, theta1:25.353, theta2:15.646, e:3.206
t:38.53, r:-25.00, omega:-21.58, omega_m:-25.00, u:-296.40, theta1:25.358, theta2:15.642, e:3.422
t:38.54, r:-25.00, omega:-21.58, omega_m:-25.00, u:-296.59, theta1:25.362, theta2:15.639, e:3.422
t:38.55, r:-25.00, omega:-21.58, omega_m:-25.00, u:-296.78, theta1:25.366, theta2:15.635, e:3.422
t:38.56, r:-25.00, omega:-21.64, omega_m:-25.00, u:-296.04, theta1:25.370, theta2:15.631, e:3.363
t:38.57, r:-25.00, omega:-21.64, omega_m:-25.00, u:-296.22, theta1:25.375, theta2:15.628, e:3.363
t:38.58, r:-25.00, omega:-21.37, omega_m:-25.00, u:-300.63, theta1:25.379, theta2:15.624, e:3.632
t:38.59, r:-25.00, omega:-21.37, omega_m:-25.00, u:-300.82, theta1:25.384, theta2:15.620, e:3.632
t:38.60, r:-25.00, omega:-21.37, omega_m:-25.00, u:-301.02, theta1:25.388, theta2:15.616, e:3.632
t:38.61, r:-25.00, omega:-21.20, omega_m:-25.00, u:-303.85, theta1:25.393, theta2:15.612, e:3.800
t:38.62, r:-25.00, omega:-21.20, omega_m:-25.00, u:-304.05, theta1:25.398, theta2:15.608, e:3.800
t:38.63, r:-25.00, omega:-20.95, omega_m:-25.00, u:-308.24, theta1:25.403, theta2:15.604, e:4.054
t:38.64, r:-25.00, omega:-20.95, omega_m:-25.00, u:-308.45, theta1:25.408, theta2:15.600, e:4.054
t:38.65, r:-25.00, omega:-20.95, omega_m:-25.00, u:-308.67, theta1:25.413, theta2:15.595, e:4.054
t:38.66, r:-25.00, omega:-22.38, omega_m:-25.00, u:-286.40, theta1:25.416, theta2:15.592, e:2.617
t:38.67, r:-25.00, omega:-22.38, omega_m:-25.00, u:-286.55, theta1:25.419, theta2:15.589, e:2.617
t:38.68, r:-25.00, omega:-22.72, omega_m:-25.00, u:-281.38, theta1:25.422, theta2:15.587, e:2.277
t:38.69, r:-25.00, omega:-22.72, omega_m:-25.00, u:-281.51, theta1:25.425, theta2:15.584, e:2.277
t:38.70, r:-25.00, omega:-22.72, omega_m:-25.00, u:-281.64, theta1:25.428, theta2:15.582, e:2.277
t:38.71, r:-25.00, omega:-19.09, omega_m:-25.00, u:-338.54, theta1:25.435, theta2:15.576, e:5.910
t:38.72, r:-25.00, omega:-19.09, omega_m:-25.00, u:-338.83, theta1:25.443, theta2:15.570, e:5.910
t:38.73, r:-25.00, omega:-21.94, omega_m:-25.00, u:-294.67, theta1:25.447, theta2:15.567, e:3.063
t:38.74, r:-25.00, omega:-21.94, omega_m:-25.00, u:-294.84, theta1:25.450, theta2:15.564, e:3.063
t:38.75, r:-25.00, omega:-22.05, omega_m:-25.00, u:-293.17, theta1:25.454, theta2:15.560, e:2.945
t:38.76, r:-25.00, omega:-22.05, omega_m:-25.00, u:-293.34, theta1:25.458, theta2:15.557, e:2.945
t:38.77, r:-25.00, omega:-22.05, omega_m:-25.00, u:-293.50, theta1:25.461, theta2:15.554, e:2.945
t:38.78, r:-25.00, omega:-21.77, omega_m:-25.00, u:-298.10, theta1:25.465, theta2:15.550, e:3.230
t:38.79, r:-25.00, omega:-21.77, omega_m:-25.00, u:-298.28, theta1:25.469, theta2:15.547, e:3.230
t:38.80, r:-25.00, omega:-21.71, omega_m:-25.00, u:-299.38, theta1:25.474, theta2:15.543, e:3.289
t:38.81, r:-25.00, omega:-21.71, omega_m:-25.00, u:-299.56, theta1:25.478, theta2:15.540, e:3.289
t:38.82, r:-25.00, omega:-21.71, omega_m:-25.00, u:-299.74, theta1:25.482, theta2:15.536, e:3.289
t:38.83, r:-25.00, omega:-21.29, omega_m:-25.00, u:-306.40, theta1:25.486, theta2:15.532, e:3.705
t:38.84, r:-25.00, omega:-21.29, omega_m:-25.00, u:-306.60, theta1:25.491, theta2:15.528, e:3.705
t:38.85, r:-25.00, omega:-21.17, omega_m:-25.00, u:-308.80, theta1:25.496, theta2:15.524, e:3.833
t:38.86, r:-25.00, omega:-21.17, omega_m:-25.00, u:-309.01, theta1:25.501, theta2:15.520, e:3.833
t:38.87, r:-25.00, omega:-21.17, omega_m:-25.00, u:-309.21, theta1:25.505, theta2:15.516, e:3.833
t:38.88, r:-25.00, omega:-20.89, omega_m:-25.00, u:-313.66, theta1:25.511, theta2:15.512, e:4.106
t:38.89, r:-25.00, omega:-20.89, omega_m:-25.00, u:-313.88, theta1:25.516, theta2:15.508, e:4.106
t:38.90, r:-25.00, omega:-23.17, omega_m:-25.00, u:-278.75, theta1:25.518, theta2:15.505, e:1.834
t:38.91, r:-25.00, omega:-23.17, omega_m:-25.00, u:-278.86, theta1:25.520, theta2:15.503, e:1.834
t:38.92, r:-25.00, omega:-21.21, omega_m:-25.00, u:-309.39, theta1:25.525, theta2:15.499, e:3.791
t:38.93, r:-25.00, omega:-21.21, omega_m:-25.00, u:-309.60, theta1:25.530, theta2:15.495, e:3.791
t:38.94, r:-25.00, omega:-21.21, omega_m:-25.00, u:-309.80, theta1:25.535, theta2:15.491, e:3.791
t:38.95, r:-25.00, omega:-20.42, omega_m:-25.00, u:-322.29, theta1:25.540, theta2:15.487, e:4.581
t:38.96, r:-25.00, omega:-20.42, omega_m:-25.00, u:-322.53, theta1:25.546, theta2:15.482, e:4.581
t:38.97, r:-25.00, omega:-22.23, omega_m:-25.00, u:-294.57, theta1:25.549, theta2:15.479, e:2.766
t:38.98, r:-25.00, omega:-22.23, omega_m:-25.00, u:-294.73, theta1:25.553, theta2:15.476, e:2.766
t:38.99, r:-25.00, omega:-22.23, omega_m:-25.00, u:-294.88, theta1:25.556, theta2:15.473, e:2.766
t:39.00, r:-25.00, omega:-22.32, omega_m:-25.00, u:-293.73, theta1:25.560, theta2:15.470, e:2.681
t:39.01, r:0.00, omega:-22.32, omega_m:-9.20, u:0.00, theta1:25.560, theta2:15.484, e:-13.122
t:39.02, r:0.00, omega:-22.04, omega_m:-3.38, u:0.00, theta1:25.560, theta2:15.505, e:-18.658
t:39.03, r:0.00, omega:-22.04, omega_m:-1.24, u:0.00, theta1:25.560, theta2:15.528, e:-20.797
t:39.04, r:0.00, omega:-22.04, omega_m:-0.46, u:0.00, theta1:25.560, theta2:15.552, e:-21.584
t:39.05, r:0.00, omega:-22.04, omega_m:-0.17, u:0.00, theta1:25.560, theta2:15.576, e:-21.873
t:39.06, r:0.00, omega:-22.04, omega_m:-0.06, u:0.00, theta1:25.560, theta2:15.600, e:-21.980
t:39.07, r:0.00, omega:-22.04, omega_m:-0.02, u:0.00, theta1:25.560, theta2:15.624, e:-22.019
t:39.08, r:0.00, omega:-22.04, omega_m:-0.01, u:0.00, theta1:25.560, theta2:15.648, e:-22.033
t:39.09, r:0.00, omega:-22.04, omega_m:-0.00, u:0.00, theta1:25.560, theta2:15.673, e:-22.039
t:39.10, r:0.00, omega:-22.04, omega_m:-0.00, u:0.00, theta1:25.560, theta2:15.697, e:-22.040
t:39.11, r:0.00, omega:-22.04, omega_m:-0.00, u:0.00, theta1:25.560, theta2:15.721, e:-22.041
t:39.12, r:0.00, omega:-22.04, omega_m:-0.00, u:0.00, theta1:25.560, theta2:15.746, e:-22.041
t:39.13, r:0.00, omega:-22.04, omega_m:-0.00, u:0.00, theta1:25.560, theta2:15.770, e:-22.042
t:39.14, r:0.00, omega:-22.04, omega_m:-0.00, u:0.00, theta1:25.560, theta2:15.794, e:-22.042
t:39.15, r:0.00, omega:-22.04, omega_m:-0.00, u:0.00, theta1:25.560, theta2:15.818, e:-22.042
t:39.16, r:0.00, omega:-22.04, omega_m:-0.00, u:0.00, theta1:25.560, theta2:15.843, e:-22.042
t:39.17, r:0.00, omega:-22.04, omega_m:-0.00, u:0.00, theta1:25.560, theta2:15.867, e:-22.042
t:39.18, r:0.00, omega:-22.04, omega_m:-0.00, u:0.00, theta1:25.560, theta2:15.891, e:-22.042
t:39.19, r:0.00, omega:-22.04, omega_m:-0.00, u:0.00, theta1:25.560, theta2:15.916, e:-22.042
t:39.20, r:0.00, omega:-22.04, omega_m:-0.00, u:0.00, theta1:25.560, theta2:15.940, e:-22.042
t:39.21, r:0.00, omega:-22.04, omega_m:-0.00, u:0.00, theta1:25.560, theta2:15.964, e:-22.042
t:39.22, r:0.00, omega:-22.04, omega_m:-0.00, u:0.00, theta1:25.560, theta2:15.989, e:-22.042
t:39.23, r:0.00, omega:-22.04, omega_m:-0.00, u:0.00, theta1:25.560, theta2:16.013, e:-22.042
t:39.24, r:0.00, omega:-22.04, omega_m:-0.00, u:0.00, theta1:25.560, theta2:16.037, e:-22.042
t:39.25, r:0.00, omega:-22.04, omega_m:-0.00, u:0.00, theta1:25.560, theta2:16.061, e:-22.042
t:39.26, r:0.00, omega:-22.04, omega_m:-0.00, u:0.00, theta1:25.560, theta2:16.086, e:-22.042
t:39.27, r:0.00, omega:-22.04, omega_m:-0.00, u:0.00, theta1:25.560, theta2:16.110, e:-22.042
t:39.28, r:0.00, omega:-22.04, omega_m:-0.00, u:0.00, theta1:25.560, theta2:16.134, e:-22.042
t:39.29, r:0.00, omega:-22.04, omega_m:-0.00, u:0.00, theta1:25.560, theta2:16.159, e:-22.042
t:39.30, r:0.00, omega:-22.04, omega_m:-0.00, u:0.00, theta1:25.560, theta2:16.183, e:-22.042
t:39.31, r:0.00, omega:-22.04, omega_m:-0.00, u:0.00, theta1:25.560, theta2:16.207, e:-22.042
t:39.32, r:0.00, omega:-22.04, omega_m:-0.00, u:0.00, theta1:25.560, theta2:16.231, e:-22.042
t:39.33, r:0.00, omega:-22.04, omega_m:-0.00, u:0.00, theta1:25.560, theta2:16.256, e:-22.042
t:39.34, r:0.00, omega:-22.04, omega_m:-0.00, u:0.00, theta1:25.560, theta2:16.280, e:-22.042
t:39.35, r:0.00, omega:-22.04, omega_m:-0.00, u:0.00, theta1:25.560, theta2:16.304, e:-22.042
t:39.36, r:0.00, omega:-22.04, omega_m:-0.00, u:0.00, theta1:25.560, theta2:16.329, e:-22.042
t:39.37, r:0.00, omega:-22.04, omega_m:-0.00, u:0.00, theta1:25.560, theta2:16.353, e:-22.042
t:39.38, r:0.00, omega:-22.04, omega_m:-0.00, u:0.00, theta1:25.560, theta2:16.377, e:-22.042
t:39.39, r:0.00, omega:-22.04, omega_m:-0.00, u:0.00, theta1:25.560, theta2:16.401, e:-22.042
t:39.40, r:0.00, omega:-22.04, omega_m:-0.00, u:0.00, theta1:25.560, theta2:16.426, e:-22.042
t:39.41, r:0.00, omega:-22.04, omega_m:-0.00, u:0.00, theta1:25.560, theta2:16.450, e:-22.042
t:39.42, r:0.00, omega:-22.04, omega_m:-0.00, u:0.00, theta1:25.560, theta2:16.474, e:-22.042
t:39.43, r:0.00, omega:-22.04, omega_m:-0.00, u:0.00, theta1:25.560, theta2:16.499, e:-22.042
t:39.44, r:0.00, omega:-22.04, omega_m:-0.00, u:0.00, theta1:25.560, theta2:16.523, e:-22.042
t:39.45, r:0.00, omega:-22.04, omega_m:-0.00, u:0.00, theta1:25.560, theta2:16.547, e:-22.042
t:39.46, r:0.00, omega:-22.04, omega_m:-0.00, u:0.00, theta1:25.560, theta2:16.572, e:-22.042
t:39.47, r:0.00, omega:-22.04, omega_m:-0.00, u:0.00, theta1:25.560, theta2:16.596, e:-22.042
t:39.48, r:0.00, omega:-22.04, omega_m:-0.00, u:0.00, theta1:25.560, theta2:16.620, e:-22.042
t:39.49, r:0.00, omega:-22.04, omega_m:-0.00, u:0.00, theta1:25.560, theta2:16.644, e:-22.042
t:39.50, r:0.00, omega:-22.04, omega_m:-0.00, u:0.00, theta1:25.560, theta2:16.669, e:-22.042
t:39.51, r:0.00, omega:-22.04, omega_m:-0.00, u:0.00, theta1:25.560, theta2:16.693, e:-22.042
t:39.52, r:0.00, omega:0.00, omega_m:-0.00, u:0.00, theta1:25.560, theta2:16.693, e:0.000
t:39.53, r:0.00, omega:0.00, omega_m:-0.00, u:0.00, theta1:25.560, theta2:16.693, e:0.000
t:39.54, r:0.00, omega:0.00, omega_m:-0.00, u:0.00, theta1:25.560, theta2:16.693, e:0.000
t:39.55, r:0.00, omega:0.00, omega_m:-0.00, u:0.00, theta1:25.560, theta2:16.693, e:0.000
t:39.56, r:0.00, omega:0.00, omega_m:-0.00, u:0.00, theta1:25.560, theta2:16.693, e:0.000
t:39.57, r:0.00, omega:0.00, omega_m:-0.00, u:0.00, theta1:25.560, theta2:16.693, e:0.000
t:39.58, r:0.00, omega:0.00, omega_m:-0.00, u:0.00, theta1:25.560, theta2:16.693, e:0.000
t:39.59, r:0.00, omega:0.00, omega_m:-0.00, u:0.00, theta1:25.560, theta2:16.693, e:0.000
t:39.60, r:0.00, omega:0.00, omega_m:-0.00, u:0.00, theta1:25.560, theta2:16.693, e:0.000
t:39.61, r:0.00, omega:0.00, omega_m:-0.00, u:0.00, theta1:25.560, theta2:16.693, e:0.000
t:39.62, r:0.00, omega:0.00, omega_m:-0.00, u:0.00, theta1:25.560, theta2:16.693, e:0.000
t:39.63, r:0.00, omega:0.00, omega_m:-0.00, u:0.00, theta1:25.560, theta2:16.693, e:0.000
t:39.64, r:0.00, omega:0.00, omega_m:-0.00, u:0.00, theta1:25.560, theta2:16.693, e:0.000
t:39.65, r:0.00, omega:0.00, omega_m:-0.00, u:0.00, theta1:25.560, theta2:16.693, e:0.000
t:39.66, r:0.00, omega:0.00, omega_m:-0.00, u:0.00, theta1:25.560, theta2:16.693, e:0.000
t:39.67, r:0.00, omega:0.00, omega_m:-0.00, u:0.00, theta1:25.560, theta2:16.693, e:0.000
t:39.68, r:0.00, omega:0.00, omega_m:-0.00, u:0.00, theta1:25.560, theta2:16.693, e:0.000
t:39.69, r:0.00, omega:0.00, omega_m:-0.00, u:0.00, theta1:25.560, theta2:16.693, e:0.000
t:39.70, r:0.00, omega:0.00, omega_m:-0.00, u:0.00, theta1:25.560, theta2:16.693, e:0.000
t:39.71, r:0.00, omega:0.00, omega_m:-0.00, u:0.00, theta1:25.560, theta2:16.693, e:0.000
t:39.72, r:0.00, omega:0.00, omega_m:-0.00, u:0.00, theta1:25.560, theta2:16.693, e:0.000
t:39.73, r:0.00, omega:0.00, omega_m:-0.00, u:0.00, theta1:25.560, theta2:16.693, e:0.000
t:39.74, r:0.00, omega:0.00, omega_m:-0.00, u:0.00, theta1:25.560, theta2:16.693, e:0.000
t:39.75, r:0.00, omega:0.00, omega_m:-0.00, u:0.00, theta1:25.560, theta2:16.693, e:0.000
t:39.76, r:0.00, omega:0.00, omega_m:-0.00, u:0.00, theta1:25.560, theta2:16.693, e:0.000
t:39.77, r:0.00, omega:0.00, omega_m:-0.00, u:0.00, theta1:25.560, theta2:16.693, e:0.000
t:39.78, r:0.00, omega:0.00, omega_m:-0.00, u:0.00, theta1:25.560, theta2:16.693, e:0.000
t:39.79, r:0.00, omega:0.00, omega_m:-0.00, u:0.00, theta1:25.560, theta2:16.693, e:0.000
t:39.80, r:0.00, omega:0.00, omega_m:-0.00, u:0.00, theta1:25.560, theta2:16.693, e:0.000
t:39.81, r:0.00, omega:0.00, omega_m:-0.00, u:0.00, theta1:25.560, theta2:16.693, e:0.000
t:39.82, r:0.00, omega:0.00, omega_m:-0.00, u:0.00, theta1:25.560, theta2:16.693, e:0.000
t:39.83, r:0.00, omega:0.00, omega_m:-0.00, u:0.00, theta1:25.560, theta2:16.693, e:0.000
t:39.84, r:0.00, omega:0.00, omega_m:-0.00, u:0.00, theta1:25.560, theta2:16.693, e:0.000
t:39.85, r:0.00, omega:0.00, omega_m:-0.00, u:0.00, theta1:25.560, theta2:16.693, e:0.000
t:39.86, r:0.00, omega:0.00, omega_m:-0.00, u:0.00, theta1:25.560, theta2:16.693, e:0.000
t:39.87, r:0.00, omega:0.00, omega_m:-0.00, u:0.00, theta1:25.560, theta2:16.693, e:0.000
t:39.88, r:0.00, omega:0.00, omega_m:-0.00, u:0.00, theta1:25.560, theta2:16.693, e:0.000
t:39.89, r:0.00, omega:0.00, omega_m:-0.00, u:0.00, theta1:25.560, theta2:16.693, e:0.000
t:39.90, r:0.00, omega:0.00, omega_m:-0.00, u:0.00, theta1:25.560, theta2:16.693, e:0.000
t:39.91, r:0.00, omega:0.00, omega_m:-0.00, u:0.00, theta1:25.560, theta2:16.693, e:0.000
t:39.92, r:0.00, omega:0.00, omega_m:-0.00, u:0.00, theta1:25.560, theta2:16.693, e:0.000
t:39.93, r:0.00, omega:0.00, omega_m:-0.00, u:0.00, theta1:25.560, theta2:16.693, e:0.000
t:39.94, r:0.00, omega:0.00, omega_m:-0.00, u:0.00, theta1:25.560, theta2:16.693, e:0.000
t:39.95, r:0.00, omega:0.00, omega_m:-0.00, u:0.00, theta1:25.560, theta2:16.693, e:0.000
t:39.96, r:0.00, omega:0.00, omega_m:-0.00, u:0.00, theta1:25.560, theta2:16.693, e:0.000
t:39.97, r:0.00, omega:0.00, omega_m:-0.00, u:0.00, theta1:25.560, theta2:16.693, e:0.000
t:39.98, r:0.00, omega:0.00, omega_m:-0.00, u:0.00, theta1:25.560, theta2:16.693, e:0.000
t:39.99, r:0.00, omega:0.00, omega_m:-0.00, u:0.00, theta1:25.560, theta2:16.693, e:0.000
t:40.00, r:0.00, omega:0.00, omega_m:-0.00, u:0.00, theta1:25.560, theta2:16.693, e:0.000
t:40.01, r:25.00, omega:0.00, omega_m:15.80, u:639.49, theta1:25.579, theta2:16.693, e:-15.803
t:40.02, r:25.00, omega:0.00, omega_m:21.62, u:640.16, theta1:25.606, theta2:16.693, e:-21.617
t:40.03, r:25.00, omega:0.52, omega_m:23.76, u:632.23, theta1:25.636, theta2:16.692, e:-23.237
t:40.04, r:25.00, omega:0.52, omega_m:24.54, u:632.98, theta1:25.666, theta2:16.692, e:-24.024
t:40.05, r:25.00, omega:26.67, omega_m:24.83, u:196.43, theta1:25.663, theta2:16.694, e:1.834
t:40.06, r:25.00, omega:36.49, omega_m:24.94, u:31.23, theta1:25.649, theta2:16.715, e:11.555
t:40.07, r:25.00, omega:36.49, omega_m:24.98, u:30.11, theta1:25.634, theta2:16.736, e:11.516
t:40.08, r:25.00, omega:36.49, omega_m:24.99, u:28.98, theta1:25.620, theta2:16.757, e:11.501
t:40.09, r:25.00, omega:21.53, omega_m:25.00, u:279.94, theta1:25.624, theta2:16.754, e:-3.469
t:40.10, r:25.00, omega:21.53, omega_m:25.00, u:280.13, theta1:25.629, theta2:16.750, e:-3.471
t:40.11, r:25.00, omega:21.53, omega_m:25.00, u:280.32, theta1:25.633, theta2:16.746, e:-3.472
t:40.12, r:25.00, omega:21.53, omega_m:25.00, u:280.51, theta1:25.637, theta2:16.742, e:-3.472
t:40.13, r:25.00, omega:13.34, omega_m:25.00, u:417.98, theta1:25.652, theta2:16.735, e:-11.655
t:40.14, r:25.00, omega:13.34, omega_m:25.00, u:418.45, theta1:25.667, theta2:16.727, e:-11.655
t:40.15, r:25.00, omega:19.18, omega_m:25.00, u:321.12, theta1:25.674, theta2:16.721, e:-5.819
t:40.16, r:25.00, omega:19.18, omega_m:25.00, u:321.41, theta1:25.681, theta2:16.716, e:-5.819
t:40.17, r:25.00, omega:19.18, omega_m:25.00, u:321.70, theta1:25.688, theta2:16.710, e:-5.819
t:40.18, r:25.00, omega:25.18, omega_m:25.00, u:221.41, theta1:25.688, theta2:16.710, e:0.181
t:40.19, r:25.00, omega:25.18, omega_m:25.00, u:221.40, theta1:25.688, theta2:16.710, e:0.181
t:40.20, r:25.00, omega:21.95, omega_m:25.00, u:275.63, theta1:25.692, theta2:16.707, e:-3.054
t:40.21, r:25.00, omega:21.95, omega_m:25.00, u:275.80, theta1:25.696, theta2:16.704, e:-3.054
t:40.22, r:25.00, omega:21.95, omega_m:25.00, u:275.97, theta1:25.699, theta2:16.700, e:-3.054
t:40.23, r:25.00, omega:18.78, omega_m:25.00, u:329.11, theta1:25.707, theta2:16.695, e:-6.218
t:40.24, r:25.00, omega:18.78, omega_m:25.00, u:329.42, theta1:25.715, theta2:16.689, e:-6.218
t:40.25, r:25.00, omega:18.78, omega_m:25.00, u:329.72, theta1:25.723, theta2:16.683, e:-6.218
t:40.26, r:25.00, omega:18.44, omega_m:25.00, u:335.74, theta1:25.731, theta2:16.677, e:-6.560
t:40.27, r:25.00, omega:18.44, omega_m:25.00, u:336.06, theta1:25.739, theta2:16.671, e:-6.560
t:40.28, r:25.00, omega:21.96, omega_m:25.00, u:277.55, theta1:25.743, theta2:16.667, e:-3.040
t:40.29, r:25.00, omega:21.96, omega_m:25.00, u:277.72, theta1:25.747, theta2:16.664, e:-3.040
t:40.30, r:25.00, omega:22.29, omega_m:25.00, u:272.42, theta1:25.750, theta2:16.661, e:-2.713
t:40.31, r:25.00, omega:22.29, omega_m:25.00, u:272.57, theta1:25.753, theta2:16.658, e:-2.713
t:40.32, r:25.00, omega:22.29, omega_m:25.00, u:272.72, theta1:25.757, theta2:16.655, e:-2.713
t:40.33, r:25.00, omega:21.03, omega_m:25.00, u:293.87, theta1:25.762, theta2:16.651, e:-3.969
t:40.34, r:25.00, omega:21.03, omega_m:25.00, u:294.08, theta1:25.767, theta2:16.647, e:-3.969
t:40.35, r:25.00, omega:21.03, omega_m:25.00, u:294.29, theta1:25.772, theta2:16.643, e:-3.969
t:40.36, r:25.00, omega:18.67, omega_m:25.00, u:333.93, theta1:25.780, theta2:16.637, e:-6.333
t:40.37, r:25.00, omega:18.67, omega_m:25.00, u:334.24, theta1:25.788, theta2:16.631, e:-6.333
t:40.38, r:25.00, omega:22.32, omega_m:25.00, u:273.69, theta1:25.791, theta2:16.628, e:-2.683
t:40.39, r:25.00, omega:22.32, omega_m:25.00, u:273.84, theta1:25.794, theta2:16.625, e:-2.683
t:40.40, r:25.00, omega:21.14, omega_m:25.00, u:293.69, theta1:25.799, theta2:16.621, e:-3.864
t:40.41, r:25.00, omega:21.14, omega_m:25.00, u:293.89, theta1:25.804, theta2:16.617, e:-3.864
t:40.42, r:25.00, omega:21.14, omega_m:25.00, u:294.10, theta1:25.809, theta2:16.613, e:-3.864
t:40.43, r:25.00, omega:19.50, omega_m:25.00, u:321.49, theta1:25.816, theta2:16.607, e:-5.496
t:40.44, r:25.00, omega:19.50, omega_m:25.00, u:321.76, theta1:25.822, theta2:16.602, e:-5.496
t:40.45, r:25.00, omega:19.50, omega_m:25.00, u:322.04, theta1:25.829, theta2:16.596, e:-5.496
t:40.46, r:25.00, omega:20.44, omega_m:25.00, u:306.70, theta1:25.835, theta2:16.592, e:-4.557
t:40.47, r:25.00, omega:20.44, omega_m:25.00, u:306.93, theta1:25.841, theta2:16.587, e:-4.557
t:40.48, r:25.00, omega:21.65, omega_m:25.00, u:287.13, theta1:25.845, theta2:16.583, e:-3.352
t:40.49, r:25.00, omega:21.65, omega_m:25.00, u:287.31, theta1:25.849, theta2:16.580, e:-3.352
t:40.50, r:25.00, omega:21.65, omega_m:25.00, u:287.49, theta1:25.853, theta2:16.576, e:-3.352
t:40.51, r:25.00, omega:20.31, omega_m:25.00, u:309.87, theta1:25.859, theta2:16.571, e:-4.687
t:40.52, r:25.00, omega:20.31, omega_m:25.00, u:310.11, theta1:25.865, theta2:16.567, e:-4.687
t:40.53, r:25.00, omega:21.66, omega_m:25.00, u:287.97, theta1:25.869, theta2:16.563, e:-3.340
t:40.54, r:25.00, omega:21.66, omega_m:25.00, u:288.15, theta1:25.873, theta2:16.559, e:-3.340
t:40.55, r:25.00, omega:21.66, omega_m:25.00, u:288.33, theta1:25.878, theta2:16.556, e:-3.340
t:40.56, r:25.00, omega:19.98, omega_m:25.00, u:316.48, theta1:25.884, theta2:16.551, e:-5.024
t:40.57, r:25.00, omega:19.98, omega_m:25.00, u:316.74, theta1:25.890, theta2:16.546, e:-5.024
t:40.58, r:25.00, omega:19.80, omega_m:25.00, u:319.87, theta1:25.897, theta2:16.541, e:-5.197
t:40.59, r:25.00, omega:19.80, omega_m:25.00, u:320.13, theta1:25.903, theta2:16.536, e:-5.197
t:40.60, r:25.00, omega:19.80, omega_m:25.00, u:320.40, theta1:25.910, theta2:16.530, e:-5.197
t:40.61, r:25.00, omega:22.31, omega_m:25.00, u:279.14, theta1:25.913, theta2:16.527, e:-2.693
t:40.62, r:25.00, omega:22.31, omega_m:25.00, u:279.29, theta1:25.916, theta2:16.524, e:-2.693
t:40.63, r:25.00, omega:22.19, omega_m:25.00, u:281.45, theta1:25.920, theta2:16.521, e:-2.814
t:40.64, r:25.00, omega:22.19, omega_m:25.00, u:281.61, theta1:25.923, theta2:16.518, e:-2.814
t:40.65, r:25.00, omega:22.19, omega_m:25.00, u:281.76, theta1:25.927, theta2:16.515, e:-2.814
t:40.66, r:25.00, omega:19.95, omega_m:25.00, u:318.96, theta1:25.933, theta2:16.510, e:-5.050
t:40.67, r:25.00, omega:19.95, omega_m:25.00, u:319.22, theta1:25.940, theta2:16.505, e:-5.050
t:40.68, r:25.00, omega:19.65, omega_m:25.00, u:324.37, theta1:25.946, theta2:16.500, e:-5.346
t:40.69, r:25.00, omega:19.65, omega_m:25.00, u:324.64, theta1:25.953, theta2:16.494, e:-5.346
t:40.70, r:25.00, omega:19.65, omega_m:25.00, u:324.91, theta1:25.960, theta2:16.489, e:-5.346
t:40.71, r:25.00, omega:23.54, omega_m:25.00, u:260.99, theta1:25.961, theta2:16.487, e:-1.464
t:40.72, r:25.00, omega:23.54, omega_m:25.00, u:261.08, theta1:25.963, theta2:16.486, e:-1.464
t:40.73, r:25.00, omega:19.58, omega_m:25.00, u:326.57, theta1:25.970, theta2:16.480, e:-5.420
t:40.74, r:25.00, omega:19.58, omega_m:25.00, u:326.84, theta1:25.977, theta2:16.475, e:-5.420
t:40.75, r:25.00, omega:19.58, omega_m:25.00, u:327.12, theta1:25.984, theta2:16.470, e:-5.420
t:40.76, r:25.00, omega:21.03, omega_m:25.00, u:303.39, theta1:25.989, theta2:16.466, e:-3.967
t:40.77, r:25.00, omega:21.03, omega_m:25.00, u:303.60, theta1:25.993, theta2:16.461, e:-3.967
t:40.78, r:25.00, omega:22.47, omega_m:25.00, u:280.09, theta1:25.997, theta2:16.459, e:-2.530
t:40.79, r:25.00, omega:22.47, omega_m:25.00, u:280.23, theta1:26.000, theta2:16.456, e:-2.530
t:40.80, r:25.00, omega:22.47, omega_m:25.00, u:280.37, theta1:26.003, theta2:16.453, e:-2.530
t:40.81, r:25.00, omega:20.65, omega_m:25.00, u:310.51, theta1:26.008, theta2:16.448, e:-4.348
t:40.82, r:25.00, omega:20.65, omega_m:25.00, u:310.74, theta1:26.014, theta2:16.444, e:-4.348
t:40.83, r:25.00, omega:19.58, omega_m:25.00, u:328.58, theta1:26.021, theta2:16.439, e:-5.416
t:40.84, r:25.00, omega:19.58, omega_m:25.00, u:328.85, theta1:26.027, theta2:16.433, e:-5.416
t:40.85, r:25.00, omega:19.58, omega_m:25.00, u:329.13, theta1:26.034, theta2:16.428, e:-5.416
t:40.86, r:25.00, omega:22.75, omega_m:25.00, u:277.17, theta1:26.037, theta2:16.425, e:-2.246
t:40.87, r:25.00, omega:22.75, omega_m:25.00, u:277.30, theta1:26.040, theta2:16.423, e:-2.246
t:40.88, r:25.00, omega:20.71, omega_m:25.00, u:311.12, theta1:26.045, theta2:16.418, e:-4.291
t:40.89, r:25.00, omega:20.71, omega_m:25.00, u:311.35, theta1:26.050, theta2:16.414, e:-4.291
t:40.90, r:25.00, omega:20.71, omega_m:25.00, u:311.57, theta1:26.056, theta2:16.410, e:-4.291
t:40.91, r:25.00, omega:20.68, omega_m:25.00, u:312.33, theta1:26.061, theta2:16.405, e:-4.323
t:40.92, r:25.00, omega:20.68, omega_m:25.00, u:312.55, theta1:26.067, theta2:16.401, e:-4.323
t:40.93, r:25.00, omega:22.05, omega_m:25.00, u:290.18, theta1:26.070, theta2:16.397, e:-2.949
t:40.94, r:25.00, omega:22.05, omega_m:25.00, u:290.34, theta1:26.074, theta2:16.394, e:-2.949
t:40.95, r:25.00, omega:21.71, omega_m:25.00, u:296.06, theta1:26.078, theta2:16.391, e:-3.287
t:40.96, r:25.00, omega:21.71, omega_m:25.00, u:296.24, theta1:26.082, theta2:16.387, e:-3.287
t:40.97, r:25.00, omega:21.71, omega_m:25.00, u:296.42, theta1:26.086, theta2:16.383, e:-3.287
t:40.98, r:25.00, omega:19.78, omega_m:25.00, u:328.35, theta1:26.093, theta2:16.378, e:-5.219
t:40.99, r:25.00, omega:19.78, omega_m:25.00, u:328.61, theta1:26.099, theta2:16.373, e:-5.219
t:41.00, r:25.00, omega:23.04, omega_m:25.00, u:275.32, theta1:26.102, theta2:16.371, e:-1.957
t:41.01, r:0.00, omega:23.04, omega_m:9.20, u:0.00, theta1:26.102, theta2:16.387, e:13.846
t:41.02, r:0.00, omega:23.04, omega_m:3.38, u:0.00, theta1:26.102, theta2:16.409, e:19.659
t:41.03, r:0.00, omega:23.04, omega_m:1.24, u:0.00, theta1:26.102, theta2:16.435, e:21.798
t:41.04, r:0.00, omega:15.74, omega_m:0.46, u:0.00, theta1:26.102, theta2:16.447, e:15.277
t:41.05, r:0.00, omega:15.74, omega_m:0.17, u:0.00, theta1:26.102, theta2:16.459, e:15.567
t:41.06, r:0.00, omega:15.74, omega_m:0.06, u:0.00, theta1:26.102, theta2:16.471, e:15.673
t:41.07, r:0.00, omega:15.74, omega_m:0.02, u:0.00, theta1:26.102, theta2:16.484, e:15.712
t:41.08, r:0.00, omega:15.74, omega_m:0.01, u:0.00, theta1:26.102, theta2:16.496, e:15.727
t:41.09, r:0.00, omega:15.74, omega_m:0.00, u:0.00, theta1:26.102, theta2:16.508, e:15.732
t:41.10, r:0.00, omega:15.74, omega_m:0.00, u:0.00, theta1:26.102, theta2:16.521, e:15.734
t:41.11, r:0.00, omega:15.74, omega_m:0.00, u:0.00, theta1:26.102, theta2:16.533, e:15.735
t:41.12, r:0.00, omega:15.74, omega_m:0.00, u:0.00, theta1:26.102, theta2:16.545, e:15.735
t:41.13, r:0.00, omega:15.74, omega_m:0.00, u:0.00, theta1:26.102, theta2:16.558, e:15.735
t:41.14, r:0.00, omega:15.74, omega_m:0.00, u:0.00, theta1:26.102, theta2:16.570, e:15.735
t:41.15, r:0.00, omega:15.74, omega_m:0.00, u:0.00, theta1:26.102, theta2:16.583, e:15.735
t:41.16, r:0.00, omega:15.74, omega_m:0.00, u:0.00, theta1:26.102, theta2:16.595, e:15.735
t:41.17, r:0.00, omega:15.74, omega_m:0.00, u:0.00, theta1:26.102, theta2:16.607, e:15.735
t:41.18, r:0.00, omega:15.74, omega_m:0.00, u:0.00, theta1:26.102, theta2:16.620, e:15.735
t:41.19, r:0.00, omega:15.74, omega_m:0.00, u:0.00, theta1:26.102, theta2:16.632, e:15.735
t:41.20, r:0.00, omega:15.74, omega_m:0.00, u:0.00, theta1:26.102, theta2:16.644, e:15.735
t:41.21, r:0.00, omega:15.74, omega_m:0.00, u:0.00, theta1:26.102, theta2:16.657, e:15.735
t:41.22, r:0.00, omega:15.74, omega_m:0.00, u:0.00, theta1:26.102, theta2:16.669, e:15.735
t:41.23, r:0.00, omega:15.74, omega_m:0.00, u:0.00, theta1:26.102, theta2:16.682, e:15.735
t:41.24, r:0.00, omega:15.74, omega_m:0.00, u:0.00, theta1:26.102, theta2:16.694, e:15.735
t:41.25, r:0.00, omega:15.74, omega_m:0.00, u:0.00, theta1:26.102, theta2:16.706, e:15.735
t:41.26, r:0.00, omega:15.74, omega_m:0.00, u:0.00, theta1:26.102, theta2:16.719, e:15.735
t:41.27, r:0.00, omega:15.74, omega_m:0.00, u:0.00, theta1:26.102, theta2:16.731, e:15.735
t:41.28, r:0.00, omega:15.74, omega_m:0.00, u:0.00, theta1:26.102, theta2:16.744, e:15.735
t:41.29, r:0.00, omega:15.74, omega_m:0.00, u:0.00, theta1:26.102, theta2:16.756, e:15.735
t:41.30, r:0.00, omega:15.74, omega_m:0.00, u:0.00, theta1:26.102, theta2:16.768, e:15.735
t:41.31, r:0.00, omega:15.74, omega_m:0.00, u:0.00, theta1:26.102, theta2:16.781, e:15.735
t:41.32, r:0.00, omega:15.74, omega_m:0.00, u:0.00, theta1:26.102, theta2:16.793, e:15.735
t:41.33, r:0.00, omega:15.74, omega_m:0.00, u:0.00, theta1:26.102, theta2:16.805, e:15.735
t:41.34, r:0.00, omega:15.74, omega_m:0.00, u:0.00, theta1:26.102, theta2:16.818, e:15.735
t:41.35, r:0.00, omega:15.74, omega_m:0.00, u:0.00, theta1:26.102, theta2:16.830, e:15.735
t:41.36, r:0.00, omega:15.74, omega_m:0.00, u:0.00, theta1:26.102, theta2:16.843, e:15.735
t:41.37, r:0.00, omega:15.74, omega_m:0.00, u:0.00, theta1:26.102, theta2:16.855, e:15.735
t:41.38, r:0.00, omega:15.74, omega_m:0.00, u:0.00, theta1:26.102, theta2:16.867, e:15.735
t:41.39, r:0.00, omega:15.74, omega_m:0.00, u:0.00, theta1:26.102, theta2:16.880, e:15.735
t:41.40, r:0.00, omega:15.74, omega_m:0.00, u:0.00, theta1:26.102, theta2:16.892, e:15.735
t:41.41, r:0.00, omega:15.74, omega_m:0.00, u:0.00, theta1:26.102, theta2:16.904, e:15.735
t:41.42, r:0.00, omega:15.74, omega_m:0.00, u:0.00, theta1:26.102, theta2:16.917, e:15.735
t:41.43, r:0.00, omega:15.74, omega_m:0.00, u:0.00, theta1:26.102, theta2:16.929, e:15.735
t:41.44, r:0.00, omega:15.74, omega_m:0.00, u:0.00, theta1:26.102, theta2:16.942, e:15.735
t:41.45, r:0.00, omega:15.74, omega_m:0.00, u:0.00, theta1:26.102, theta2:16.954, e:15.735
t:41.46, r:0.00, omega:15.74, omega_m:0.00, u:0.00, theta1:26.102, theta2:16.966, e:15.735
t:41.47, r:0.00, omega:15.74, omega_m:0.00, u:0.00, theta1:26.102, theta2:16.979, e:15.735
t:41.48, r:0.00, omega:15.74, omega_m:0.00, u:0.00, theta1:26.102, theta2:16.991, e:15.735
t:41.49, r:0.00, omega:15.74, omega_m:0.00, u:0.00, theta1:26.102, theta2:17.003, e:15.735
t:41.50, r:0.00, omega:15.74, omega_m:0.00, u:0.00, theta1:26.102, theta2:17.016, e:15.735
t:41.51, r:0.00, omega:15.74, omega_m:0.00, u:0.00, theta1:26.102, theta2:17.028, e:15.735
t:41.52, r:0.00, omega:15.74, omega_m:0.00, u:0.00, theta1:26.102, theta2:17.041, e:15.735
t:41.53, r:0.00, omega:15.74, omega_m:0.00, u:0.00, theta1:26.102, theta2:17.053, e:15.735
t:41.54, r:0.00, omega:0.00, omega_m:0.00, u:0.00, theta1:26.102, theta2:17.053, e:-0.000
t:41.55, r:0.00, omega:0.00, omega_m:0.00, u:0.00, theta1:26.102, theta2:17.053, e:-0.000
t:41.56, r:0.00, omega:0.00, omega_m:0.00, u:0.00, theta1:26.102, theta2:17.053, e:-0.000
t:41.57, r:0.00, omega:0.00, omega_m:0.00, u:0.00, theta1:26.102, theta2:17.053, e:-0.000
t:41.58, r:0.00, omega:0.00, omega_m:0.00, u:0.00, theta1:26.102, theta2:17.053, e:-0.000
t:41.59, r:0.00, omega:0.00, omega_m:0.00, u:0.00, theta1:26.102, theta2:17.053, e:-0.000
t:41.60, r:0.00, omega:0.00, omega_m:0.00, u:0.00, theta1:26.102, theta2:17.053, e:-0.000
t:41.61, r:0.00, omega:0.00, omega_m:0.00, u:0.00, theta1:26.102, theta2:17.053, e:-0.000
t:41.62, r:0.00, omega:0.00, omega_m:0.00, u:0.00, theta1:26.102, theta2:17.053, e:-0.000
t:41.63, r:0.00, omega:0.00, omega_m:0.00, u:0.00, theta1:26.102, theta2:17.053, e:-0.000
t:41.64, r:0.00, omega:0.00, omega_m:0.00, u:0.00, theta1:26.102, theta2:17.053, e:-0.000
t:41.65, r:0.00, omega:0.00, omega_m:0.00, u:0.00, theta1:26.102, theta2:17.053, e:-0.000
t:41.66, r:0.00, omega:0.00, omega_m:0.00, u:0.00, theta1:26.102, theta2:17.053, e:-0.000
t:41.67, r:0.00, omega:0.00, omega_m:0.00, u:0.00, theta1:26.102, theta2:17.053, e:-0.000
t:41.68, r:0.00, omega:0.00, omega_m:0.00, u:0.00, theta1:26.102, theta2:17.053, e:-0.000
t:41.69, r:0.00, omega:0.00, omega_m:0.00, u:0.00, theta1:26.102, theta2:17.053, e:-0.000
t:41.70, r:0.00, omega:0.00, omega_m:0.00, u:0.00, theta1:26.102, theta2:17.053, e:-0.000
t:41.71, r:0.00, omega:0.00, omega_m:0.00, u:0.00, theta1:26.102, theta2:17.053, e:-0.000
t:41.72, r:0.00, omega:0.00, omega_m:0.00, u:0.00, theta1:26.102, theta2:17.053, e:-0.000
t:41.73, r:0.00, omega:0.00, omega_m:0.00, u:0.00, theta1:26.102, theta2:17.053, e:-0.000
t:41.74, r:0.00, omega:0.00, omega_m:0.00, u:0.00, theta1:26.102, theta2:17.053, e:-0.000
t:41.75, r:0.00, omega:0.00, omega_m:0.00, u:0.00, theta1:26.102, theta2:17.053, e:-0.000
t:41.76, r:0.00, omega:0.00, omega_m:0.00, u:0.00, theta1:26.102, theta2:17.053, e:-0.000
t:41.77, r:0.00, omega:0.00, omega_m:0.00, u:0.00, theta1:26.102, theta2:17.053, e:-0.000
t:41.78, r:0.00, omega:0.00, omega_m:0.00, u:0.00, theta1:26.102, theta2:17.053, e:-0.000
t:41.79, r:0.00, omega:0.00, omega_m:0.00, u:0.00, theta1:26.102, theta2:17.053, e:-0.000
t:41.80, r:0.00, omega:0.00, omega_m:0.00, u:0.00, theta1:26.102, theta2:17.053, e:-0.000
t:41.81, r:0.00, omega:0.00, omega_m:0.00, u:0.00, theta1:26.102, theta2:17.053, e:-0.000
t:41.82, r:0.00, omega:0.00, omega_m:0.00, u:0.00, theta1:26.102, theta2:17.053, e:-0.000
t:41.83, r:0.00, omega:0.00, omega_m:0.00, u:0.00, theta1:26.102, theta2:17.053, e:-0.000
t:41.84, r:0.00, omega:0.00, omega_m:0.00, u:0.00, theta1:26.102, theta2:17.053, e:-0.000
t:41.85, r:0.00, omega:0.00, omega_m:0.00, u:0.00, theta1:26.102, theta2:17.053, e:-0.000
t:41.86, r:0.00, omega:0.00, omega_m:0.00, u:0.00, theta1:26.102, theta2:17.053, e:-0.000
t:41.87, r:0.00, omega:0.00, omega_m:0.00, u:0.00, theta1:26.102, theta2:17.053, e:-0.000
t:41.88, r:0.00, omega:0.00, omega_m:0.00, u:0.00, theta1:26.102, theta2:17.053, e:-0.000
t:41.89, r:0.00, omega:0.00, omega_m:0.00, u:0.00, theta1:26.102, theta2:17.053, e:-0.000
t:41.90, r:0.00, omega:0.00, omega_m:0.00, u:0.00, theta1:26.102, theta2:17.053, e:-0.000
t:41.91, r:0.00, omega:0.00, omega_m:0.00, u:0.00, theta1:26.102, theta2:17.053, e:-0.000
t:41.92, r:0.00, omega:0.00, omega_m:0.00, u:0.00, theta1:26.102, theta2:17.053, e:-0.000
t:41.93, r:0.00, omega:0.00, omega_m:0.00, u:0.00, theta1:26.102, theta2:17.053, e:-0.000
t:41.94, r:0.00, omega:0.00, omega_m:0.00, u:0.00, theta1:26.102, theta2:17.053, e:-0.000
t:41.95, r:0.00, omega:0.00, omega_m:0.00, u:0.00, theta1:26.102, theta2:17.053, e:-0.000
t:41.96, r:0.00, omega:0.00, omega_m:0.00, u:0.00, theta1:26.102, theta2:17.053, e:-0.000
t:41.97, r:0.00, omega:0.00, omega_m:0.00, u:0.00, theta1:26.102, theta2:17.053, e:-0.000
t:41.98, r:0.00, omega:0.00, omega_m:0.00, u:0.00, theta1:26.102, theta2:17.053, e:-0.000
t:41.99, r:0.00, omega:0.00, omega_m:0.00, u:0.00, theta1:26.102, theta2:17.053, e:-0.000
t:42.00, r:0.00, omega:0.00, omega_m:0.00, u:0.00, theta1:26.102, theta2:17.053, e:-0.000
t:42.01, r:-25.00, omega:0.00, omega_m:-15.80, u:-653.04, theta1:26.122, theta2:17.053, e:15.803
t:42.02, r:-25.00, omega:0.00, omega_m:-21.62, u:-653.72, theta1:26.149, theta2:17.053, e:21.617
t:42.03, r:-25.00, omega:0.00, omega_m:-23.76, u:-654.46, theta1:26.178, theta2:17.053, e:23.755
t:42.04, r:-25.00, omega:-0.52, omega_m:-24.54, u:-646.31, theta1:26.208, theta2:17.052, e:24.021
t:42.05, r:-25.00, omega:-0.52, omega_m:-24.83, u:-647.07, theta1:26.239, theta2:17.052, e:24.310
t:42.06, r:-25.00, omega:-33.39, omega_m:-24.94, u:-85.86, theta1:26.228, theta2:17.066, e:-8.453
t:42.07, r:-25.00, omega:-41.04, omega_m:-24.98, u:46.49, theta1:26.208, theta2:17.099, e:-16.060
t:42.08, r:-25.00, omega:-41.04, omega_m:-24.99, u:48.34, theta1:26.188, theta2:17.132, e:-16.046
t:42.09, r:-25.00, omega:-29.27, omega_m:-25.00, u:-153.01, theta1:26.183, theta2:17.138, e:-4.269
t:42.10, r:-25.00, omega:-29.27, omega_m:-25.00, u:-152.69, theta1:26.177, theta2:17.144, e:-4.267
t:42.11, r:-25.00, omega:-29.27, omega_m:-25.00, u:-152.37, theta1:26.172, theta2:17.150, e:-4.266
t:42.12, r:-25.00, omega:-29.27, omega_m:-25.00, u:-152.06, theta1:26.167, theta2:17.157, e:-4.266
t:42.13, r:-25.00, omega:-29.27, omega_m:-25.00, u:-151.74, theta1:26.161, theta2:17.163, e:-4.266
t:42.14, r:-25.00, omega:-9.36, omega_m:-25.00, u:-493.90, theta1:26.181, theta2:17.156, e:15.637
t:42.15, r:-25.00, omega:-9.36, omega_m:-25.00, u:-494.46, theta1:26.200, theta2:17.148, e:15.637
t:42.16, r:-25.00, omega:-9.36, omega_m:-25.00, u:-495.01, theta1:26.220, theta2:17.141, e:15.637
t:42.17, r:-25.00, omega:-17.87, omega_m:-25.00, u:-349.54, theta1:26.229, theta2:17.135, e:7.131
t:42.18, r:-25.00, omega:-17.87, omega_m:-25.00, u:-349.88, theta1:26.238, theta2:17.128, e:7.131
t:42.19, r:-25.00, omega:-27.89, omega_m:-25.00, u:-178.12, theta1:26.234, theta2:17.132, e:-2.885
t:42.20, r:-25.00, omega:-27.89, omega_m:-25.00, u:-177.92, theta1:26.231, theta2:17.136, e:-2.885
t:42.21, r:-25.00, omega:-22.33, omega_m:-25.00, u:-273.27, theta1:26.234, theta2:17.133, e:2.671
t:42.22, r:-25.00, omega:-22.33, omega_m:-25.00, u:-273.42, theta1:26.237, theta2:17.130, e:2.671
t:42.23, r:-25.00, omega:-22.33, omega_m:-25.00, u:-273.57, theta1:26.241, theta2:17.127, e:2.671
t:42.24, r:-25.00, omega:-18.92, omega_m:-25.00, u:-332.26, theta1:26.248, theta2:17.122, e:6.080
t:42.25, r:-25.00, omega:-18.92, omega_m:-25.00, u:-332.56, theta1:26.256, theta2:17.116, e:6.080
t:42.26, r:-25.00, omega:-18.92, omega_m:-25.00, u:-332.86, theta1:26.263, theta2:17.110, e:6.080
t:42.27, r:-25.00, omega:-19.94, omega_m:-25.00, u:-315.69, theta1:26.270, theta2:17.105, e:5.061
t:42.28, r:-25.00, omega:-19.94, omega_m:-25.00, u:-315.94, theta1:26.276, theta2:17.100, e:5.061
t:42.29, r:-25.00, omega:-21.81, omega_m:-25.00, u:-284.06, theta1:26.280, theta2:17.097, e:3.186
t:42.30, r:-25.00, omega:-21.81, omega_m:-25.00, u:-284.24, theta1:26.284, theta2:17.093, e:3.186
t:42.31, r:-25.00, omega:-21.81, omega_m:-25.00, u:-284.41, theta1:26.288, theta2:17.090, e:3.186
t:42.32, r:-25.00, omega:-22.45, omega_m:-25.00, u:-273.70, theta1:26.291, theta2:17.087, e:2.551
t:42.33, r:-25.00, omega:-22.45, omega_m:-25.00, u:-273.85, theta1:26.294, theta2:17.084, e:2.551
t:42.34, r:-25.00, omega:-22.18, omega_m:-25.00, u:-278.63, theta1:26.298, theta2:17.081, e:2.822
t:42.35, r:-25.00, omega:-22.18, omega_m:-25.00, u:-278.79, theta1:26.301, theta2:17.078, e:2.822
t:42.36, r:-25.00, omega:-22.18, omega_m:-25.00, u:-278.95, theta1:26.305, theta2:17.074, e:2.822
t:42.37, r:-25.00, omega:-18.38, omega_m:-25.00, u:-344.12, theta1:26.313, theta2:17.068, e:6.620
t:42.38, r:-25.00, omega:-18.38, omega_m:-25.00, u:-344.44, theta1:26.322, theta2:17.062, e:6.620
t:42.39, r:-25.00, omega:-21.48, omega_m:-25.00, u:-291.73, theta1:26.326, theta2:17.059, e:3.520
t:42.40, r:-25.00, omega:-21.48, omega_m:-25.00, u:-291.92, theta1:26.330, theta2:17.055, e:3.520
t:42.41, r:-25.00, omega:-23.90, omega_m:-25.00, u:-250.70, theta1:26.332, theta2:17.053, e:1.099
t:42.42, r:-25.00, omega:-23.90, omega_m:-25.00, u:-250.77, theta1:26.333, theta2:17.052, e:1.099
t:42.43, r:-25.00, omega:-23.90, omega_m:-25.00, u:-250.83, theta1:26.334, theta2:17.051, e:1.099
t:42.44, r:-25.00, omega:-19.09, omega_m:-25.00, u:-333.19, theta1:26.342, theta2:17.045, e:5.912
t:42.45, r:-25.00, omega:-19.09, omega_m:-25.00, u:-333.48, theta1:26.349, theta2:17.040, e:5.912
t:42.46, r:-25.00, omega:-19.09, omega_m:-25.00, u:-333.78, theta1:26.357, theta2:17.034, e:5.912
t:42.47, r:-25.00, omega:-20.58, omega_m:-25.00, u:-308.60, theta1:26.362, theta2:17.029, e:4.421
t:42.48, r:-25.00, omega:-20.58, omega_m:-25.00, u:-308.83, theta1:26.368, theta2:17.025, e:4.421
t:42.49, r:-25.00, omega:-22.38, omega_m:-25.00, u:-278.28, theta1:26.371, theta2:17.022, e:2.617
t:42.50, r:-25.00, omega:-22.38, omega_m:-25.00, u:-278.43, theta1:26.374, theta2:17.019, e:2.617
t:42.51, r:-25.00, omega:-22.09, omega_m:-25.00, u:-283.49, theta1:26.378, theta2:17.016, e:2.905
t:42.52, r:-25.00, omega:-22.09, omega_m:-25.00, u:-283.65, theta1:26.382, theta2:17.012, e:2.905
t:42.53, r:-25.00, omega:-22.09, omega_m:-25.00, u:-283.81, theta1:26.385, theta2:17.009, e:2.905
t:42.54, r:-25.00, omega:-19.71, omega_m:-25.00, u:-324.69, theta1:26.392, theta2:17.004, e:5.293
t:42.55, r:-25.00, omega:-19.71, omega_m:-25.00, u:-324.96, theta1:26.398, theta2:16.999, e:5.293
t:42.56, r:-25.00, omega:-21.69, omega_m:-25.00, u:-291.43, theta1:26.403, theta2:16.995, e:3.310
t:42.57, r:-25.00, omega:-21.69, omega_m:-25.00, u:-291.62, theta1:26.407, theta2:16.992, e:3.310
t:42.58, r:-25.00, omega:-21.69, omega_m:-25.00, u:-291.80, theta1:26.411, theta2:16.988, e:3.310
t:42.59, r:-25.00, omega:-21.46, omega_m:-25.00, u:-295.88, theta1:26.415, theta2:16.984, e:3.539
t:42.60, r:-25.00, omega:-21.46, omega_m:-25.00, u:-296.08, theta1:26.420, theta2:16.980, e:3.539
t:42.61, r:-25.00, omega:-20.88, omega_m:-25.00, u:-306.19, theta1:26.425, theta2:16.976, e:4.122
t:42.62, r:-25.00, omega:-20.88, omega_m:-25.00, u:-306.41, theta1:26.430, theta2:16.972, e:4.122
t:42.63, r:-25.00, omega:-20.88, omega_m:-25.00, u:-306.63, theta1:26.435, theta2:16.968, e:4.122
t:42.64, r:-25.00, omega:-20.60, omega_m:-25.00, u:-311.58, theta1:26.441, theta2:16.963, e:4.400
t:42.65, r:-25.00, omega:-20.60, omega_m:-25.00, u:-311.81, theta1:26.446, theta2:16.959, e:4.400
t:42.66, r:-25.00, omega:-21.59, omega_m:-25.00, u:-295.27, theta1:26.450, theta2:16.955, e:3.414
t:42.67, r:-25.00, omega:-21.59, omega_m:-25.00, u:-295.45, theta1:26.455, theta2:16.951, e:3.414
t:42.68, r:-25.00, omega:-21.59, omega_m:-25.00, u:-295.64, theta1:26.459, theta2:16.947, e:3.414
t:42.69, r:-25.00, omega:-21.62, omega_m:-25.00, u:-295.31, theta1:26.463, theta2:16.944, e:3.383
t:42.70, r:-25.00, omega:-21.62, omega_m:-25.00, u:-295.49, theta1:26.467, theta2:16.940, e:3.383
t:42.71, r:-25.00, omega:-22.00, omega_m:-25.00, u:-289.12, theta1:26.471, theta2:16.937, e:2.997
t:42.72, r:-25.00, omega:-22.00, omega_m:-25.00, u:-289.29, theta1:26.475, theta2:16.934, e:2.997
t:42.73, r:-25.00, omega:-22.00, omega_m:-25.00, u:-289.45, theta1:26.479, theta2:16.930, e:2.997
t:42.74, r:-25.00, omega:-22.02, omega_m:-25.00, u:-289.34, theta1:26.482, theta2:16.927, e:2.981
t:42.75, r:-25.00, omega:-22.02, omega_m:-25.00, u:-289.50, theta1:26.486, theta2:16.924, e:2.981
t:42.76, r:-25.00, omega:-20.45, omega_m:-25.00, u:-316.34, theta1:26.492, theta2:16.919, e:4.553
t:42.77, r:-25.00, omega:-20.45, omega_m:-25.00, u:-316.58, theta1:26.497, theta2:16.914, e:4.553
t:42.78, r:-25.00, omega:-20.45, omega_m:-25.00, u:-316.82, theta1:26.503, theta2:16.910, e:4.553
t:42.79, r:-25.00, omega:-20.89, omega_m:-25.00, u:-309.57, theta1:26.508, theta2:16.905, e:4.111
t:42.80, r:-25.00, omega:-20.89, omega_m:-25.00, u:-309.79, theta1:26.513, theta2:16.901, e:4.111
t:42.81, r:-25.00, omega:-22.62, omega_m:-25.00, u:-280.62, theta1:26.516, theta2:16.898, e:2.377
t:42.82, r:-25.00, omega:-22.62, omega_m:-25.00, u:-280.76, theta1:26.519, theta2:16.896, e:2.377
t:42.83, r:-25.00, omega:-21.08, omega_m:-25.00, u:-307.11, theta1:26.524, theta2:16.892, e:3.925
t:42.84, r:-25.00, omega:-21.08, omega_m:-25.00, u:-307.32, theta1:26.529, theta2:16.887, e:3.925
t:42.85, r:-25.00, omega:-21.08, omega_m:-25.00, u:-307.53, theta1:26.534, theta2:16.883, e:3.925
t:42.86, r:-25.00, omega:-20.46, omega_m:-25.00, u:-318.23, theta1:26.540, theta2:16.879, e:4.545
t:42.87, r:-25.00, omega:-20.46, omega_m:-25.00, u:-318.47, theta1:26.545, theta2:16.874, e:4.545
t:42.88, r:-25.00, omega:-22.73, omega_m:-25.00, u:-280.21, theta1:26.548, theta2:16.871, e:2.269
t:42.89, r:-25.00, omega:-22.73, omega_m:-25.00, u:-280.34, theta1:26.551, theta2:16.869, e:2.269
t:42.90, r:-25.00, omega:-22.73, omega_m:-25.00, u:-280.47, theta1:26.554, theta2:16.866, e:2.269
t:42.91, r:-25.00, omega:-20.93, omega_m:-25.00, u:-311.04, theta1:26.559, theta2:16.862, e:4.069
t:42.92, r:-25.00, omega:-20.93, omega_m:-25.00, u:-311.26, theta1:26.564, theta2:16.858, e:4.069
t:42.93, r:-25.00, omega:-20.38, omega_m:-25.00, u:-320.76, theta1:26.570, theta2:16.853, e:4.619
t:42.94, r:-25.00, omega:-20.38, omega_m:-25.00, u:-321.00, theta1:26.576, theta2:16.848, e:4.619
t:42.95, r:-25.00, omega:-20.38, omega_m:-25.00, u:-321.24, theta1:26.581, theta2:16.844, e:4.619
t:42.96, r:-25.00, omega:-21.80, omega_m:-25.00, u:-297.45, theta1:26.585, theta2:16.840, e:3.196
t:42.97, r:-25.00, omega:-21.80, omega_m:-25.00, u:-297.63, theta1:26.589, theta2:16.837, e:3.196
t:42.98, r:-25.00, omega:-22.38, omega_m:-25.00, u:-288.03, theta1:26.593, theta2:16.834, e:2.617
t:42.99, r:-25.00, omega:-22.38, omega_m:-25.00, u:-288.18, theta1:26.596, theta2:16.831, e:2.617
t:43.00, r:-25.00, omega:-22.81, omega_m:-25.00, u:-281.17, theta1:26.599, theta2:16.828, e:2.193
t:43.01, r:0.00, omega:-22.81, omega_m:-9.20, u:0.00, theta1:26.599, theta2:16.844, e:-13.610
t:43.02, r:0.00, omega:-22.81, omega_m:-3.38, u:0.00, theta1:26.599, theta2:16.866, e:-19.423
t:43.03, r:0.00, omega:-17.46, omega_m:-1.24, u:0.00, theta1:26.599, theta2:16.880, e:-16.216
t:43.04, r:0.00, omega:-17.46, omega_m:-0.46, u:0.00, theta1:26.599, theta2:16.895, e:-17.002
t:43.05, r:0.00, omega:-17.46, omega_m:-0.17, u:0.00, theta1:26.599, theta2:16.910, e:-17.292
t:43.06, r:0.00, omega:-17.46, omega_m:-0.06, u:0.00, theta1:26.599, theta2:16.925, e:-17.398
t:43.07, r:0.00, omega:-17.46, omega_m:-0.02, u:0.00, theta1:26.599, theta2:16.941, e:-17.437
t:43.08, r:0.00, omega:-17.46, omega_m:-0.01, u:0.00, theta1:26.599, theta2:16.956, e:-17.452
t:43.09, r:0.00, omega:-17.46, omega_m:-0.00, u:0.00, theta1:26.599, theta2:16.971, e:-17.457
t:43.10, r:0.00, omega:-17.46, omega_m:-0.00, u:0.00, theta1:26.599, theta2:16.986, e:-17.459
t:43.11, r:0.00, omega:-17.46, omega_m:-0.00, u:0.00, theta1:26.599, theta2:17.001, e:-17.460
t:43.12, r:0.00, omega:-17.46, omega_m:-0.00, u:0.00, theta1:26.599, theta2:17.017, e:-17.460
t:43.13, r:0.00, omega:-17.46, omega_m:-0.00, u:0.00, theta1:26.599, theta2:17.032, e:-17.460
t:43.14, r:0.00, omega:-17.46, omega_m:-0.00, u:0.00, theta1:26.599, theta2:17.047, e:-17.460
t:43.15, r:0.00, omega:-17.46, omega_m:-0.00, u:0.00, theta1:26.599, theta2:17.062, e:-17.460
t:43.16, r:0.00, omega:-17.46, omega_m:-0.00, u:0.00, theta1:26.599, theta2:17.078, e:-17.460
t:43.17, r:0.00, omega:-17.46, omega_m:-0.00, u:0.00, theta1:26.599, theta2:17.093, e:-17.460
t:43.18, r:0.00, omega:-17.46, omega_m:-0.00, u:0.00, theta1:26.599, theta2:17.108, e:-17.460
t:43.19, r:0.00, omega:-17.46, omega_m:-0.00, u:0.00, theta1:26.599, theta2:17.123, e:-17.460
t:43.20, r:0.00, omega:-17.46, omega_m:-0.00, u:0.00, theta1:26.599, theta2:17.139, e:-17.460
t:43.21, r:0.00, omega:-17.46, omega_m:-0.00, u:0.00, theta1:26.599, theta2:17.154, e:-17.460
t:43.22, r:0.00, omega:-17.46, omega_m:-0.00, u:0.00, theta1:26.599, theta2:17.169, e:-17.460
t:43.23, r:0.00, omega:-17.46, omega_m:-0.00, u:0.00, theta1:26.599, theta2:17.184, e:-17.460
t:43.24, r:0.00, omega:-17.46, omega_m:-0.00, u:0.00, theta1:26.599, theta2:17.200, e:-17.460
t:43.25, r:0.00, omega:-17.46, omega_m:-0.00, u:0.00, theta1:26.599, theta2:17.215, e:-17.460
t:43.26, r:0.00, omega:-17.46, omega_m:-0.00, u:0.00, theta1:26.599, theta2:17.230, e:-17.460
t:43.27, r:0.00, omega:-17.46, omega_m:-0.00, u:0.00, theta1:26.599, theta2:17.245, e:-17.460
t:43.28, r:0.00, omega:-17.46, omega_m:-0.00, u:0.00, theta1:26.599, theta2:17.261, e:-17.460
t:43.29, r:0.00, omega:-17.46, omega_m:-0.00, u:0.00, theta1:26.599, theta2:17.276, e:-17.460
t:43.30, r:0.00, omega:-17.46, omega_m:-0.00, u:0.00, theta1:26.599, theta2:17.291, e:-17.460
t:43.31, r:0.00, omega:-17.46, omega_m:-0.00, u:0.00, theta1:26.599, theta2:17.306, e:-17.460
t:43.32, r:0.00, omega:-17.46, omega_m:-0.00, u:0.00, theta1:26.599, theta2:17.322, e:-17.460
t:43.33, r:0.00, omega:-17.46, omega_m:-0.00, u:0.00, theta1:26.599, theta2:17.337, e:-17.460
t:43.34, r:0.00, omega:-17.46, omega_m:-0.00, u:0.00, theta1:26.599, theta2:17.352, e:-17.460
t:43.35, r:0.00, omega:-17.46, omega_m:-0.00, u:0.00, theta1:26.599, theta2:17.367, e:-17.460
t:43.36, r:0.00, omega:-17.46, omega_m:-0.00, u:0.00, theta1:26.599, theta2:17.383, e:-17.460
t:43.37, r:0.00, omega:-17.46, omega_m:-0.00, u:0.00, theta1:26.599, theta2:17.398, e:-17.460
t:43.38, r:0.00, omega:-17.46, omega_m:-0.00, u:0.00, theta1:26.599, theta2:17.413, e:-17.460
t:43.39, r:0.00, omega:-17.46, omega_m:-0.00, u:0.00, theta1:26.599, theta2:17.428, e:-17.460
t:43.40, r:0.00, omega:-17.46, omega_m:-0.00, u:0.00, theta1:26.599, theta2:17.444, e:-17.460
t:43.41, r:0.00, omega:-17.46, omega_m:-0.00, u:0.00, theta1:26.599, theta2:17.459, e:-17.460
t:43.42, r:0.00, omega:-17.46, omega_m:-0.00, u:0.00, theta1:26.599, theta2:17.474, e:-17.460
t:43.43, r:0.00, omega:-17.46, omega_m:-0.00, u:0.00, theta1:26.599, theta2:17.489, e:-17.460
t:43.44, r:0.00, omega:-17.46, omega_m:-0.00, u:0.00, theta1:26.599, theta2:17.505, e:-17.460
t:43.45, r:0.00, omega:-17.46, omega_m:-0.00, u:0.00, theta1:26.599, theta2:17.520, e:-17.460
t:43.46, r:0.00, omega:-17.46, omega_m:-0.00, u:0.00, theta1:26.599, theta2:17.535, e:-17.460
t:43.47, r:0.00, omega:-17.46, omega_m:-0.00, u:0.00, theta1:26.599, theta2:17.550, e:-17.460
t:43.48, r:0.00, omega:-17.46, omega_m:-0.00, u:0.00, theta1:26.599, theta2:17.565, e:-17.460
t:43.49, r:0.00, omega:-17.46, omega_m:-0.00, u:0.00, theta1:26.599, theta2:17.581, e:-17.460
t:43.50, r:0.00, omega:-17.46, omega_m:-0.00, u:0.00, theta1:26.599, theta2:17.596, e:-17.460
t:43.51, r:0.00, omega:-17.46, omega_m:-0.00, u:0.00, theta1:26.599, theta2:17.611, e:-17.460
t:43.52, r:0.00, omega:-17.46, omega_m:-0.00, u:0.00, theta1:26.599, theta2:17.626, e:-17.460
t:43.53, r:0.00, omega:0.00, omega_m:-0.00, u:0.00, theta1:26.599, theta2:17.626, e:0.000
t:43.54, r:0.00, omega:0.00, omega_m:-0.00, u:0.00, theta1:26.599, theta2:17.626, e:0.000
t:43.55, r:0.00, omega:0.00, omega_m:-0.00, u:0.00, theta1:26.599, theta2:17.626, e:0.000
t:43.56, r:0.00, omega:0.00, omega_m:-0.00, u:0.00, theta1:26.599, theta2:17.626, e:0.000
t:43.57, r:0.00, omega:0.00, omega_m:-0.00, u:0.00, theta1:26.599, theta2:17.626, e:0.000
t:43.58, r:0.00, omega:0.00, omega_m:-0.00, u:0.00, theta1:26.599, theta2:17.626, e:0.000
t:43.59, r:0.00, omega:0.00, omega_m:-0.00, u:0.00, theta1:26.599, theta2:17.626, e:0.000
t:43.60, r:0.00, omega:0.00, omega_m:-0.00, u:0.00, theta1:26.599, theta2:17.626, e:0.000
t:43.61, r:0.00, omega:0.00, omega_m:-0.00, u:0.00, theta1:26.599, theta2:17.626, e:0.000
t:43.62, r:0.00, omega:0.00, omega_m:-0.00, u:0.00, theta1:26.599, theta2:17.626, e:0.000
t:43.63, r:0.00, omega:0.00, omega_m:-0.00, u:0.00, theta1:26.599, theta2:17.626, e:0.000
t:43.64, r:0.00, omega:0.00, omega_m:-0.00, u:0.00, theta1:26.599, theta2:17.626, e:0.000
t:43.65, r:0.00, omega:0.00, omega_m:-0.00, u:0.00, theta1:26.599, theta2:17.626, e:0.000
t:43.66, r:0.00, omega:0.00, omega_m:-0.00, u:0.00, theta1:26.599, theta2:17.626, e:0.000
t:43.67, r:0.00, omega:0.00, omega_m:-0.00, u:0.00, theta1:26.599, theta2:17.626, e:0.000
t:43.68, r:0.00, omega:0.00, omega_m:-0.00, u:0.00, theta1:26.599, theta2:17.626, e:0.000
t:43.69, r:0.00, omega:0.00, omega_m:-0.00, u:0.00, theta1:26.599, theta2:17.626, e:0.000
t:43.70, r:0.00, omega:0.00, omega_m:-0.00, u:0.00, theta1:26.599, theta2:17.626, e:0.000
t:43.71, r:0.00, omega:0.00, omega_m:-0.00, u:0.00, theta1:26.599, theta2:17.626, e:0.000
t:43.72, r:0.00, omega:0.00, omega_m:-0.00, u:0.00, theta1:26.599, theta2:17.626, e:0.000
t:43.73, r:0.00, omega:0.00, omega_m:-0.00, u:0.00, theta1:26.599, theta2:17.626, e:0.000
t:43.74, r:0.00, omega:0.00, omega_m:-0.00, u:0.00, theta1:26.599, theta2:17.626, e:0.000
t:43.75, r:0.00, omega:0.00, omega_m:-0.00, u:0.00, theta1:26.599, theta2:17.626, e:0.000
t:43.76, r:0.00, omega:0.00, omega_m:-0.00, u:0.00, theta1:26.599, theta2:17.626, e:0.000
t:43.77, r:0.00, omega:0.00, omega_m:-0.00, u:0.00, theta1:26.599, theta2:17.626, e:0.000
t:43.78, r:0.00, omega:0.00, omega_m:-0.00, u:0.00, theta1:26.599, theta2:17.626, e:0.000
t:43.79, r:0.00, omega:0.00, omega_m:-0.00, u:0.00, theta1:26.599, theta2:17.626, e:0.000
t:43.80, r:0.00, omega:0.00, omega_m:-0.00, u:0.00, theta1:26.599, theta2:17.626, e:0.000
t:43.81, r:0.00, omega:0.00, omega_m:-0.00, u:0.00, theta1:26.599, theta2:17.626, e:0.000
t:43.82, r:0.00, omega:0.00, omega_m:-0.00, u:0.00, theta1:26.599, theta2:17.626, e:0.000
t:43.83, r:0.00, omega:0.00, omega_m:-0.00, u:0.00, theta1:26.599, theta2:17.626, e:0.000
t:43.84, r:0.00, omega:0.00, omega_m:-0.00, u:0.00, theta1:26.599, theta2:17.626, e:0.000
t:43.85, r:0.00, omega:0.00, omega_m:-0.00, u:0.00, theta1:26.599, theta2:17.626, e:0.000
t:43.86, r:0.00, omega:0.00, omega_m:-0.00, u:0.00, theta1:26.599, theta2:17.626, e:0.000
t:43.87, r:0.00, omega:0.00, omega_m:-0.00, u:0.00, theta1:26.599, theta2:17.626, e:0.000
t:43.88, r:0.00, omega:0.00, omega_m:-0.00, u:0.00, theta1:26.599, theta2:17.626, e:0.000
t:43.89, r:0.00, omega:0.00, omega_m:-0.00, u:0.00, theta1:26.599, theta2:17.626, e:0.000
t:43.90, r:0.00, omega:0.00, omega_m:-0.00, u:0.00, theta1:26.599, theta2:17.626, e:0.000
t:43.91, r:0.00, omega:0.00, omega_m:-0.00, u:0.00, theta1:26.599, theta2:17.626, e:0.000
t:43.92, r:0.00, omega:0.00, omega_m:-0.00, u:0.00, theta1:26.599, theta2:17.626, e:0.000
t:43.93, r:0.00, omega:0.00, omega_m:-0.00, u:0.00, theta1:26.599, theta2:17.626, e:0.000
t:43.94, r:0.00, omega:0.00, omega_m:-0.00, u:0.00, theta1:26.599, theta2:17.626, e:0.000
t:43.95, r:0.00, omega:0.00, omega_m:-0.00, u:0.00, theta1:26.599, theta2:17.626, e:0.000
t:43.96, r:0.00, omega:0.00, omega_m:-0.00, u:0.00, theta1:26.599, theta2:17.626, e:0.000
t:43.97, r:0.00, omega:0.00, omega_m:-0.00, u:0.00, theta1:26.599, theta2:17.626, e:0.000
t:43.98, r:0.00, omega:0.00, omega_m:-0.00, u:0.00, theta1:26.599, theta2:17.626, e:0.000
t:43.99, r:0.00, omega:0.00, omega_m:-0.00, u:0.00, theta1:26.599, theta2:17.626, e:0.000
t:44.00, r:0.00, omega:0.00, omega_m:-0.00, u:0.00, theta1:26.599, theta2:17.626, e:0.000
t:44.01, r:25.00, omega:0.00, omega_m:15.80, u:665.46, theta1:26.618, theta2:17.626, e:-15.803
t:44.02, r:25.00, omega:0.00, omega_m:21.62, u:666.14, theta1:26.645, theta2:17.626, e:-21.617
t:44.03, r:25.00, omega:0.00, omega_m:23.76, u:666.88, theta1:26.675, theta2:17.626, e:-23.755
t:44.04, r:25.00, omega:0.52, omega_m:24.54, u:658.47, theta1:26.705, theta2:17.626, e:-24.022
t:44.05, r:25.00, omega:0.52, omega_m:24.83, u:659.23, theta1:26.736, theta2:17.625, e:-24.312
t:44.06, r:25.00, omega:34.37, omega_m:24.94, u:61.79, theta1:26.724, theta2:17.641, e:9.430
t:44.07, r:25.00, omega:39.26, omega_m:24.98, u:-25.99, theta1:26.706, theta2:17.669, e:14.279
t:44.08, r:25.00, omega:39.26, omega_m:24.99, u:-27.53, theta1:26.688, theta2:17.697, e:14.265
t:44.09, r:25.00, omega:26.69, omega_m:25.00, u:194.70, theta1:26.686, theta2:17.700, e:1.696
t:44.10, r:25.00, omega:26.69, omega_m:25.00, u:194.59, theta1:26.684, theta2:17.702, e:1.694
t:44.11, r:25.00, omega:26.69, omega_m:25.00, u:194.48, theta1:26.682, theta2:17.704, e:1.693
t:44.12, r:25.00, omega:26.69, omega_m:25.00, u:194.36, theta1:26.680, theta2:17.706, e:1.693
t:44.13, r:25.00, omega:26.69, omega_m:25.00, u:194.25, theta1:26.678, theta2:17.709, e:1.692
t:44.14, r:25.00, omega:11.38, omega_m:25.00, u:466.00, theta1:26.695, theta2:17.701, e:-13.624
t:44.15, r:25.00, omega:11.38, omega_m:25.00, u:466.51, theta1:26.712, theta2:17.693, e:-13.624
t:44.16, r:25.00, omega:11.38, omega_m:25.00, u:467.03, theta1:26.729, theta2:17.685, e:-13.624
t:44.17, r:25.00, omega:16.16, omega_m:25.00, u:382.88, theta1:26.740, theta2:17.678, e:-8.844
t:44.18, r:25.00, omega:16.16, omega_m:25.00, u:383.27, theta1:26.751, theta2:17.671, e:-8.844
t:44.19, r:25.00, omega:26.73, omega_m:25.00, u:196.27, theta1:26.749, theta2:17.674, e:1.732
t:44.20, r:25.00, omega:26.73, omega_m:25.00, u:196.15, theta1:26.746, theta2:17.676, e:1.732
t:44.21, r:25.00, omega:26.84, omega_m:25.00, u:194.14, theta1:26.744, theta2:17.678, e:1.839
t:44.22, r:25.00, omega:26.84, omega_m:25.00, u:194.01, theta1:26.742, theta2:17.681, e:1.839
t:44.23, r:25.00, omega:26.84, omega_m:25.00, u:193.89, theta1:26.739, theta2:17.683, e:1.839
t:44.24, r:25.00, omega:18.31, omega_m:25.00, u:344.96, theta1:26.748, theta2:17.677, e:-6.686
t:44.25, r:25.00, omega:18.31, omega_m:25.00, u:345.28, theta1:26.756, theta2:17.671, e:-6.686
t:44.26, r:25.00, omega:18.31, omega_m:25.00, u:345.60, theta1:26.765, theta2:17.665, e:-6.686
t:44.27, r:25.00, omega:15.94, omega_m:25.00, u:387.90, theta1:26.776, theta2:17.658, e:-9.058
t:44.28, r:25.00, omega:15.94, omega_m:25.00, u:388.30, theta1:26.787, theta2:17.650, e:-9.058
t:44.29, r:25.00, omega:22.17, omega_m:25.00, u:278.57, theta1:26.791, theta2:17.647, e:-2.832
t:44.30, r:25.00, omega:22.17, omega_m:25.00, u:278.73, theta1:26.794, theta2:17.644, e:-2.832
t:44.31, r:25.00, omega:24.08, omega_m:25.00, u:245.08, theta1:26.795, theta2:17.643, e:-0.922
t:44.32, r:25.00, omega:24.08, omega_m:25.00, u:245.13, theta1:26.797, theta2:17.642, e:-0.922
t:44.33, r:25.00, omega:24.08, omega_m:25.00, u:245.19, theta1:26.798, theta2:17.641, e:-0.922
t:44.34, r:25.00, omega:19.95, omega_m:25.00, u:318.30, theta1:26.804, theta2:17.636, e:-5.052
t:44.35, r:25.00, omega:19.95, omega_m:25.00, u:318.56, theta1:26.810, theta2:17.631, e:-5.052
t:44.36, r:25.00, omega:19.95, omega_m:25.00, u:318.82, theta1:26.817, theta2:17.626, e:-5.052
t:44.37, r:25.00, omega:18.59, omega_m:25.00, u:343.02, theta1:26.825, theta2:17.620, e:-6.408
t:44.38, r:25.00, omega:18.59, omega_m:25.00, u:343.34, theta1:26.833, theta2:17.614, e:-6.408
t:44.39, r:25.00, omega:22.93, omega_m:25.00, u:267.13, theta1:26.835, theta2:17.611, e:-2.074
t:44.40, r:25.00, omega:22.93, omega_m:25.00, u:267.25, theta1:26.838, theta2:17.609, e:-2.074
t:44.41, r:25.00, omega:22.93, omega_m:25.00, u:267.37, theta1:26.840, theta2:17.607, e:-2.074
t:44.42, r:25.00, omega:21.72, omega_m:25.00, u:288.73, theta1:26.845, theta2:17.603, e:-3.278
t:44.43, r:25.00, omega:21.72, omega_m:25.00, u:288.91, theta1:26.849, theta2:17.600, e:-3.278
t:44.44, r:25.00, omega:19.01, omega_m:25.00, u:337.00, theta1:26.856, theta2:17.594, e:-5.993
t:44.45, r:25.00, omega:19.01, omega_m:25.00, u:337.30, theta1:26.864, theta2:17.588, e:-5.993
t:44.46, r:25.00, omega:19.01, omega_m:25.00, u:337.59, theta1:26.871, theta2:17.582, e:-5.993
t:44.47, r:25.00, omega:21.08, omega_m:25.00, u:301.31, theta1:26.876, theta2:17.578, e:-3.918
t:44.48, r:25.00, omega:21.08, omega_m:25.00, u:301.52, theta1:26.881, theta2:17.574, e:-3.918
t:44.49, r:25.00, omega:22.40, omega_m:25.00, u:278.48, theta1:26.884, theta2:17.571, e:-2.598
t:44.50, r:25.00, omega:22.40, omega_m:25.00, u:278.62, theta1:26.887, theta2:17.568, e:-2.598
t:44.51, r:25.00, omega:22.40, omega_m:25.00, u:278.77, theta1:26.891, theta2:17.565, e:-2.598
t:44.52, r:25.00, omega:20.59, omega_m:25.00, u:310.76, theta1:26.896, theta2:17.561, e:-4.406
t:44.53, r:25.00, omega:20.59, omega_m:25.00, u:310.99, theta1:26.902, theta2:17.556, e:-4.406
t:44.54, r:25.00, omega:20.57, omega_m:25.00, u:311.68, theta1:26.907, theta2:17.552, e:-4.432
t:44.55, r:25.00, omega:20.57, omega_m:25.00, u:311.91, theta1:26.913, theta2:17.547, e:-4.432
t:44.56, r:25.00, omega:20.57, omega_m:25.00, u:312.14, theta1:26.918, theta2:17.543, e:-4.432
t:44.57, r:25.00, omega:20.63, omega_m:25.00, u:311.28, theta1:26.924, theta2:17.538, e:-4.370
t:44.58, r:25.00, omega:20.63, omega_m:25.00, u:311.50, theta1:26.929, theta2:17.534, e:-4.370
t:44.59, r:25.00, omega:20.56, omega_m:25.00, u:312.96, theta1:26.935, theta2:17.529, e:-4.439
t:44.60, r:25.00, omega:20.56, omega_m:25.00, u:313.19, theta1:26.940, theta2:17.525, e:-4.439
t:44.61, r:25.00, omega:20.56, omega_m:25.00, u:313.42, theta1:26.946, theta2:17.520, e:-4.439
t:44.62, r:25.00, omega:21.95, omega_m:25.00, u:289.30, theta1:26.950, theta2:17.517, e:-3.053
t:44.63, r:25.00, omega:21.95, omega_m:25.00, u:289.47, theta1:26.954, theta2:17.513, e:-3.053
t:44.64, r:25.00, omega:22.21, omega_m:25.00, u:285.06, theta1:26.957, theta2:17.510, e:-2.792
t:44.65, r:25.00, omega:22.21, omega_m:25.00, u:285.21, theta1:26.961, theta2:17.507, e:-2.792
t:44.66, r:25.00, omega:21.54, omega_m:25.00, u:297.05, theta1:26.965, theta2:17.503, e:-3.457
t:44.67, r:25.00, omega:21.54, omega_m:25.00, u:297.24, theta1:26.969, theta2:17.500, e:-3.457
t:44.68, r:25.00, omega:21.54, omega_m:25.00, u:297.43, theta1:26.973, theta2:17.496, e:-3.457
t:44.69, r:25.00, omega:19.97, omega_m:25.00, u:325.17, theta1:26.980, theta2:17.491, e:-5.028
t:44.70, r:25.00, omega:19.97, omega_m:25.00, u:325.43, theta1:26.986, theta2:17.486, e:-5.028
t:44.71, r:25.00, omega:19.97, omega_m:25.00, u:325.69, theta1:26.992, theta2:17.481, e:-5.028
t:44.72, r:25.00, omega:20.91, omega_m:25.00, u:309.57, theta1:26.997, theta2:17.477, e:-4.094
t:44.73, r:25.00, omega:20.91, omega_m:25.00, u:309.78, theta1:27.003, theta2:17.472, e:-4.094
t:44.74, r:25.00, omega:22.27, omega_m:25.00, u:286.15, theta1:27.006, theta2:17.469, e:-2.732
t:44.75, r:25.00, omega:22.27, omega_m:25.00, u:286.31, theta1:27.009, theta2:17.466, e:-2.732
t:44.76, r:25.00, omega:21.94, omega_m:25.00, u:292.13, theta1:27.013, theta2:17.463, e:-3.056
t:44.77, r:25.00, omega:21.94, omega_m:25.00, u:292.30, theta1:27.017, theta2:17.460, e:-3.056
t:44.78, r:25.00, omega:21.94, omega_m:25.00, u:292.47, theta1:27.021, theta2:17.456, e:-3.056
t:44.79, r:25.00, omega:20.49, omega_m:25.00, u:318.00, theta1:27.026, theta2:17.452, e:-4.505
t:44.80, r:25.00, omega:20.49, omega_m:25.00, u:318.23, theta1:27.032, theta2:17.447, e:-4.505
t:44.81, r:25.00, omega:20.49, omega_m:25.00, u:318.47, theta1:27.038, theta2:17.442, e:-4.505
t:44.82, r:25.00, omega:19.52, omega_m:25.00, u:335.75, theta1:27.045, theta2:17.437, e:-5.480
t:44.83, r:25.00, omega:19.52, omega_m:25.00, u:336.03, theta1:27.051, theta2:17.432, e:-5.480
t:44.84, r:25.00, omega:22.86, omega_m:25.00, u:278.00, theta1:27.054, theta2:17.429, e:-2.144
t:44.85, r:25.00, omega:22.86, omega_m:25.00, u:278.12, theta1:27.057, theta2:17.427, e:-2.144
t:44.86, r:25.00, omega:22.41, omega_m:25.00, u:286.08, theta1:27.060, theta2:17.424, e:-2.592
t:44.87, r:25.00, omega:22.41, omega_m:25.00, u:286.22, theta1:27.063, theta2:17.421, e:-2.592
t:44.88, r:25.00, omega:22.41, omega_m:25.00, u:286.37, theta1:27.067, theta2:17.418, e:-2.592
t:44.89, r:25.00, omega:20.10, omega_m:25.00, u:326.79, theta1:27.073, theta2:17.413, e:-4.899
t:44.90, r:25.00, omega:20.10, omega_m:25.00, u:327.04, theta1:27.079, theta2:17.408, e:-4.899
t:44.91, r:25.00, omega:19.80, omega_m:25.00, u:332.50, theta1:27.085, theta2:17.403, e:-5.197
t:44.92, r:25.00, omega:19.80, omega_m:25.00, u:332.76, theta1:27.092, theta2:17.398, e:-5.197
t:44.93, r:25.00, omega:19.80, omega_m:25.00, u:333.02, theta1:27.098, theta2:17.393, e:-5.197
t:44.94, r:25.00, omega:23.44, omega_m:25.00, u:269.87, theta1:27.100, theta2:17.391, e:-1.560
t:44.95, r:25.00, omega:23.44, omega_m:25.00, u:269.96, theta1:27.102, theta2:17.389, e:-1.560
t:44.96, r:25.00, omega:23.12, omega_m:25.00, u:275.68, theta1:27.105, theta2:17.387, e:-1.883
t:44.97, r:25.00, omega:23.12, omega_m:25.00, u:275.79, theta1:27.107, theta2:17.385, e:-1.883
t:44.98, r:25.00, omega:23.12, omega_m:25.00, u:275.90, theta1:27.109, theta2:17.383, e:-1.883
t:44.99, r:25.00, omega:19.68, omega_m:25.00, u:335.98, theta1:27.116, theta2:17.377, e:-5.324
t:45.00, r:25.00, omega:19.68, omega_m:25.00, u:336.25, theta1:27.123, theta2:17.372, e:-5.324
t:45.01, r:0.00, omega:19.54, omega_m:9.20, u:0.00, theta1:27.123, theta2:17.382, e:10.345
t:45.02, r:0.00, omega:19.54, omega_m:3.38, u:0.00, theta1:27.123, theta2:17.398, e:16.158
t:45.03, r:0.00, omega:19.54, omega_m:1.24, u:0.00, theta1:27.123, theta2:17.416, e:18.297
t:45.04, r:0.00, omega:19.54, omega_m:0.46, u:0.00, theta1:27.123, theta2:17.434, e:19.084
t:45.05, r:0.00, omega:19.54, omega_m:0.17, u:0.00, theta1:27.123, theta2:17.453, e:19.373
t:45.06, r:0.00, omega:19.54, omega_m:0.06, u:0.00, theta1:27.123, theta2:17.472, e:19.480
t:45.07, r:0.00, omega:19.54, omega_m:0.02, u:0.00, theta1:27.123, theta2:17.492, e:19.519
t:45.08, r:0.00, omega:19.54, omega_m:0.01, u:0.00, theta1:27.123, theta2:17.511, e:19.533
t:45.09, r:0.00, omega:19.54, omega_m:0.00, u:0.00, theta1:27.123, theta2:17.530, e:19.539
t:45.10, r:0.00, omega:19.54, omega_m:0.00, u:0.00, theta1:27.123, theta2:17.549, e:19.541
t:45.11, r:0.00, omega:19.54, omega_m:0.00, u:0.00, theta1:27.123, theta2:17.568, e:19.541
t:45.12, r:0.00, omega:19.54, omega_m:0.00, u:0.00, theta1:27.123, theta2:17.587, e:19.541
t:45.13, r:0.00, omega:19.54, omega_m:0.00, u:0.00, theta1:27.123, theta2:17.606, e:19.542
t:45.14, r:0.00, omega:19.54, omega_m:0.00, u:0.00, theta1:27.123, theta2:17.625, e:19.542
t:45.15, r:0.00, omega:19.54, omega_m:0.00, u:0.00, theta1:27.123, theta2:17.644, e:19.542
t:45.16, r:0.00, omega:19.54, omega_m:0.00, u:0.00, theta1:27.123, theta2:17.663, e:19.542
t:45.17, r:0.00, omega:19.54, omega_m:0.00, u:0.00, theta1:27.123, theta2:17.682, e:19.542
t:45.18, r:0.00, omega:19.54, omega_m:0.00, u:0.00, theta1:27.123, theta2:17.702, e:19.542
t:45.19, r:0.00, omega:19.54, omega_m:0.00, u:0.00, theta1:27.123, theta2:17.721, e:19.542
t:45.20, r:0.00, omega:19.54, omega_m:0.00, u:0.00, theta1:27.123, theta2:17.740, e:19.542
t:45.21, r:0.00, omega:19.54, omega_m:0.00, u:0.00, theta1:27.123, theta2:17.759, e:19.542
t:45.22, r:0.00, omega:19.54, omega_m:0.00, u:0.00, theta1:27.123, theta2:17.778, e:19.542
t:45.23, r:0.00, omega:19.54, omega_m:0.00, u:0.00, theta1:27.123, theta2:17.797, e:19.542
t:45.24, r:0.00, omega:19.54, omega_m:0.00, u:0.00, theta1:27.123, theta2:17.816, e:19.542
t:45.25, r:0.00, omega:19.54, omega_m:0.00, u:0.00, theta1:27.123, theta2:17.835, e:19.542
t:45.26, r:0.00, omega:19.54, omega_m:0.00, u:0.00, theta1:27.123, theta2:17.854, e:19.542
t:45.27, r:0.00, omega:19.54, omega_m:0.00, u:0.00, theta1:27.123, theta2:17.873, e:19.542
t:45.28, r:0.00, omega:19.54, omega_m:0.00, u:0.00, theta1:27.123, theta2:17.892, e:19.542
t:45.29, r:0.00, omega:19.54, omega_m:0.00, u:0.00, theta1:27.123, theta2:17.912, e:19.542
t:45.30, r:0.00, omega:19.54, omega_m:0.00, u:0.00, theta1:27.123, theta2:17.931, e:19.542
t:45.31, r:0.00, omega:19.54, omega_m:0.00, u:0.00, theta1:27.123, theta2:17.950, e:19.542
t:45.32, r:0.00, omega:19.54, omega_m:0.00, u:0.00, theta1:27.123, theta2:17.969, e:19.542
t:45.33, r:0.00, omega:19.54, omega_m:0.00, u:0.00, theta1:27.123, theta2:17.988, e:19.542
t:45.34, r:0.00, omega:19.54, omega_m:0.00, u:0.00, theta1:27.123, theta2:18.007, e:19.542
t:45.35, r:0.00, omega:19.54, omega_m:0.00, u:0.00, theta1:27.123, theta2:18.026, e:19.542
t:45.36, r:0.00, omega:19.54, omega_m:0.00, u:0.00, theta1:27.123, theta2:18.045, e:19.542
t:45.37, r:0.00, omega:19.54, omega_m:0.00, u:0.00, theta1:27.123, theta2:18.064, e:19.542
t:45.38, r:0.00, omega:19.54, omega_m:0.00, u:0.00, theta1:27.123, theta2:18.083, e:19.542
t:45.39, r:0.00, omega:19.54, omega_m:0.00, u:0.00, theta1:27.123, theta2:18.102, e:19.542
t:45.40, r:0.00, omega:19.54, omega_m:0.00, u:0.00, theta1:27.123, theta2:18.122, e:19.542
t:45.41, r:0.00, omega:19.54, omega_m:0.00, u:0.00, theta1:27.123, theta2:18.141, e:19.542
t:45.42, r:0.00, omega:19.54, omega_m:0.00, u:0.00, theta1:27.123, theta2:18.160, e:19.542
t:45.43, r:0.00, omega:19.54, omega_m:0.00, u:0.00, theta1:27.123, theta2:18.179, e:19.542
t:45.44, r:0.00, omega:19.54, omega_m:0.00, u:0.00, theta1:27.123, theta2:18.198, e:19.542
t:45.45, r:0.00, omega:19.54, omega_m:0.00, u:0.00, theta1:27.123, theta2:18.217, e:19.542
t:45.46, r:0.00, omega:19.54, omega_m:0.00, u:0.00, theta1:27.123, theta2:18.236, e:19.542
t:45.47, r:0.00, omega:19.54, omega_m:0.00, u:0.00, theta1:27.123, theta2:18.255, e:19.542
t:45.48, r:0.00, omega:19.54, omega_m:0.00, u:0.00, theta1:27.123, theta2:18.274, e:19.542
t:45.49, r:0.00, omega:19.54, omega_m:0.00, u:0.00, theta1:27.123, theta2:18.293, e:19.542
t:45.50, r:0.00, omega:19.54, omega_m:0.00, u:0.00, theta1:27.123, theta2:18.313, e:19.542
t:45.51, r:0.00, omega:0.00, omega_m:0.00, u:0.00, theta1:27.123, theta2:18.313, e:-0.000
t:45.52, r:0.00, omega:0.00, omega_m:0.00, u:0.00, theta1:27.123, theta2:18.313, e:-0.000
t:45.53, r:0.00, omega:0.00, omega_m:0.00, u:0.00, theta1:27.123, theta2:18.313, e:-0.000
t:45.54, r:0.00, omega:0.00, omega_m:0.00, u:0.00, theta1:27.123, theta2:18.313, e:-0.000
t:45.55, r:0.00, omega:0.00, omega_m:0.00, u:0.00, theta1:27.123, theta2:18.313, e:-0.000
t:45.56, r:0.00, omega:0.00, omega_m:0.00, u:0.00, theta1:27.123, theta2:18.313, e:-0.000
t:45.57, r:0.00, omega:0.00, omega_m:0.00, u:0.00, theta1:27.123, theta2:18.313, e:-0.000
t:45.58, r:0.00, omega:0.00, omega_m:0.00, u:0.00, theta1:27.123, theta2:18.313, e:-0.000
t:45.59, r:0.00, omega:0.00, omega_m:0.00, u:0.00, theta1:27.123, theta2:18.313, e:-0.000
t:45.60, r:0.00, omega:0.00, omega_m:0.00, u:0.00, theta1:27.123, theta2:18.313, e:-0.000
t:45.61, r:0.00, omega:0.00, omega_m:0.00, u:0.00, theta1:27.123, theta2:18.313, e:-0.000
t:45.62, r:0.00, omega:0.00, omega_m:0.00, u:0.00, theta1:27.123, theta2:18.313, e:-0.000
t:45.63, r:0.00, omega:0.00, omega_m:0.00, u:0.00, theta1:27.123, theta2:18.313, e:-0.000
t:45.64, r:0.00, omega:0.00, omega_m:0.00, u:0.00, theta1:27.123, theta2:18.313, e:-0.000
t:45.65, r:0.00, omega:0.00, omega_m:0.00, u:0.00, theta1:27.123, theta2:18.313, e:-0.000
t:45.66, r:0.00, omega:0.00, omega_m:0.00, u:0.00, theta1:27.123, theta2:18.313, e:-0.000
t:45.67, r:0.00, omega:0.00, omega_m:0.00, u:0.00, theta1:27.123, theta2:18.313, e:-0.000
t:45.68, r:0.00, omega:0.00, omega_m:0.00, u:0.00, theta1:27.123, theta2:18.313, e:-0.000
t:45.69, r:0.00, omega:0.00, omega_m:0.00, u:0.00, theta1:27.123, theta2:18.313, e:-0.000
t:45.70, r:0.00, omega:0.00, omega_m:0.00, u:0.00, theta1:27.123, theta2:18.313, e:-0.000
t:45.71, r:0.00, omega:0.00, omega_m:0.00, u:0.00, theta1:27.123, theta2:18.313, e:-0.000
t:45.72, r:0.00, omega:0.00, omega_m:0.00, u:0.00, theta1:27.123, theta2:18.313, e:-0.000
t:45.73, r:0.00, omega:0.00, omega_m:0.00, u:0.00, theta1:27.123, theta2:18.313, e:-0.000
t:45.74, r:0.00, omega:0.00, omega_m:0.00, u:0.00, theta1:27.123, theta2:18.313, e:-0.000
t:45.75, r:0.00, omega:0.00, omega_m:0.00, u:0.00, theta1:27.123, theta2:18.313, e:-0.000
t:45.76, r:0.00, omega:0.00, omega_m:0.00, u:0.00, theta1:27.123, theta2:18.313, e:-0.000
t:45.77, r:0.00, omega:0.00, omega_m:0.00, u:0.00, theta1:27.123, theta2:18.313, e:-0.000
t:45.78, r:0.00, omega:0.00, omega_m:0.00, u:0.00, theta1:27.123, theta2:18.313, e:-0.000
t:45.79, r:0.00, omega:0.00, omega_m:0.00, u:0.00, theta1:27.123, theta2:18.313, e:-0.000
t:45.80, r:0.00, omega:0.00, omega_m:0.00, u:0.00, theta1:27.123, theta2:18.313, e:-0.000
t:45.81, r:0.00, omega:0.00, omega_m:0.00, u:0.00, theta1:27.123, theta2:18.313, e:-0.000
t:45.82, r:0.00, omega:0.00, omega_m:0.00, u:0.00, theta1:27.123, theta2:18.313, e:-0.000
t:45.83, r:0.00, omega:0.00, omega_m:0.00, u:0.00, theta1:27.123, theta2:18.313, e:-0.000
t:45.84, r:0.00, omega:0.00, omega_m:0.00, u:0.00, theta1:27.123, theta2:18.313, e:-0.000
t:45.85, r:0.00, omega:0.00, omega_m:0.00, u:0.00, theta1:27.123, theta2:18.313, e:-0.000
t:45.86, r:0.00, omega:0.00, omega_m:0.00, u:0.00, theta1:27.123, theta2:18.313, e:-0.000
t:45.87, r:0.00, omega:0.00, omega_m:0.00, u:0.00, theta1:27.123, theta2:18.313, e:-0.000
t:45.88, r:0.00, omega:0.00, omega_m:0.00, u:0.00, theta1:27.123, theta2:18.313, e:-0.000
t:45.89, r:0.00, omega:0.00, omega_m:0.00, u:0.00, theta1:27.123, theta2:18.313, e:-0.000
t:45.90, r:0.00, omega:0.00, omega_m:0.00, u:0.00, theta1:27.123, theta2:18.313, e:-0.000
t:45.91, r:0.00, omega:0.00, omega_m:0.00, u:0.00, theta1:27.123, theta2:18.313, e:-0.000
t:45.92, r:0.00, omega:0.00, omega_m:0.00, u:0.00, theta1:27.123, theta2:18.313, e:-0.000
t:45.93, r:0.00, omega:0.00, omega_m:0.00, u:0.00, theta1:27.123, theta2:18.313, e:-0.000
t:45.94, r:0.00, omega:0.00, omega_m:0.00, u:0.00, theta1:27.123, theta2:18.313, e:-0.000
t:45.95, r:0.00, omega:0.00, omega_m:0.00, u:0.00, theta1:27.123, theta2:18.313, e:-0.000
t:45.96, r:0.00, omega:0.00, omega_m:0.00, u:0.00, theta1:27.123, theta2:18.313, e:-0.000
t:45.97, r:0.00, omega:0.00, omega_m:0.00, u:0.00, theta1:27.123, theta2:18.313, e:-0.000
t:45.98, r:0.00, omega:0.00, omega_m:0.00, u:0.00, theta1:27.123, theta2:18.313, e:-0.000
t:45.99, r:0.00, omega:0.00, omega_m:0.00, u:0.00, theta1:27.123, theta2:18.313, e:-0.000
t:46.00, r:0.00, omega:0.00, omega_m:0.00, u:0.00, theta1:27.123, theta2:18.313, e:-0.000
t:46.01, r:-25.00, omega:0.00, omega_m:-15.80, u:-678.56, theta1:27.142, theta2:18.313, e:15.803
t:46.02, r:-25.00, omega:0.00, omega_m:-21.62, u:-679.23, theta1:27.169, theta2:18.313, e:21.617
t:46.03, r:-25.00, omega:-0.51, omega_m:-23.76, u:-670.57, theta1:27.198, theta2:18.312, e:23.243
t:46.04, r:-25.00, omega:-0.51, omega_m:-24.54, u:-671.32, theta1:27.228, theta2:18.311, e:24.029
t:46.05, r:-25.00, omega:-31.07, omega_m:-24.83, u:-111.34, theta1:27.221, theta2:18.321, e:-6.235
t:46.06, r:-25.00, omega:-40.25, omega_m:-24.94, u:58.60, theta1:27.201, theta2:18.352, e:-15.311
t:46.07, r:-25.00, omega:-40.25, omega_m:-24.98, u:60.32, theta1:27.182, theta2:18.383, e:-15.272
t:46.08, r:-25.00, omega:-40.25, omega_m:-24.99, u:62.03, theta1:27.163, theta2:18.413, e:-15.257
t:46.09, r:-25.00, omega:-40.25, omega_m:-25.00, u:63.74, theta1:27.144, theta2:18.444, e:-15.252
t:46.10, r:-25.00, omega:-40.25, omega_m:-25.00, u:65.46, theta1:27.125, theta2:18.475, e:-15.250
t:46.11, r:-25.00, omega:-40.25, omega_m:-25.00, u:67.17, theta1:27.106, theta2:18.505, e:-15.249
t:46.12, r:-25.00, omega:-40.25, omega_m:-25.00, u:68.88, theta1:27.087, theta2:18.536, e:-15.249
t:46.13, r:-25.00, omega:-40.25, omega_m:-25.00, u:70.59, theta1:27.068, theta2:18.567, e:-15.249
t:46.14, r:-25.00, omega:-40.25, omega_m:-25.00, u:72.30, theta1:27.049, theta2:18.597, e:-15.249
t:46.15, r:-25.00, omega:-40.25, omega_m:-25.00, u:74.01, theta1:27.030, theta2:18.628, e:-15.249
t:46.16, r:-25.00, omega:-40.25, omega_m:-25.00, u:75.73, theta1:27.011, theta2:18.659, e:-15.249
t:46.17, r:-25.00, omega:-40.25, omega_m:-25.00, u:77.44, theta1:26.992, theta2:18.689, e:-15.249
t:46.18, r:-25.00, omega:-40.25, omega_m:-25.00, u:79.15, theta1:26.973, theta2:18.720, e:-15.249
t:46.19, r:-25.00, omega:-40.25, omega_m:-25.00, u:80.86, theta1:26.954, theta2:18.751, e:-15.249
t:46.20, r:-25.00, omega:-40.25, omega_m:-25.00, u:82.57, theta1:26.935, theta2:18.782, e:-15.249
t:46.21, r:-25.00, omega:-40.25, omega_m:-25.00, u:84.28, theta1:26.916, theta2:18.812, e:-15.249
t:46.22, r:-25.00, omega:3.41, omega_m:-25.00, u:-700.00, theta1:26.951, theta2:18.817, e:28.407
t:46.23, r:-25.00, omega:3.41, omega_m:-25.00, u:-700.00, theta1:26.987, theta2:18.822, e:28.407
t:46.24, r:-25.00, omega:3.41, omega_m:-25.00, u:-700.00, theta1:27.022, theta2:18.827, e:28.407
t:46.25, r:-25.00, omega:-15.92, omega_m:-25.00, u:-376.16, theta1:27.033, theta2:18.819, e:9.076
t:46.26, r:-25.00, omega:-15.92, omega_m:-25.00, u:-376.56, theta1:27.045, theta2:18.812, e:9.076
t:46.27, r:-25.00, omega:-33.28, omega_m:-25.00, u:-49.28, theta1:27.034, theta2:18.826, e:-8.282
t:46.28, r:-25.00, omega:-30.19, omega_m:-25.00, u:-107.05, theta1:27.028, theta2:18.834, e:-5.193
t:46.29, r:-25.00, omega:-30.19, omega_m:-25.00, u:-106.66, theta1:27.021, theta2:18.842, e:-5.193
t:46.30, r:-25.00, omega:-30.19, omega_m:-25.00, u:-106.26, theta1:27.015, theta2:18.850, e:-5.193
t:46.31, r:-25.00, omega:-30.19, omega_m:-25.00, u:-105.86, theta1:27.008, theta2:18.857, e:-5.193
t:46.32, r:-25.00, omega:-16.03, omega_m:-25.00, u:-373.36, theta1:27.020, theta2:18.850, e:8.972
t:46.33, r:-25.00, omega:-16.03, omega_m:-25.00, u:-373.76, theta1:27.031, theta2:18.843, e:8.972
t:46.34, r:-25.00, omega:-16.03, omega_m:-25.00, u:-374.15, theta1:27.042, theta2:18.836, e:8.972
t:46.35, r:-25.00, omega:-16.03, omega_m:-25.00, u:-374.55, theta1:27.053, theta2:18.829, e:8.972
t:46.36, r:-25.00, omega:-13.30, omega_m:-25.00, u:-426.41, theta1:27.068, theta2:18.821, e:11.702
t:46.37, r:-25.00, omega:-13.30, omega_m:-25.00, u:-426.88, theta1:27.083, theta2:18.813, e:11.702
t:46.38, r:-25.00, omega:-23.94, omega_m:-25.00, u:-226.65, theta1:27.084, theta2:18.812, e:1.055
t:46.39, r:-25.00, omega:-23.94, omega_m:-25.00, u:-226.72, theta1:27.085, theta2:18.811, e:1.055
t:46.40, r:-25.00, omega:-26.80, omega_m:-25.00, u:-172.93, theta1:27.083, theta2:18.813, e:-1.798
t:46.41, r:-25.00, omega:-26.80, omega_m:-25.00, u:-172.81, theta1:27.081, theta2:18.815, e:-1.798
t:46.42, r:-25.00, omega:-19.69, omega_m:-25.00, u:-306.82, theta1:27.087, theta2:18.810, e:5.311
t:46.43, r:-25.00, omega:-19.69, omega_m:-25.00, u:-307.09, theta1:27.094, theta2:18.805, e:5.311
t:46.44, r:-25.00, omega:-19.69, omega_m:-25.00, u:-307.36, theta1:27.101, theta2:18.800, e:5.311
t:46.45, r:-25.00, omega:-17.30, omega_m:-25.00, u:-352.57, theta1:27.110, theta2:18.793, e:7.697
t:46.46, r:-25.00, omega:-17.30, omega_m:-25.00, u:-352.93, theta1:27.120, theta2:18.786, e:7.697
t:46.47, r:-25.00, omega:-17.30, omega_m:-25.00, u:-353.28, theta1:27.129, theta2:18.780, e:7.697
t:46.48, r:-25.00, omega:-21.27, omega_m:-25.00, u:-278.93, theta1:27.134, theta2:18.776, e:3.727
t:46.49, r:-25.00, omega:-21.27, omega_m:-25.00, u:-279.13, theta1:27.139, theta2:18.772, e:3.727
t:46.50, r:-25.00, omega:-22.75, omega_m:-25.00, u:-251.59, theta1:27.142, theta2:18.769, e:2.253
t:46.51, r:-25.00, omega:-22.75, omega_m:-25.00, u:-251.72, theta1:27.144, theta2:18.767, e:2.253
t:46.52, r:-25.00, omega:-22.71, omega_m:-25.00, u:-252.57, theta1:27.147, theta2:18.764, e:2.291
t:46.53, r:-25.00, omega:-22.71, omega_m:-25.00, u:-252.70, theta1:27.150, theta2:18.761, e:2.291
t:46.54, r:-25.00, omega:-22.71, omega_m:-25.00, u:-252.83, theta1:27.153, theta2:18.759, e:2.291
t:46.55, r:-25.00, omega:-17.96, omega_m:-25.00, u:-342.23, theta1:27.162, theta2:18.753, e:7.039
t:46.56, r:-25.00, omega:-17.96, omega_m:-25.00, u:-342.56, theta1:27.171, theta2:18.746, e:7.039
t:46.57, r:-25.00, omega:-17.96, omega_m:-25.00, u:-342.90, theta1:27.179, theta2:18.740, e:7.039
t:46.58, r:-25.00, omega:-19.95, omega_m:-25.00, u:-305.92, theta1:27.186, theta2:18.735, e:5.052
t:46.59, r:-25.00, omega:-19.95, omega_m:-25.00, u:-306.18, theta1:27.192, theta2:18.730, e:5.052
t:46.60, r:-25.00, omega:-22.30, omega_m:-25.00, u:-262.23, theta1:27.195, theta2:18.727, e:2.697
t:46.61, r:-25.00, omega:-22.30, omega_m:-25.00, u:-262.38, theta1:27.199, theta2:18.724, e:2.697
t:46.62, r:-25.00, omega:-22.30, omega_m:-25.00, u:-262.53, theta1:27.202, theta2:18.721, e:2.697
t:46.63, r:-25.00, omega:-21.51, omega_m:-25.00, u:-277.52, theta1:27.206, theta2:18.717, e:3.488
t:46.64, r:-25.00, omega:-21.51, omega_m:-25.00, u:-277.71, theta1:27.211, theta2:18.713, e:3.488
t:46.65, r:-25.00, omega:-21.51, omega_m:-25.00, u:-277.90, theta1:27.215, theta2:18.710, e:3.488
t:46.66, r:-25.00, omega:-18.61, omega_m:-25.00, u:-332.54, theta1:27.223, theta2:18.704, e:6.392
t:46.67, r:-25.00, omega:-18.61, omega_m:-25.00, u:-332.85, theta1:27.231, theta2:18.698, e:6.392
t:46.68, r:-25.00, omega:-20.39, omega_m:-25.00, u:-299.85, theta1:27.237, theta2:18.693, e:4.614
t:46.69, r:-25.00, omega:-20.39, omega_m:-25.00, u:-300.09, theta1:27.243, theta2:18.688, e:4.614
t:46.70, r:-25.00, omega:-20.39, omega_m:-25.00, u:-300.33, theta1:27.249, theta2:18.684, e:4.614
t:46.71, r:-25.00, omega:-22.70, omega_m:-25.00, u:-257.26, theta1:27.251, theta2:18.681, e:2.302
t:46.72, r:-25.00, omega:-22.70, omega_m:-25.00, u:-257.40, theta1:27.254, theta2:18.678, e:2.302
t:46.73, r:-25.00, omega:-21.50, omega_m:-25.00, u:-279.94, theta1:27.259, theta2:18.675, e:3.499
t:46.74, r:-25.00, omega:-21.50, omega_m:-25.00, u:-280.13, theta1:27.263, theta2:18.671, e:3.499
t:46.75, r:-25.00, omega:-21.50, omega_m:-25.00, u:-280.32, theta1:27.267, theta2:18.667, e:3.499
t:46.76, r:-25.00, omega:-18.70, omega_m:-25.00, u:-332.94, theta1:27.275, theta2:18.661, e:6.301
t:46.77, r:-25.00, omega:-18.70, omega_m:-25.00, u:-333.25, theta1:27.283, theta2:18.655, e:6.301
t:46.78, r:-25.00, omega:-20.28, omega_m:-25.00, u:-303.97, theta1:27.289, theta2:18.650, e:4.719
t:46.79, r:-25.00, omega:-20.28, omega_m:-25.00, u:-304.22, theta1:27.295, theta2:18.646, e:4.719
t:46.80, r:-25.00, omega:-20.28, omega_m:-25.00, u:-304.46, theta1:27.301, theta2:18.641, e:4.719
t:46.81, r:-25.00, omega:-21.69, omega_m:-25.00, u:-278.38, theta1:27.305, theta2:18.637, e:3.310
t:46.82, r:-25.00, omega:-21.69, omega_m:-25.00, u:-278.56, theta1:27.309, theta2:18.634, e:3.310
t:46.83, r:-25.00, omega:-21.70, omega_m:-25.00, u:-278.56, theta1:27.313, theta2:18.630, e:3.300
t:46.84, r:-25.00, omega:-21.70, omega_m:-25.00, u:-278.74, theta1:27.317, theta2:18.627, e:3.300
t:46.85, r:-25.00, omega:-21.70, omega_m:-25.00, u:-278.92, theta1:27.321, theta2:18.623, e:3.300
t:46.86, r:-25.00, omega:-21.41, omega_m:-25.00, u:-284.55, theta1:27.326, theta2:18.619, e:3.592
t:46.87, r:-25.00, omega:-21.41, omega_m:-25.00, u:-284.74, theta1:27.330, theta2:18.615, e:3.592
t:46.88, r:-25.00, omega:-19.96, omega_m:-25.00, u:-312.02, theta1:27.337, theta2:18.610, e:5.043
t:46.89, r:-25.00, omega:-19.96, omega_m:-25.00, u:-312.28, theta1:27.343, theta2:18.605, e:5.043
t:46.90, r:-25.00, omega:-19.96, omega_m:-25.00, u:-312.54, theta1:27.349, theta2:18.600, e:5.043
t:46.91, r:-25.00, omega:-19.67, omega_m:-25.00, u:-318.18, theta1:27.356, theta2:18.595, e:5.332
t:46.92, r:-25.00, omega:-19.67, omega_m:-25.00, u:-318.45, theta1:27.363, theta2:18.590, e:5.332
t:46.93, r:-25.00, omega:-22.32, omega_m:-25.00, u:-269.35, theta1:27.366, theta2:18.587, e:2.683
t:46.94, r:-25.00, omega:-22.32, omega_m:-25.00, u:-269.50, theta1:27.369, theta2:18.584, e:2.683
t:46.95, r:-25.00, omega:-22.32, omega_m:-25.00, u:-269.66, theta1:27.373, theta2:18.581, e:2.683
t:46.96, r:-25.00, omega:-21.94, omega_m:-25.00, u:-276.83, theta1:27.377, theta2:18.577, e:3.060
t:46.97, r:-25.00, omega:-21.94, omega_m:-25.00, u:-277.00, theta1:27.380, theta2:18.574, e:3.060
t:46.98, r:-25.00, omega:-18.99, omega_m:-25.00, u:-332.06, theta1:27.388, theta2:18.568, e:6.008
t:46.99, r:-25.00, omega:-18.99, omega_m:-25.00, u:-332.35, theta1:27.395, theta2:18.563, e:6.008
t:47.00, r:-25.00, omega:-18.99, omega_m:-25.00, u:-332.65, theta1:27.403, theta2:18.557, e:6.008
t:47.01, r:0.00, omega:-21.17, omega_m:-9.20, u:0.00, theta1:27.403, theta2:18.570, e:-11.976
t:47.02, r:0.00, omega:-21.17, omega_m:-3.38, u:0.00, theta1:27.403, theta2:18.588, e:-17.790
t:47.03, r:0.00, omega:-21.17, omega_m:-1.24, u:0.00, theta1:27.403, theta2:18.609, e:-19.929
t:47.04, r:0.00, omega:-17.39, omega_m:-0.46, u:0.00, theta1:27.403, theta2:18.624, e:-16.928
t:47.05, r:0.00, omega:-17.39, omega_m:-0.17, u:0.00, theta1:27.403, theta2:18.639, e:-17.218
t:47.06, r:0.00, omega:-17.39, omega_m:-0.06, u:0.00, theta1:27.403, theta2:18.654, e:-17.324
t:47.07, r:0.00, omega:-17.39, omega_m:-0.02, u:0.00, theta1:27.403, theta2:18.669, e:-17.363
t:47.08, r:0.00, omega:-17.39, omega_m:-0.01, u:0.00, theta1:27.403, theta2:18.684, e:-17.378
t:47.09, r:0.00, omega:-17.39, omega_m:-0.00, u:0.00, theta1:27.403, theta2:18.700, e:-17.383
t:47.10, r:0.00, omega:-17.39, omega_m:-0.00, u:0.00, theta1:27.403, theta2:18.715, e:-17.385
t:47.11, r:0.00, omega:-17.39, omega_m:-0.00, u:0.00, theta1:27.403, theta2:18.730, e:-17.386
t:47.12, r:0.00, omega:-17.39, omega_m:-0.00, u:0.00, theta1:27.403, theta2:18.745, e:-17.386
t:47.13, r:0.00, omega:-17.39, omega_m:-0.00, u:0.00, theta1:27.403, theta2:18.760, e:-17.386
t:47.14, r:0.00, omega:-17.39, omega_m:-0.00, u:0.00, theta1:27.403, theta2:18.775, e:-17.386
t:47.15, r:0.00, omega:-17.39, omega_m:-0.00, u:0.00, theta1:27.403, theta2:18.790, e:-17.386
t:47.16, r:0.00, omega:-17.39, omega_m:-0.00, u:0.00, theta1:27.403, theta2:18.805, e:-17.386
t:47.17, r:0.00, omega:-17.39, omega_m:-0.00, u:0.00, theta1:27.403, theta2:18.820, e:-17.386
t:47.18, r:0.00, omega:-17.39, omega_m:-0.00, u:0.00, theta1:27.403, theta2:18.836, e:-17.386
t:47.19, r:0.00, omega:-17.39, omega_m:-0.00, u:0.00, theta1:27.403, theta2:18.851, e:-17.386
t:47.20, r:0.00, omega:-17.39, omega_m:-0.00, u:0.00, theta1:27.403, theta2:18.866, e:-17.386
t:47.21, r:0.00, omega:-17.39, omega_m:-0.00, u:0.00, theta1:27.403, theta2:18.881, e:-17.386
t:47.22, r:0.00, omega:-17.39, omega_m:-0.00, u:0.00, theta1:27.403, theta2:18.896, e:-17.386
t:47.23, r:0.00, omega:-17.39, omega_m:-0.00, u:0.00, theta1:27.403, theta2:18.911, e:-17.386
t:47.24, r:0.00, omega:-17.39, omega_m:-0.00, u:0.00, theta1:27.403, theta2:18.926, e:-17.386
t:47.25, r:0.00, omega:-17.39, omega_m:-0.00, u:0.00, theta1:27.403, theta2:18.941, e:-17.386
t:47.26, r:0.00, omega:-17.39, omega_m:-0.00, u:0.00, theta1:27.403, theta2:18.956, e:-17.386
t:47.27, r:0.00, omega:-17.39, omega_m:-0.00, u:0.00, theta1:27.403, theta2:18.972, e:-17.386
t:47.28, r:0.00, omega:-17.39, omega_m:-0.00, u:0.00, theta1:27.403, theta2:18.987, e:-17.386
t:47.29, r:0.00, omega:-17.39, omega_m:-0.00, u:0.00, theta1:27.403, theta2:19.002, e:-17.386
t:47.30, r:0.00, omega:-17.39, omega_m:-0.00, u:0.00, theta1:27.403, theta2:19.017, e:-17.386
t:47.31, r:0.00, omega:-17.39, omega_m:-0.00, u:0.00, theta1:27.403, theta2:19.032, e:-17.386
t:47.32, r:0.00, omega:-17.39, omega_m:-0.00, u:0.00, theta1:27.403, theta2:19.047, e:-17.386
t:47.33, r:0.00, omega:-17.39, omega_m:-0.00, u:0.00, theta1:27.403, theta2:19.062, e:-17.386
t:47.34, r:0.00, omega:-17.39, omega_m:-0.00, u:0.00, theta1:27.403, theta2:19.077, e:-17.386
t:47.35, r:0.00, omega:-17.39, omega_m:-0.00, u:0.00, theta1:27.403, theta2:19.093, e:-17.386
t:47.36, r:0.00, omega:-17.39, omega_m:-0.00, u:0.00, theta1:27.403, theta2:19.108, e:-17.386
t:47.37, r:0.00, omega:-17.39, omega_m:-0.00, u:0.00, theta1:27.403, theta2:19.123, e:-17.386
t:47.38, r:0.00, omega:-17.39, omega_m:-0.00, u:0.00, theta1:27.403, theta2:19.138, e:-17.386
t:47.39, r:0.00, omega:-17.39, omega_m:-0.00, u:0.00, theta1:27.403, theta2:19.153, e:-17.386
t:47.40, r:0.00, omega:-17.39, omega_m:-0.00, u:0.00, theta1:27.403, theta2:19.168, e:-17.386
t:47.41, r:0.00, omega:-17.39, omega_m:-0.00, u:0.00, theta1:27.403, theta2:19.183, e:-17.386
t:47.42, r:0.00, omega:-17.39, omega_m:-0.00, u:0.00, theta1:27.403, theta2:19.198, e:-17.386
t:47.43, r:0.00, omega:-17.39, omega_m:-0.00, u:0.00, theta1:27.403, theta2:19.213, e:-17.386
t:47.44, r:0.00, omega:-17.39, omega_m:-0.00, u:0.00, theta1:27.403, theta2:19.229, e:-17.386
t:47.45, r:0.00, omega:-17.39, omega_m:-0.00, u:0.00, theta1:27.403, theta2:19.244, e:-17.386
t:47.46, r:0.00, omega:-17.39, omega_m:-0.00, u:0.00, theta1:27.403, theta2:19.259, e:-17.386
t:47.47, r:0.00, omega:-17.39, omega_m:-0.00, u:0.00, theta1:27.403, theta2:19.274, e:-17.386
t:47.48, r:0.00, omega:-17.39, omega_m:-0.00, u:0.00, theta1:27.403, theta2:19.289, e:-17.386
t:47.49, r:0.00, omega:-17.39, omega_m:-0.00, u:0.00, theta1:27.403, theta2:19.304, e:-17.386
t:47.50, r:0.00, omega:-17.39, omega_m:-0.00, u:0.00, theta1:27.403, theta2:19.319, e:-17.386
t:47.51, r:0.00, omega:-17.39, omega_m:-0.00, u:0.00, theta1:27.403, theta2:19.334, e:-17.386
t:47.52, r:0.00, omega:-17.39, omega_m:-0.00, u:0.00, theta1:27.403, theta2:19.349, e:-17.386
t:47.53, r:0.00, omega:-17.39, omega_m:-0.00, u:0.00, theta1:27.403, theta2:19.365, e:-17.386
t:47.54, r:0.00, omega:0.00, omega_m:-0.00, u:0.00, theta1:27.403, theta2:19.365, e:0.000
t:47.55, r:0.00, omega:0.00, omega_m:-0.00, u:0.00, theta1:27.403, theta2:19.365, e:0.000
t:47.56, r:0.00, omega:0.00, omega_m:-0.00, u:0.00, theta1:27.403, theta2:19.365, e:0.000
t:47.57, r:0.00, omega:0.00, omega_m:-0.00, u:0.00, theta1:27.403, theta2:19.365, e:0.000
t:47.58, r:0.00, omega:0.00, omega_m:-0.00, u:0.00, theta1:27.403, theta2:19.365, e:0.000
t:47.59, r:0.00, omega:0.00, omega_m:-0.00, u:0.00, theta1:27.403, theta2:19.365, e:0.000
t:47.60, r:0.00, omega:0.00, omega_m:-0.00, u:0.00, theta1:27.403, theta2:19.365, e:0.000
t:47.61, r:0.00, omega:0.00, omega_m:-0.00, u:0.00, theta1:27.403, theta2:19.365, e:0.000
t:47.62, r:0.00, omega:0.00, omega_m:-0.00, u:0.00, theta1:27.403, theta2:19.365, e:0.000
t:47.63, r:0.00, omega:0.00, omega_m:-0.00, u:0.00, theta1:27.403, theta2:19.365, e:0.000
t:47.64, r:0.00, omega:0.00, omega_m:-0.00, u:0.00, theta1:27.403, theta2:19.365, e:0.000
t:47.65, r:0.00, omega:0.00, omega_m:-0.00, u:0.00, theta1:27.403, theta2:19.365, e:0.000
t:47.66, r:0.00, omega:0.00, omega_m:-0.00, u:0.00, theta1:27.403, theta2:19.365, e:0.000
t:47.67, r:0.00, omega:0.00, omega_m:-0.00, u:0.00, theta1:27.403, theta2:19.365, e:0.000
t:47.68, r:0.00, omega:0.00, omega_m:-0.00, u:0.00, theta1:27.403, theta2:19.365, e:0.000
t:47.69, r:0.00, omega:0.00, omega_m:-0.00, u:0.00, theta1:27.403, theta2:19.365, e:0.000
t:47.70, r:0.00, omega:0.00, omega_m:-0.00, u:0.00, theta1:27.403, theta2:19.365, e:0.000
t:47.71, r:0.00, omega:0.00, omega_m:-0.00, u:0.00, theta1:27.403, theta2:19.365, e:0.000
t:47.72, r:0.00, omega:0.00, omega_m:-0.00, u:0.00, theta1:27.403, theta2:19.365, e:0.000
t:47.73, r:0.00, omega:0.00, omega_m:-0.00, u:0.00, theta1:27.403, theta2:19.365, e:0.000
t:47.74, r:0.00, omega:0.00, omega_m:-0.00, u:0.00, theta1:27.403, theta2:19.365, e:0.000
t:47.75, r:0.00, omega:0.00, omega_m:-0.00, u:0.00, theta1:27.403, theta2:19.365, e:0.000
t:47.76, r:0.00, omega:0.00, omega_m:-0.00, u:0.00, theta1:27.403, theta2:19.365, e:0.000
t:47.77, r:0.00, omega:0.00, omega_m:-0.00, u:0.00, theta1:27.403, theta2:19.365, e:0.000
t:47.78, r:0.00, omega:0.00, omega_m:-0.00, u:0.00, theta1:27.403, theta2:19.365, e:0.000
t:47.79, r:0.00, omega:0.00, omega_m:-0.00, u:0.00, theta1:27.403, theta2:19.365, e:0.000
t:47.80, r:0.00, omega:0.00, omega_m:-0.00, u:0.00, theta1:27.403, theta2:19.365, e:0.000
t:47.81, r:0.00, omega:0.00, omega_m:-0.00, u:0.00, theta1:27.403, theta2:19.365, e:0.000
t:47.82, r:0.00, omega:0.00, omega_m:-0.00, u:0.00, theta1:27.403, theta2:19.365, e:0.000
t:47.83, r:0.00, omega:0.00, omega_m:-0.00, u:0.00, theta1:27.403, theta2:19.365, e:0.000
t:47.84, r:0.00, omega:0.00, omega_m:-0.00, u:0.00, theta1:27.403, theta2:19.365, e:0.000
t:47.85, r:0.00, omega:0.00, omega_m:-0.00, u:0.00, theta1:27.403, theta2:19.365, e:0.000
t:47.86, r:0.00, omega:0.00, omega_m:-0.00, u:0.00, theta1:27.403, theta2:19.365, e:0.000
t:47.87, r:0.00, omega:0.00, omega_m:-0.00, u:0.00, theta1:27.403, theta2:19.365, e:0.000
t:47.88, r:0.00, omega:0.00, omega_m:-0.00, u:0.00, theta1:27.403, theta2:19.365, e:0.000
t:47.89, r:0.00, omega:0.00, omega_m:-0.00, u:0.00, theta1:27.403, theta2:19.365, e:0.000
t:47.90, r:0.00, omega:0.00, omega_m:-0.00, u:0.00, theta1:27.403, theta2:19.365, e:0.000
t:47.91, r:0.00, omega:0.00, omega_m:-0.00, u:0.00, theta1:27.403, theta2:19.365, e:0.000
t:47.92, r:0.00, omega:0.00, omega_m:-0.00, u:0.00, theta1:27.403, theta2:19.365, e:0.000
t:47.93, r:0.00, omega:0.00, omega_m:-0.00, u:0.00, theta1:27.403, theta2:19.365, e:0.000
t:47.94, r:0.00, omega:0.00, omega_m:-0.00, u:0.00, theta1:27.403, theta2:19.365, e:0.000
t:47.95, r:0.00, omega:0.00, omega_m:-0.00, u:0.00, theta1:27.403, theta2:19.365, e:0.000
t:47.96, r:0.00, omega:0.00, omega_m:-0.00, u:0.00, theta1:27.403, theta2:19.365, e:0.000
t:47.97, r:0.00, omega:0.00, omega_m:-0.00, u:0.00, theta1:27.403, theta2:19.365, e:0.000
t:47.98, r:0.00, omega:0.00, omega_m:-0.00, u:0.00, theta1:27.403, theta2:19.365, e:0.000
t:47.99, r:0.00, omega:0.00, omega_m:-0.00, u:0.00, theta1:27.403, theta2:19.365, e:0.000
t:48.00, r:0.00, omega:0.00, omega_m:-0.00, u:0.00, theta1:27.403, theta2:19.365, e:0.000
t:48.01, r:25.00, omega:0.00, omega_m:15.80, u:685.57, theta1:27.423, theta2:19.365, e:-15.803
t:48.02, r:25.00, omega:0.00, omega_m:21.62, u:686.24, theta1:27.450, theta2:19.365, e:-21.617
t:48.03, r:25.00, omega:0.00, omega_m:23.76, u:686.99, theta1:27.479, theta2:19.365, e:-23.755
t:48.04, r:25.00, omega:0.52, omega_m:24.54, u:677.61, theta1:27.509, theta2:19.364, e:-24.019
t:48.05, r:25.00, omega:0.52, omega_m:24.83, u:678.37, theta1:27.540, theta2:19.363, e:-24.309
t:48.06, r:25.00, omega:35.02, omega_m:24.94, u:9.44, theta1:27.527, theta2:19.381, e:10.083
t:48.07, r:25.00, omega:41.41, omega_m:24.98, u:-116.26, theta1:27.507, theta2:19.415, e:16.430
t:48.08, r:25.00, omega:41.41, omega_m:24.99, u:-118.18, theta1:27.486, theta2:19.449, e:16.416
t:48.09, r:25.00, omega:28.97, omega_m:25.00, u:123.37, theta1:27.481, theta2:19.455, e:3.976
t:48.10, r:25.00, omega:28.97, omega_m:25.00, u:123.08, theta1:27.476, theta2:19.460, e:3.974
t:48.11, r:25.00, omega:28.97, omega_m:25.00, u:122.79, theta1:27.471, theta2:19.466, e:3.973
t:48.12, r:25.00, omega:28.97, omega_m:25.00, u:122.50, theta1:27.466, theta2:19.472, e:3.973
t:48.13, r:25.00, omega:28.97, omega_m:25.00, u:122.21, theta1:27.461, theta2:19.478, e:3.973
t:48.14, r:25.00, omega:28.97, omega_m:25.00, u:121.92, theta1:27.456, theta2:19.483, e:3.973
t:48.15, r:25.00, omega:7.75, omega_m:25.00, u:536.09, theta1:27.478, theta2:19.477, e:-17.255
t:48.16, r:25.00, omega:7.75, omega_m:25.00, u:536.68, theta1:27.499, theta2:19.470, e:-17.255
t:48.17, r:25.00, omega:7.75, omega_m:25.00, u:537.27, theta1:27.521, theta2:19.463, e:-17.255
t:48.18, r:25.00, omega:17.65, omega_m:25.00, u:344.93, theta1:27.530, theta2:19.457, e:-7.354
t:48.19, r:25.00, omega:17.65, omega_m:25.00, u:345.27, theta1:27.539, theta2:19.450, e:-7.354
t:48.20, r:25.00, omega:29.22, omega_m:25.00, u:119.92, theta1:27.534, theta2:19.457, e:4.215
t:48.21, r:25.00, omega:29.22, omega_m:25.00, u:119.61, theta1:27.529, theta2:19.463, e:4.215
t:48.22, r:25.00, omega:22.51, omega_m:25.00, u:250.22, theta1:27.532, theta2:19.460, e:-2.488
t:48.23, r:25.00, omega:22.51, omega_m:25.00, u:250.36, theta1:27.535, theta2:19.457, e:-2.488
t:48.24, r:25.00, omega:22.51, omega_m:25.00, u:250.51, theta1:27.538, theta2:19.454, e:-2.488
t:48.25, r:25.00, omega:22.51, omega_m:25.00, u:250.65, theta1:27.541, theta2:19.452, e:-2.488
t:48.26, r:25.00, omega:15.57, omega_m:25.00, u:386.03, theta1:27.553, theta2:19.444, e:-9.427
t:48.27, r:25.00, omega:15.57, omega_m:25.00, u:386.44, theta1:27.565, theta2:19.437, e:-9.427
t:48.28, r:25.00, omega:15.57, omega_m:25.00, u:386.85, theta1:27.577, theta2:19.430, e:-9.427
t:48.29, r:25.00, omega:18.58, omega_m:25.00, u:328.69, theta1:27.585, theta2:19.424, e:-6.418
t:48.30, r:25.00, omega:18.58, omega_m:25.00, u:329.00, theta1:27.593, theta2:19.418, e:-6.418
t:48.31, r:25.00, omega:23.89, omega_m:25.00, u:225.93, theta1:27.594, theta2:19.416, e:-1.107
t:48.32, r:25.00, omega:23.89, omega_m:25.00, u:226.00, theta1:27.596, theta2:19.415, e:-1.107
t:48.33, r:25.00, omega:23.35, omega_m:25.00, u:236.56, theta1:27.598, theta2:19.413, e:-1.646
t:48.34, r:25.00, omega:23.35, omega_m:25.00, u:236.66, theta1:27.600, theta2:19.411, e:-1.646
t:48.35, r:25.00, omega:23.35, omega_m:25.00, u:236.76, theta1:27.602, theta2:19.409, e:-1.646
t:48.36, r:25.00, omega:17.57, omega_m:25.00, u:349.28, theta1:27.611, theta2:19.403, e:-7.425
t:48.37, r:25.00, omega:17.57, omega_m:25.00, u:349.63, theta1:27.620, theta2:19.396, e:-7.425
t:48.38, r:25.00, omega:17.57, omega_m:25.00, u:349.97, theta1:27.630, theta2:19.390, e:-7.425
t:48.39, r:25.00, omega:18.22, omega_m:25.00, u:337.71, theta1:27.638, theta2:19.383, e:-6.776
t:48.40, r:25.00, omega:18.22, omega_m:25.00, u:338.04, theta1:27.646, theta2:19.377, e:-6.776
t:48.41, r:25.00, omega:22.49, omega_m:25.00, u:255.52, theta1:27.650, theta2:19.374, e:-2.511
t:48.42, r:25.00, omega:22.49, omega_m:25.00, u:255.66, theta1:27.653, theta2:19.372, e:-2.511
t:48.43, r:25.00, omega:22.49, omega_m:25.00, u:255.80, theta1:27.656, theta2:19.369, e:-2.511
t:48.44, r:25.00, omega:22.32, omega_m:25.00, u:259.19, theta1:27.659, theta2:19.366, e:-2.677
t:48.45, r:25.00, omega:22.32, omega_m:25.00, u:259.34, theta1:27.663, theta2:19.363, e:-2.677
t:48.46, r:25.00, omega:18.54, omega_m:25.00, u:332.88, theta1:27.671, theta2:19.357, e:-6.460
t:48.47, r:25.00, omega:18.54, omega_m:25.00, u:333.20, theta1:27.679, theta2:19.351, e:-6.460
t:48.48, r:25.00, omega:18.54, omega_m:25.00, u:333.51, theta1:27.687, theta2:19.345, e:-6.460
t:48.49, r:25.00, omega:20.19, omega_m:25.00, u:301.76, theta1:27.693, theta2:19.340, e:-4.806
t:48.50, r:25.00, omega:20.19, omega_m:25.00, u:302.01, theta1:27.699, theta2:19.335, e:-4.806
t:48.51, r:25.00, omega:21.86, omega_m:25.00, u:270.01, theta1:27.703, theta2:19.332, e:-3.141
t:48.52, r:25.00, omega:21.86, omega_m:25.00, u:270.18, theta1:27.707, theta2:19.328, e:-3.141
t:48.53, r:25.00, omega:21.86, omega_m:25.00, u:270.35, theta1:27.711, theta2:19.325, e:-3.141
t:48.54, r:25.00, omega:19.78, omega_m:25.00, u:310.70, theta1:27.717, theta2:19.320, e:-5.215
t:48.55, r:25.00, omega:19.78, omega_m:25.00, u:310.96, theta1:27.724, theta2:19.315, e:-5.215
t:48.56, r:25.00, omega:19.78, omega_m:25.00, u:311.23, theta1:27.730, theta2:19.309, e:-5.215
t:48.57, r:25.00, omega:20.32, omega_m:25.00, u:301.10, theta1:27.736, theta2:19.305, e:-4.679
t:48.58, r:25.00, omega:20.32, omega_m:25.00, u:301.35, theta1:27.742, theta2:19.300, e:-4.679
t:48.59, r:25.00, omega:21.13, omega_m:25.00, u:285.92, theta1:27.747, theta2:19.296, e:-3.868
t:48.60, r:25.00, omega:21.13, omega_m:25.00, u:286.12, theta1:27.752, theta2:19.292, e:-3.868
t:48.61, r:25.00, omega:21.13, omega_m:25.00, u:286.33, theta1:27.756, theta2:19.288, e:-3.868
t:48.62, r:25.00, omega:20.72, omega_m:25.00, u:294.49, theta1:27.762, theta2:19.283, e:-4.280
t:48.63, r:25.00, omega:20.72, omega_m:25.00, u:294.72, theta1:27.767, theta2:19.279, e:-4.280
t:48.64, r:25.00, omega:20.44, omega_m:25.00, u:300.38, theta1:27.773, theta2:19.274, e:-4.561
t:48.65, r:25.00, omega:20.44, omega_m:25.00, u:300.62, theta1:27.778, theta2:19.269, e:-4.561
t:48.66, r:25.00, omega:20.44, omega_m:25.00, u:300.86, theta1:27.784, theta2:19.265, e:-4.561
t:48.67, r:25.00, omega:20.31, omega_m:25.00, u:303.57, theta1:27.790, theta2:19.260, e:-4.690
t:48.68, r:25.00, omega:20.31, omega_m:25.00, u:303.82, theta1:27.796, theta2:19.255, e:-4.690
t:48.69, r:25.00, omega:20.20, omega_m:25.00, u:306.25, theta1:27.802, theta2:19.250, e:-4.803
t:48.70, r:25.00, omega:20.20, omega_m:25.00, u:306.50, theta1:27.808, theta2:19.246, e:-4.803
t:48.71, r:25.00, omega:20.20, omega_m:25.00, u:306.75, theta1:27.814, theta2:19.241, e:-4.803
t:48.72, r:25.00, omega:21.32, omega_m:25.00, u:285.40, theta1:27.819, theta2:19.237, e:-3.683
t:48.73, r:25.00, omega:21.32, omega_m:25.00, u:285.60, theta1:27.823, theta2:19.233, e:-3.683
t:48.74, r:25.00, omega:21.62, omega_m:25.00, u:280.03, theta1:27.827, theta2:19.229, e:-3.384
t:48.75, r:25.00, omega:21.62, omega_m:25.00, u:280.21, theta1:27.832, theta2:19.226, e:-3.384
t:48.76, r:25.00, omega:21.62, omega_m:25.00, u:280.40, theta1:27.836, theta2:19.222, e:-3.384
t:48.77, r:25.00, omega:19.83, omega_m:25.00, u:314.90, theta1:27.842, theta2:19.217, e:-5.165
t:48.78, r:25.00, omega:19.83, omega_m:25.00, u:315.16, theta1:27.849, theta2:19.212, e:-5.165
t:48.79, r:25.00, omega:19.83, omega_m:25.00, u:315.42, theta1:27.855, theta2:19.207, e:-5.165
t:48.80, r:25.00, omega:19.30, omega_m:25.00, u:325.97, theta1:27.862, theta2:19.201, e:-5.700
t:48.81, r:25.00, omega:19.30, omega_m:25.00, u:326.26, theta1:27.869, theta2:19.196, e:-5.700
t:48.82, r:25.00, omega:22.40, omega_m:25.00, u:266.89, theta1:27.873, theta2:19.193, e:-2.599
t:48.83, r:25.00, omega:22.40, omega_m:25.00, u:267.03, theta1:27.876, theta2:19.190, e:-2.599
t:48.84, r:25.00, omega:21.95, omega_m:25.00, u:275.85, theta1:27.880, theta2:19.186, e:-3.050
t:48.85, r:25.00, omega:21.95, omega_m:25.00, u:276.02, theta1:27.884, theta2:19.183, e:-3.050
t:48.86, r:25.00, omega:21.95, omega_m:25.00, u:276.19, theta1:27.887, theta2:19.180, e:-3.050
t:48.87, r:25.00, omega:19.23, omega_m:25.00, u:328.64, theta1:27.895, theta2:19.174, e:-5.770
t:48.88, r:25.00, omega:19.23, omega_m:25.00, u:328.93, theta1:27.902, theta2:19.169, e:-5.770
t:48.89, r:25.00, omega:19.23, omega_m:25.00, u:329.22, theta1:27.909, theta2:19.163, e:-5.770
t:48.90, r:25.00, omega:19.80, omega_m:25.00, u:318.66, theta1:27.915, theta2:19.158, e:-5.205
t:48.91, r:25.00, omega:19.80, omega_m:25.00, u:318.92, theta1:27.922, theta2:19.153, e:-5.205
t:48.92, r:25.00, omega:22.33, omega_m:25.00, u:270.42, theta1:27.925, theta2:19.150, e:-2.665
t:48.93, r:25.00, omega:22.33, omega_m:25.00, u:270.57, theta1:27.929, theta2:19.147, e:-2.665
t:48.94, r:25.00, omega:21.97, omega_m:25.00, u:277.79, theta1:27.932, theta2:19.143, e:-3.033
t:48.95, r:25.00, omega:21.97, omega_m:25.00, u:277.96, theta1:27.936, theta2:19.140, e:-3.033
t:48.96, r:25.00, omega:21.97, omega_m:25.00, u:278.13, theta1:27.940, theta2:19.137, e:-3.033
t:48.97, r:25.00, omega:19.64, omega_m:25.00, u:322.94, theta1:27.947, theta2:19.131, e:-5.361
t:48.98, r:25.00, omega:19.64, omega_m:25.00, u:323.21, theta1:27.953, theta2:19.126, e:-5.361
t:48.99, r:25.00, omega:19.64, omega_m:25.00, u:323.48, theta1:27.960, theta2:19.121, e:-5.361
t:49.00, r:25.00, omega:19.46, omega_m:25.00, u:327.25, theta1:27.967, theta2:19.116, e:-5.543
t:49.01, r:0.00, omega:19.46, omega_m:9.20, u:0.00, theta1:27.967, theta2:19.126, e:10.260
t:49.02, r:0.00, omega:21.55, omega_m:3.38, u:0.00, theta1:27.967, theta2:19.145, e:18.165
t:49.03, r:0.00, omega:21.55, omega_m:1.24, u:0.00, theta1:27.967, theta2:19.167, e:20.303
t:49.04, r:0.00, omega:21.55, omega_m:0.46, u:0.00, theta1:27.967, theta2:19.190, e:21.090
t:49.05, r:0.00, omega:21.55, omega_m:0.17, u:0.00, theta1:27.967, theta2:19.213, e:21.380
t:49.06, r:0.00, omega:21.55, omega_m:0.06, u:0.00, theta1:27.967, theta2:19.236, e:21.486
t:49.07, r:0.00, omega:21.55, omega_m:0.02, u:0.00, theta1:27.967, theta2:19.259, e:21.525
t:49.08, r:0.00, omega:21.55, omega_m:0.01, u:0.00, theta1:27.967, theta2:19.282, e:21.540
t:49.09, r:0.00, omega:21.55, omega_m:0.00, u:0.00, theta1:27.967, theta2:19.306, e:21.545
t:49.10, r:0.00, omega:21.55, omega_m:0.00, u:0.00, theta1:27.967, theta2:19.329, e:21.547
t:49.11, r:0.00, omega:21.55, omega_m:0.00, u:0.00, theta1:27.967, theta2:19.352, e:21.548
t:49.12, r:0.00, omega:21.55, omega_m:0.00, u:0.00, theta1:27.967, theta2:19.375, e:21.548
t:49.13, r:0.00, omega:21.55, omega_m:0.00, u:0.00, theta1:27.967, theta2:19.398, e:21.548
t:49.14, r:0.00, omega:21.55, omega_m:0.00, u:0.00, theta1:27.967, theta2:19.422, e:21.548
t:49.15, r:0.00, omega:21.55, omega_m:0.00, u:0.00, theta1:27.967, theta2:19.445, e:21.548
t:49.16, r:0.00, omega:21.55, omega_m:0.00, u:0.00, theta1:27.967, theta2:19.468, e:21.548
t:49.17, r:0.00, omega:21.55, omega_m:0.00, u:0.00, theta1:27.967, theta2:19.491, e:21.548
t:49.18, r:0.00, omega:21.55, omega_m:0.00, u:0.00, theta1:27.967, theta2:19.514, e:21.548
t:49.19, r:0.00, omega:21.55, omega_m:0.00, u:0.00, theta1:27.967, theta2:19.538, e:21.548
t:49.20, r:0.00, omega:21.55, omega_m:0.00, u:0.00, theta1:27.967, theta2:19.561, e:21.548
t:49.21, r:0.00, omega:21.55, omega_m:0.00, u:0.00, theta1:27.967, theta2:19.584, e:21.548
t:49.22, r:0.00, omega:21.55, omega_m:0.00, u:0.00, theta1:27.967, theta2:19.607, e:21.548
t:49.23, r:0.00, omega:21.55, omega_m:0.00, u:0.00, theta1:27.967, theta2:19.631, e:21.548
t:49.24, r:0.00, omega:21.55, omega_m:0.00, u:0.00, theta1:27.967, theta2:19.654, e:21.548
t:49.25, r:0.00, omega:21.55, omega_m:0.00, u:0.00, theta1:27.967, theta2:19.677, e:21.548
t:49.26, r:0.00, omega:21.55, omega_m:0.00, u:0.00, theta1:27.967, theta2:19.700, e:21.548
t:49.27, r:0.00, omega:21.55, omega_m:0.00, u:0.00, theta1:27.967, theta2:19.723, e:21.548
t:49.28, r:0.00, omega:21.55, omega_m:0.00, u:0.00, theta1:27.967, theta2:19.747, e:21.548
t:49.29, r:0.00, omega:21.55, omega_m:0.00, u:0.00, theta1:27.967, theta2:19.770, e:21.548
t:49.30, r:0.00, omega:21.55, omega_m:0.00, u:0.00, theta1:27.967, theta2:19.793, e:21.548
t:49.31, r:0.00, omega:21.55, omega_m:0.00, u:0.00, theta1:27.967, theta2:19.816, e:21.548
t:49.32, r:0.00, omega:21.55, omega_m:0.00, u:0.00, theta1:27.967, theta2:19.839, e:21.548
t:49.33, r:0.00, omega:21.55, omega_m:0.00, u:0.00, theta1:27.967, theta2:19.863, e:21.548
t:49.34, r:0.00, omega:21.55, omega_m:0.00, u:0.00, theta1:27.967, theta2:19.886, e:21.548
t:49.35, r:0.00, omega:21.55, omega_m:0.00, u:0.00, theta1:27.967, theta2:19.909, e:21.548
t:49.36, r:0.00, omega:21.55, omega_m:0.00, u:0.00, theta1:27.967, theta2:19.932, e:21.548
t:49.37, r:0.00, omega:21.55, omega_m:0.00, u:0.00, theta1:27.967, theta2:19.956, e:21.548
t:49.38, r:0.00, omega:21.55, omega_m:0.00, u:0.00, theta1:27.967, theta2:19.979, e:21.548
t:49.39, r:0.00, omega:21.55, omega_m:0.00, u:0.00, theta1:27.967, theta2:20.002, e:21.548
t:49.40, r:0.00, omega:21.55, omega_m:0.00, u:0.00, theta1:27.967, theta2:20.025, e:21.548
t:49.41, r:0.00, omega:21.55, omega_m:0.00, u:0.00, theta1:27.967, theta2:20.048, e:21.548
t:49.42, r:0.00, omega:21.55, omega_m:0.00, u:0.00, theta1:27.967, theta2:20.072, e:21.548
t:49.43, r:0.00, omega:21.55, omega_m:0.00, u:0.00, theta1:27.967, theta2:20.095, e:21.548
t:49.44, r:0.00, omega:21.55, omega_m:0.00, u:0.00, theta1:27.967, theta2:20.118, e:21.548
t:49.45, r:0.00, omega:21.55, omega_m:0.00, u:0.00, theta1:27.967, theta2:20.141, e:21.548
t:49.46, r:0.00, omega:21.55, omega_m:0.00, u:0.00, theta1:27.967, theta2:20.165, e:21.548
t:49.47, r:0.00, omega:21.55, omega_m:0.00, u:0.00, theta1:27.967, theta2:20.188, e:21.548
t:49.48, r:0.00, omega:21.55, omega_m:0.00, u:0.00, theta1:27.967, theta2:20.211, e:21.548
t:49.49, r:0.00, omega:21.55, omega_m:0.00, u:0.00, theta1:27.967, theta2:20.234, e:21.548
t:49.50, r:0.00, omega:21.55, omega_m:0.00, u:0.00, theta1:27.967, theta2:20.257, e:21.548
t:49.51, r:0.00, omega:21.55, omega_m:0.00, u:0.00, theta1:27.967, theta2:20.281, e:21.548
t:49.52, r:0.00, omega:0.00, omega_m:0.00, u:0.00, theta1:27.967, theta2:20.281, e:-0.000
t:49.53, r:0.00, omega:0.00, omega_m:0.00, u:0.00, theta1:27.967, theta2:20.281, e:-0.000
t:49.54, r:0.00, omega:0.00, omega_m:0.00, u:0.00, theta1:27.967, theta2:20.281, e:-0.000
t:49.55, r:0.00, omega:0.00, omega_m:0.00, u:0.00, theta1:27.967, theta2:20.281, e:-0.000
t:49.56, r:0.00, omega:0.00, omega_m:0.00, u:0.00, theta1:27.967, theta2:20.281, e:-0.000
t:49.57, r:0.00, omega:0.00, omega_m:0.00, u:0.00, theta1:27.967, theta2:20.281, e:-0.000
t:49.58, r:0.00, omega:0.00, omega_m:0.00, u:0.00, theta1:27.967, theta2:20.281, e:-0.000
t:49.59, r:0.00, omega:0.00, omega_m:0.00, u:0.00, theta1:27.967, theta2:20.281, e:-0.000
t:49.60, r:0.00, omega:0.00, omega_m:0.00, u:0.00, theta1:27.967, theta2:20.281, e:-0.000
t:49.61, r:0.00, omega:0.00, omega_m:0.00, u:0.00, theta1:27.967, theta2:20.281, e:-0.000
t:49.62, r:0.00, omega:0.00, omega_m:0.00, u:0.00, theta1:27.967, theta2:20.281, e:-0.000
t:49.63, r:0.00, omega:0.00, omega_m:0.00, u:0.00, theta1:27.967, theta2:20.281, e:-0.000
t:49.64, r:0.00, omega:0.00, omega_m:0.00, u:0.00, theta1:27.967, theta2:20.281, e:-0.000
t:49.65, r:0.00, omega:0.00, omega_m:0.00, u:0.00, theta1:27.967, theta2:20.281, e:-0.000
t:49.66, r:0.00, omega:0.00, omega_m:0.00, u:0.00, theta1:27.967, theta2:20.281, e:-0.000
t:49.67, r:0.00, omega:0.00, omega_m:0.00, u:0.00, theta1:27.967, theta2:20.281, e:-0.000
t:49.68, r:0.00, omega:0.00, omega_m:0.00, u:0.00, theta1:27.967, theta2:20.281, e:-0.000
t:49.69, r:0.00, omega:0.00, omega_m:0.00, u:0.00, theta1:27.967, theta2:20.281, e:-0.000
t:49.70, r:0.00, omega:0.00, omega_m:0.00, u:0.00, theta1:27.967, theta2:20.281, e:-0.000
t:49.71, r:0.00, omega:0.00, omega_m:0.00, u:0.00, theta1:27.967, theta2:20.281, e:-0.000
t:49.72, r:0.00, omega:0.00, omega_m:0.00, u:0.00, theta1:27.967, theta2:20.281, e:-0.000
t:49.73, r:0.00, omega:0.00, omega_m:0.00, u:0.00, theta1:27.967, theta2:20.281, e:-0.000
t:49.74, r:0.00, omega:0.00, omega_m:0.00, u:0.00, theta1:27.967, theta2:20.281, e:-0.000
t:49.75, r:0.00, omega:0.00, omega_m:0.00, u:0.00, theta1:27.967, theta2:20.281, e:-0.000
t:49.76, r:0.00, omega:0.00, omega_m:0.00, u:0.00, theta1:27.967, theta2:20.281, e:-0.000
t:49.77, r:0.00, omega:0.00, omega_m:0.00, u:0.00, theta1:27.967, theta2:20.281, e:-0.000
t:49.78, r:0.00, omega:0.00, omega_m:0.00, u:0.00, theta1:27.967, theta2:20.281, e:-0.000
t:49.79, r:0.00, omega:0.00, omega_m:0.00, u:0.00, theta1:27.967, theta2:20.281, e:-0.000
t:49.80, r:0.00, omega:0.00, omega_m:0.00, u:0.00, theta1:27.967, theta2:20.281, e:-0.000
t:49.81, r:0.00, omega:0.00, omega_m:0.00, u:0.00, theta1:27.967, theta2:20.281, e:-0.000
t:49.82, r:0.00, omega:0.00, omega_m:0.00, u:0.00, theta1:27.967, theta2:20.281, e:-0.000
t:49.83, r:0.00, omega:0.00, omega_m:0.00, u:0.00, theta1:27.967, theta2:20.281, e:-0.000
t:49.84, r:0.00, omega:0.00, omega_m:0.00, u:0.00, theta1:27.967, theta2:20.281, e:-0.000
t:49.85, r:0.00, omega:0.00, omega_m:0.00, u:0.00, theta1:27.967, theta2:20.281, e:-0.000
t:49.86, r:0.00, omega:0.00, omega_m:0.00, u:0.00, theta1:27.967, theta2:20.281, e:-0.000
t:49.87, r:0.00, omega:0.00, omega_m:0.00, u:0.00, theta1:27.967, theta2:20.281, e:-0.000
t:49.88, r:0.00, omega:0.00, omega_m:0.00, u:0.00, theta1:27.967, theta2:20.281, e:-0.000
t:49.89, r:0.00, omega:0.00, omega_m:0.00, u:0.00, theta1:27.967, theta2:20.281, e:-0.000
t:49.90, r:0.00, omega:0.00, omega_m:0.00, u:0.00, theta1:27.967, theta2:20.281, e:-0.000
t:49.91, r:0.00, omega:0.00, omega_m:0.00, u:0.00, theta1:27.967, theta2:20.281, e:-0.000
t:49.92, r:0.00, omega:0.00, omega_m:0.00, u:0.00, theta1:27.967, theta2:20.281, e:-0.000
t:49.93, r:0.00, omega:0.00, omega_m:0.00, u:0.00, theta1:27.967, theta2:20.281, e:-0.000
t:49.94, r:0.00, omega:0.00, omega_m:0.00, u:0.00, theta1:27.967, theta2:20.281, e:-0.000
t:49.95, r:0.00, omega:0.00, omega_m:0.00, u:0.00, theta1:27.967, theta2:20.281, e:-0.000
t:49.96, r:0.00, omega:0.00, omega_m:0.00, u:0.00, theta1:27.967, theta2:20.281, e:-0.000
t:49.97, r:0.00, omega:0.00, omega_m:0.00, u:0.00, theta1:27.967, theta2:20.281, e:-0.000
t:49.98, r:0.00, omega:0.00, omega_m:0.00, u:0.00, theta1:27.967, theta2:20.281, e:-0.000
t:49.99, r:0.00, omega:0.00, omega_m:0.00, u:0.00, theta1:27.967, theta2:20.281, e:-0.000
t:50.00, r:0.00, omega:0.00, omega_m:0.00, u:0.00, theta1:27.967, theta2:20.281, e:-0.000
t:50.01, r:-25.00, omega:0.00, omega_m:-15.80, u:-699.67, theta1:27.987, theta2:20.281, e:15.803
t:50.02, r:-25.00, omega:-0.52, omega_m:-21.62, u:-689.72, theta1:28.013, theta2:20.280, e:21.094
t:50.03, r:-25.00, omega:-0.52, omega_m:-23.76, u:-690.45, theta1:28.042, theta2:20.279, e:23.232
t:50.04, r:-25.00, omega:-0.52, omega_m:-24.54, u:-691.20, theta1:28.072, theta2:20.279, e:24.019
t:50.05, r:-25.00, omega:-24.08, omega_m:-24.83, u:-213.45, theta1:28.073, theta2:20.278, e:0.747
t:50.06, r:-25.00, omega:-36.36, omega_m:-24.94, u:36.56, theta1:28.059, theta2:20.299, e:-11.420
t:50.07, r:-25.00, omega:-36.36, omega_m:-24.98, u:37.66, theta1:28.045, theta2:20.319, e:-11.381
t:50.08, r:-25.00, omega:-27.12, omega_m:-24.99, u:-149.89, theta1:28.042, theta2:20.322, e:-2.129
t:50.09, r:-25.00, omega:-27.12, omega_m:-25.00, u:-149.75, theta1:28.039, theta2:20.325, e:-2.124
t:50.10, r:-25.00, omega:-27.12, omega_m:-25.00, u:-149.60, theta1:28.037, theta2:20.328, e:-2.122
t:50.11, r:-25.00, omega:-27.12, omega_m:-25.00, u:-149.46, theta1:28.034, theta2:20.331, e:-2.121
t:50.12, r:-25.00, omega:-27.12, omega_m:-25.00, u:-149.31, theta1:28.031, theta2:20.334, e:-2.121
t:50.13, r:-25.00, omega:-10.50, omega_m:-25.00, u:-487.80, theta1:28.050, theta2:20.326, e:14.499
t:50.14, r:-25.00, omega:-10.50, omega_m:-25.00, u:-488.34, theta1:28.068, theta2:20.319, e:14.499
t:50.15, r:-25.00, omega:-10.50, omega_m:-25.00, u:-488.87, theta1:28.086, theta2:20.311, e:14.499
t:50.16, r:-25.00, omega:-15.57, omega_m:-25.00, u:-386.29, theta1:28.098, theta2:20.304, e:9.429
t:50.17, r:-25.00, omega:-15.57, omega_m:-25.00, u:-386.70, theta1:28.109, theta2:20.296, e:9.429
t:50.18, r:-25.00, omega:-27.11, omega_m:-25.00, u:-152.34, theta1:28.107, theta2:20.299, e:-2.111
t:50.19, r:-25.00, omega:-27.11, omega_m:-25.00, u:-152.19, theta1:28.104, theta2:20.302, e:-2.111
t:50.20, r:-25.00, omega:-27.43, omega_m:-25.00, u:-145.62, theta1:28.101, theta2:20.305, e:-2.426
t:50.21, r:-25.00, omega:-27.43, omega_m:-25.00, u:-145.46, theta1:28.098, theta2:20.309, e:-2.426
t:50.22, r:-25.00, omega:-27.43, omega_m:-25.00, u:-145.29, theta1:28.095, theta2:20.312, e:-2.426
t:50.23, r:-25.00, omega:-27.43, omega_m:-25.00, u:-145.12, theta1:28.092, theta2:20.315, e:-2.426
t:50.24, r:-25.00, omega:-14.01, omega_m:-25.00, u:-418.13, theta1:28.106, theta2:20.308, e:10.990
t:50.25, r:-25.00, omega:-14.01, omega_m:-25.00, u:-418.58, theta1:28.119, theta2:20.300, e:10.990
t:50.26, r:-25.00, omega:-14.01, omega_m:-25.00, u:-419.03, theta1:28.133, theta2:20.292, e:10.990
t:50.27, r:-25.00, omega:-15.75, omega_m:-25.00, u:-384.20, theta1:28.145, theta2:20.285, e:9.254
t:50.28, r:-25.00, omega:-15.75, omega_m:-25.00, u:-384.61, theta1:28.156, theta2:20.278, e:9.254
t:50.29, r:-25.00, omega:-25.18, omega_m:-25.00, u:-193.37, theta1:28.156, theta2:20.278, e:-0.177
t:50.30, r:-25.00, omega:-25.18, omega_m:-25.00, u:-193.36, theta1:28.156, theta2:20.278, e:-0.177
t:50.31, r:-25.00, omega:-24.12, omega_m:-25.00, u:-214.93, theta1:28.157, theta2:20.277, e:0.884
t:50.32, r:-25.00, omega:-24.12, omega_m:-25.00, u:-214.99, theta1:28.158, theta2:20.276, e:0.884
t:50.33, r:-25.00, omega:-24.12, omega_m:-25.00, u:-215.04, theta1:28.159, theta2:20.275, e:0.884
t:50.34, r:-25.00, omega:-24.12, omega_m:-25.00, u:-215.09, theta1:28.160, theta2:20.274, e:0.884
t:50.35, r:-25.00, omega:-16.76, omega_m:-25.00, u:-364.68, theta1:28.171, theta2:20.267, e:8.244
t:50.36, r:-25.00, omega:-16.76, omega_m:-25.00, u:-365.05, theta1:28.181, theta2:20.260, e:8.244
t:50.37, r:-25.00, omega:-16.76, omega_m:-25.00, u:-365.43, theta1:28.191, theta2:20.253, e:8.244
t:50.38, r:-25.00, omega:-17.58, omega_m:-25.00, u:-349.00, theta1:28.200, theta2:20.247, e:7.416
t:50.39, r:-25.00, omega:-17.58, omega_m:-25.00, u:-349.34, theta1:28.210, theta2:20.240, e:7.416
t:50.40, r:-25.00, omega:-22.73, omega_m:-25.00, u:-245.27, theta1:28.213, theta2:20.237, e:2.267
t:50.41, r:-25.00, omega:-22.73, omega_m:-25.00, u:-245.40, theta1:28.215, theta2:20.235, e:2.267
t:50.42, r:-25.00, omega:-23.36, omega_m:-25.00, u:-232.70, theta1:28.217, theta2:20.233, e:1.635
t:50.43, r:-25.00, omega:-23.36, omega_m:-25.00, u:-232.80, theta1:28.219, theta2:20.231, e:1.635
t:50.44, r:-25.00, omega:-23.36, omega_m:-25.00, u:-232.89, theta1:28.222, theta2:20.229, e:1.635
t:50.45, r:-25.00, omega:-19.23, omega_m:-25.00, u:-316.87, theta1:28.229, theta2:20.224, e:5.773
t:50.46, r:-25.00, omega:-19.23, omega_m:-25.00, u:-317.16, theta1:28.236, theta2:20.218, e:5.773
t:50.47, r:-25.00, omega:-19.23, omega_m:-25.00, u:-317.45, theta1:28.243, theta2:20.212, e:5.773
t:50.48, r:-25.00, omega:-18.33, omega_m:-25.00, u:-335.96, theta1:28.252, theta2:20.206, e:6.672
t:50.49, r:-25.00, omega:-18.33, omega_m:-25.00, u:-336.28, theta1:28.260, theta2:20.200, e:6.672
t:50.50, r:-25.00, omega:-21.00, omega_m:-25.00, u:-282.50, theta1:28.265, theta2:20.196, e:4.000
t:50.51, r:-25.00, omega:-21.00, omega_m:-25.00, u:-282.71, theta1:28.270, theta2:20.192, e:4.000
t:50.52, r:-25.00, omega:-23.13, omega_m:-25.00, u:-239.73, theta1:28.272, theta2:20.190, e:1.866
t:50.53, r:-25.00, omega:-23.13, omega_m:-25.00, u:-239.84, theta1:28.275, theta2:20.188, e:1.866
t:50.54, r:-25.00, omega:-23.13, omega_m:-25.00, u:-239.95, theta1:28.277, theta2:20.185, e:1.866
t:50.55, r:-25.00, omega:-20.73, omega_m:-25.00, u:-288.62, theta1:28.282, theta2:20.181, e:4.266
t:50.56, r:-25.00, omega:-20.73, omega_m:-25.00, u:-288.85, theta1:28.288, theta2:20.177, e:4.266
t:50.57, r:-25.00, omega:-20.73, omega_m:-25.00, u:-289.07, theta1:28.293, theta2:20.172, e:4.266
t:50.58, r:-25.00, omega:-17.76, omega_m:-25.00, u:-349.45, theta1:28.302, theta2:20.166, e:7.242
t:50.59, r:-25.00, omega:-17.76, omega_m:-25.00, u:-349.80, theta1:28.311, theta2:20.159, e:7.242
t:50.60, r:-25.00, omega:-20.89, omega_m:-25.00, u:-286.77, theta1:28.316, theta2:20.155, e:4.105
t:50.61, r:-25.00, omega:-20.89, omega_m:-25.00, u:-286.99, theta1:28.321, theta2:20.151, e:4.105
t:50.62, r:-25.00, omega:-20.89, omega_m:-25.00, u:-287.21, theta1:28.326, theta2:20.146, e:4.105
t:50.63, r:-25.00, omega:-23.39, omega_m:-25.00, u:-237.08, theta1:28.328, theta2:20.145, e:1.613
t:50.64, r:-25.00, omega:-23.39, omega_m:-25.00, u:-237.17, theta1:28.330, theta2:20.143, e:1.613
t:50.65, r:-25.00, omega:-19.00, omega_m:-25.00, u:-325.95, theta1:28.338, theta2:20.137, e:6.005
t:50.66, r:-25.00, omega:-19.00, omega_m:-25.00, u:-326.24, theta1:28.345, theta2:20.131, e:6.005
t:50.67, r:-25.00, omega:-19.00, omega_m:-25.00, u:-326.54, theta1:28.353, theta2:20.126, e:6.005
t:50.68, r:-25.00, omega:-20.52, omega_m:-25.00, u:-295.99, theta1:28.359, theta2:20.121, e:4.476
t:50.69, r:-25.00, omega:-20.52, omega_m:-25.00, u:-296.23, theta1:28.364, theta2:20.116, e:4.476
t:50.70, r:-25.00, omega:-22.36, omega_m:-25.00, u:-259.42, theta1:28.367, theta2:20.113, e:2.638
t:50.71, r:-25.00, omega:-22.36, omega_m:-25.00, u:-259.56, theta1:28.371, theta2:20.110, e:2.638
t:50.72, r:-25.00, omega:-22.36, omega_m:-25.00, u:-259.71, theta1:28.374, theta2:20.107, e:2.638
t:50.73, r:-25.00, omega:-20.95, omega_m:-25.00, u:-288.35, theta1:28.379, theta2:20.103, e:4.052
t:50.74, r:-25.00, omega:-20.95, omega_m:-25.00, u:-288.57, theta1:28.384, theta2:20.099, e:4.052
t:50.75, r:-25.00, omega:-20.95, omega_m:-25.00, u:-288.78, theta1:28.389, theta2:20.095, e:4.052
t:50.76, r:-25.00, omega:-18.33, omega_m:-25.00, u:-341.71, theta1:28.398, theta2:20.089, e:6.670
t:50.77, r:-25.00, omega:-18.33, omega_m:-25.00, u:-342.03, theta1:28.406, theta2:20.083, e:6.670
t:50.78, r:-25.00, omega:-20.95, omega_m:-25.00, u:-289.55, theta1:28.411, theta2:20.078, e:4.046
t:50.79, r:-25.00, omega:-20.95, omega_m:-25.00, u:-289.77, theta1:28.416, theta2:20.074, e:4.046
t:50.80, r:-25.00, omega:-22.70, omega_m:-25.00, u:-254.93, theta1:28.419, theta2:20.071, e:2.304
t:50.81, r:-25.00, omega:-22.70, omega_m:-25.00, u:-255.06, theta1:28.422, theta2:20.069, e:2.304
t:50.82, r:-25.00, omega:-22.70, omega_m:-25.00, u:-255.19, theta1:28.425, theta2:20.066, e:2.304
t:50.83, r:-25.00, omega:-20.37, omega_m:-25.00, u:-302.18, theta1:28.430, theta2:20.061, e:4.634
t:50.84, r:-25.00, omega:-20.37, omega_m:-25.00, u:-302.42, theta1:28.436, theta2:20.057, e:4.634
t:50.85, r:-25.00, omega:-20.37, omega_m:-25.00, u:-302.66, theta1:28.442, theta2:20.052, e:4.634
t:50.86, r:-25.00, omega:-19.58, omega_m:-25.00, u:-318.64, theta1:28.449, theta2:20.047, e:5.417
t:50.87, r:-25.00, omega:-19.58, omega_m:-25.00, u:-318.91, theta1:28.456, theta2:20.041, e:5.417
t:50.88, r:-25.00, omega:-21.43, omega_m:-25.00, u:-282.09, theta1:28.460, theta2:20.038, e:3.570
t:50.89, r:-25.00, omega:-21.43, omega_m:-25.00, u:-282.29, theta1:28.464, theta2:20.034, e:3.570
t:50.90, r:-25.00, omega:-21.43, omega_m:-25.00, u:-282.48, theta1:28.469, theta2:20.030, e:3.570
t:50.91, r:-25.00, omega:-21.30, omega_m:-25.00, u:-285.23, theta1:28.474, theta2:20.026, e:3.697
t:50.92, r:-25.00, omega:-21.30, omega_m:-25.00, u:-285.43, theta1:28.478, theta2:20.022, e:3.697
t:50.93, r:-25.00, omega:-21.23, omega_m:-25.00, u:-287.05, theta1:28.483, theta2:20.018, e:3.768
t:50.94, r:-25.00, omega:-21.23, omega_m:-25.00, u:-287.25, theta1:28.488, theta2:20.014, e:3.768
t:50.95, r:-25.00, omega:-21.23, omega_m:-25.00, u:-287.46, theta1:28.492, theta2:20.010, e:3.768
t:50.96, r:-25.00, omega:-20.76, omega_m:-25.00, u:-297.15, theta1:28.498, theta2:20.006, e:4.241
t:50.97, r:-25.00, omega:-20.76, omega_m:-25.00, u:-297.37, theta1:28.503, theta2:20.001, e:4.241
t:50.98, r:-25.00, omega:-19.96, omega_m:-25.00, u:-313.64, theta1:28.509, theta2:19.996, e:5.042
t:50.99, r:-25.00, omega:-19.96, omega_m:-25.00, u:-313.90, theta1:28.516, theta2:19.991, e:5.042
t:51.00, r:-25.00, omega:-19.96, omega_m:-25.00, u:-314.16, theta1:28.522, theta2:19.986, e:5.042
t:51.01, r:0.00, omega:-19.97, omega_m:-9.20, u:0.00, theta1:28.522, theta2:19.997, e:-10.769
t:51.02, r:0.00, omega:-19.97, omega_m:-3.38, u:0.00, theta1:28.522, theta2:20.013, e:-16.582
t:51.03, r:0.00, omega:-19.97, omega_m:-1.24, u:0.00, theta1:28.522, theta2:20.032, e:-18.721
t:51.04, r:0.00, omega:-15.72, omega_m:-0.46, u:0.00, theta1:28.522, theta2:20.044, e:-15.265
t:51.05, r:0.00, omega:-15.72, omega_m:-0.17, u:0.00, theta1:28.522, theta2:20.056, e:-15.555
t:51.06, r:0.00, omega:-15.72, omega_m:-0.06, u:0.00, theta1:28.522, theta2:20.069, e:-15.661
t:51.07, r:0.00, omega:-15.72, omega_m:-0.02, u:0.00, theta1:28.522, theta2:20.081, e:-15.700
t:51.08, r:0.00, omega:-15.72, omega_m:-0.01, u:0.00, theta1:28.522, theta2:20.093, e:-15.715
t:51.09, r:0.00, omega:-15.72, omega_m:-0.00, u:0.00, theta1:28.522, theta2:20.106, e:-15.720
t:51.10, r:0.00, omega:-15.72, omega_m:-0.00, u:0.00, theta1:28.522, theta2:20.118, e:-15.722
t:51.11, r:0.00, omega:-15.72, omega_m:-0.00, u:0.00, theta1:28.522, theta2:20.130, e:-15.723
t:51.12, r:0.00, omega:-15.72, omega_m:-0.00, u:0.00, theta1:28.522, theta2:20.143, e:-15.723
t:51.13, r:0.00, omega:-15.72, omega_m:-0.00, u:0.00, theta1:28.522, theta2:20.155, e:-15.723
t:51.14, r:0.00, omega:-15.72, omega_m:-0.00, u:0.00, theta1:28.522, theta2:20.168, e:-15.723
t:51.15, r:0.00, omega:-15.72, omega_m:-0.00, u:0.00, theta1:28.522, theta2:20.180, e:-15.723
t:51.16, r:0.00, omega:-15.72, omega_m:-0.00, u:0.00, theta1:28.522, theta2:20.192, e:-15.723
t:51.17, r:0.00, omega:-15.72, omega_m:-0.00, u:0.00, theta1:28.522, theta2:20.205, e:-15.723
t:51.18, r:0.00, omega:-15.72, omega_m:-0.00, u:0.00, theta1:28.522, theta2:20.217, e:-15.723
t:51.19, r:0.00, omega:-15.72, omega_m:-0.00, u:0.00, theta1:28.522, theta2:20.229, e:-15.723
t:51.20, r:0.00, omega:-15.72, omega_m:-0.00, u:0.00, theta1:28.522, theta2:20.242, e:-15.723
t:51.21, r:0.00, omega:-15.72, omega_m:-0.00, u:0.00, theta1:28.522, theta2:20.254, e:-15.723
t:51.22, r:0.00, omega:-15.72, omega_m:-0.00, u:0.00, theta1:28.522, theta2:20.266, e:-15.723
t:51.23, r:0.00, omega:-15.72, omega_m:-0.00, u:0.00, theta1:28.522, theta2:20.279, e:-15.723
t:51.24, r:0.00, omega:-15.72, omega_m:-0.00, u:0.00, theta1:28.522, theta2:20.291, e:-15.723
t:51.25, r:0.00, omega:-15.72, omega_m:-0.00, u:0.00, theta1:28.522, theta2:20.304, e:-15.723
t:51.26, r:0.00, omega:-15.72, omega_m:-0.00, u:0.00, theta1:28.522, theta2:20.316, e:-15.723
t:51.27, r:0.00, omega:-15.72, omega_m:-0.00, u:0.00, theta1:28.522, theta2:20.328, e:-15.723
t:51.28, r:0.00, omega:-15.72, omega_m:-0.00, u:0.00, theta1:28.522, theta2:20.341, e:-15.723
t:51.29, r:0.00, omega:-15.72, omega_m:-0.00, u:0.00, theta1:28.522, theta2:20.353, e:-15.723
t:51.30, r:0.00, omega:-15.72, omega_m:-0.00, u:0.00, theta1:28.522, theta2:20.365, e:-15.723
t:51.31, r:0.00, omega:-15.72, omega_m:-0.00, u:0.00, theta1:28.522, theta2:20.378, e:-15.723
t:51.32, r:0.00, omega:-15.72, omega_m:-0.00, u:0.00, theta1:28.522, theta2:20.390, e:-15.723
t:51.33, r:0.00, omega:-15.72, omega_m:-0.00, u:0.00, theta1:28.522, theta2:20.402, e:-15.723
t:51.34, r:0.00, omega:-15.72, omega_m:-0.00, u:0.00, theta1:28.522, theta2:20.415, e:-15.723
t:51.35, r:0.00, omega:-15.72, omega_m:-0.00, u:0.00, theta1:28.522, theta2:20.427, e:-15.723
t:51.36, r:0.00, omega:-15.72, omega_m:-0.00, u:0.00, theta1:28.522, theta2:20.440, e:-15.723
t:51.37, r:0.00, omega:-15.72, omega_m:-0.00, u:0.00, theta1:28.522, theta2:20.452, e:-15.723
t:51.38, r:0.00, omega:-15.72, omega_m:-0.00, u:0.00, theta1:28.522, theta2:20.464, e:-15.723
t:51.39, r:0.00, omega:-15.72, omega_m:-0.00, u:0.00, theta1:28.522, theta2:20.477, e:-15.723
t:51.40, r:0.00, omega:-15.72, omega_m:-0.00, u:0.00, theta1:28.522, theta2:20.489, e:-15.723
t:51.41, r:0.00, omega:-15.72, omega_m:-0.00, u:0.00, theta1:28.522, theta2:20.501, e:-15.723
t:51.42, r:0.00, omega:-15.72, omega_m:-0.00, u:0.00, theta1:28.522, theta2:20.514, e:-15.723
t:51.43, r:0.00, omega:-15.72, omega_m:-0.00, u:0.00, theta1:28.522, theta2:20.526, e:-15.723
t:51.44, r:0.00, omega:-15.72, omega_m:-0.00, u:0.00, theta1:28.522, theta2:20.538, e:-15.723
t:51.45, r:0.00, omega:-15.72, omega_m:-0.00, u:0.00, theta1:28.522, theta2:20.551, e:-15.723
t:51.46, r:0.00, omega:-15.72, omega_m:-0.00, u:0.00, theta1:28.522, theta2:20.563, e:-15.723
t:51.47, r:0.00, omega:-15.72, omega_m:-0.00, u:0.00, theta1:28.522, theta2:20.575, e:-15.723
t:51.48, r:0.00, omega:-15.72, omega_m:-0.00, u:0.00, theta1:28.522, theta2:20.588, e:-15.723
t:51.49, r:0.00, omega:-15.72, omega_m:-0.00, u:0.00, theta1:28.522, theta2:20.600, e:-15.723
t:51.50, r:0.00, omega:-15.72, omega_m:-0.00, u:0.00, theta1:28.522, theta2:20.613, e:-15.723
t:51.51, r:0.00, omega:-15.72, omega_m:-0.00, u:0.00, theta1:28.522, theta2:20.625, e:-15.723
t:51.52, r:0.00, omega:-15.72, omega_m:-0.00, u:0.00, theta1:28.522, theta2:20.637, e:-15.723
t:51.53, r:0.00, omega:-15.72, omega_m:-0.00, u:0.00, theta1:28.522, theta2:20.650, e:-15.723
t:51.54, r:0.00, omega:0.00, omega_m:-0.00, u:0.00, theta1:28.522, theta2:20.650, e:0.000
t:51.55, r:0.00, omega:0.00, omega_m:-0.00, u:0.00, theta1:28.522, theta2:20.650, e:0.000
t:51.56, r:0.00, omega:0.00, omega_m:-0.00, u:0.00, theta1:28.522, theta2:20.650, e:0.000
t:51.57, r:0.00, omega:0.00, omega_m:-0.00, u:0.00, theta1:28.522, theta2:20.650, e:0.000
t:51.58, r:0.00, omega:0.00, omega_m:-0.00, u:0.00, theta1:28.522, theta2:20.650, e:0.000
t:51.59, r:0.00, omega:0.00, omega_m:-0.00, u:0.00, theta1:28.522, theta2:20.650, e:0.000
t:51.60, r:0.00, omega:0.00, omega_m:-0.00, u:0.00, theta1:28.522, theta2:20.650, e:0.000
t:51.61, r:0.00, omega:0.00, omega_m:-0.00, u:0.00, theta1:28.522, theta2:20.650, e:0.000
t:51.62, r:0.00, omega:0.00, omega_m:-0.00, u:0.00, theta1:28.522, theta2:20.650, e:0.000
t:51.63, r:0.00, omega:0.00, omega_m:-0.00, u:0.00, theta1:28.522, theta2:20.650, e:0.000
t:51.64, r:0.00, omega:0.00, omega_m:-0.00, u:0.00, theta1:28.522, theta2:20.650, e:0.000
t:51.65, r:0.00, omega:0.00, omega_m:-0.00, u:0.00, theta1:28.522, theta2:20.650, e:0.000
t:51.66, r:0.00, omega:0.00, omega_m:-0.00, u:0.00, theta1:28.522, theta2:20.650, e:0.000
t:51.67, r:0.00, omega:0.00, omega_m:-0.00, u:0.00, theta1:28.522, theta2:20.650, e:0.000
t:51.68, r:0.00, omega:0.00, omega_m:-0.00, u:0.00, theta1:28.522, theta2:20.650, e:0.000
t:51.69, r:0.00, omega:0.00, omega_m:-0.00, u:0.00, theta1:28.522, theta2:20.650, e:0.000
t:51.70, r:0.00, omega:0.00, omega_m:-0.00, u:0.00, theta1:28.522, theta2:20.650, e:0.000
t:51.71, r:0.00, omega:0.00, omega_m:-0.00, u:0.00, theta1:28.522, theta2:20.650, e:0.000
t:51.72, r:0.00, omega:0.00, omega_m:-0.00, u:0.00, theta1:28.522, theta2:20.650, e:0.000
t:51.73, r:0.00, omega:0.00, omega_m:-0.00, u:0.00, theta1:28.522, theta2:20.650, e:0.000
t:51.74, r:0.00, omega:0.00, omega_m:-0.00, u:0.00, theta1:28.522, theta2:20.650, e:0.000
t:51.75, r:0.00, omega:0.00, omega_m:-0.00, u:0.00, theta1:28.522, theta2:20.650, e:0.000
t:51.76, r:0.00, omega:0.00, omega_m:-0.00, u:0.00, theta1:28.522, theta2:20.650, e:0.000
t:51.77, r:0.00, omega:0.00, omega_m:-0.00, u:0.00, theta1:28.522, theta2:20.650, e:0.000
t:51.78, r:0.00, omega:0.00, omega_m:-0.00, u:0.00, theta1:28.522, theta2:20.650, e:0.000
t:51.79, r:0.00, omega:0.00, omega_m:-0.00, u:0.00, theta1:28.522, theta2:20.650, e:0.000
t:51.80, r:0.00, omega:0.00, omega_m:-0.00, u:0.00, theta1:28.522, theta2:20.650, e:0.000
t:51.81, r:0.00, omega:0.00, omega_m:-0.00, u:0.00, theta1:28.522, theta2:20.650, e:0.000
t:51.82, r:0.00, omega:0.00, omega_m:-0.00, u:0.00, theta1:28.522, theta2:20.650, e:0.000
t:51.83, r:0.00, omega:0.00, omega_m:-0.00, u:0.00, theta1:28.522, theta2:20.650, e:0.000
t:51.84, r:0.00, omega:0.00, omega_m:-0.00, u:0.00, theta1:28.522, theta2:20.650, e:0.000
t:51.85, r:0.00, omega:0.00, omega_m:-0.00, u:0.00, theta1:28.522, theta2:20.650, e:0.000
t:51.86, r:0.00, omega:0.00, omega_m:-0.00, u:0.00, theta1:28.522, theta2:20.650, e:0.000
t:51.87, r:0.00, omega:0.00, omega_m:-0.00, u:0.00, theta1:28.522, theta2:20.650, e:0.000
t:51.88, r:0.00, omega:0.00, omega_m:-0.00, u:0.00, theta1:28.522, theta2:20.650, e:0.000
t:51.89, r:0.00, omega:0.00, omega_m:-0.00, u:0.00, theta1:28.522, theta2:20.650, e:0.000
t:51.90, r:0.00, omega:0.00, omega_m:-0.00, u:0.00, theta1:28.522, theta2:20.650, e:0.000
t:51.91, r:0.00, omega:0.00, omega_m:-0.00, u:0.00, theta1:28.522, theta2:20.650, e:0.000
t:51.92, r:0.00, omega:0.00, omega_m:-0.00, u:0.00, theta1:28.522, theta2:20.650, e:0.000
t:51.93, r:0.00, omega:0.00, omega_m:-0.00, u:0.00, theta1:28.522, theta2:20.650, e:0.000
t:51.94, r:0.00, omega:0.00, omega_m:-0.00, u:0.00, theta1:28.522, theta2:20.650, e:0.000
t:51.95, r:0.00, omega:0.00, omega_m:-0.00, u:0.00, theta1:28.522, theta2:20.650, e:0.000
t:51.96, r:0.00, omega:0.00, omega_m:-0.00, u:0.00, theta1:28.522, theta2:20.650, e:0.000
t:51.97, r:0.00, omega:0.00, omega_m:-0.00, u:0.00, theta1:28.522, theta2:20.650, e:0.000
t:51.98, r:0.00, omega:0.00, omega_m:-0.00, u:0.00, theta1:28.522, theta2:20.650, e:0.000
t:51.99, r:0.00, omega:0.00, omega_m:-0.00, u:0.00, theta1:28.522, theta2:20.650, e:0.000
t:52.00, r:0.00, omega:0.00, omega_m:-0.00, u:0.00, theta1:28.522, theta2:20.650, e:0.000
t:52.01, r:25.00, omega:0.00, omega_m:15.80, u:700.00, theta1:28.542, theta2:20.650, e:-15.803
t:52.02, r:25.00, omega:0.00, omega_m:21.62, u:700.00, theta1:28.569, theta2:20.650, e:-21.617
t:52.03, r:25.00, omega:0.00, omega_m:23.76, u:700.00, theta1:28.598, theta2:20.650, e:-23.755
t:52.04, r:25.00, omega:0.52, omega_m:24.54, u:700.00, theta1:28.628, theta2:20.649, e:-24.017
t:52.05, r:25.00, omega:35.29, omega_m:24.83, u:-14.03, theta1:28.615, theta2:20.667, e:10.461
t:52.06, r:25.00, omega:35.29, omega_m:24.94, u:-14.99, theta1:28.602, theta2:20.686, e:10.354
t:52.07, r:25.00, omega:28.70, omega_m:24.98, u:121.14, theta1:28.598, theta2:20.691, e:3.721
t:52.08, r:25.00, omega:28.70, omega_m:24.99, u:120.88, theta1:28.593, theta2:20.696, e:3.707
t:52.09, r:25.00, omega:28.70, omega_m:25.00, u:120.61, theta1:28.588, theta2:20.702, e:3.701
t:52.10, r:25.00, omega:28.70, omega_m:25.00, u:120.34, theta1:28.584, theta2:20.707, e:3.699
t:52.11, r:25.00, omega:28.70, omega_m:25.00, u:120.07, theta1:28.579, theta2:20.712, e:3.699
t:52.12, r:25.00, omega:10.84, omega_m:25.00, u:490.47, theta1:28.597, theta2:20.705, e:-14.159
t:52.13, r:25.00, omega:10.84, omega_m:25.00, u:490.99, theta1:28.615, theta2:20.697, e:-14.159
t:52.14, r:25.00, omega:10.84, omega_m:25.00, u:491.52, theta1:28.632, theta2:20.689, e:-14.159
t:52.15, r:25.00, omega:15.64, omega_m:25.00, u:392.58, theta1:28.644, theta2:20.682, e:-9.358
t:52.16, r:25.00, omega:15.64, omega_m:25.00, u:392.99, theta1:28.656, theta2:20.675, e:-9.358
t:52.17, r:25.00, omega:26.67, omega_m:25.00, u:164.98, theta1:28.654, theta2:20.677, e:1.665
t:52.18, r:25.00, omega:26.67, omega_m:25.00, u:164.87, theta1:28.651, theta2:20.679, e:1.665
t:52.19, r:25.00, omega:26.67, omega_m:25.00, u:164.76, theta1:28.649, theta2:20.681, e:1.665
t:52.20, r:25.00, omega:23.77, omega_m:25.00, u:224.65, theta1:28.651, theta2:20.680, e:-1.227
t:52.21, r:25.00, omega:23.77, omega_m:25.00, u:224.72, theta1:28.652, theta2:20.678, e:-1.227
t:52.22, r:25.00, omega:23.77, omega_m:25.00, u:224.80, theta1:28.654, theta2:20.677, e:-1.227
t:52.23, r:25.00, omega:15.70, omega_m:25.00, u:392.18, theta1:28.666, theta2:20.670, e:-9.303
t:52.24, r:25.00, omega:15.70, omega_m:25.00, u:392.59, theta1:28.677, theta2:20.662, e:-9.303
t:52.25, r:25.00, omega:15.70, omega_m:25.00, u:392.99, theta1:28.689, theta2:20.655, e:-9.303
t:52.26, r:25.00, omega:18.32, omega_m:25.00, u:339.24, theta1:28.697, theta2:20.649, e:-6.685
t:52.27, r:25.00, omega:18.32, omega_m:25.00, u:339.56, theta1:28.706, theta2:20.643, e:-6.685
t:52.28, r:25.00, omega:23.64, omega_m:25.00, u:229.79, theta1:28.707, theta2:20.641, e:-1.363
t:52.29, r:25.00, omega:23.64, omega_m:25.00, u:229.87, theta1:28.709, theta2:20.640, e:-1.363
t:52.30, r:25.00, omega:22.40, omega_m:25.00, u:255.55, theta1:28.712, theta2:20.637, e:-2.600
t:52.31, r:25.00, omega:22.40, omega_m:25.00, u:255.69, theta1:28.715, theta2:20.634, e:-2.600
t:52.32, r:25.00, omega:22.40, omega_m:25.00, u:255.84, theta1:28.719, theta2:20.631, e:-2.600
t:52.33, r:25.00, omega:18.78, omega_m:25.00, u:330.76, theta1:28.726, theta2:20.625, e:-6.217
t:52.34, r:25.00, omega:18.78, omega_m:25.00, u:331.06, theta1:28.734, theta2:20.619, e:-6.217
t:52.35, r:25.00, omega:18.78, omega_m:25.00, u:331.37, theta1:28.742, theta2:20.613, e:-6.217
t:52.36, r:25.00, omega:17.96, omega_m:25.00, u:348.61, theta1:28.751, theta2:20.607, e:-7.037
t:52.37, r:25.00, omega:17.96, omega_m:25.00, u:348.94, theta1:28.760, theta2:20.601, e:-7.037
t:52.38, r:25.00, omega:23.24, omega_m:25.00, u:240.31, theta1:28.762, theta2:20.599, e:-1.759
t:52.39, r:25.00, omega:23.24, omega_m:25.00, u:240.41, theta1:28.764, theta2:20.597, e:-1.759
t:52.40, r:25.00, omega:23.24, omega_m:25.00, u:240.52, theta1:28.766, theta2:20.595, e:-1.759
t:52.41, r:25.00, omega:21.68, omega_m:25.00, u:272.84, theta1:28.770, theta2:20.591, e:-3.320
t:52.42, r:25.00, omega:21.68, omega_m:25.00, u:273.02, theta1:28.775, theta2:20.587, e:-3.320
t:52.43, r:25.00, omega:21.68, omega_m:25.00, u:273.21, theta1:28.779, theta2:20.584, e:-3.320
t:52.44, r:25.00, omega:18.15, omega_m:25.00, u:346.10, theta1:28.787, theta2:20.578, e:-6.845
t:52.45, r:25.00, omega:18.15, omega_m:25.00, u:346.43, theta1:28.796, theta2:20.571, e:-6.845
t:52.46, r:25.00, omega:18.50, omega_m:25.00, u:339.58, theta1:28.804, theta2:20.565, e:-6.497
t:52.47, r:25.00, omega:18.50, omega_m:25.00, u:339.89, theta1:28.812, theta2:20.559, e:-6.497
t:52.48, r:25.00, omega:18.50, omega_m:25.00, u:340.21, theta1:28.820, theta2:20.553, e:-6.497
t:52.49, r:25.00, omega:23.50, omega_m:25.00, u:237.62, theta1:28.822, theta2:20.552, e:-1.501
t:52.50, r:25.00, omega:23.50, omega_m:25.00, u:237.70, theta1:28.824, theta2:20.550, e:-1.501
t:52.51, r:25.00, omega:23.30, omega_m:25.00, u:241.80, theta1:28.826, theta2:20.548, e:-1.696
t:52.52, r:25.00, omega:23.30, omega_m:25.00, u:241.90, theta1:28.828, theta2:20.546, e:-1.696
t:52.53, r:25.00, omega:23.30, omega_m:25.00, u:242.00, theta1:28.830, theta2:20.544, e:-1.696
t:52.54, r:25.00, omega:18.32, omega_m:25.00, u:344.76, theta1:28.839, theta2:20.538, e:-6.682
t:52.55, r:25.00, omega:18.32, omega_m:25.00, u:345.08, theta1:28.847, theta2:20.532, e:-6.682
t:52.56, r:25.00, omega:18.32, omega_m:25.00, u:345.40, theta1:28.855, theta2:20.525, e:-6.682
t:52.57, r:25.00, omega:18.10, omega_m:25.00, u:350.13, theta1:28.864, theta2:20.519, e:-6.897
t:52.58, r:25.00, omega:18.10, omega_m:25.00, u:350.46, theta1:28.873, theta2:20.513, e:-6.897
t:52.59, r:25.00, omega:23.29, omega_m:25.00, u:244.09, theta1:28.875, theta2:20.511, e:-1.706
t:52.60, r:25.00, omega:23.29, omega_m:25.00, u:244.19, theta1:28.877, theta2:20.509, e:-1.706
t:52.61, r:25.00, omega:22.15, omega_m:25.00, u:267.71, theta1:28.880, theta2:20.506, e:-2.846
t:52.62, r:25.00, omega:22.15, omega_m:25.00, u:267.87, theta1:28.884, theta2:20.503, e:-2.846
t:52.63, r:25.00, omega:22.15, omega_m:25.00, u:268.03, theta1:28.887, theta2:20.500, e:-2.846
t:52.64, r:25.00, omega:18.69, omega_m:25.00, u:339.33, theta1:28.895, theta2:20.494, e:-6.309
t:52.65, r:25.00, omega:18.69, omega_m:25.00, u:339.64, theta1:28.903, theta2:20.488, e:-6.309
t:52.66, r:25.00, omega:18.69, omega_m:25.00, u:339.95, theta1:28.911, theta2:20.482, e:-6.309
t:52.67, r:25.00, omega:20.10, omega_m:25.00, u:311.33, theta1:28.917, theta2:20.477, e:-4.899
t:52.68, r:25.00, omega:20.10, omega_m:25.00, u:311.59, theta1:28.923, theta2:20.472, e:-4.899
t:52.69, r:25.00, omega:21.89, omega_m:25.00, u:275.19, theta1:28.927, theta2:20.469, e:-3.113
t:52.70, r:25.00, omega:21.89, omega_m:25.00, u:275.36, theta1:28.931, theta2:20.465, e:-3.113
t:52.71, r:25.00, omega:21.89, omega_m:25.00, u:275.53, theta1:28.935, theta2:20.462, e:-3.113
t:52.72, r:25.00, omega:20.58, omega_m:25.00, u:302.59, theta1:28.941, theta2:20.457, e:-4.424
t:52.73, r:25.00, omega:20.58, omega_m:25.00, u:302.82, theta1:28.946, theta2:20.453, e:-4.424
t:52.74, r:25.00, omega:20.74, omega_m:25.00, u:299.74, theta1:28.951, theta2:20.448, e:-4.263
t:52.75, r:25.00, omega:20.74, omega_m:25.00, u:299.97, theta1:28.957, theta2:20.444, e:-4.263
t:52.76, r:25.00, omega:20.74, omega_m:25.00, u:300.19, theta1:28.962, theta2:20.439, e:-4.263
t:52.77, r:25.00, omega:20.67, omega_m:25.00, u:301.74, theta1:28.968, theta2:20.435, e:-4.327
t:52.78, r:25.00, omega:20.67, omega_m:25.00, u:301.97, theta1:28.973, theta2:20.431, e:-4.327
t:52.79, r:25.00, omega:20.59, omega_m:25.00, u:303.86, theta1:28.978, theta2:20.426, e:-4.409
t:52.80, r:25.00, omega:20.59, omega_m:25.00, u:304.09, theta1:28.984, theta2:20.421, e:-4.409
t:52.81, r:25.00, omega:20.59, omega_m:25.00, u:304.32, theta1:28.989, theta2:20.417, e:-4.409
t:52.82, r:25.00, omega:20.46, omega_m:25.00, u:307.17, theta1:28.995, theta2:20.412, e:-4.537
t:52.83, r:25.00, omega:20.46, omega_m:25.00, u:307.41, theta1:29.001, theta2:20.408, e:-4.537
t:52.84, r:25.00, omega:20.95, omega_m:25.00, u:297.68, theta1:29.006, theta2:20.403, e:-4.049
t:52.85, r:25.00, omega:20.95, omega_m:25.00, u:297.90, theta1:29.011, theta2:20.399, e:-4.049
t:52.86, r:25.00, omega:20.95, omega_m:25.00, u:298.11, theta1:29.016, theta2:20.395, e:-4.049
t:52.87, r:25.00, omega:21.44, omega_m:25.00, u:288.39, theta1:29.020, theta2:20.391, e:-3.563
t:52.88, r:25.00, omega:21.44, omega_m:25.00, u:288.58, theta1:29.025, theta2:20.387, e:-3.563
t:52.89, r:25.00, omega:21.66, omega_m:25.00, u:284.30, theta1:29.029, theta2:20.384, e:-3.344
t:52.90, r:25.00, omega:21.66, omega_m:25.00, u:284.48, theta1:29.033, theta2:20.380, e:-3.344
t:52.91, r:25.00, omega:21.66, omega_m:25.00, u:284.67, theta1:29.037, theta2:20.376, e:-3.344
t:52.92, r:25.00, omega:21.16, omega_m:25.00, u:294.96, theta1:29.042, theta2:20.372, e:-3.839
t:52.93, r:25.00, omega:21.16, omega_m:25.00, u:295.17, theta1:29.047, theta2:20.368, e:-3.839
t:52.94, r:25.00, omega:18.83, omega_m:25.00, u:342.95, theta1:29.055, theta2:20.362, e:-6.170
t:52.95, r:25.00, omega:18.83, omega_m:25.00, u:343.25, theta1:29.062, theta2:20.357, e:-6.170
t:52.96, r:25.00, omega:18.83, omega_m:25.00, u:343.55, theta1:29.070, theta2:20.351, e:-6.170
t:52.97, r:25.00, omega:23.17, omega_m:25.00, u:255.31, theta1:29.072, theta2:20.349, e:-1.829
t:52.98, r:25.00, omega:23.17, omega_m:25.00, u:255.41, theta1:29.075, theta2:20.347, e:-1.829
t:52.99, r:25.00, omega:21.77, omega_m:25.00, u:284.09, theta1:29.079, theta2:20.343, e:-3.230
t:53.00, r:25.00, omega:21.77, omega_m:25.00, u:284.27, theta1:29.083, theta2:20.340, e:-3.230
t:53.01, r:0.00, omega:21.77, omega_m:9.20, u:0.00, theta1:29.083, theta2:20.353, e:12.573
t:53.02, r:0.00, omega:19.12, omega_m:3.38, u:0.00, theta1:29.083, theta2:20.368, e:15.734
t:53.03, r:0.00, omega:19.12, omega_m:1.24, u:0.00, theta1:29.083, theta2:20.385, e:17.872
t:53.04, r:0.00, omega:19.12, omega_m:0.46, u:0.00, theta1:29.083, theta2:20.403, e:18.659
t:53.05, r:0.00, omega:19.12, omega_m:0.17, u:0.00, theta1:29.083, theta2:20.421, e:18.949
t:53.06, r:0.00, omega:19.12, omega_m:0.06, u:0.00, theta1:29.083, theta2:20.440, e:19.055
t:53.07, r:0.00, omega:19.12, omega_m:0.02, u:0.00, theta1:29.083, theta2:20.458, e:19.094
t:53.08, r:0.00, omega:19.12, omega_m:0.01, u:0.00, theta1:29.083, theta2:20.476, e:19.109
t:53.09, r:0.00, omega:19.12, omega_m:0.00, u:0.00, theta1:29.083, theta2:20.494, e:19.114
t:53.10, r:0.00, omega:19.12, omega_m:0.00, u:0.00, theta1:29.083, theta2:20.513, e:19.116
t:53.11, r:0.00, omega:19.12, omega_m:0.00, u:0.00, theta1:29.083, theta2:20.531, e:19.117
t:53.12, r:0.00, omega:19.12, omega_m:0.00, u:0.00, theta1:29.083, theta2:20.549, e:19.117
t:53.13, r:0.00, omega:19.12, omega_m:0.00, u:0.00, theta1:29.083, theta2:20.567, e:19.117
t:53.14, r:0.00, omega:19.12, omega_m:0.00, u:0.00, theta1:29.083, theta2:20.586, e:19.117
t:53.15, r:0.00, omega:19.12, omega_m:0.00, u:0.00, theta1:29.083, theta2:20.604, e:19.117
t:53.16, r:0.00, omega:19.12, omega_m:0.00, u:0.00, theta1:29.083, theta2:20.622, e:19.117
t:53.17, r:0.00, omega:19.12, omega_m:0.00, u:0.00, theta1:29.083, theta2:20.641, e:19.117
t:53.18, r:0.00, omega:19.12, omega_m:0.00, u:0.00, theta1:29.083, theta2:20.659, e:19.117
t:53.19, r:0.00, omega:19.12, omega_m:0.00, u:0.00, theta1:29.083, theta2:20.677, e:19.117
t:53.20, r:0.00, omega:19.12, omega_m:0.00, u:0.00, theta1:29.083, theta2:20.695, e:19.117
t:53.21, r:0.00, omega:19.12, omega_m:0.00, u:0.00, theta1:29.083, theta2:20.714, e:19.117
t:53.22, r:0.00, omega:19.12, omega_m:0.00, u:0.00, theta1:29.083, theta2:20.732, e:19.117
t:53.23, r:0.00, omega:19.12, omega_m:0.00, u:0.00, theta1:29.083, theta2:20.750, e:19.117
t:53.24, r:0.00, omega:19.12, omega_m:0.00, u:0.00, theta1:29.083, theta2:20.768, e:19.117
t:53.25, r:0.00, omega:19.12, omega_m:0.00, u:0.00, theta1:29.083, theta2:20.787, e:19.117
t:53.26, r:0.00, omega:19.12, omega_m:0.00, u:0.00, theta1:29.083, theta2:20.805, e:19.117
t:53.27, r:0.00, omega:19.12, omega_m:0.00, u:0.00, theta1:29.083, theta2:20.823, e:19.117
t:53.28, r:0.00, omega:19.12, omega_m:0.00, u:0.00, theta1:29.083, theta2:20.842, e:19.117
t:53.29, r:0.00, omega:19.12, omega_m:0.00, u:0.00, theta1:29.083, theta2:20.860, e:19.117
t:53.30, r:0.00, omega:19.12, omega_m:0.00, u:0.00, theta1:29.083, theta2:20.878, e:19.117
t:53.31, r:0.00, omega:19.12, omega_m:0.00, u:0.00, theta1:29.083, theta2:20.896, e:19.117
t:53.32, r:0.00, omega:19.12, omega_m:0.00, u:0.00, theta1:29.083, theta2:20.915, e:19.117
t:53.33, r:0.00, omega:19.12, omega_m:0.00, u:0.00, theta1:29.083, theta2:20.933, e:19.117
t:53.34, r:0.00, omega:19.12, omega_m:0.00, u:0.00, theta1:29.083, theta2:20.951, e:19.117
t:53.35, r:0.00, omega:19.12, omega_m:0.00, u:0.00, theta1:29.083, theta2:20.969, e:19.117
t:53.36, r:0.00, omega:19.12, omega_m:0.00, u:0.00, theta1:29.083, theta2:20.988, e:19.117
t:53.37, r:0.00, omega:19.12, omega_m:0.00, u:0.00, theta1:29.083, theta2:21.006, e:19.117
t:53.38, r:0.00, omega:19.12, omega_m:0.00, u:0.00, theta1:29.083, theta2:21.024, e:19.117
t:53.39, r:0.00, omega:19.12, omega_m:0.00, u:0.00, theta1:29.083, theta2:21.043, e:19.117
t:53.40, r:0.00, omega:19.12, omega_m:0.00, u:0.00, theta1:29.083, theta2:21.061, e:19.117
t:53.41, r:0.00, omega:19.12, omega_m:0.00, u:0.00, theta1:29.083, theta2:21.079, e:19.117
t:53.42, r:0.00, omega:19.12, omega_m:0.00, u:0.00, theta1:29.083, theta2:21.097, e:19.117
t:53.43, r:0.00, omega:19.12, omega_m:0.00, u:0.00, theta1:29.083, theta2:21.116, e:19.117
t:53.44, r:0.00, omega:19.12, omega_m:0.00, u:0.00, theta1:29.083, theta2:21.134, e:19.117
t:53.45, r:0.00, omega:19.12, omega_m:0.00, u:0.00, theta1:29.083, theta2:21.152, e:19.117
t:53.46, r:0.00, omega:19.12, omega_m:0.00, u:0.00, theta1:29.083, theta2:21.170, e:19.117
t:53.47, r:0.00, omega:19.12, omega_m:0.00, u:0.00, theta1:29.083, theta2:21.189, e:19.117
t:53.48, r:0.00, omega:19.12, omega_m:0.00, u:0.00, theta1:29.083, theta2:21.207, e:19.117
t:53.49, r:0.00, omega:19.12, omega_m:0.00, u:0.00, theta1:29.083, theta2:21.225, e:19.117
t:53.50, r:0.00, omega:19.12, omega_m:0.00, u:0.00, theta1:29.083, theta2:21.244, e:19.117
t:53.51, r:0.00, omega:19.12, omega_m:0.00, u:0.00, theta1:29.083, theta2:21.262, e:19.117
t:53.52, r:0.00, omega:0.00, omega_m:0.00, u:0.00, theta1:29.083, theta2:21.262, e:-0.000
t:53.53, r:0.00, omega:0.00, omega_m:0.00, u:0.00, theta1:29.083, theta2:21.262, e:-0.000
t:53.54, r:0.00, omega:0.00, omega_m:0.00, u:0.00, theta1:29.083, theta2:21.262, e:-0.000
t:53.55, r:0.00, omega:0.00, omega_m:0.00, u:0.00, theta1:29.083, theta2:21.262, e:-0.000
t:53.56, r:0.00, omega:0.00, omega_m:0.00, u:0.00, theta1:29.083, theta2:21.262, e:-0.000
t:53.57, r:0.00, omega:0.00, omega_m:0.00, u:0.00, theta1:29.083, theta2:21.262, e:-0.000
t:53.58, r:0.00, omega:0.00, omega_m:0.00, u:0.00, theta1:29.083, theta2:21.262, e:-0.000
t:53.59, r:0.00, omega:0.00, omega_m:0.00, u:0.00, theta1:29.083, theta2:21.262, e:-0.000
t:53.60, r:0.00, omega:0.00, omega_m:0.00, u:0.00, theta1:29.083, theta2:21.262, e:-0.000
t:53.61, r:0.00, omega:0.00, omega_m:0.00, u:0.00, theta1:29.083, theta2:21.262, e:-0.000
t:53.62, r:0.00, omega:0.00, omega_m:0.00, u:0.00, theta1:29.083, theta2:21.262, e:-0.000
t:53.63, r:0.00, omega:0.00, omega_m:0.00, u:0.00, theta1:29.083, theta2:21.262, e:-0.000
t:53.64, r:0.00, omega:0.00, omega_m:0.00, u:0.00, theta1:29.083, theta2:21.262, e:-0.000
t:53.65, r:0.00, omega:0.00, omega_m:0.00, u:0.00, theta1:29.083, theta2:21.262, e:-0.000
t:53.66, r:0.00, omega:0.00, omega_m:0.00, u:0.00, theta1:29.083, theta2:21.262, e:-0.000
t:53.67, r:0.00, omega:0.00, omega_m:0.00, u:0.00, theta1:29.083, theta2:21.262, e:-0.000
t:53.68, r:0.00, omega:0.00, omega_m:0.00, u:0.00, theta1:29.083, theta2:21.262, e:-0.000
t:53.69, r:0.00, omega:0.00, omega_m:0.00, u:0.00, theta1:29.083, theta2:21.262, e:-0.000
t:53.70, r:0.00, omega:0.00, omega_m:0.00, u:0.00, theta1:29.083, theta2:21.262, e:-0.000
t:53.71, r:0.00, omega:0.00, omega_m:0.00, u:0.00, theta1:29.083, theta2:21.262, e:-0.000
t:53.72, r:0.00, omega:0.00, omega_m:0.00, u:0.00, theta1:29.083, theta2:21.262, e:-0.000
t:53.73, r:0.00, omega:0.00, omega_m:0.00, u:0.00, theta1:29.083, theta2:21.262, e:-0.000
t:53.74, r:0.00, omega:0.00, omega_m:0.00, u:0.00, theta1:29.083, theta2:21.262, e:-0.000
t:53.75, r:0.00, omega:0.00, omega_m:0.00, u:0.00, theta1:29.083, theta2:21.262, e:-0.000
t:53.76, r:0.00, omega:0.00, omega_m:0.00, u:0.00, theta1:29.083, theta2:21.262, e:-0.000
t:53.77, r:0.00, omega:0.00, omega_m:0.00, u:0.00, theta1:29.083, theta2:21.262, e:-0.000
t:53.78, r:0.00, omega:0.00, omega_m:0.00, u:0.00, theta1:29.083, theta2:21.262, e:-0.000
t:53.79, r:0.00, omega:0.00, omega_m:0.00, u:0.00, theta1:29.083, theta2:21.262, e:-0.000
t:53.80, r:0.00, omega:0.00, omega_m:0.00, u:0.00, theta1:29.083, theta2:21.262, e:-0.000
t:53.81, r:0.00, omega:0.00, omega_m:0.00, u:0.00, theta1:29.083, theta2:21.262, e:-0.000
t:53.82, r:0.00, omega:0.00, omega_m:0.00, u:0.00, theta1:29.083, theta2:21.262, e:-0.000
t:53.83, r:0.00, omega:0.00, omega_m:0.00, u:0.00, theta1:29.083, theta2:21.262, e:-0.000
t:53.84, r:0.00, omega:0.00, omega_m:0.00, u:0.00, theta1:29.083, theta2:21.262, e:-0.000
t:53.85, r:0.00, omega:0.00, omega_m:0.00, u:0.00, theta1:29.083, theta2:21.262, e:-0.000
t:53.86, r:0.00, omega:0.00, omega_m:0.00, u:0.00, theta1:29.083, theta2:21.262, e:-0.000
t:53.87, r:0.00, omega:0.00, omega_m:0.00, u:0.00, theta1:29.083, theta2:21.262, e:-0.000
t:53.88, r:0.00, omega:0.00, omega_m:0.00, u:0.00, theta1:29.083, theta2:21.262, e:-0.000
t:53.89, r:0.00, omega:0.00, omega_m:0.00, u:0.00, theta1:29.083, theta2:21.262, e:-0.000
t:53.90, r:0.00, omega:0.00, omega_m:0.00, u:0.00, theta1:29.083, theta2:21.262, e:-0.000
t:53.91, r:0.00, omega:0.00, omega_m:0.00, u:0.00, theta1:29.083, theta2:21.262, e:-0.000
t:53.92, r:0.00, omega:0.00, omega_m:0.00, u:0.00, theta1:29.083, theta2:21.262, e:-0.000
t:53.93, r:0.00, omega:0.00, omega_m:0.00, u:0.00, theta1:29.083, theta2:21.262, e:-0.000
t:53.94, r:0.00, omega:0.00, omega_m:0.00, u:0.00, theta1:29.083, theta2:21.262, e:-0.000
t:53.95, r:0.00, omega:0.00, omega_m:0.00, u:0.00, theta1:29.083, theta2:21.262, e:-0.000
t:53.96, r:0.00, omega:0.00, omega_m:0.00, u:0.00, theta1:29.083, theta2:21.262, e:-0.000
t:53.97, r:0.00, omega:0.00, omega_m:0.00, u:0.00, theta1:29.083, theta2:21.262, e:-0.000
t:53.98, r:0.00, omega:0.00, omega_m:0.00, u:0.00, theta1:29.083, theta2:21.262, e:-0.000
t:53.99, r:0.00, omega:0.00, omega_m:0.00, u:0.00, theta1:29.083, theta2:21.262, e:-0.000
t:54.00, r:0.00, omega:0.00, omega_m:0.00, u:0.00, theta1:29.083, theta2:21.262, e:-0.000
t:54.01, r:-25.00, omega:0.00, omega_m:-15.80, u:-700.00, theta1:29.103, theta2:21.262, e:15.803
t:54.02, r:-25.00, omega:0.00, omega_m:-21.62, u:-700.00, theta1:29.130, theta2:21.262, e:21.617
t:54.03, r:-25.00, omega:-0.52, omega_m:-23.76, u:-700.00, theta1:29.159, theta2:21.261, e:23.236
t:54.04, r:-25.00, omega:-0.52, omega_m:-24.54, u:-700.00, theta1:29.189, theta2:21.261, e:24.023
t:54.05, r:-25.00, omega:-25.95, omega_m:-24.83, u:-178.01, theta1:29.187, theta2:21.262, e:-1.115
t:54.06, r:-25.00, omega:-37.19, omega_m:-24.94, u:62.34, theta1:29.172, theta2:21.285, e:-12.255
t:54.07, r:-25.00, omega:-37.19, omega_m:-24.98, u:63.57, theta1:29.157, theta2:21.308, e:-12.215
t:54.08, r:-25.00, omega:-27.47, omega_m:-24.99, u:-143.47, theta1:29.154, theta2:21.311, e:-2.477
t:54.09, r:-25.00, omega:-27.47, omega_m:-25.00, u:-143.30, theta1:29.151, theta2:21.314, e:-2.471
t:54.10, r:-25.00, omega:-27.47, omega_m:-25.00, u:-143.13, theta1:29.147, theta2:21.318, e:-2.469
t:54.11, r:-25.00, omega:-27.47, omega_m:-25.00, u:-142.96, theta1:29.144, theta2:21.321, e:-2.469
t:54.12, r:-25.00, omega:-27.47, omega_m:-25.00, u:-142.79, theta1:29.141, theta2:21.324, e:-2.468
t:54.13, r:-25.00, omega:-9.63, omega_m:-25.00, u:-523.82, theta1:29.160, theta2:21.317, e:15.374
t:54.14, r:-25.00, omega:-9.63, omega_m:-25.00, u:-524.38, theta1:29.180, theta2:21.310, e:15.374
t:54.15, r:-25.00, omega:-9.63, omega_m:-25.00, u:-524.93, theta1:29.199, theta2:21.302, e:15.374
t:54.16, r:-25.00, omega:-18.13, omega_m:-25.00, u:-344.11, theta1:29.207, theta2:21.296, e:6.871
t:54.17, r:-25.00, omega:-18.13, omega_m:-25.00, u:-344.44, theta1:29.216, theta2:21.290, e:6.871
t:54.18, r:-25.00, omega:-29.04, omega_m:-25.00, u:-111.94, theta1:29.211, theta2:21.296, e:-4.036
t:54.19, r:-25.00, omega:-29.04, omega_m:-25.00, u:-111.65, theta1:29.206, theta2:21.302, e:-4.036
t:54.20, r:-25.00, omega:-24.68, omega_m:-25.00, u:-204.41, theta1:29.206, theta2:21.301, e:0.318
t:54.21, r:-25.00, omega:-24.68, omega_m:-25.00, u:-204.43, theta1:29.207, theta2:21.301, e:0.318
t:54.22, r:-25.00, omega:-24.68, omega_m:-25.00, u:-204.45, theta1:29.207, theta2:21.300, e:0.318
t:54.23, r:-25.00, omega:-24.68, omega_m:-25.00, u:-204.47, theta1:29.208, theta2:21.300, e:0.318
t:54.24, r:-25.00, omega:-14.19, omega_m:-25.00, u:-428.35, theta1:29.221, theta2:21.292, e:10.808
t:54.25, r:-25.00, omega:-14.19, omega_m:-25.00, u:-428.79, theta1:29.235, theta2:21.285, e:10.808
t:54.26, r:-25.00, omega:-14.19, omega_m:-25.00, u:-429.24, theta1:29.248, theta2:21.277, e:10.808
t:54.27, r:-25.00, omega:-18.12, omega_m:-25.00, u:-345.98, theta1:29.257, theta2:21.271, e:6.879
t:54.28, r:-25.00, omega:-18.12, omega_m:-25.00, u:-346.30, theta1:29.265, theta2:21.265, e:6.879
t:54.29, r:-25.00, omega:-25.89, omega_m:-25.00, u:-181.07, theta1:29.264, theta2:21.266, e:-0.889
t:54.30, r:-25.00, omega:-25.89, omega_m:-25.00, u:-181.01, theta1:29.263, theta2:21.267, e:-0.889
t:54.31, r:-25.00, omega:-24.84, omega_m:-25.00, u:-203.22, theta1:29.263, theta2:21.267, e:0.155
t:54.32, r:-25.00, omega:-24.84, omega_m:-25.00, u:-203.23, theta1:29.263, theta2:21.266, e:0.155
t:54.33, r:-25.00, omega:-24.84, omega_m:-25.00, u:-203.24, theta1:29.264, theta2:21.266, e:0.155
t:54.34, r:-25.00, omega:-16.36, omega_m:-25.00, u:-384.05, theta1:29.274, theta2:21.259, e:8.640
t:54.35, r:-25.00, omega:-16.36, omega_m:-25.00, u:-384.44, theta1:29.285, theta2:21.252, e:8.640
t:54.36, r:-25.00, omega:-16.36, omega_m:-25.00, u:-384.82, theta1:29.296, theta2:21.245, e:8.640
t:54.37, r:-25.00, omega:-18.22, omega_m:-25.00, u:-345.61, theta1:29.305, theta2:21.239, e:6.778
t:54.38, r:-25.00, omega:-18.22, omega_m:-25.00, u:-345.93, theta1:29.313, theta2:21.233, e:6.778
t:54.39, r:-25.00, omega:-24.23, omega_m:-25.00, u:-218.32, theta1:29.314, theta2:21.232, e:0.766
t:54.40, r:-25.00, omega:-24.23, omega_m:-25.00, u:-218.37, theta1:29.315, theta2:21.231, e:0.766
t:54.41, r:-25.00, omega:-24.23, omega_m:-25.00, u:-218.41, theta1:29.316, theta2:21.230, e:0.766
t:54.42, r:-25.00, omega:-22.22, omega_m:-25.00, u:-261.26, theta1:29.319, theta2:21.227, e:2.777
t:54.43, r:-25.00, omega:-22.22, omega_m:-25.00, u:-261.41, theta1:29.323, theta2:21.224, e:2.777
t:54.44, r:-25.00, omega:-18.80, omega_m:-25.00, u:-334.43, theta1:29.331, theta2:21.218, e:6.203
t:54.45, r:-25.00, omega:-18.80, omega_m:-25.00, u:-334.73, theta1:29.338, theta2:21.212, e:6.203
t:54.46, r:-25.00, omega:-18.80, omega_m:-25.00, u:-335.03, theta1:29.346, theta2:21.206, e:6.203
t:54.47, r:-25.00, omega:-18.64, omega_m:-25.00, u:-338.59, theta1:29.354, theta2:21.200, e:6.356
t:54.48, r:-25.00, omega:-18.64, omega_m:-25.00, u:-338.90, theta1:29.362, theta2:21.194, e:6.356
t:54.49, r:-25.00, omega:-22.11, omega_m:-25.00, u:-265.61, theta1:29.366, theta2:21.191, e:2.890
t:54.50, r:-25.00, omega:-22.11, omega_m:-25.00, u:-265.77, theta1:29.369, theta2:21.188, e:2.890
t:54.51, r:-25.00, omega:-22.11, omega_m:-25.00, u:-265.93, theta1:29.373, theta2:21.185, e:2.890
t:54.52, r:-25.00, omega:-23.74, omega_m:-25.00, u:-231.41, theta1:29.374, theta2:21.183, e:1.257
t:54.53, r:-25.00, omega:-23.74, omega_m:-25.00, u:-231.48, theta1:29.376, theta2:21.182, e:1.257
t:54.54, r:-25.00, omega:-23.74, omega_m:-25.00, u:-231.56, theta1:29.378, theta2:21.180, e:1.257
t:54.55, r:-25.00, omega:-18.42, omega_m:-25.00, u:-344.51, theta1:29.386, theta2:21.174, e:6.575
t:54.56, r:-25.00, omega:-18.42, omega_m:-25.00, u:-344.83, theta1:29.394, theta2:21.168, e:6.575
t:54.57, r:-25.00, omega:-18.21, omega_m:-25.00, u:-349.76, theta1:29.402, theta2:21.162, e:6.793
t:54.58, r:-25.00, omega:-18.21, omega_m:-25.00, u:-350.09, theta1:29.411, theta2:21.156, e:6.793
t:54.59, r:-25.00, omega:-18.21, omega_m:-25.00, u:-350.41, theta1:29.419, theta2:21.150, e:6.793
t:54.60, r:-25.00, omega:-22.47, omega_m:-25.00, u:-260.39, theta1:29.423, theta2:21.147, e:2.530
t:54.61, r:-25.00, omega:-22.47, omega_m:-25.00, u:-260.54, theta1:29.426, theta2:21.144, e:2.530
t:54.62, r:-25.00, omega:-24.30, omega_m:-25.00, u:-221.98, theta1:29.427, theta2:21.143, e:0.704
t:54.63, r:-25.00, omega:-24.30, omega_m:-25.00, u:-222.02, theta1:29.428, theta2:21.142, e:0.704
t:54.64, r:-25.00, omega:-24.30, omega_m:-25.00, u:-222.06, theta1:29.428, theta2:21.141, e:0.704
t:54.65, r:-25.00, omega:-18.74, omega_m:-25.00, u:-339.72, theta1:29.436, theta2:21.136, e:6.255
t:54.66, r:-25.00, omega:-18.74, omega_m:-25.00, u:-340.03, theta1:29.444, theta2:21.130, e:6.255
t:54.67, r:-25.00, omega:-18.74, omega_m:-25.00, u:-340.34, theta1:29.452, theta2:21.124, e:6.255
t:54.68, r:-25.00, omega:-18.18, omega_m:-25.00, u:-352.66, theta1:29.460, theta2:21.118, e:6.823
t:54.69, r:-25.00, omega:-18.18, omega_m:-25.00, u:-352.99, theta1:29.469, theta2:21.111, e:6.823
t:54.70, r:-25.00, omega:-21.71, omega_m:-25.00, u:-278.48, theta1:29.473, theta2:21.108, e:3.286
t:54.71, r:-25.00, omega:-21.71, omega_m:-25.00, u:-278.66, theta1:29.477, theta2:21.104, e:3.286
t:54.72, r:-25.00, omega:-24.19, omega_m:-25.00, u:-226.36, theta1:29.478, theta2:21.103, e:0.805
t:54.73, r:-25.00, omega:-24.19, omega_m:-25.00, u:-226.41, theta1:29.479, theta2:21.102, e:0.805
t:54.74, r:-25.00, omega:-24.19, omega_m:-25.00, u:-226.46, theta1:29.480, theta2:21.101, e:0.805
t:54.75, r:-25.00, omega:-19.80, omega_m:-25.00, u:-319.44, theta1:29.487, theta2:21.096, e:5.199
t:54.76, r:-25.00, omega:-19.80, omega_m:-25.00, u:-319.70, theta1:29.493, theta2:21.091, e:5.199
t:54.77, r:-25.00, omega:-19.80, omega_m:-25.00, u:-319.97, theta1:29.500, theta2:21.086, e:5.199
t:54.78, r:-25.00, omega:-17.86, omega_m:-25.00, u:-361.13, theta1:29.509, theta2:21.080, e:7.135
t:54.79, r:-25.00, omega:-17.86, omega_m:-25.00, u:-361.47, theta1:29.517, theta2:21.073, e:7.135
t:54.80, r:-25.00, omega:-21.69, omega_m:-25.00, u:-280.98, theta1:29.522, theta2:21.070, e:3.307
t:54.81, r:-25.00, omega:-21.69, omega_m:-25.00, u:-281.16, theta1:29.526, theta2:21.066, e:3.307
t:54.82, r:-25.00, omega:-23.69, omega_m:-25.00, u:-239.14, theta1:29.527, theta2:21.064, e:1.309
t:54.83, r:-25.00, omega:-23.69, omega_m:-25.00, u:-239.22, theta1:29.529, theta2:21.063, e:1.309
t:54.84, r:-25.00, omega:-23.69, omega_m:-25.00, u:-239.30, theta1:29.531, theta2:21.061, e:1.309
t:54.85, r:-25.00, omega:-20.39, omega_m:-25.00, u:-309.05, theta1:29.536, theta2:21.057, e:4.609
t:54.86, r:-25.00, omega:-20.39, omega_m:-25.00, u:-309.29, theta1:29.542, theta2:21.052, e:4.609
t:54.87, r:-25.00, omega:-20.39, omega_m:-25.00, u:-309.53, theta1:29.548, theta2:21.047, e:4.609
t:54.88, r:-25.00, omega:-19.91, omega_m:-25.00, u:-319.82, theta1:29.554, theta2:21.042, e:5.086
t:54.89, r:-25.00, omega:-19.91, omega_m:-25.00, u:-320.08, theta1:29.561, theta2:21.037, e:5.086
t:54.90, r:-25.00, omega:-20.22, omega_m:-25.00, u:-313.91, theta1:29.567, theta2:21.032, e:4.781
t:54.91, r:-25.00, omega:-20.22, omega_m:-25.00, u:-314.16, theta1:29.573, theta2:21.027, e:4.781
t:54.92, r:-25.00, omega:-22.66, omega_m:-25.00, u:-262.87, theta1:29.576, theta2:21.025, e:2.335
t:54.93, r:-25.00, omega:-22.66, omega_m:-25.00, u:-263.00, theta1:29.578, theta2:21.022, e:2.335
t:54.94, r:-25.00, omega:-22.66, omega_m:-25.00, u:-263.13, theta1:29.581, theta2:21.020, e:2.335
t:54.95, r:-25.00, omega:-21.31, omega_m:-25.00, u:-291.80, theta1:29.586, theta2:21.016, e:3.690
t:54.96, r:-25.00, omega:-21.31, omega_m:-25.00, u:-292.00, theta1:29.591, theta2:21.012, e:3.690
t:54.97, r:-25.00, omega:-21.31, omega_m:-25.00, u:-292.20, theta1:29.595, theta2:21.008, e:3.690
t:54.98, r:-25.00, omega:-18.73, omega_m:-25.00, u:-346.81, theta1:29.603, theta2:21.002, e:6.275
t:54.99, r:-25.00, omega:-18.73, omega_m:-25.00, u:-347.12, theta1:29.611, theta2:20.996, e:6.275
t:55.00, r:-25.00, omega:-20.73, omega_m:-25.00, u:-305.20, theta1:29.616, theta2:20.992, e:4.268
t:55.01, r:0.00, omega:-20.73, omega_m:-9.20, u:0.00, theta1:29.616, theta2:21.003, e:-11.535
t:55.02, r:0.00, omega:-20.73, omega_m:-3.38, u:0.00, theta1:29.616, theta2:21.021, e:-17.349
t:55.03, r:0.00, omega:-21.22, omega_m:-1.24, u:0.00, theta1:29.616, theta2:21.043, e:-19.975
t:55.04, r:0.00, omega:-21.22, omega_m:-0.46, u:0.00, theta1:29.616, theta2:21.065, e:-20.762
t:55.05, r:0.00, omega:-21.22, omega_m:-0.17, u:0.00, theta1:29.616, theta2:21.087, e:-21.051
t:55.06, r:0.00, omega:-21.22, omega_m:-0.06, u:0.00, theta1:29.616, theta2:21.109, e:-21.158
t:55.07, r:0.00, omega:-21.22, omega_m:-0.02, u:0.00, theta1:29.616, theta2:21.132, e:-21.197
t:55.08, r:0.00, omega:-21.22, omega_m:-0.01, u:0.00, theta1:29.616, theta2:21.154, e:-21.211
t:55.09, r:0.00, omega:-21.22, omega_m:-0.00, u:0.00, theta1:29.616, theta2:21.177, e:-21.217
t:55.10, r:0.00, omega:-21.22, omega_m:-0.00, u:0.00, theta1:29.616, theta2:21.200, e:-21.219
t:55.11, r:0.00, omega:-21.22, omega_m:-0.00, u:0.00, theta1:29.616, theta2:21.222, e:-21.219
t:55.12, r:0.00, omega:-21.22, omega_m:-0.00, u:0.00, theta1:29.616, theta2:21.245, e:-21.220
t:55.13, r:0.00, omega:-21.22, omega_m:-0.00, u:0.00, theta1:29.616, theta2:21.267, e:-21.220
t:55.14, r:0.00, omega:-21.22, omega_m:-0.00, u:0.00, theta1:29.616, theta2:21.290, e:-21.220
t:55.15, r:0.00, omega:-21.22, omega_m:-0.00, u:0.00, theta1:29.616, theta2:21.312, e:-21.220
t:55.16, r:0.00, omega:-21.22, omega_m:-0.00, u:0.00, theta1:29.616, theta2:21.335, e:-21.220
t:55.17, r:0.00, omega:-21.22, omega_m:-0.00, u:0.00, theta1:29.616, theta2:21.357, e:-21.220
t:55.18, r:0.00, omega:-21.22, omega_m:-0.00, u:0.00, theta1:29.616, theta2:21.380, e:-21.220
t:55.19, r:0.00, omega:-21.22, omega_m:-0.00, u:0.00, theta1:29.616, theta2:21.402, e:-21.220
t:55.20, r:0.00, omega:-21.22, omega_m:-0.00, u:0.00, theta1:29.616, theta2:21.425, e:-21.220
t:55.21, r:0.00, omega:-21.22, omega_m:-0.00, u:0.00, theta1:29.616, theta2:21.447, e:-21.220
t:55.22, r:0.00, omega:-21.22, omega_m:-0.00, u:0.00, theta1:29.616, theta2:21.470, e:-21.220
t:55.23, r:0.00, omega:-21.22, omega_m:-0.00, u:0.00, theta1:29.616, theta2:21.492, e:-21.220
t:55.24, r:0.00, omega:-21.22, omega_m:-0.00, u:0.00, theta1:29.616, theta2:21.515, e:-21.220
t:55.25, r:0.00, omega:-21.22, omega_m:-0.00, u:0.00, theta1:29.616, theta2:21.537, e:-21.220
t:55.26, r:0.00, omega:-21.22, omega_m:-0.00, u:0.00, theta1:29.616, theta2:21.560, e:-21.220
t:55.27, r:0.00, omega:-21.22, omega_m:-0.00, u:0.00, theta1:29.616, theta2:21.582, e:-21.220
t:55.28, r:0.00, omega:-21.22, omega_m:-0.00, u:0.00, theta1:29.616, theta2:21.605, e:-21.220
t:55.29, r:0.00, omega:-21.22, omega_m:-0.00, u:0.00, theta1:29.616, theta2:21.627, e:-21.220
t:55.30, r:0.00, omega:-21.22, omega_m:-0.00, u:0.00, theta1:29.616, theta2:21.650, e:-21.220
t:55.31, r:0.00, omega:-21.22, omega_m:-0.00, u:0.00, theta1:29.616, theta2:21.672, e:-21.220
t:55.32, r:0.00, omega:-21.22, omega_m:-0.00, u:0.00, theta1:29.616, theta2:21.695, e:-21.220
t:55.33, r:0.00, omega:-21.22, omega_m:-0.00, u:0.00, theta1:29.616, theta2:21.717, e:-21.220
t:55.34, r:0.00, omega:-21.22, omega_m:-0.00, u:0.00, theta1:29.616, theta2:21.740, e:-21.220
t:55.35, r:0.00, omega:-21.22, omega_m:-0.00, u:0.00, theta1:29.616, theta2:21.762, e:-21.220
t:55.36, r:0.00, omega:-21.22, omega_m:-0.00, u:0.00, theta1:29.616, theta2:21.785, e:-21.220
t:55.37, r:0.00, omega:-21.22, omega_m:-0.00, u:0.00, theta1:29.616, theta2:21.807, e:-21.220
t:55.38, r:0.00, omega:-21.22, omega_m:-0.00, u:0.00, theta1:29.616, theta2:21.830, e:-21.220
t:55.39, r:0.00, omega:-21.22, omega_m:-0.00, u:0.00, theta1:29.616, theta2:21.852, e:-21.220
t:55.40, r:0.00, omega:-21.22, omega_m:-0.00, u:0.00, theta1:29.616, theta2:21.875, e:-21.220
t:55.41, r:0.00, omega:-21.22, omega_m:-0.00, u:0.00, theta1:29.616, theta2:21.897, e:-21.220
t:55.42, r:0.00, omega:-21.22, omega_m:-0.00, u:0.00, theta1:29.616, theta2:21.920, e:-21.220
t:55.43, r:0.00, omega:-21.22, omega_m:-0.00, u:0.00, theta1:29.616, theta2:21.942, e:-21.220
t:55.44, r:0.00, omega:-21.22, omega_m:-0.00, u:0.00, theta1:29.616, theta2:21.965, e:-21.220
t:55.45, r:0.00, omega:-21.22, omega_m:-0.00, u:0.00, theta1:29.616, theta2:21.987, e:-21.220
t:55.46, r:0.00, omega:-21.22, omega_m:-0.00, u:0.00, theta1:29.616, theta2:22.010, e:-21.220
t:55.47, r:0.00, omega:-21.22, omega_m:-0.00, u:0.00, theta1:29.616, theta2:22.033, e:-21.220
t:55.48, r:0.00, omega:-21.22, omega_m:-0.00, u:0.00, theta1:29.616, theta2:22.055, e:-21.220
t:55.49, r:0.00, omega:-21.22, omega_m:-0.00, u:0.00, theta1:29.616, theta2:22.078, e:-21.220
t:55.50, r:0.00, omega:-21.22, omega_m:-0.00, u:0.00, theta1:29.616, theta2:22.100, e:-21.220
t:55.51, r:0.00, omega:-21.22, omega_m:-0.00, u:0.00, theta1:29.616, theta2:22.123, e:-21.220
t:55.52, r:0.00, omega:-21.22, omega_m:-0.00, u:0.00, theta1:29.616, theta2:22.145, e:-21.220
t:55.53, r:0.00, omega:0.00, omega_m:-0.00, u:0.00, theta1:29.616, theta2:22.145, e:0.000
t:55.54, r:0.00, omega:0.00, omega_m:-0.00, u:0.00, theta1:29.616, theta2:22.145, e:0.000
t:55.55, r:0.00, omega:0.00, omega_m:-0.00, u:0.00, theta1:29.616, theta2:22.145, e:0.000
t:55.56, r:0.00, omega:0.00, omega_m:-0.00, u:0.00, theta1:29.616, theta2:22.145, e:0.000
t:55.57, r:0.00, omega:0.00, omega_m:-0.00, u:0.00, theta1:29.616, theta2:22.145, e:0.000
t:55.58, r:0.00, omega:0.00, omega_m:-0.00, u:0.00, theta1:29.616, theta2:22.145, e:0.000
t:55.59, r:0.00, omega:0.00, omega_m:-0.00, u:0.00, theta1:29.616, theta2:22.145, e:0.000
t:55.60, r:0.00, omega:0.00, omega_m:-0.00, u:0.00, theta1:29.616, theta2:22.145, e:0.000
t:55.61, r:0.00, omega:0.00, omega_m:-0.00, u:0.00, theta1:29.616, theta2:22.145, e:0.000
t:55.62, r:0.00, omega:0.00, omega_m:-0.00, u:0.00, theta1:29.616, theta2:22.145, e:0.000
t:55.63, r:0.00, omega:0.00, omega_m:-0.00, u:0.00, theta1:29.616, theta2:22.145, e:0.000
t:55.64, r:0.00, omega:0.00, omega_m:-0.00, u:0.00, theta1:29.616, theta2:22.145, e:0.000
t:55.65, r:0.00, omega:0.00, omega_m:-0.00, u:0.00, theta1:29.616, theta2:22.145, e:0.000
t:55.66, r:0.00, omega:0.00, omega_m:-0.00, u:0.00, theta1:29.616, theta2:22.145, e:0.000
t:55.67, r:0.00, omega:0.00, omega_m:-0.00, u:0.00, theta1:29.616, theta2:22.145, e:0.000
t:55.68, r:0.00, omega:0.00, omega_m:-0.00, u:0.00, theta1:29.616, theta2:22.145, e:0.000
t:55.69, r:0.00, omega:0.00, omega_m:-0.00, u:0.00, theta1:29.616, theta2:22.145, e:0.000
t:55.70, r:0.00, omega:0.00, omega_m:-0.00, u:0.00, theta1:29.616, theta2:22.145, e:0.000
t:55.71, r:0.00, omega:0.00, omega_m:-0.00, u:0.00, theta1:29.616, theta2:22.145, e:0.000
t:55.72, r:0.00, omega:0.00, omega_m:-0.00, u:0.00, theta1:29.616, theta2:22.145, e:0.000
t:55.73, r:0.00, omega:0.00, omega_m:-0.00, u:0.00, theta1:29.616, theta2:22.145, e:0.000
t:55.74, r:0.00, omega:0.00, omega_m:-0.00, u:0.00, theta1:29.616, theta2:22.145, e:0.000
t:55.75, r:0.00, omega:0.00, omega_m:-0.00, u:0.00, theta1:29.616, theta2:22.145, e:0.000
t:55.76, r:0.00, omega:0.00, omega_m:-0.00, u:0.00, theta1:29.616, theta2:22.145, e:0.000
t:55.77, r:0.00, omega:0.00, omega_m:-0.00, u:0.00, theta1:29.616, theta2:22.145, e:0.000
t:55.78, r:0.00, omega:0.00, omega_m:-0.00, u:0.00, theta1:29.616, theta2:22.145, e:0.000
t:55.79, r:0.00, omega:0.00, omega_m:-0.00, u:0.00, theta1:29.616, theta2:22.145, e:0.000
t:55.80, r:0.00, omega:0.00, omega_m:-0.00, u:0.00, theta1:29.616, theta2:22.145, e:0.000
t:55.81, r:0.00, omega:0.00, omega_m:-0.00, u:0.00, theta1:29.616, theta2:22.145, e:0.000
t:55.82, r:0.00, omega:0.00, omega_m:-0.00, u:0.00, theta1:29.616, theta2:22.145, e:0.000
t:55.83, r:0.00, omega:0.00, omega_m:-0.00, u:0.00, theta1:29.616, theta2:22.145, e:0.000
t:55.84, r:0.00, omega:0.00, omega_m:-0.00, u:0.00, theta1:29.616, theta2:22.145, e:0.000
t:55.85, r:0.00, omega:0.00, omega_m:-0.00, u:0.00, theta1:29.616, theta2:22.145, e:0.000
t:55.86, r:0.00, omega:0.00, omega_m:-0.00, u:0.00, theta1:29.616, theta2:22.145, e:0.000
t:55.87, r:0.00, omega:0.00, omega_m:-0.00, u:0.00, theta1:29.616, theta2:22.145, e:0.000
t:55.88, r:0.00, omega:0.00, omega_m:-0.00, u:0.00, theta1:29.616, theta2:22.145, e:0.000
t:55.89, r:0.00, omega:0.00, omega_m:-0.00, u:0.00, theta1:29.616, theta2:22.145, e:0.000
t:55.90, r:0.00, omega:0.00, omega_m:-0.00, u:0.00, theta1:29.616, theta2:22.145, e:0.000
t:55.91, r:0.00, omega:0.00, omega_m:-0.00, u:0.00, theta1:29.616, theta2:22.145, e:0.000
t:55.92, r:0.00, omega:0.00, omega_m:-0.00, u:0.00, theta1:29.616, theta2:22.145, e:0.000
t:55.93, r:0.00, omega:0.00, omega_m:-0.00, u:0.00, theta1:29.616, theta2:22.145, e:0.000
t:55.94, r:0.00, omega:0.00, omega_m:-0.00, u:0.00, theta1:29.616, theta2:22.145, e:0.000
t:55.95, r:0.00, omega:0.00, omega_m:-0.00, u:0.00, theta1:29.616, theta2:22.145, e:0.000
t:55.96, r:0.00, omega:0.00, omega_m:-0.00, u:0.00, theta1:29.616, theta2:22.145, e:0.000
t:55.97, r:0.00, omega:0.00, omega_m:-0.00, u:0.00, theta1:29.616, theta2:22.145, e:0.000
t:55.98, r:0.00, omega:0.00, omega_m:-0.00, u:0.00, theta1:29.616, theta2:22.145, e:0.000
t:55.99, r:0.00, omega:0.00, omega_m:-0.00, u:0.00, theta1:29.616, theta2:22.145, e:0.000
t:56.00, r:0.00, omega:0.00, omega_m:-0.00, u:0.00, theta1:29.616, theta2:22.145, e:0.000
t:56.01, r:25.00, omega:0.00, omega_m:15.80, u:700.00, theta1:29.636, theta2:22.145, e:-15.803
t:56.02, r:25.00, omega:0.53, omega_m:21.62, u:700.00, theta1:29.662, theta2:22.145, e:-21.091
t:56.03, r:25.00, omega:0.53, omega_m:23.76, u:700.00, theta1:29.691, theta2:22.144, e:-23.229
t:56.04, r:25.00, omega:23.09, omega_m:24.54, u:231.15, theta1:29.693, theta2:22.142, e:-1.456
t:56.05, r:25.00, omega:23.09, omega_m:24.83, u:231.25, theta1:29.695, theta2:22.140, e:-1.745
t:56.06, r:25.00, omega:32.85, omega_m:24.94, u:14.49, theta1:29.686, theta2:22.153, e:7.908
t:56.07, r:25.00, omega:32.85, omega_m:24.98, u:13.82, theta1:29.676, theta2:22.166, e:7.869
t:56.08, r:25.00, omega:32.85, omega_m:24.99, u:13.15, theta1:29.666, theta2:22.179, e:7.854
t:56.09, r:25.00, omega:19.54, omega_m:25.00, u:308.54, theta1:29.673, theta2:22.174, e:-5.457
t:56.10, r:25.00, omega:19.54, omega_m:25.00, u:308.81, theta1:29.680, theta2:22.168, e:-5.459
t:56.11, r:25.00, omega:19.54, omega_m:25.00, u:309.09, theta1:29.686, theta2:22.163, e:-5.459
t:56.12, r:25.00, omega:19.54, omega_m:25.00, u:309.36, theta1:29.693, theta2:22.158, e:-5.460
t:56.13, r:25.00, omega:13.35, omega_m:25.00, u:447.08, theta1:29.708, theta2:22.150, e:-11.654
t:56.14, r:25.00, omega:13.35, omega_m:25.00, u:447.55, theta1:29.722, theta2:22.142, e:-11.654
t:56.15, r:25.00, omega:19.91, omega_m:25.00, u:302.45, theta1:29.729, theta2:22.137, e:-5.089
t:56.16, r:25.00, omega:19.91, omega_m:25.00, u:302.71, theta1:29.735, theta2:22.132, e:-5.089
t:56.17, r:25.00, omega:26.09, omega_m:25.00, u:165.97, theta1:29.734, theta2:22.133, e:1.086
t:56.18, r:25.00, omega:26.09, omega_m:25.00, u:165.90, theta1:29.732, theta2:22.135, e:1.086
t:56.19, r:25.00, omega:26.09, omega_m:25.00, u:165.83, theta1:29.731, theta2:22.136, e:1.086
t:56.20, r:25.00, omega:19.61, omega_m:25.00, u:309.56, theta1:29.738, theta2:22.131, e:-5.395
t:56.21, r:25.00, omega:19.61, omega_m:25.00, u:309.83, theta1:29.744, theta2:22.126, e:-5.395
t:56.22, r:25.00, omega:19.61, omega_m:25.00, u:310.10, theta1:29.751, theta2:22.120, e:-5.395
t:56.23, r:25.00, omega:16.11, omega_m:25.00, u:387.76, theta1:29.762, theta2:22.113, e:-8.888
t:56.24, r:25.00, omega:16.11, omega_m:25.00, u:388.16, theta1:29.773, theta2:22.106, e:-8.888
t:56.25, r:25.00, omega:16.11, omega_m:25.00, u:388.55, theta1:29.784, theta2:22.099, e:-8.888
t:56.26, r:25.00, omega:21.13, omega_m:25.00, u:277.78, theta1:29.789, theta2:22.095, e:-3.866
t:56.27, r:25.00, omega:21.13, omega_m:25.00, u:277.98, theta1:29.794, theta2:22.091, e:-3.866
t:56.28, r:25.00, omega:25.36, omega_m:25.00, u:184.65, theta1:29.794, theta2:22.091, e:0.358
t:56.29, r:25.00, omega:25.36, omega_m:25.00, u:184.62, theta1:29.793, theta2:22.092, e:0.358
t:56.30, r:25.00, omega:20.00, omega_m:25.00, u:303.27, theta1:29.800, theta2:22.087, e:-5.001
t:56.31, r:25.00, omega:20.00, omega_m:25.00, u:303.53, theta1:29.806, theta2:22.082, e:-5.001
t:56.32, r:25.00, omega:20.00, omega_m:25.00, u:303.79, theta1:29.812, theta2:22.077, e:-5.001
t:56.33, r:25.00, omega:17.33, omega_m:25.00, u:363.12, theta1:29.822, theta2:22.070, e:-7.673
t:56.34, r:25.00, omega:17.33, omega_m:25.00, u:363.48, theta1:29.831, theta2:22.063, e:-7.673
t:56.35, r:25.00, omega:17.33, omega_m:25.00, u:363.83, theta1:29.841, theta2:22.057, e:-7.673
t:56.36, r:25.00, omega:21.15, omega_m:25.00, u:279.76, theta1:29.846, theta2:22.053, e:-3.851
t:56.37, r:25.00, omega:21.15, omega_m:25.00, u:279.96, theta1:29.850, theta2:22.049, e:-3.851
t:56.38, r:25.00, omega:23.15, omega_m:25.00, u:235.97, theta1:29.853, theta2:22.046, e:-1.851
t:56.39, r:25.00, omega:23.15, omega_m:25.00, u:236.08, theta1:29.855, theta2:22.044, e:-1.851
t:56.40, r:25.00, omega:23.15, omega_m:25.00, u:236.19, theta1:29.857, theta2:22.042, e:-1.851
t:56.41, r:25.00, omega:20.24, omega_m:25.00, u:300.64, theta1:29.863, theta2:22.037, e:-4.764
t:56.42, r:25.00, omega:20.24, omega_m:25.00, u:300.89, theta1:29.869, theta2:22.033, e:-4.764
t:56.43, r:25.00, omega:20.24, omega_m:25.00, u:301.13, theta1:29.875, theta2:22.028, e:-4.764
t:56.44, r:25.00, omega:17.41, omega_m:25.00, u:363.83, theta1:29.885, theta2:22.021, e:-7.594
t:56.45, r:25.00, omega:17.41, omega_m:25.00, u:364.18, theta1:29.894, theta2:22.014, e:-7.594
t:56.46, r:25.00, omega:20.42, omega_m:25.00, u:298.16, theta1:29.900, theta2:22.010, e:-4.584
t:56.47, r:25.00, omega:20.42, omega_m:25.00, u:298.39, theta1:29.906, theta2:22.005, e:-4.584
t:56.48, r:25.00, omega:20.42, omega_m:25.00, u:298.63, theta1:29.911, theta2:22.000, e:-4.584
t:56.49, r:25.00, omega:22.84, omega_m:25.00, u:245.51, theta1:29.914, theta2:21.998, e:-2.164
t:56.50, r:25.00, omega:22.84, omega_m:25.00, u:245.64, theta1:29.917, theta2:21.995, e:-2.164
t:56.51, r:25.00, omega:22.70, omega_m:25.00, u:248.73, theta1:29.920, theta2:21.993, e:-2.299
t:56.52, r:25.00, omega:22.70, omega_m:25.00, u:248.86, theta1:29.923, theta2:21.990, e:-2.299
t:56.53, r:25.00, omega:22.70, omega_m:25.00, u:248.99, theta1:29.925, theta2:21.988, e:-2.299
t:56.54, r:25.00, omega:18.03, omega_m:25.00, u:351.97, theta1:29.934, theta2:21.981, e:-6.967
t:56.55, r:25.00, omega:18.03, omega_m:25.00, u:352.30, theta1:29.943, theta2:21.975, e:-6.967
t:56.56, r:25.00, omega:18.03, omega_m:25.00, u:352.63, theta1:29.952, theta2:21.969, e:-6.967
t:56.57, r:25.00, omega:18.37, omega_m:25.00, u:345.50, theta1:29.960, theta2:21.963, e:-6.628
t:56.58, r:25.00, omega:18.37, omega_m:25.00, u:345.82, theta1:29.968, theta2:21.957, e:-6.628
t:56.59, r:25.00, omega:22.96, omega_m:25.00, u:245.29, theta1:29.971, theta2:21.954, e:-2.044
t:56.60, r:25.00, omega:22.96, omega_m:25.00, u:245.41, theta1:29.973, theta2:21.952, e:-2.044
t:56.61, r:25.00, omega:22.67, omega_m:25.00, u:251.91, theta1:29.976, theta2:21.949, e:-2.334
t:56.62, r:25.00, omega:22.67, omega_m:25.00, u:252.04, theta1:29.979, theta2:21.947, e:-2.334
t:56.63, r:25.00, omega:22.67, omega_m:25.00, u:252.18, theta1:29.982, theta2:21.944, e:-2.334
t:56.64, r:25.00, omega:18.41, omega_m:25.00, u:345.85, theta1:29.990, theta2:21.938, e:-6.589
t:56.65, r:25.00, omega:18.41, omega_m:25.00, u:346.17, theta1:29.998, theta2:21.932, e:-6.589
t:56.66, r:25.00, omega:18.41, omega_m:25.00, u:346.49, theta1:30.007, theta2:21.926, e:-6.589
t:56.67, r:25.00, omega:19.60, omega_m:25.00, u:320.71, theta1:30.013, theta2:21.921, e:-5.401
t:56.68, r:25.00, omega:19.60, omega_m:25.00, u:320.98, theta1:30.020, theta2:21.915, e:-5.401
t:56.69, r:25.00, omega:22.07, omega_m:25.00, u:266.97, theta1:30.024, theta2:21.912, e:-2.929
t:56.70, r:25.00, omega:22.07, omega_m:25.00, u:267.13, theta1:30.028, theta2:21.909, e:-2.929
t:56.71, r:25.00, omega:22.07, omega_m:25.00, u:267.29, theta1:30.031, theta2:21.906, e:-2.929
t:56.72, r:25.00, omega:20.86, omega_m:25.00, u:294.06, theta1:30.036, theta2:21.901, e:-4.140
t:56.73, r:25.00, omega:20.86, omega_m:25.00, u:294.28, theta1:30.042, theta2:21.897, e:-4.140
t:56.74, r:25.00, omega:20.80, omega_m:25.00, u:295.71, theta1:30.047, theta2:21.893, e:-4.196
t:56.75, r:25.00, omega:20.80, omega_m:25.00, u:295.94, theta1:30.052, theta2:21.888, e:-4.196
t:56.76, r:25.00, omega:20.80, omega_m:25.00, u:296.16, theta1:30.057, theta2:21.884, e:-4.196
t:56.77, r:25.00, omega:19.15, omega_m:25.00, u:332.72, theta1:30.065, theta2:21.878, e:-5.854
t:56.78, r:25.00, omega:19.15, omega_m:25.00, u:333.01, theta1:30.072, theta2:21.873, e:-5.854
t:56.79, r:25.00, omega:20.77, omega_m:25.00, u:297.63, theta1:30.077, theta2:21.868, e:-4.226
t:56.80, r:25.00, omega:20.77, omega_m:25.00, u:297.85, theta1:30.082, theta2:21.864, e:-4.226
t:56.81, r:25.00, omega:20.77, omega_m:25.00, u:298.08, theta1:30.088, theta2:21.859, e:-4.226
t:56.82, r:25.00, omega:23.29, omega_m:25.00, u:243.24, theta1:30.090, theta2:21.857, e:-1.712
t:56.83, r:25.00, omega:23.29, omega_m:25.00, u:243.34, theta1:30.092, theta2:21.855, e:-1.712
t:56.84, r:25.00, omega:20.27, omega_m:25.00, u:309.53, theta1:30.098, theta2:21.851, e:-4.730
t:56.85, r:25.00, omega:20.27, omega_m:25.00, u:309.78, theta1:30.104, theta2:21.846, e:-4.730
t:56.86, r:25.00, omega:20.27, omega_m:25.00, u:310.02, theta1:30.110, theta2:21.841, e:-4.730
t:56.87, r:25.00, omega:18.22, omega_m:25.00, u:355.06, theta1:30.118, theta2:21.835, e:-6.777
t:56.88, r:25.00, omega:18.22, omega_m:25.00, u:355.39, theta1:30.127, theta2:21.829, e:-6.777
t:56.89, r:25.00, omega:23.22, omega_m:25.00, u:246.51, theta1:30.129, theta2:21.827, e:-1.785
t:56.90, r:25.00, omega:23.22, omega_m:25.00, u:246.61, theta1:30.131, theta2:21.825, e:-1.785
t:56.91, r:25.00, omega:23.22, omega_m:25.00, u:246.72, theta1:30.133, theta2:21.822, e:-1.785
t:56.92, r:25.00, omega:20.93, omega_m:25.00, u:296.87, theta1:30.138, theta2:21.818, e:-4.073
t:56.93, r:25.00, omega:20.93, omega_m:25.00, u:297.08, theta1:30.144, theta2:21.814, e:-4.073
t:56.94, r:25.00, omega:20.93, omega_m:25.00, u:297.30, theta1:30.149, theta2:21.810, e:-4.073
t:56.95, r:25.00, omega:17.69, omega_m:25.00, u:368.21, theta1:30.158, theta2:21.803, e:-7.308
t:56.96, r:25.00, omega:17.69, omega_m:25.00, u:368.56, theta1:30.167, theta2:21.797, e:-7.308
t:56.97, r:25.00, omega:22.55, omega_m:25.00, u:262.76, theta1:30.170, theta2:21.794, e:-2.449
t:56.98, r:25.00, omega:22.55, omega_m:25.00, u:262.90, theta1:30.173, theta2:21.791, e:-2.449
t:56.99, r:25.00, omega:22.55, omega_m:25.00, u:263.04, theta1:30.176, theta2:21.788, e:-2.449
t:57.00, r:25.00, omega:21.77, omega_m:25.00, u:280.20, theta1:30.180, theta2:21.785, e:-3.228
t:57.01, r:0.00, omega:21.77, omega_m:9.20, u:0.00, theta1:30.180, theta2:21.799, e:12.575
t:57.02, r:0.00, omega:21.77, omega_m:3.38, u:0.00, theta1:30.180, theta2:21.819, e:18.389
t:57.03, r:0.00, omega:17.66, omega_m:1.24, u:0.00, theta1:30.180, theta2:21.833, e:16.412
t:57.04, r:0.00, omega:17.66, omega_m:0.46, u:0.00, theta1:30.180, theta2:21.848, e:17.198
t:57.05, r:0.00, omega:17.66, omega_m:0.17, u:0.00, theta1:30.180, theta2:21.864, e:17.488
t:57.06, r:0.00, omega:17.66, omega_m:0.06, u:0.00, theta1:30.180, theta2:21.879, e:17.594
t:57.07, r:0.00, omega:17.66, omega_m:0.02, u:0.00, theta1:30.180, theta2:21.895, e:17.634
t:57.08, r:0.00, omega:17.66, omega_m:0.01, u:0.00, theta1:30.180, theta2:21.910, e:17.648
t:57.09, r:0.00, omega:17.66, omega_m:0.00, u:0.00, theta1:30.180, theta2:21.926, e:17.653
t:57.10, r:0.00, omega:17.66, omega_m:0.00, u:0.00, theta1:30.180, theta2:21.942, e:17.655
t:57.11, r:0.00, omega:17.66, omega_m:0.00, u:0.00, theta1:30.180, theta2:21.957, e:17.656
t:57.12, r:0.00, omega:17.66, omega_m:0.00, u:0.00, theta1:30.180, theta2:21.973, e:17.656
t:57.13, r:0.00, omega:17.66, omega_m:0.00, u:0.00, theta1:30.180, theta2:21.988, e:17.656
t:57.14, r:0.00, omega:17.66, omega_m:0.00, u:0.00, theta1:30.180, theta2:22.004, e:17.656
t:57.15, r:0.00, omega:17.66, omega_m:0.00, u:0.00, theta1:30.180, theta2:22.020, e:17.656
t:57.16, r:0.00, omega:17.66, omega_m:0.00, u:0.00, theta1:30.180, theta2:22.035, e:17.656
t:57.17, r:0.00, omega:17.66, omega_m:0.00, u:0.00, theta1:30.180, theta2:22.051, e:17.656
t:57.18, r:0.00, omega:17.66, omega_m:0.00, u:0.00, theta1:30.180, theta2:22.066, e:17.656
t:57.19, r:0.00, omega:17.66, omega_m:0.00, u:0.00, theta1:30.180, theta2:22.082, e:17.656
t:57.20, r:0.00, omega:17.66, omega_m:0.00, u:0.00, theta1:30.180, theta2:22.098, e:17.656
t:57.21, r:0.00, omega:17.66, omega_m:0.00, u:0.00, theta1:30.180, theta2:22.113, e:17.656
t:57.22, r:0.00, omega:17.66, omega_m:0.00, u:0.00, theta1:30.180, theta2:22.129, e:17.656
t:57.23, r:0.00, omega:17.66, omega_m:0.00, u:0.00, theta1:30.180, theta2:22.144, e:17.656
t:57.24, r:0.00, omega:17.66, omega_m:0.00, u:0.00, theta1:30.180, theta2:22.160, e:17.656
t:57.25, r:0.00, omega:17.66, omega_m:0.00, u:0.00, theta1:30.180, theta2:22.175, e:17.656
t:57.26, r:0.00, omega:17.66, omega_m:0.00, u:0.00, theta1:30.180, theta2:22.191, e:17.656
t:57.27, r:0.00, omega:17.66, omega_m:0.00, u:0.00, theta1:30.180, theta2:22.207, e:17.656
t:57.28, r:0.00, omega:17.66, omega_m:0.00, u:0.00, theta1:30.180, theta2:22.222, e:17.656
t:57.29, r:0.00, omega:17.66, omega_m:0.00, u:0.00, theta1:30.180, theta2:22.238, e:17.656
t:57.30, r:0.00, omega:17.66, omega_m:0.00, u:0.00, theta1:30.180, theta2:22.253, e:17.656
t:57.31, r:0.00, omega:17.66, omega_m:0.00, u:0.00, theta1:30.180, theta2:22.269, e:17.656
t:57.32, r:0.00, omega:17.66, omega_m:0.00, u:0.00, theta1:30.180, theta2:22.285, e:17.656
t:57.33, r:0.00, omega:17.66, omega_m:0.00, u:0.00, theta1:30.180, theta2:22.300, e:17.656
t:57.34, r:0.00, omega:17.66, omega_m:0.00, u:0.00, theta1:30.180, theta2:22.316, e:17.656
t:57.35, r:0.00, omega:17.66, omega_m:0.00, u:0.00, theta1:30.180, theta2:22.331, e:17.656
t:57.36, r:0.00, omega:17.66, omega_m:0.00, u:0.00, theta1:30.180, theta2:22.347, e:17.656
t:57.37, r:0.00, omega:17.66, omega_m:0.00, u:0.00, theta1:30.180, theta2:22.363, e:17.656
t:57.38, r:0.00, omega:17.66, omega_m:0.00, u:0.00, theta1:30.180, theta2:22.378, e:17.656
t:57.39, r:0.00, omega:17.66, omega_m:0.00, u:0.00, theta1:30.180, theta2:22.394, e:17.656
t:57.40, r:0.00, omega:17.66, omega_m:0.00, u:0.00, theta1:30.180, theta2:22.409, e:17.656
t:57.41, r:0.00, omega:17.66, omega_m:0.00, u:0.00, theta1:30.180, theta2:22.425, e:17.656
t:57.42, r:0.00, omega:17.66, omega_m:0.00, u:0.00, theta1:30.180, theta2:22.440, e:17.656
t:57.43, r:0.00, omega:17.66, omega_m:0.00, u:0.00, theta1:30.180, theta2:22.456, e:17.656
t:57.44, r:0.00, omega:17.66, omega_m:0.00, u:0.00, theta1:30.180, theta2:22.472, e:17.656
t:57.45, r:0.00, omega:17.66, omega_m:0.00, u:0.00, theta1:30.180, theta2:22.487, e:17.656
t:57.46, r:0.00, omega:17.66, omega_m:0.00, u:0.00, theta1:30.180, theta2:22.503, e:17.656
t:57.47, r:0.00, omega:17.66, omega_m:0.00, u:0.00, theta1:30.180, theta2:22.518, e:17.656
t:57.48, r:0.00, omega:17.66, omega_m:0.00, u:0.00, theta1:30.180, theta2:22.534, e:17.656
t:57.49, r:0.00, omega:17.66, omega_m:0.00, u:0.00, theta1:30.180, theta2:22.550, e:17.656
t:57.50, r:0.00, omega:17.66, omega_m:0.00, u:0.00, theta1:30.180, theta2:22.565, e:17.656
t:57.51, r:0.00, omega:17.66, omega_m:0.00, u:0.00, theta1:30.180, theta2:22.581, e:17.656
t:57.52, r:0.00, omega:17.66, omega_m:0.00, u:0.00, theta1:30.180, theta2:22.596, e:17.656
t:57.53, r:0.00, omega:0.00, omega_m:0.00, u:0.00, theta1:30.180, theta2:22.596, e:-0.000
t:57.54, r:0.00, omega:0.00, omega_m:0.00, u:0.00, theta1:30.180, theta2:22.596, e:-0.000
t:57.55, r:0.00, omega:0.00, omega_m:0.00, u:0.00, theta1:30.180, theta2:22.596, e:-0.000
t:57.56, r:0.00, omega:0.00, omega_m:0.00, u:0.00, theta1:30.180, theta2:22.596, e:-0.000
t:57.57, r:0.00, omega:0.00, omega_m:0.00, u:0.00, theta1:30.180, theta2:22.596, e:-0.000
t:57.58, r:0.00, omega:0.00, omega_m:0.00, u:0.00, theta1:30.180, theta2:22.596, e:-0.000
t:57.59, r:0.00, omega:0.00, omega_m:0.00, u:0.00, theta1:30.180, theta2:22.596, e:-0.000
t:57.60, r:0.00, omega:0.00, omega_m:0.00, u:0.00, theta1:30.180, theta2:22.596, e:-0.000
t:57.61, r:0.00, omega:0.00, omega_m:0.00, u:0.00, theta1:30.180, theta2:22.596, e:-0.000
t:57.62, r:0.00, omega:0.00, omega_m:0.00, u:0.00, theta1:30.180, theta2:22.596, e:-0.000
t:57.63, r:0.00, omega:0.00, omega_m:0.00, u:0.00, theta1:30.180, theta2:22.596, e:-0.000
t:57.64, r:0.00, omega:0.00, omega_m:0.00, u:0.00, theta1:30.180, theta2:22.596, e:-0.000
t:57.65, r:0.00, omega:0.00, omega_m:0.00, u:0.00, theta1:30.180, theta2:22.596, e:-0.000
t:57.66, r:0.00, omega:0.00, omega_m:0.00, u:0.00, theta1:30.180, theta2:22.596, e:-0.000
t:57.67, r:0.00, omega:0.00, omega_m:0.00, u:0.00, theta1:30.180, theta2:22.596, e:-0.000
t:57.68, r:0.00, omega:0.00, omega_m:0.00, u:0.00, theta1:30.180, theta2:22.596, e:-0.000
t:57.69, r:0.00, omega:0.00, omega_m:0.00, u:0.00, theta1:30.180, theta2:22.596, e:-0.000
t:57.70, r:0.00, omega:0.00, omega_m:0.00, u:0.00, theta1:30.180, theta2:22.596, e:-0.000
t:57.71, r:0.00, omega:0.00, omega_m:0.00, u:0.00, theta1:30.180, theta2:22.596, e:-0.000
t:57.72, r:0.00, omega:0.00, omega_m:0.00, u:0.00, theta1:30.180, theta2:22.596, e:-0.000
t:57.73, r:0.00, omega:0.00, omega_m:0.00, u:0.00, theta1:30.180, theta2:22.596, e:-0.000
t:57.74, r:0.00, omega:0.00, omega_m:0.00, u:0.00, theta1:30.180, theta2:22.596, e:-0.000
t:57.75, r:0.00, omega:0.00, omega_m:0.00, u:0.00, theta1:30.180, theta2:22.596, e:-0.000
t:57.76, r:0.00, omega:0.00, omega_m:0.00, u:0.00, theta1:30.180, theta2:22.596, e:-0.000
t:57.77, r:0.00, omega:0.00, omega_m:0.00, u:0.00, theta1:30.180, theta2:22.596, e:-0.000
t:57.78, r:0.00, omega:0.00, omega_m:0.00, u:0.00, theta1:30.180, theta2:22.596, e:-0.000
t:57.79, r:0.00, omega:0.00, omega_m:0.00, u:0.00, theta1:30.180, theta2:22.596, e:-0.000
t:57.80, r:0.00, omega:0.00, omega_m:0.00, u:0.00, theta1:30.180, theta2:22.596, e:-0.000
t:57.81, r:0.00, omega:0.00, omega_m:0.00, u:0.00, theta1:30.180, theta2:22.596, e:-0.000
t:57.82, r:0.00, omega:0.00, omega_m:0.00, u:0.00, theta1:30.180, theta2:22.596, e:-0.000
t:57.83, r:0.00, omega:0.00, omega_m:0.00, u:0.00, theta1:30.180, theta2:22.596, e:-0.000
t:57.84, r:0.00, omega:0.00, omega_m:0.00, u:0.00, theta1:30.180, theta2:22.596, e:-0.000
t:57.85, r:0.00, omega:0.00, omega_m:0.00, u:0.00, theta1:30.180, theta2:22.596, e:-0.000
t:57.86, r:0.00, omega:0.00, omega_m:0.00, u:0.00, theta1:30.180, theta2:22.596, e:-0.000
t:57.87, r:0.00, omega:0.00, omega_m:0.00, u:0.00, theta1:30.180, theta2:22.596, e:-0.000
t:57.88, r:0.00, omega:0.00, omega_m:0.00, u:0.00, theta1:30.180, theta2:22.596, e:-0.000
t:57.89, r:0.00, omega:0.00, omega_m:0.00, u:0.00, theta1:30.180, theta2:22.596, e:-0.000
t:57.90, r:0.00, omega:0.00, omega_m:0.00, u:0.00, theta1:30.180, theta2:22.596, e:-0.000
t:57.91, r:0.00, omega:0.00, omega_m:0.00, u:0.00, theta1:30.180, theta2:22.596, e:-0.000
t:57.92, r:0.00, omega:0.00, omega_m:0.00, u:0.00, theta1:30.180, theta2:22.596, e:-0.000
t:57.93, r:0.00, omega:0.00, omega_m:0.00, u:0.00, theta1:30.180, theta2:22.596, e:-0.000
t:57.94, r:0.00, omega:0.00, omega_m:0.00, u:0.00, theta1:30.180, theta2:22.596, e:-0.000
t:57.95, r:0.00, omega:0.00, omega_m:0.00, u:0.00, theta1:30.180, theta2:22.596, e:-0.000
t:57.96, r:0.00, omega:0.00, omega_m:0.00, u:0.00, theta1:30.180, theta2:22.596, e:-0.000
t:57.97, r:0.00, omega:0.00, omega_m:0.00, u:0.00, theta1:30.180, theta2:22.596, e:-0.000
t:57.98, r:0.00, omega:0.00, omega_m:0.00, u:0.00, theta1:30.180, theta2:22.596, e:-0.000
t:57.99, r:0.00, omega:0.00, omega_m:0.00, u:0.00, theta1:30.180, theta2:22.596, e:-0.000
t:58.00, r:0.00, omega:0.00, omega_m:0.00, u:0.00, theta1:30.180, theta2:22.596, e:-0.000
t:58.01, r:-25.00, omega:0.00, omega_m:-15.80, u:-700.00, theta1:30.200, theta2:22.596, e:15.803
t:58.02, r:-25.00, omega:0.00, omega_m:-21.62, u:-700.00, theta1:30.227, theta2:22.596, e:21.617
t:58.03, r:-25.00, omega:0.00, omega_m:-23.76, u:-700.00, theta1:30.257, theta2:22.596, e:23.755
t:58.04, r:-25.00, omega:-0.51, omega_m:-24.54, u:-700.00, theta1:30.287, theta2:22.596, e:24.027
t:58.05, r:-25.00, omega:-0.51, omega_m:-24.83, u:-700.00, theta1:30.317, theta2:22.595, e:24.317
t:58.06, r:-25.00, omega:-35.44, omega_m:-24.94, u:43.73, theta1:30.304, theta2:22.614, e:-10.498
t:58.07, r:-25.00, omega:-42.69, omega_m:-24.98, u:210.04, theta1:30.282, theta2:22.651, e:-17.717
t:58.08, r:-25.00, omega:-42.69, omega_m:-24.99, u:212.20, theta1:30.260, theta2:22.689, e:-17.702
t:58.09, r:-25.00, omega:-42.69, omega_m:-25.00, u:214.37, theta1:30.238, theta2:22.727, e:-17.697
t:58.10, r:-25.00, omega:-42.69, omega_m:-25.00, u:216.54, theta1:30.215, theta2:22.765, e:-17.695
t:58.11, r:-25.00, omega:-42.69, omega_m:-25.00, u:218.70, theta1:30.193, theta2:22.803, e:-17.694
t:58.12, r:-25.00, omega:-42.69, omega_m:-25.00, u:220.87, theta1:30.171, theta2:22.840, e:-17.694
t:58.13, r:-25.00, omega:-42.69, omega_m:-25.00, u:223.03, theta1:30.149, theta2:22.878, e:-17.694
t:58.14, r:-25.00, omega:7.73, omega_m:-25.00, u:-700.00, theta1:30.190, theta2:22.891, e:32.728
t:58.15, r:-25.00, omega:7.73, omega_m:-25.00, u:-700.00, theta1:30.231, theta2:22.903, e:32.728
t:58.16, r:-25.00, omega:7.73, omega_m:-25.00, u:-700.00, theta1:30.272, theta2:22.916, e:32.728
t:58.17, r:-25.00, omega:7.73, omega_m:-25.00, u:-700.00, theta1:30.313, theta2:22.929, e:32.728
t:58.18, r:-25.00, omega:-13.09, omega_m:-25.00, u:-458.11, theta1:30.328, theta2:22.921, e:11.908
t:58.19, r:-25.00, omega:-34.38, omega_m:-25.00, u:30.77, theta1:30.316, theta2:22.937, e:-9.384
t:58.20, r:-25.00, omega:-34.38, omega_m:-25.00, u:31.62, theta1:30.304, theta2:22.953, e:-9.384
t:58.21, r:-25.00, omega:-27.74, omega_m:-25.00, u:-120.62, theta1:30.301, theta2:22.957, e:-2.743
t:58.22, r:-25.00, omega:-27.74, omega_m:-25.00, u:-120.42, theta1:30.297, theta2:22.961, e:-2.743
t:58.23, r:-25.00, omega:-27.74, omega_m:-25.00, u:-120.23, theta1:30.294, theta2:22.965, e:-2.743
t:58.24, r:-25.00, omega:-27.74, omega_m:-25.00, u:-120.04, theta1:30.290, theta2:22.968, e:-2.743
t:58.25, r:-25.00, omega:-27.74, omega_m:-25.00, u:-119.85, theta1:30.287, theta2:22.972, e:-2.743
t:58.26, r:-25.00, omega:-9.89, omega_m:-25.00, u:-530.45, theta1:30.306, theta2:22.965, e:15.107
t:58.27, r:-25.00, omega:-9.89, omega_m:-25.00, u:-531.00, theta1:30.325, theta2:22.957, e:15.107
t:58.28, r:-25.00, omega:-9.89, omega_m:-25.00, u:-531.54, theta1:30.344, theta2:22.950, e:15.107
t:58.29, r:-25.00, omega:-17.35, omega_m:-25.00, u:-360.77, theta1:30.353, theta2:22.943, e:7.650
t:58.30, r:-25.00, omega:-17.35, omega_m:-25.00, u:-361.13, theta1:30.363, theta2:22.937, e:7.650
t:58.31, r:-25.00, omega:-28.12, omega_m:-25.00, u:-113.76, theta1:30.359, theta2:22.941, e:-3.125
t:58.32, r:-25.00, omega:-28.12, omega_m:-25.00, u:-113.54, theta1:30.355, theta2:22.945, e:-3.125
t:58.33, r:-25.00, omega:-28.12, omega_m:-25.00, u:-113.32, theta1:30.351, theta2:22.950, e:-3.125
t:58.34, r:-25.00, omega:-23.38, omega_m:-25.00, u:-222.30, theta1:30.353, theta2:22.948, e:1.620
t:58.35, r:-25.00, omega:-23.38, omega_m:-25.00, u:-222.40, theta1:30.355, theta2:22.946, e:1.620
t:58.36, r:-25.00, omega:-23.38, omega_m:-25.00, u:-222.49, theta1:30.357, theta2:22.944, e:1.620
t:58.37, r:-25.00, omega:-23.38, omega_m:-25.00, u:-222.59, theta1:30.359, theta2:22.942, e:1.620
t:58.38, r:-25.00, omega:-13.04, omega_m:-25.00, u:-460.23, theta1:30.374, theta2:22.934, e:11.958
t:58.39, r:-25.00, omega:-13.04, omega_m:-25.00, u:-460.71, theta1:30.389, theta2:22.927, e:11.958
t:58.40, r:-25.00, omega:-13.04, omega_m:-25.00, u:-461.19, theta1:30.404, theta2:22.919, e:11.958
t:58.41, r:-25.00, omega:-17.68, omega_m:-25.00, u:-355.26, theta1:30.413, theta2:22.912, e:7.321
t:58.42, r:-25.00, omega:-27.22, omega_m:-25.00, u:-136.58, theta1:30.410, theta2:22.915, e:-2.217
t:58.43, r:-25.00, omega:-27.22, omega_m:-25.00, u:-136.42, theta1:30.408, theta2:22.918, e:-2.217
t:58.44, r:-25.00, omega:-27.22, omega_m:-25.00, u:-136.27, theta1:30.405, theta2:22.921, e:-2.217
t:58.45, r:-25.00, omega:-22.36, omega_m:-25.00, u:-247.73, theta1:30.408, theta2:22.918, e:2.639
t:58.46, r:-25.00, omega:-22.36, omega_m:-25.00, u:-247.88, theta1:30.411, theta2:22.915, e:2.639
t:58.47, r:-25.00, omega:-22.36, omega_m:-25.00, u:-248.03, theta1:30.415, theta2:22.912, e:2.639
t:58.48, r:-25.00, omega:-22.36, omega_m:-25.00, u:-248.18, theta1:30.418, theta2:22.910, e:2.639
t:58.49, r:-25.00, omega:-14.16, omega_m:-25.00, u:-436.44, theta1:30.432, theta2:22.902, e:10.838
t:58.50, r:-25.00, omega:-14.16, omega_m:-25.00, u:-436.89, theta1:30.445, theta2:22.894, e:10.838
t:58.51, r:-25.00, omega:-18.90, omega_m:-25.00, u:-328.80, theta1:30.453, theta2:22.888, e:6.103
t:58.52, r:-25.00, omega:-18.90, omega_m:-25.00, u:-329.10, theta1:30.460, theta2:22.883, e:6.103
t:58.53, r:-25.00, omega:-24.65, omega_m:-25.00, u:-197.49, theta1:30.461, theta2:22.882, e:0.351
t:58.54, r:-25.00, omega:-24.65, omega_m:-25.00, u:-197.51, theta1:30.461, theta2:22.882, e:0.351
t:58.55, r:-25.00, omega:-24.65, omega_m:-25.00, u:-197.53, theta1:30.462, theta2:22.881, e:0.351
t:58.56, r:-25.00, omega:-21.51, omega_m:-25.00, u:-269.53, theta1:30.466, theta2:22.878, e:3.489
t:58.57, r:-25.00, omega:-21.51, omega_m:-25.00, u:-269.72, theta1:30.470, theta2:22.874, e:3.489
t:58.58, r:-25.00, omega:-21.51, omega_m:-25.00, u:-269.91, theta1:30.475, theta2:22.870, e:3.489
t:58.59, r:-25.00, omega:-17.15, omega_m:-25.00, u:-370.07, theta1:30.485, theta2:22.863, e:7.853
t:58.60, r:-25.00, omega:-17.15, omega_m:-25.00, u:-370.43, theta1:30.494, theta2:22.857, e:7.853
t:58.61, r:-25.00, omega:-17.15, omega_m:-25.00, u:-370.79, theta1:30.504, theta2:22.850, e:7.853
t:58.62, r:-25.00, omega:-19.25, omega_m:-25.00, u:-322.97, theta1:30.511, theta2:22.844, e:5.747
t:58.63, r:-25.00, omega:-19.25, omega_m:-25.00, u:-323.25, theta1:30.519, theta2:22.839, e:5.747
t:58.64, r:-25.00, omega:-23.98, omega_m:-25.00, u:-215.36, theta1:30.520, theta2:22.838, e:1.020
t:58.65, r:-25.00, omega:-23.98, omega_m:-25.00, u:-215.42, theta1:30.521, theta2:22.836, e:1.020
t:58.66, r:-25.00, omega:-23.91, omega_m:-25.00, u:-217.13, theta1:30.523, theta2:22.835, e:1.092
t:58.67, r:-25.00, omega:-23.91, omega_m:-25.00, u:-217.20, theta1:30.524, theta2:22.834, e:1.092
t:58.68, r:-25.00, omega:-23.91, omega_m:-25.00, u:-217.26, theta1:30.525, theta2:22.832, e:1.092
t:58.69, r:-25.00, omega:-17.90, omega_m:-25.00, u:-354.77, theta1:30.534, theta2:22.826, e:7.100
t:58.70, r:-25.00, omega:-17.90, omega_m:-25.00, u:-355.11, theta1:30.543, theta2:22.820, e:7.100
t:58.71, r:-25.00, omega:-17.90, omega_m:-25.00, u:-355.45, theta1:30.552, theta2:22.813, e:7.100
t:58.72, r:-25.00, omega:-17.31, omega_m:-25.00, u:-369.30, theta1:30.561, theta2:22.807, e:7.692
t:58.73, r:-25.00, omega:-17.31, omega_m:-25.00, u:-369.66, theta1:30.571, theta2:22.800, e:7.692
t:58.74, r:-25.00, omega:-23.22, omega_m:-25.00, u:-235.00, theta1:30.573, theta2:22.798, e:1.782
t:58.75, r:-25.00, omega:-23.22, omega_m:-25.00, u:-235.10, theta1:30.576, theta2:22.796, e:1.782
t:58.76, r:-25.00, omega:-24.71, omega_m:-25.00, u:-201.05, theta1:30.576, theta2:22.796, e:0.287
t:58.77, r:-25.00, omega:-24.71, omega_m:-25.00, u:-201.06, theta1:30.576, theta2:22.795, e:0.287
t:58.78, r:-25.00, omega:-24.71, omega_m:-25.00, u:-201.08, theta1:30.577, theta2:22.795, e:0.287
t:58.79, r:-25.00, omega:-17.54, omega_m:-25.00, u:-365.05, theta1:30.586, theta2:22.788, e:7.465
t:58.80, r:-25.00, omega:-17.54, omega_m:-25.00, u:-365.40, theta1:30.595, theta2:22.782, e:7.465
t:58.81, r:-25.00, omega:-17.54, omega_m:-25.00, u:-365.75, theta1:30.605, theta2:22.775, e:7.465
t:58.82, r:-25.00, omega:-17.62, omega_m:-25.00, u:-364.25, theta1:30.614, theta2:22.769, e:7.384
t:58.83, r:-25.00, omega:-17.62, omega_m:-25.00, u:-364.60, theta1:30.623, theta2:22.762, e:7.384
t:58.84, r:-25.00, omega:-24.16, omega_m:-25.00, u:-215.59, theta1:30.624, theta2:22.761, e:0.835
t:58.85, r:-25.00, omega:-24.16, omega_m:-25.00, u:-215.64, theta1:30.625, theta2:22.760, e:0.835
t:58.86, r:-25.00, omega:-24.16, omega_m:-25.00, u:-215.69, theta1:30.626, theta2:22.759, e:0.835
t:58.87, r:-25.00, omega:-21.92, omega_m:-25.00, u:-267.03, theta1:30.630, theta2:22.756, e:3.084
t:58.88, r:-25.00, omega:-21.92, omega_m:-25.00, u:-267.20, theta1:30.634, theta2:22.752, e:3.084
t:58.89, r:-25.00, omega:-21.92, omega_m:-25.00, u:-267.37, theta1:30.638, theta2:22.749, e:3.084
t:58.90, r:-25.00, omega:-17.38, omega_m:-25.00, u:-371.03, theta1:30.647, theta2:22.742, e:7.625
t:58.91, r:-25.00, omega:-17.38, omega_m:-25.00, u:-371.38, theta1:30.657, theta2:22.736, e:7.625
t:58.92, r:-25.00, omega:-20.39, omega_m:-25.00, u:-303.06, theta1:30.663, theta2:22.731, e:4.609
t:58.93, r:-25.00, omega:-20.39, omega_m:-25.00, u:-303.30, theta1:30.668, theta2:22.726, e:4.609
t:58.94, r:-25.00, omega:-20.39, omega_m:-25.00, u:-303.54, theta1:30.674, theta2:22.722, e:4.609
t:58.95, r:-25.00, omega:-23.48, omega_m:-25.00, u:-233.44, theta1:30.676, theta2:22.720, e:1.520
t:58.96, r:-25.00, omega:-23.48, omega_m:-25.00, u:-233.53, theta1:30.678, theta2:22.718, e:1.520
t:58.97, r:-25.00, omega:-21.64, omega_m:-25.00, u:-275.53, theta1:30.682, theta2:22.715, e:3.361
t:58.98, r:-25.00, omega:-21.64, omega_m:-25.00, u:-275.72, theta1:30.686, theta2:22.711, e:3.361
t:58.99, r:-25.00, omega:-21.64, omega_m:-25.00, u:-275.90, theta1:30.691, theta2:22.707, e:3.361
t:59.00, r:-25.00, omega:-19.31, omega_m:-25.00, u:-329.06, theta1:30.698, theta2:22.702, e:5.690
t:59.01, r:0.00, omega:-19.31, omega_m:-9.20, u:0.00, theta1:30.698, theta2:22.712, e:-10.113
t:59.02, r:0.00, omega:-19.31, omega_m:-3.38, u:0.00, theta1:30.698, theta2:22.727, e:-15.927
t:59.03, r:0.00, omega:-18.35, omega_m:-1.24, u:0.00, theta1:30.698, theta2:22.743, e:-17.103
t:59.04, r:0.00, omega:-18.35, omega_m:-0.46, u:0.00, theta1:30.698, theta2:22.759, e:-17.890
t:59.05, r:0.00, omega:-18.35, omega_m:-0.17, u:0.00, theta1:30.698, theta2:22.776, e:-18.180
t:59.06, r:0.00, omega:-18.35, omega_m:-0.06, u:0.00, theta1:30.698, theta2:22.792, e:-18.286
t:59.07, r:0.00, omega:-18.35, omega_m:-0.02, u:0.00, theta1:30.698, theta2:22.809, e:-18.325
t:59.08, r:0.00, omega:-18.35, omega_m:-0.01, u:0.00, theta1:30.698, theta2:22.826, e:-18.340
t:59.09, r:0.00, omega:-18.35, omega_m:-0.00, u:0.00, theta1:30.698, theta2:22.843, e:-18.345
t:59.10, r:0.00, omega:-18.35, omega_m:-0.00, u:0.00, theta1:30.698, theta2:22.860, e:-18.347
t:59.11, r:0.00, omega:-18.35, omega_m:-0.00, u:0.00, theta1:30.698, theta2:22.877, e:-18.348
t:59.12, r:0.00, omega:-18.35, omega_m:-0.00, u:0.00, theta1:30.698, theta2:22.893, e:-18.348
t:59.13, r:0.00, omega:-18.35, omega_m:-0.00, u:0.00, theta1:30.698, theta2:22.910, e:-18.348
t:59.14, r:0.00, omega:-18.35, omega_m:-0.00, u:0.00, theta1:30.698, theta2:22.927, e:-18.348
t:59.15, r:0.00, omega:-18.35, omega_m:-0.00, u:0.00, theta1:30.698, theta2:22.944, e:-18.348
t:59.16, r:0.00, omega:-18.35, omega_m:-0.00, u:0.00, theta1:30.698, theta2:22.961, e:-18.348
t:59.17, r:0.00, omega:-18.35, omega_m:-0.00, u:0.00, theta1:30.698, theta2:22.978, e:-18.348
t:59.18, r:0.00, omega:-18.35, omega_m:-0.00, u:0.00, theta1:30.698, theta2:22.994, e:-18.348
t:59.19, r:0.00, omega:-18.35, omega_m:-0.00, u:0.00, theta1:30.698, theta2:23.011, e:-18.348
t:59.20, r:0.00, omega:-18.35, omega_m:-0.00, u:0.00, theta1:30.698, theta2:23.028, e:-18.348
t:59.21, r:0.00, omega:-18.35, omega_m:-0.00, u:0.00, theta1:30.698, theta2:23.045, e:-18.348
t:59.22, r:0.00, omega:-18.35, omega_m:-0.00, u:0.00, theta1:30.698, theta2:23.062, e:-18.348
t:59.23, r:0.00, omega:-18.35, omega_m:-0.00, u:0.00, theta1:30.698, theta2:23.079, e:-18.348
t:59.24, r:0.00, omega:-18.35, omega_m:-0.00, u:0.00, theta1:30.698, theta2:23.095, e:-18.348
t:59.25, r:0.00, omega:-18.35, omega_m:-0.00, u:0.00, theta1:30.698, theta2:23.112, e:-18.348
t:59.26, r:0.00, omega:-18.35, omega_m:-0.00, u:0.00, theta1:30.698, theta2:23.129, e:-18.348
t:59.27, r:0.00, omega:-18.35, omega_m:-0.00, u:0.00, theta1:30.698, theta2:23.146, e:-18.348
t:59.28, r:0.00, omega:-18.35, omega_m:-0.00, u:0.00, theta1:30.698, theta2:23.163, e:-18.348
t:59.29, r:0.00, omega:-18.35, omega_m:-0.00, u:0.00, theta1:30.698, theta2:23.180, e:-18.348
t:59.30, r:0.00, omega:-18.35, omega_m:-0.00, u:0.00, theta1:30.698, theta2:23.196, e:-18.348
t:59.31, r:0.00, omega:-18.35, omega_m:-0.00, u:0.00, theta1:30.698, theta2:23.213, e:-18.348
t:59.32, r:0.00, omega:-18.35, omega_m:-0.00, u:0.00, theta1:30.698, theta2:23.230, e:-18.348
t:59.33, r:0.00, omega:-18.35, omega_m:-0.00, u:0.00, theta1:30.698, theta2:23.247, e:-18.348
t:59.34, r:0.00, omega:-18.35, omega_m:-0.00, u:0.00, theta1:30.698, theta2:23.264, e:-18.348
t:59.35, r:0.00, omega:-18.35, omega_m:-0.00, u:0.00, theta1:30.698, theta2:23.281, e:-18.348
t:59.36, r:0.00, omega:-18.35, omega_m:-0.00, u:0.00, theta1:30.698, theta2:23.297, e:-18.348
t:59.37, r:0.00, omega:-18.35, omega_m:-0.00, u:0.00, theta1:30.698, theta2:23.314, e:-18.348
t:59.38, r:0.00, omega:-18.35, omega_m:-0.00, u:0.00, theta1:30.698, theta2:23.331, e:-18.348
t:59.39, r:0.00, omega:-18.35, omega_m:-0.00, u:0.00, theta1:30.698, theta2:23.348, e:-18.348
t:59.40, r:0.00, omega:-18.35, omega_m:-0.00, u:0.00, theta1:30.698, theta2:23.365, e:-18.348
t:59.41, r:0.00, omega:-18.35, omega_m:-0.00, u:0.00, theta1:30.698, theta2:23.382, e:-18.348
t:59.42, r:0.00, omega:-18.35, omega_m:-0.00, u:0.00, theta1:30.698, theta2:23.398, e:-18.348
t:59.43, r:0.00, omega:-18.35, omega_m:-0.00, u:0.00, theta1:30.698, theta2:23.415, e:-18.348
t:59.44, r:0.00, omega:-18.35, omega_m:-0.00, u:0.00, theta1:30.698, theta2:23.432, e:-18.348
t:59.45, r:0.00, omega:-18.35, omega_m:-0.00, u:0.00, theta1:30.698, theta2:23.449, e:-18.348
t:59.46, r:0.00, omega:-18.35, omega_m:-0.00, u:0.00, theta1:30.698, theta2:23.466, e:-18.348
t:59.47, r:0.00, omega:-18.35, omega_m:-0.00, u:0.00, theta1:30.698, theta2:23.483, e:-18.348
t:59.48, r:0.00, omega:-18.35, omega_m:-0.00, u:0.00, theta1:30.698, theta2:23.499, e:-18.348
t:59.49, r:0.00, omega:-18.35, omega_m:-0.00, u:0.00, theta1:30.698, theta2:23.516, e:-18.348
t:59.50, r:0.00, omega:-18.35, omega_m:-0.00, u:0.00, theta1:30.698, theta2:23.533, e:-18.348
t:59.51, r:0.00, omega:-18.35, omega_m:-0.00, u:0.00, theta1:30.698, theta2:23.550, e:-18.348
t:59.52, r:0.00, omega:-18.35, omega_m:-0.00, u:0.00, theta1:30.698, theta2:23.567, e:-18.348
t:59.53, r:0.00, omega:0.00, omega_m:-0.00, u:0.00, theta1:30.698, theta2:23.567, e:0.000
t:59.54, r:0.00, omega:0.00, omega_m:-0.00, u:0.00, theta1:30.698, theta2:23.567, e:0.000
t:59.55, r:0.00, omega:0.00, omega_m:-0.00, u:0.00, theta1:30.698, theta2:23.567, e:0.000
t:59.56, r:0.00, omega:0.00, omega_m:-0.00, u:0.00, theta1:30.698, theta2:23.567, e:0.000
t:59.57, r:0.00, omega:0.00, omega_m:-0.00, u:0.00, theta1:30.698, theta2:23.567, e:0.000
t:59.58, r:0.00, omega:0.00, omega_m:-0.00, u:0.00, theta1:30.698, theta2:23.567, e:0.000
t:59.59, r:0.00, omega:0.00, omega_m:-0.00, u:0.00, theta1:30.698, theta2:23.567, e:0.000
t:59.60, r:0.00, omega:0.00, omega_m:-0.00, u:0.00, theta1:30.698, theta2:23.567, e:0.000
t:59.61, r:0.00, omega:0.00, omega_m:-0.00, u:0.00, theta1:30.698, theta2:23.567, e:0.000
t:59.62, r:0.00, omega:0.00, omega_m:-0.00, u:0.00, theta1:30.698, theta2:23.567, e:0.000
t:59.63, r:0.00, omega:0.00, omega_m:-0.00, u:0.00, theta1:30.698, theta2:23.567, e:0.000
t:59.64, r:0.00, omega:0.00, omega_m:-0.00, u:0.00, theta1:30.698, theta2:23.567, e:0.000
t:59.65, r:0.00, omega:0.00, omega_m:-0.00, u:0.00, theta1:30.698, theta2:23.567, e:0.000
t:59.66, r:0.00, omega:0.00, omega_m:-0.00, u:0.00, theta1:30.698, theta2:23.567, e:0.000
t:59.67, r:0.00, omega:0.00, omega_m:-0.00, u:0.00, theta1:30.698, theta2:23.567, e:0.000
t:59.68, r:0.00, omega:0.00, omega_m:-0.00, u:0.00, theta1:30.698, theta2:23.567, e:0.000
t:59.69, r:0.00, omega:0.00, omega_m:-0.00, u:0.00, theta1:30.698, theta2:23.567, e:0.000
t:59.70, r:0.00, omega:0.00, omega_m:-0.00, u:0.00, theta1:30.698, theta2:23.567, e:0.000
t:59.71, r:0.00, omega:0.00, omega_m:-0.00, u:0.00, theta1:30.698, theta2:23.567, e:0.000
t:59.72, r:0.00, omega:0.00, omega_m:-0.00, u:0.00, theta1:30.698, theta2:23.567, e:0.000
t:59.73, r:0.00, omega:0.00, omega_m:-0.00, u:0.00, theta1:30.698, theta2:23.567, e:0.000
t:59.74, r:0.00, omega:0.00, omega_m:-0.00, u:0.00, theta1:30.698, theta2:23.567, e:0.000
t:59.75, r:0.00, omega:0.00, omega_m:-0.00, u:0.00, theta1:30.698, theta2:23.567, e:0.000
t:59.76, r:0.00, omega:0.00, omega_m:-0.00, u:0.00, theta1:30.698, theta2:23.567, e:0.000
t:59.77, r:0.00, omega:0.00, omega_m:-0.00, u:0.00, theta1:30.698, theta2:23.567, e:0.000
t:59.78, r:0.00, omega:0.00, omega_m:-0.00, u:0.00, theta1:30.698, theta2:23.567, e:0.000
t:59.79, r:0.00, omega:0.00, omega_m:-0.00, u:0.00, theta1:30.698, theta2:23.567, e:0.000
t:59.80, r:0.00, omega:0.00, omega_m:-0.00, u:0.00, theta1:30.698, theta2:23.567, e:0.000
t:59.81, r:0.00, omega:0.00, omega_m:-0.00, u:0.00, theta1:30.698, theta2:23.567, e:0.000
t:59.82, r:0.00, omega:0.00, omega_m:-0.00, u:0.00, theta1:30.698, theta2:23.567, e:0.000
t:59.83, r:0.00, omega:0.00, omega_m:-0.00, u:0.00, theta1:30.698, theta2:23.567, e:0.000
t:59.84, r:0.00, omega:0.00, omega_m:-0.00, u:0.00, theta1:30.698, theta2:23.567, e:0.000
t:59.85, r:0.00, omega:0.00, omega_m:-0.00, u:0.00, theta1:30.698, theta2:23.567, e:0.000
t:59.86, r:0.00, omega:0.00, omega_m:-0.00, u:0.00, theta1:30.698, theta2:23.567, e:0.000
t:59.87, r:0.00, omega:0.00, omega_m:-0.00, u:0.00, theta1:30.698, theta2:23.567, e:0.000
t:59.88, r:0.00, omega:0.00, omega_m:-0.00, u:0.00, theta1:30.698, theta2:23.567, e:0.000
t:59.89, r:0.00, omega:0.00, omega_m:-0.00, u:0.00, theta1:30.698, theta2:23.567, e:0.000
t:59.90, r:0.00, omega:0.00, omega_m:-0.00, u:0.00, theta1:30.698, theta2:23.567, e:0.000
t:59.91, r:0.00, omega:0.00, omega_m:-0.00, u:0.00, theta1:30.698, theta2:23.567, e:0.000
t:59.92, r:0.00, omega:0.00, omega_m:-0.00, u:0.00, theta1:30.698, theta2:23.567, e:0.000
t:59.93, r:0.00, omega:0.00, omega_m:-0.00, u:0.00, theta1:30.698, theta2:23.567, e:0.000
t:59.94, r:0.00, omega:0.00, omega_m:-0.00, u:0.00, theta1:30.698, theta2:23.567, e:0.000
t:59.95, r:0.00, omega:0.00, omega_m:-0.00, u:0.00, theta1:30.698, theta2:23.567, e:0.000
t:59.96, r:0.00, omega:0.00, omega_m:-0.00, u:0.00, theta1:30.698, theta2:23.567, e:0.000
t:59.97, r:0.00, omega:0.00, omega_m:-0.00, u:0.00, theta1:30.698, theta2:23.567, e:0.000
t:59.98, r:0.00, omega:0.00, omega_m:-0.00, u:0.00, theta1:30.698, theta2:23.567, e:0.000
t:59.99, r:0.00, omega:0.00, omega_m:-0.00, u:0.00, theta1:30.698, theta2:23.567, e:0.000
t:60.00, r:0.00, omega:0.00, omega_m:-0.00, u:0.00, theta1:30.698, theta2:23.567, e:0.000
t:60.01, r:25.00, omega:0.00, omega_m:15.80, u:700.00, theta1:30.717, theta2:23.567, e:-15.803
t:60.02, r:25.00, omega:0.00, omega_m:21.62, u:700.00, theta1:30.744, theta2:23.567, e:-21.617
t:60.03, r:25.00, omega:0.00, omega_m:23.76, u:700.00, theta1:30.774, theta2:23.567, e:-23.755
t:60.04, r:25.00, omega:0.51, omega_m:24.54, u:700.00, theta1:30.804, theta2:23.566, e:-24.027
t:60.05, r:25.00, omega:0.51, omega_m:24.83, u:700.00, theta1:30.835, theta2:23.565, e:-24.317
t:60.06, r:25.00, omega:37.03, omega_m:24.94, u:-102.96, theta1:30.819, theta2:23.588, e:12.092
t:60.07, r:25.00, omega:42.36, omega_m:24.98, u:-230.86, theta1:30.798, theta2:23.625, e:17.385
t:60.08, r:25.00, omega:42.36, omega_m:24.99, u:-232.96, theta1:30.776, theta2:23.661, e:17.371
t:60.09, r:25.00, omega:42.36, omega_m:25.00, u:-235.06, theta1:30.754, theta2:23.698, e:17.365
t:60.10, r:25.00, omega:42.36, omega_m:25.00, u:-237.16, theta1:30.733, theta2:23.735, e:17.363
t:60.11, r:25.00, omega:42.36, omega_m:25.00, u:-239.26, theta1:30.711, theta2:23.772, e:17.363
t:60.12, r:25.00, omega:-10.03, omega_m:25.00, u:700.00, theta1:30.755, theta2:23.789, e:-35.025
t:60.13, r:25.00, omega:-10.03, omega_m:25.00, u:700.00, theta1:30.798, theta2:23.807, e:-35.025
t:60.14, r:25.00, omega:-10.03, omega_m:25.00, u:700.00, theta1:30.842, theta2:23.824, e:-35.025
t:60.15, r:25.00, omega:16.42, omega_m:25.00, u:380.28, theta1:30.853, theta2:23.817, e:-8.582
t:60.16, r:25.00, omega:16.42, omega_m:25.00, u:380.66, theta1:30.864, theta2:23.810, e:-8.582
t:60.17, r:25.00, omega:30.79, omega_m:25.00, u:37.99, theta1:30.856, theta2:23.819, e:5.791
t:60.18, r:25.00, omega:30.79, omega_m:25.00, u:37.54, theta1:30.849, theta2:23.828, e:5.791
t:60.19, r:25.00, omega:25.58, omega_m:25.00, u:161.72, theta1:30.848, theta2:23.829, e:0.578
t:60.20, r:25.00, omega:25.58, omega_m:25.00, u:161.69, theta1:30.848, theta2:23.830, e:0.578
t:60.21, r:25.00, omega:25.58, omega_m:25.00, u:161.65, theta1:30.847, theta2:23.830, e:0.578
t:60.22, r:25.00, omega:25.58, omega_m:25.00, u:161.61, theta1:30.846, theta2:23.831, e:0.578
t:60.23, r:25.00, omega:12.72, omega_m:25.00, u:468.60, theta1:30.862, theta2:23.823, e:-12.284
t:60.24, r:25.00, omega:12.72, omega_m:25.00, u:469.08, theta1:30.877, theta2:23.816, e:-12.284
t:60.25, r:25.00, omega:12.72, omega_m:25.00, u:469.57, theta1:30.892, theta2:23.808, e:-12.284
t:60.26, r:25.00, omega:17.45, omega_m:25.00, u:357.33, theta1:30.902, theta2:23.801, e:-7.555
t:60.27, r:25.00, omega:17.45, omega_m:25.00, u:357.68, theta1:30.911, theta2:23.795, e:-7.555
t:60.28, r:25.00, omega:27.25, omega_m:25.00, u:124.31, theta1:30.908, theta2:23.798, e:2.247
t:60.29, r:25.00, omega:27.25, omega_m:25.00, u:124.15, theta1:30.906, theta2:23.801, e:2.247
t:60.30, r:25.00, omega:27.25, omega_m:25.00, u:124.00, theta1:30.903, theta2:23.804, e:2.247
t:60.31, r:25.00, omega:20.50, omega_m:25.00, u:284.82, theta1:30.908, theta2:23.799, e:-4.500
t:60.32, r:25.00, omega:20.50, omega_m:25.00, u:285.06, theta1:30.914, theta2:23.795, e:-4.500
t:60.33, r:25.00, omega:20.50, omega_m:25.00, u:285.29, theta1:30.920, theta2:23.790, e:-4.500
t:60.34, r:25.00, omega:14.30, omega_m:25.00, u:433.19, theta1:30.933, theta2:23.782, e:-10.698
t:60.35, r:25.00, omega:14.30, omega_m:25.00, u:433.63, theta1:30.946, theta2:23.775, e:-10.698
t:60.36, r:25.00, omega:14.30, omega_m:25.00, u:434.08, theta1:30.960, theta2:23.767, e:-10.698
t:60.37, r:25.00, omega:21.18, omega_m:25.00, u:270.91, theta1:30.965, theta2:23.763, e:-3.824
t:60.38, r:25.00, omega:21.18, omega_m:25.00, u:271.12, theta1:30.969, theta2:23.759, e:-3.824
t:60.39, r:25.00, omega:25.20, omega_m:25.00, u:175.42, theta1:30.969, theta2:23.759, e:0.203
t:60.40, r:25.00, omega:25.20, omega_m:25.00, u:175.41, theta1:30.969, theta2:23.759, e:0.203
t:60.41, r:25.00, omega:25.20, omega_m:25.00, u:175.39, theta1:30.969, theta2:23.760, e:0.203
t:60.42, r:25.00, omega:20.52, omega_m:25.00, u:286.87, theta1:30.974, theta2:23.755, e:-4.479
t:60.43, r:25.00, omega:20.52, omega_m:25.00, u:287.11, theta1:30.980, theta2:23.750, e:-4.479
t:60.44, r:25.00, omega:20.52, omega_m:25.00, u:287.34, theta1:30.985, theta2:23.746, e:-4.479
t:60.45, r:25.00, omega:15.11, omega_m:25.00, u:416.19, theta1:30.998, theta2:23.738, e:-9.887
t:60.46, r:25.00, omega:15.11, omega_m:25.00, u:416.61, theta1:31.010, theta2:23.731, e:-9.887
t:60.47, r:25.00, omega:15.11, omega_m:25.00, u:417.03, theta1:31.022, theta2:23.723, e:-9.887
t:60.48, r:25.00, omega:20.62, omega_m:25.00, u:286.62, theta1:31.028, theta2:23.719, e:-4.380
t:60.49, r:25.00, omega:20.62, omega_m:25.00, u:286.85, theta1:31.033, theta2:23.714, e:-4.380
t:60.50, r:25.00, omega:26.81, omega_m:25.00, u:139.83, theta1:31.031, theta2:23.717, e:1.814
t:60.51, r:25.00, omega:26.81, omega_m:25.00, u:139.71, theta1:31.029, theta2:23.719, e:1.814
t:60.52, r:25.00, omega:20.86, omega_m:25.00, u:281.13, theta1:31.034, theta2:23.715, e:-4.139
t:60.53, r:25.00, omega:20.86, omega_m:25.00, u:281.35, theta1:31.039, theta2:23.711, e:-4.139
t:60.54, r:25.00, omega:20.86, omega_m:25.00, u:281.56, theta1:31.044, theta2:23.706, e:-4.139
t:60.55, r:25.00, omega:15.67, omega_m:25.00, u:405.12, theta1:31.056, theta2:23.699, e:-9.333
t:60.56, r:25.00, omega:15.67, omega_m:25.00, u:405.52, theta1:31.068, theta2:23.692, e:-9.333
t:60.57, r:25.00, omega:15.67, omega_m:25.00, u:405.93, theta1:31.079, theta2:23.684, e:-9.333
t:60.58, r:25.00, omega:21.50, omega_m:25.00, u:268.02, theta1:31.084, theta2:23.681, e:-3.502
t:60.59, r:25.00, omega:21.50, omega_m:25.00, u:268.21, theta1:31.088, theta2:23.677, e:-3.502
t:60.60, r:25.00, omega:24.79, omega_m:25.00, u:190.17, theta1:31.088, theta2:23.677, e:-0.206
t:60.61, r:25.00, omega:24.79, omega_m:25.00, u:190.19, theta1:31.089, theta2:23.676, e:-0.206
t:60.62, r:25.00, omega:24.79, omega_m:25.00, u:190.20, theta1:31.089, theta2:23.676, e:-0.206
t:60.63, r:25.00, omega:19.91, omega_m:25.00, u:306.00, theta1:31.095, theta2:23.671, e:-5.086
t:60.64, r:25.00, omega:19.91, omega_m:25.00, u:306.26, theta1:31.102, theta2:23.666, e:-5.086
t:60.65, r:25.00, omega:19.91, omega_m:25.00, u:306.52, theta1:31.108, theta2:23.661, e:-5.086
t:60.66, r:25.00, omega:15.37, omega_m:25.00, u:414.36, theta1:31.120, theta2:23.654, e:-9.626
t:60.67, r:25.00, omega:15.37, omega_m:25.00, u:414.77, theta1:31.132, theta2:23.646, e:-9.626
t:60.68, r:25.00, omega:21.42, omega_m:25.00, u:271.99, theta1:31.137, theta2:23.642, e:-3.580
t:60.69, r:25.00, omega:21.42, omega_m:25.00, u:272.18, theta1:31.141, theta2:23.638, e:-3.580
t:60.70, r:25.00, omega:21.42, omega_m:25.00, u:272.38, theta1:31.146, theta2:23.635, e:-3.580
t:60.71, r:25.00, omega:23.47, omega_m:25.00, u:224.04, theta1:31.147, theta2:23.633, e:-1.531
t:60.72, r:25.00, omega:23.47, omega_m:25.00, u:224.13, theta1:31.149, theta2:23.631, e:-1.531
t:60.73, r:25.00, omega:20.03, omega_m:25.00, u:305.63, theta1:31.156, theta2:23.626, e:-4.969
t:60.74, r:25.00, omega:20.03, omega_m:25.00, u:305.88, theta1:31.162, theta2:23.621, e:-4.969
t:60.75, r:25.00, omega:20.03, omega_m:25.00, u:306.14, theta1:31.168, theta2:23.616, e:-4.969
t:60.76, r:25.00, omega:17.96, omega_m:25.00, u:355.36, theta1:31.177, theta2:23.610, e:-7.039
t:60.77, r:25.00, omega:17.96, omega_m:25.00, u:355.70, theta1:31.186, theta2:23.603, e:-7.039
t:60.78, r:25.00, omega:17.96, omega_m:25.00, u:356.03, theta1:31.194, theta2:23.597, e:-7.039
t:60.79, r:25.00, omega:22.07, omega_m:25.00, u:259.25, theta1:31.198, theta2:23.594, e:-2.931
t:60.80, r:25.00, omega:22.07, omega_m:25.00, u:259.41, theta1:31.202, theta2:23.591, e:-2.931
t:60.81, r:25.00, omega:21.55, omega_m:25.00, u:271.87, theta1:31.206, theta2:23.587, e:-3.451
t:60.82, r:25.00, omega:21.55, omega_m:25.00, u:272.06, theta1:31.210, theta2:23.583, e:-3.451
t:60.83, r:25.00, omega:21.19, omega_m:25.00, u:280.74, theta1:31.215, theta2:23.579, e:-3.810
t:60.84, r:25.00, omega:21.19, omega_m:25.00, u:280.94, theta1:31.220, theta2:23.575, e:-3.810
t:60.85, r:25.00, omega:21.19, omega_m:25.00, u:281.15, theta1:31.225, theta2:23.571, e:-3.810
t:60.86, r:25.00, omega:19.98, omega_m:25.00, u:310.01, theta1:31.231, theta2:23.566, e:-5.024
t:60.87, r:25.00, omega:19.98, omega_m:25.00, u:310.27, theta1:31.237, theta2:23.561, e:-5.024
t:60.88, r:25.00, omega:19.98, omega_m:25.00, u:310.52, theta1:31.243, theta2:23.556, e:-5.024
t:60.89, r:25.00, omega:18.88, omega_m:25.00, u:336.60, theta1:31.251, theta2:23.550, e:-6.118
t:60.90, r:25.00, omega:18.88, omega_m:25.00, u:336.90, theta1:31.259, theta2:23.544, e:-6.118
t:60.91, r:25.00, omega:21.66, omega_m:25.00, u:271.67, theta1:31.263, theta2:23.541, e:-3.340
t:60.92, r:25.00, omega:21.66, omega_m:25.00, u:271.85, theta1:31.267, theta2:23.537, e:-3.340
t:60.93, r:25.00, omega:21.66, omega_m:25.00, u:272.03, theta1:31.271, theta2:23.534, e:-3.340
t:60.94, r:25.00, omega:21.80, omega_m:25.00, u:268.85, theta1:31.275, theta2:23.530, e:-3.197
t:60.95, r:25.00, omega:21.80, omega_m:25.00, u:269.03, theta1:31.279, theta2:23.527, e:-3.197
t:60.96, r:25.00, omega:19.42, omega_m:25.00, u:325.32, theta1:31.286, theta2:23.521, e:-5.578
t:60.97, r:25.00, omega:19.42, omega_m:25.00, u:325.60, theta1:31.293, theta2:23.516, e:-5.578
t:60.98, r:25.00, omega:19.42, omega_m:25.00, u:325.88, theta1:31.300, theta2:23.510, e:-5.578
t:60.99, r:25.00, omega:18.95, omega_m:25.00, u:337.17, theta1:31.308, theta2:23.505, e:-6.046
t:61.00, r:25.00, omega:18.95, omega_m:25.00, u:337.47, theta1:31.315, theta2:23.499, e:-6.046
t:61.01, r:0.00, omega:22.18, omega_m:9.20, u:0.00, theta1:31.315, theta2:23.513, e:12.981
t:61.02, r:0.00, omega:22.18, omega_m:3.38, u:0.00, theta1:31.315, theta2:23.534, e:18.795
t:61.03, r:0.00, omega:22.18, omega_m:1.24, u:0.00, theta1:31.315, theta2:23.557, e:20.933
t:61.04, r:0.00, omega:22.18, omega_m:0.46, u:0.00, theta1:31.315, theta2:23.581, e:21.720
t:61.05, r:0.00, omega:22.18, omega_m:0.17, u:0.00, theta1:31.315, theta2:23.606, e:22.009
t:61.06, r:0.00, omega:22.18, omega_m:0.06, u:0.00, theta1:31.315, theta2:23.630, e:22.116
t:61.07, r:0.00, omega:22.18, omega_m:0.02, u:0.00, theta1:31.315, theta2:23.655, e:22.155
t:61.08, r:0.00, omega:22.18, omega_m:0.01, u:0.00, theta1:31.315, theta2:23.680, e:22.170
t:61.09, r:0.00, omega:22.18, omega_m:0.00, u:0.00, theta1:31.315, theta2:23.704, e:22.175
t:61.10, r:0.00, omega:22.18, omega_m:0.00, u:0.00, theta1:31.315, theta2:23.729, e:22.177
t:61.11, r:0.00, omega:22.18, omega_m:0.00, u:0.00, theta1:31.315, theta2:23.753, e:22.178
t:61.12, r:0.00, omega:22.18, omega_m:0.00, u:0.00, theta1:31.315, theta2:23.778, e:22.178
t:61.13, r:0.00, omega:22.18, omega_m:0.00, u:0.00, theta1:31.315, theta2:23.803, e:22.178
t:61.14, r:0.00, omega:22.18, omega_m:0.00, u:0.00, theta1:31.315, theta2:23.827, e:22.178
t:61.15, r:0.00, omega:22.18, omega_m:0.00, u:0.00, theta1:31.315, theta2:23.852, e:22.178
t:61.16, r:0.00, omega:22.18, omega_m:0.00, u:0.00, theta1:31.315, theta2:23.876, e:22.178
t:61.17, r:0.00, omega:22.18, omega_m:0.00, u:0.00, theta1:31.315, theta2:23.901, e:22.178
t:61.18, r:0.00, omega:22.18, omega_m:0.00, u:0.00, theta1:31.315, theta2:23.926, e:22.178
t:61.19, r:0.00, omega:22.18, omega_m:0.00, u:0.00, theta1:31.315, theta2:23.950, e:22.178
t:61.20, r:0.00, omega:22.18, omega_m:0.00, u:0.00, theta1:31.315, theta2:23.975, e:22.178
t:61.21, r:0.00, omega:22.18, omega_m:0.00, u:0.00, theta1:31.315, theta2:23.999, e:22.178
t:61.22, r:0.00, omega:22.18, omega_m:0.00, u:0.00, theta1:31.315, theta2:24.024, e:22.178
t:61.23, r:0.00, omega:22.18, omega_m:0.00, u:0.00, theta1:31.315, theta2:24.048, e:22.178
t:61.24, r:0.00, omega:22.18, omega_m:0.00, u:0.00, theta1:31.315, theta2:24.073, e:22.178
t:61.25, r:0.00, omega:22.18, omega_m:0.00, u:0.00, theta1:31.315, theta2:24.098, e:22.178
t:61.26, r:0.00, omega:22.18, omega_m:0.00, u:0.00, theta1:31.315, theta2:24.122, e:22.178
t:61.27, r:0.00, omega:22.18, omega_m:0.00, u:0.00, theta1:31.315, theta2:24.147, e:22.178
t:61.28, r:0.00, omega:22.18, omega_m:0.00, u:0.00, theta1:31.315, theta2:24.171, e:22.178
t:61.29, r:0.00, omega:22.18, omega_m:0.00, u:0.00, theta1:31.315, theta2:24.196, e:22.178
t:61.30, r:0.00, omega:22.18, omega_m:0.00, u:0.00, theta1:31.315, theta2:24.221, e:22.178
t:61.31, r:0.00, omega:22.18, omega_m:0.00, u:0.00, theta1:31.315, theta2:24.245, e:22.178
t:61.32, r:0.00, omega:22.18, omega_m:0.00, u:0.00, theta1:31.315, theta2:24.270, e:22.178
t:61.33, r:0.00, omega:22.18, omega_m:0.00, u:0.00, theta1:31.315, theta2:24.294, e:22.178
t:61.34, r:0.00, omega:22.18, omega_m:0.00, u:0.00, theta1:31.315, theta2:24.319, e:22.178
t:61.35, r:0.00, omega:22.18, omega_m:0.00, u:0.00, theta1:31.315, theta2:24.344, e:22.178
t:61.36, r:0.00, omega:22.18, omega_m:0.00, u:0.00, theta1:31.315, theta2:24.368, e:22.178
t:61.37, r:0.00, omega:22.18, omega_m:0.00, u:0.00, theta1:31.315, theta2:24.393, e:22.178
t:61.38, r:0.00, omega:22.18, omega_m:0.00, u:0.00, theta1:31.315, theta2:24.417, e:22.178
t:61.39, r:0.00, omega:22.18, omega_m:0.00, u:0.00, theta1:31.315, theta2:24.442, e:22.178
t:61.40, r:0.00, omega:22.18, omega_m:0.00, u:0.00, theta1:31.315, theta2:24.467, e:22.178
t:61.41, r:0.00, omega:22.18, omega_m:0.00, u:0.00, theta1:31.315, theta2:24.491, e:22.178
t:61.42, r:0.00, omega:22.18, omega_m:0.00, u:0.00, theta1:31.315, theta2:24.516, e:22.178
t:61.43, r:0.00, omega:22.18, omega_m:0.00, u:0.00, theta1:31.315, theta2:24.540, e:22.178
t:61.44, r:0.00, omega:22.18, omega_m:0.00, u:0.00, theta1:31.315, theta2:24.565, e:22.178
t:61.45, r:0.00, omega:22.18, omega_m:0.00, u:0.00, theta1:31.315, theta2:24.590, e:22.178
t:61.46, r:0.00, omega:22.18, omega_m:0.00, u:0.00, theta1:31.315, theta2:24.614, e:22.178
t:61.47, r:0.00, omega:22.18, omega_m:0.00, u:0.00, theta1:31.315, theta2:24.639, e:22.178
t:61.48, r:0.00, omega:22.18, omega_m:0.00, u:0.00, theta1:31.315, theta2:24.663, e:22.178
t:61.49, r:0.00, omega:22.18, omega_m:0.00, u:0.00, theta1:31.315, theta2:24.688, e:22.178
t:61.50, r:0.00, omega:22.18, omega_m:0.00, u:0.00, theta1:31.315, theta2:24.712, e:22.178
t:61.51, r:0.00, omega:22.18, omega_m:0.00, u:0.00, theta1:31.315, theta2:24.737, e:22.178
t:61.52, r:0.00, omega:0.00, omega_m:0.00, u:0.00, theta1:31.315, theta2:24.737, e:-0.000
t:61.53, r:0.00, omega:0.00, omega_m:0.00, u:0.00, theta1:31.315, theta2:24.737, e:-0.000
t:61.54, r:0.00, omega:0.00, omega_m:0.00, u:0.00, theta1:31.315, theta2:24.737, e:-0.000
t:61.55, r:0.00, omega:0.00, omega_m:0.00, u:0.00, theta1:31.315, theta2:24.737, e:-0.000
t:61.56, r:0.00, omega:0.00, omega_m:0.00, u:0.00, theta1:31.315, theta2:24.737, e:-0.000
t:61.57, r:0.00, omega:0.00, omega_m:0.00, u:0.00, theta1:31.315, theta2:24.737, e:-0.000
t:61.58, r:0.00, omega:0.00, omega_m:0.00, u:0.00, theta1:31.315, theta2:24.737, e:-0.000
t:61.59, r:0.00, omega:0.00, omega_m:0.00, u:0.00, theta1:31.315, theta2:24.737, e:-0.000
t:61.60, r:0.00, omega:0.00, omega_m:0.00, u:0.00, theta1:31.315, theta2:24.737, e:-0.000
t:61.61, r:0.00, omega:0.00, omega_m:0.00, u:0.00, theta1:31.315, theta2:24.737, e:-0.000
t:61.62, r:0.00, omega:0.00, omega_m:0.00, u:0.00, theta1:31.315, theta2:24.737, e:-0.000
t:61.63, r:0.00, omega:0.00, omega_m:0.00, u:0.00, theta1:31.315, theta2:24.737, e:-0.000
t:61.64, r:0.00, omega:0.00, omega_m:0.00, u:0.00, theta1:31.315, theta2:24.737, e:-0.000
t:61.65, r:0.00, omega:0.00, omega_m:0.00, u:0.00, theta1:31.315, theta2:24.737, e:-0.000
t:61.66, r:0.00, omega:0.00, omega_m:0.00, u:0.00, theta1:31.315, theta2:24.737, e:-0.000
t:61.67, r:0.00, omega:0.00, omega_m:0.00, u:0.00, theta1:31.315, theta2:24.737, e:-0.000
t:61.68, r:0.00, omega:0.00, omega_m:0.00, u:0.00, theta1:31.315, theta2:24.737, e:-0.000
t:61.69, r:0.00, omega:0.00, omega_m:0.00, u:0.00, theta1:31.315, theta2:24.737, e:-0.000
t:61.70, r:0.00, omega:0.00, omega_m:0.00, u:0.00, theta1:31.315, theta2:24.737, e:-0.000
t:61.71, r:0.00, omega:0.00, omega_m:0.00, u:0.00, theta1:31.315, theta2:24.737, e:-0.000
t:61.72, r:0.00, omega:0.00, omega_m:0.00, u:0.00, theta1:31.315, theta2:24.737, e:-0.000
t:61.73, r:0.00, omega:0.00, omega_m:0.00, u:0.00, theta1:31.315, theta2:24.737, e:-0.000
t:61.74, r:0.00, omega:0.00, omega_m:0.00, u:0.00, theta1:31.315, theta2:24.737, e:-0.000
t:61.75, r:0.00, omega:0.00, omega_m:0.00, u:0.00, theta1:31.315, theta2:24.737, e:-0.000
t:61.76, r:0.00, omega:0.00, omega_m:0.00, u:0.00, theta1:31.315, theta2:24.737, e:-0.000
t:61.77, r:0.00, omega:0.00, omega_m:0.00, u:0.00, theta1:31.315, theta2:24.737, e:-0.000
t:61.78, r:0.00, omega:0.00, omega_m:0.00, u:0.00, theta1:31.315, theta2:24.737, e:-0.000
t:61.79, r:0.00, omega:0.00, omega_m:0.00, u:0.00, theta1:31.315, theta2:24.737, e:-0.000
t:61.80, r:0.00, omega:0.00, omega_m:0.00, u:0.00, theta1:31.315, theta2:24.737, e:-0.000
t:61.81, r:0.00, omega:0.00, omega_m:0.00, u:0.00, theta1:31.315, theta2:24.737, e:-0.000
t:61.82, r:0.00, omega:0.00, omega_m:0.00, u:0.00, theta1:31.315, theta2:24.737, e:-0.000
t:61.83, r:0.00, omega:0.00, omega_m:0.00, u:0.00, theta1:31.315, theta2:24.737, e:-0.000
t:61.84, r:0.00, omega:0.00, omega_m:0.00, u:0.00, theta1:31.315, theta2:24.737, e:-0.000
t:61.85, r:0.00, omega:0.00, omega_m:0.00, u:0.00, theta1:31.315, theta2:24.737, e:-0.000
t:61.86, r:0.00, omega:0.00, omega_m:0.00, u:0.00, theta1:31.315, theta2:24.737, e:-0.000
t:61.87, r:0.00, omega:0.00, omega_m:0.00, u:0.00, theta1:31.315, theta2:24.737, e:-0.000
t:61.88, r:0.00, omega:0.00, omega_m:0.00, u:0.00, theta1:31.315, theta2:24.737, e:-0.000
t:61.89, r:0.00, omega:0.00, omega_m:0.00, u:0.00, theta1:31.315, theta2:24.737, e:-0.000
t:61.90, r:0.00, omega:0.00, omega_m:0.00, u:0.00, theta1:31.315, theta2:24.737, e:-0.000
t:61.91, r:0.00, omega:0.00, omega_m:0.00, u:0.00, theta1:31.315, theta2:24.737, e:-0.000
t:61.92, r:0.00, omega:0.00, omega_m:0.00, u:0.00, theta1:31.315, theta2:24.737, e:-0.000
t:61.93, r:0.00, omega:0.00, omega_m:0.00, u:0.00, theta1:31.315, theta2:24.737, e:-0.000
t:61.94, r:0.00, omega:0.00, omega_m:0.00, u:0.00, theta1:31.315, theta2:24.737, e:-0.000
t:61.95, r:0.00, omega:0.00, omega_m:0.00, u:0.00, theta1:31.315, theta2:24.737, e:-0.000
t:61.96, r:0.00, omega:0.00, omega_m:0.00, u:0.00, theta1:31.315, theta2:24.737, e:-0.000
t:61.97, r:0.00, omega:0.00, omega_m:0.00, u:0.00, theta1:31.315, theta2:24.737, e:-0.000
t:61.98, r:0.00, omega:0.00, omega_m:0.00, u:0.00, theta1:31.315, theta2:24.737, e:-0.000
t:61.99, r:0.00, omega:0.00, omega_m:0.00, u:0.00, theta1:31.315, theta2:24.737, e:-0.000
t:62.00, r:0.00, omega:0.00, omega_m:0.00, u:0.00, theta1:31.315, theta2:24.737, e:-0.000
t:62.01, r:-25.00, omega:0.00, omega_m:-15.80, u:-700.00, theta1:31.335, theta2:24.737, e:15.803
t:62.02, r:-25.00, omega:0.00, omega_m:-21.62, u:-700.00, theta1:31.362, theta2:24.737, e:21.617
t:62.03, r:-25.00, omega:-0.51, omega_m:-23.76, u:-700.00, theta1:31.391, theta2:24.736, e:23.241
t:62.04, r:-25.00, omega:-0.51, omega_m:-24.54, u:-700.00, theta1:31.421, theta2:24.736, e:24.028
t:62.05, r:-25.00, omega:-31.14, omega_m:-24.83, u:-14.69, theta1:31.413, theta2:24.746, e:-6.311
t:62.06, r:-25.00, omega:-39.58, omega_m:-24.94, u:195.62, theta1:31.395, theta2:24.775, e:-14.639
t:62.07, r:-25.00, omega:-39.58, omega_m:-24.98, u:197.22, theta1:31.377, theta2:24.804, e:-14.599
t:62.08, r:-25.00, omega:-39.58, omega_m:-24.99, u:198.82, theta1:31.358, theta2:24.832, e:-14.585
t:62.09, r:-25.00, omega:-39.58, omega_m:-25.00, u:200.42, theta1:31.340, theta2:24.861, e:-14.580
t:62.10, r:-25.00, omega:-39.58, omega_m:-25.00, u:202.02, theta1:31.322, theta2:24.890, e:-14.578
t:62.11, r:-25.00, omega:-39.58, omega_m:-25.00, u:203.61, theta1:31.304, theta2:24.919, e:-14.577
t:62.12, r:-25.00, omega:10.14, omega_m:-25.00, u:-700.00, theta1:31.348, theta2:24.937, e:35.143
t:62.13, r:-25.00, omega:10.14, omega_m:-25.00, u:-700.00, theta1:31.392, theta2:24.955, e:35.143
t:62.14, r:-25.00, omega:10.14, omega_m:-25.00, u:-700.00, theta1:31.436, theta2:24.972, e:35.143
t:62.15, r:-25.00, omega:10.14, omega_m:-25.00, u:-700.00, theta1:31.480, theta2:24.990, e:35.143
t:62.16, r:-25.00, omega:-12.78, omega_m:-25.00, u:-468.02, theta1:31.495, theta2:24.982, e:12.217
t:62.17, r:-25.00, omega:-35.68, omega_m:-25.00, u:105.01, theta1:31.481, theta2:25.001, e:-10.680
t:62.18, r:-25.00, omega:-35.68, omega_m:-25.00, u:106.02, theta1:31.468, theta2:25.021, e:-10.680
t:62.19, r:-25.00, omega:-30.58, omega_m:-25.00, u:-21.26, theta1:31.461, theta2:25.029, e:-5.575
t:62.20, r:-25.00, omega:-30.58, omega_m:-25.00, u:-20.83, theta1:31.454, theta2:25.038, e:-5.575
t:62.21, r:-25.00, omega:-30.58, omega_m:-25.00, u:-20.39, theta1:31.447, theta2:25.046, e:-5.575
t:62.22, r:-25.00, omega:-30.58, omega_m:-25.00, u:-19.96, theta1:31.440, theta2:25.055, e:-5.575
t:62.23, r:-25.00, omega:-30.58, omega_m:-25.00, u:-19.52, theta1:31.433, theta2:25.063, e:-5.575
t:62.24, r:-25.00, omega:-30.58, omega_m:-25.00, u:-19.09, theta1:31.426, theta2:25.072, e:-5.575
t:62.25, r:-25.00, omega:-30.58, omega_m:-25.00, u:-18.65, theta1:31.419, theta2:25.080, e:-5.575
t:62.26, r:-25.00, omega:-30.58, omega_m:-25.00, u:-18.22, theta1:31.412, theta2:25.089, e:-5.575
t:62.27, r:-25.00, omega:-30.58, omega_m:-25.00, u:-17.78, theta1:31.405, theta2:25.097, e:-5.575
t:62.28, r:-25.00, omega:-30.58, omega_m:-25.00, u:-17.35, theta1:31.398, theta2:25.106, e:-5.575
t:62.29, r:-25.00, omega:-30.58, omega_m:-25.00, u:-16.91, theta1:31.391, theta2:25.114, e:-5.575
t:62.30, r:-25.00, omega:-30.58, omega_m:-25.00, u:-16.48, theta1:31.384, theta2:25.123, e:-5.575
t:62.31, r:-25.00, omega:-30.58, omega_m:-25.00, u:-16.04, theta1:31.378, theta2:25.131, e:-5.575
t:62.32, r:-25.00, omega:-30.58, omega_m:-25.00, u:-15.61, theta1:31.371, theta2:25.140, e:-5.575
t:62.33, r:-25.00, omega:-30.58, omega_m:-25.00, u:-15.17, theta1:31.364, theta2:25.148, e:-5.575
t:62.34, r:-25.00, omega:-30.58, omega_m:-25.00, u:-14.74, theta1:31.357, theta2:25.157, e:-5.575
t:62.35, r:-25.00, omega:-30.58, omega_m:-25.00, u:-14.30, theta1:31.350, theta2:25.165, e:-5.575
t:62.36, r:-25.00, omega:-30.58, omega_m:-25.00, u:-13.87, theta1:31.343, theta2:25.174, e:-5.575
t:62.37, r:-25.00, omega:-30.58, omega_m:-25.00, u:-13.44, theta1:31.336, theta2:25.182, e:-5.575
t:62.38, r:-25.00, omega:-30.58, omega_m:-25.00, u:-13.00, theta1:31.329, theta2:25.191, e:-5.575
t:62.39, r:-25.00, omega:-30.58, omega_m:-25.00, u:-12.57, theta1:31.322, theta2:25.200, e:-5.575
t:62.40, r:-25.00, omega:-30.58, omega_m:-25.00, u:-12.13, theta1:31.315, theta2:25.208, e:-5.575
t:62.41, r:-25.00, omega:-30.58, omega_m:-25.00, u:-11.70, theta1:31.308, theta2:25.217, e:-5.575
t:62.42, r:-25.00, omega:-30.58, omega_m:-25.00, u:-11.26, theta1:31.301, theta2:25.225, e:-5.575
t:62.43, r:-25.00, omega:-30.58, omega_m:-25.00, u:-10.83, theta1:31.294, theta2:25.234, e:-5.575
t:62.44, r:-25.00, omega:-30.58, omega_m:-25.00, u:-10.39, theta1:31.287, theta2:25.242, e:-5.575
t:62.45, r:-25.00, omega:-30.58, omega_m:-25.00, u:-9.96, theta1:31.280, theta2:25.251, e:-5.575
t:62.46, r:-25.00, omega:-30.58, omega_m:-25.00, u:-9.52, theta1:31.273, theta2:25.259, e:-5.575
t:62.47, r:-25.00, omega:-30.58, omega_m:-25.00, u:-9.09, theta1:31.266, theta2:25.268, e:-5.575
t:62.48, r:-25.00, omega:-30.58, omega_m:-25.00, u:-8.65, theta1:31.259, theta2:25.276, e:-5.575
t:62.49, r:-25.00, omega:-30.58, omega_m:-25.00, u:-8.22, theta1:31.252, theta2:25.285, e:-5.575
t:62.50, r:-25.00, omega:-30.58, omega_m:-25.00, u:-7.78, theta1:31.245, theta2:25.293, e:-5.575
t:62.51, r:-25.00, omega:-30.58, omega_m:-25.00, u:-7.35, theta1:31.238, theta2:25.302, e:-5.575
t:62.52, r:-25.00, omega:-30.58, omega_m:-25.00, u:-6.91, theta1:31.231, theta2:25.310, e:-5.575
t:62.53, r:-25.00, omega:-30.58, omega_m:-25.00, u:-6.48, theta1:31.224, theta2:25.319, e:-5.575
t:62.54, r:-25.00, omega:-30.58, omega_m:-25.00, u:-6.04, theta1:31.217, theta2:25.327, e:-5.575
t:62.55, r:-25.00, omega:-30.58, omega_m:-25.00, u:-5.61, theta1:31.210, theta2:25.336, e:-5.575
t:62.56, r:-25.00, omega:-30.58, omega_m:-25.00, u:-5.17, theta1:31.203, theta2:25.344, e:-5.575
t:62.57, r:-25.00, omega:-30.58, omega_m:-25.00, u:-4.74, theta1:31.196, theta2:25.353, e:-5.575
t:62.58, r:-25.00, omega:-30.58, omega_m:-25.00, u:-4.30, theta1:31.189, theta2:25.361, e:-5.575
t:62.59, r:-25.00, omega:-30.58, omega_m:-25.00, u:-3.87, theta1:31.182, theta2:25.370, e:-5.575
t:62.60, r:-25.00, omega:-30.58, omega_m:-25.00, u:-3.43, theta1:31.175, theta2:25.379, e:-5.575
t:62.61, r:-25.00, omega:-30.58, omega_m:-25.00, u:-3.00, theta1:31.168, theta2:25.387, e:-5.575
t:62.62, r:-25.00, omega:-30.58, omega_m:-25.00, u:-2.56, theta1:31.161, theta2:25.396, e:-5.575
t:62.63, r:-25.00, omega:-30.58, omega_m:-25.00, u:-2.13, theta1:31.155, theta2:25.404, e:-5.575
t:62.64, r:-25.00, omega:-30.58, omega_m:-25.00, u:-1.70, theta1:31.148, theta2:25.413, e:-5.575
t:62.65, r:-25.00, omega:-30.58, omega_m:-25.00, u:-1.26, theta1:31.141, theta2:25.421, e:-5.575
t:62.66, r:-25.00, omega:-30.58, omega_m:-25.00, u:-0.83, theta1:31.134, theta2:25.430, e:-5.575
t:62.67, r:-25.00, omega:-30.58, omega_m:-25.00, u:-0.39, theta1:31.127, theta2:25.438, e:-5.575
t:62.68, r:-25.00, omega:-30.58, omega_m:-25.00, u:0.04, theta1:31.120, theta2:25.447, e:-5.575
t:62.69, r:-25.00, omega:0.00, omega_m:-25.00, u:-700.00, theta1:31.151, theta2:25.447, e:25.000
t:62.70, r:-25.00, omega:0.00, omega_m:-25.00, u:-700.00, theta1:31.182, theta2:25.447, e:25.000
t:62.71, r:-25.00, omega:0.00, omega_m:-25.00, u:-700.00, theta1:31.213, theta2:25.447, e:25.000
t:62.72, r:-25.00, omega:-0.99, omega_m:-25.00, u:-700.00, theta1:31.243, theta2:25.445, e:24.006
t:62.73, r:-25.00, omega:-31.09, omega_m:-25.00, u:10.47, theta1:31.236, theta2:25.455, e:-6.089
t:62.74, r:-25.00, omega:-31.09, omega_m:-25.00, u:10.96, theta1:31.228, theta2:25.464, e:-6.089
t:62.75, r:-25.00, omega:-30.37, omega_m:-25.00, u:-7.00, theta1:31.221, theta2:25.473, e:-5.368
t:62.76, r:-25.00, omega:-30.37, omega_m:-25.00, u:-6.58, theta1:31.215, theta2:25.481, e:-5.368
t:62.77, r:-25.00, omega:-30.37, omega_m:-25.00, u:-6.16, theta1:31.208, theta2:25.489, e:-5.368
t:62.78, r:-25.00, omega:-30.37, omega_m:-25.00, u:-5.75, theta1:31.201, theta2:25.497, e:-5.368
t:62.79, r:-25.00, omega:-30.37, omega_m:-25.00, u:-5.33, theta1:31.195, theta2:25.505, e:-5.368
t:62.80, r:-25.00, omega:-30.37, omega_m:-25.00, u:-4.92, theta1:31.188, theta2:25.513, e:-5.368
t:62.81, r:-25.00, omega:-30.37, omega_m:-25.00, u:-4.50, theta1:31.181, theta2:25.521, e:-5.368
t:62.82, r:-25.00, omega:-30.37, omega_m:-25.00, u:-4.09, theta1:31.175, theta2:25.530, e:-5.368
t:62.83, r:-25.00, omega:-30.37, omega_m:-25.00, u:-3.67, theta1:31.168, theta2:25.538, e:-5.368
t:62.84, r:-25.00, omega:-30.37, omega_m:-25.00, u:-3.26, theta1:31.161, theta2:25.546, e:-5.368
t:62.85, r:-25.00, omega:-30.37, omega_m:-25.00, u:-2.84, theta1:31.154, theta2:25.554, e:-5.368
t:62.86, r:-25.00, omega:-30.37, omega_m:-25.00, u:-2.43, theta1:31.148, theta2:25.562, e:-5.368
t:62.87, r:-25.00, omega:-30.37, omega_m:-25.00, u:-2.01, theta1:31.141, theta2:25.570, e:-5.368
t:62.88, r:-25.00, omega:-30.37, omega_m:-25.00, u:-1.60, theta1:31.134, theta2:25.579, e:-5.368
t:62.89, r:-25.00, omega:-30.37, omega_m:-25.00, u:-1.18, theta1:31.128, theta2:25.587, e:-5.368
t:62.90, r:-25.00, omega:-30.37, omega_m:-25.00, u:-0.77, theta1:31.121, theta2:25.595, e:-5.368
t:62.91, r:-25.00, omega:-30.37, omega_m:-25.00, u:-0.35, theta1:31.114, theta2:25.603, e:-5.368
t:62.92, r:-25.00, omega:-30.37, omega_m:-25.00, u:0.06, theta1:31.107, theta2:25.611, e:-5.368
t:62.93, r:-25.00, omega:-30.37, omega_m:-25.00, u:0.48, theta1:31.101, theta2:25.619, e:-5.368
t:62.94, r:-25.00, omega:-30.37, omega_m:-25.00, u:0.89, theta1:31.094, theta2:25.627, e:-5.368
t:62.95, r:-25.00, omega:-30.37, omega_m:-25.00, u:1.31, theta1:31.087, theta2:25.636, e:-5.368
t:62.96, r:-25.00, omega:-30.37, omega_m:-25.00, u:1.72, theta1:31.081, theta2:25.644, e:-5.368
t:62.97, r:-25.00, omega:-30.37, omega_m:-25.00, u:2.14, theta1:31.074, theta2:25.652, e:-5.368
t:62.98, r:-25.00, omega:-30.37, omega_m:-25.00, u:2.56, theta1:31.067, theta2:25.660, e:-5.368
t:62.99, r:-25.00, omega:-30.37, omega_m:-25.00, u:2.97, theta1:31.060, theta2:25.668, e:-5.368
t:63.00, r:-25.00, omega:-30.37, omega_m:-25.00, u:3.39, theta1:31.054, theta2:25.676, e:-5.368
t:63.01, r:0.00, omega:-30.37, omega_m:-9.20, u:0.00, theta1:31.054, theta2:25.708, e:-21.171
t:63.02, r:0.00, omega:1.96, omega_m:-3.38, u:0.00, theta1:31.054, theta2:25.709, e:5.342
t:63.03, r:0.00, omega:1.96, omega_m:-1.24, u:0.00, theta1:31.054, theta2:25.709, e:3.203
t:63.04, r:0.00, omega:1.96, omega_m:-0.46, u:0.00, theta1:31.054, theta2:25.710, e:2.416
t:63.05, r:0.00, omega:1.96, omega_m:-0.17, u:0.00, theta1:31.054, theta2:25.710, e:2.127
t:63.06, r:0.00, omega:1.96, omega_m:-0.06, u:0.00, theta1:31.054, theta2:25.710, e:2.020
t:63.07, r:0.00, omega:1.96, omega_m:-0.02, u:0.00, theta1:31.054, theta2:25.710, e:1.981
t:63.08, r:0.00, omega:1.96, omega_m:-0.01, u:0.00, theta1:31.054, theta2:25.710, e:1.967
t:63.09, r:0.00, omega:1.96, omega_m:-0.00, u:0.00, theta1:31.054, theta2:25.711, e:1.962
t:63.10, r:0.00, omega:1.96, omega_m:-0.00, u:0.00, theta1:31.054, theta2:25.711, e:1.960
t:63.11, r:0.00, omega:1.96, omega_m:-0.00, u:0.00, theta1:31.054, theta2:25.711, e:1.959
t:63.12, r:0.00, omega:1.96, omega_m:-0.00, u:0.00, theta1:31.054, theta2:25.711, e:1.959
t:63.13, r:0.00, omega:1.96, omega_m:-0.00, u:0.00, theta1:31.054, theta2:25.711, e:1.959
t:63.14, r:0.00, omega:1.96, omega_m:-0.00, u:0.00, theta1:31.054, theta2:25.711, e:1.958
t:63.15, r:0.00, omega:1.96, omega_m:-0.00, u:0.00, theta1:31.054, theta2:25.712, e:1.958
t:63.16, r:0.00, omega:1.96, omega_m:-0.00, u:0.00, theta1:31.054, theta2:25.712, e:1.958
t:63.17, r:0.00, omega:1.96, omega_m:-0.00, u:0.00, theta1:31.054, theta2:25.712, e:1.958
t:63.18, r:0.00, omega:1.96, omega_m:-0.00, u:0.00, theta1:31.054, theta2:25.712, e:1.958
t:63.19, r:0.00, omega:1.96, omega_m:-0.00, u:0.00, theta1:31.054, theta2:25.712, e:1.958
t:63.20, r:0.00, omega:1.96, omega_m:-0.00, u:0.00, theta1:31.054, theta2:25.713, e:1.958
t:63.21, r:0.00, omega:1.96, omega_m:-0.00, u:0.00, theta1:31.054, theta2:25.713, e:1.958
t:63.22, r:0.00, omega:1.96, omega_m:-0.00, u:0.00, theta1:31.054, theta2:25.713, e:1.958
t:63.23, r:0.00, omega:1.96, omega_m:-0.00, u:0.00, theta1:31.054, theta2:25.713, e:1.958
t:63.24, r:0.00, omega:1.96, omega_m:-0.00, u:0.00, theta1:31.054, theta2:25.713, e:1.958
t:63.25, r:0.00, omega:1.96, omega_m:-0.00, u:0.00, theta1:31.054, theta2:25.714, e:1.958
t:63.26, r:0.00, omega:1.96, omega_m:-0.00, u:0.00, theta1:31.054, theta2:25.714, e:1.958
t:63.27, r:0.00, omega:1.96, omega_m:-0.00, u:0.00, theta1:31.054, theta2:25.714, e:1.958
t:63.28, r:0.00, omega:1.96, omega_m:-0.00, u:0.00, theta1:31.054, theta2:25.714, e:1.958
t:63.29, r:0.00, omega:1.96, omega_m:-0.00, u:0.00, theta1:31.054, theta2:25.714, e:1.958
t:63.30, r:0.00, omega:1.96, omega_m:-0.00, u:0.00, theta1:31.054, theta2:25.715, e:1.958
t:63.31, r:0.00, omega:1.96, omega_m:-0.00, u:0.00, theta1:31.054, theta2:25.715, e:1.958
t:63.32, r:0.00, omega:1.96, omega_m:-0.00, u:0.00, theta1:31.054, theta2:25.715, e:1.958
t:63.33, r:0.00, omega:1.96, omega_m:-0.00, u:0.00, theta1:31.054, theta2:25.715, e:1.958
t:63.34, r:0.00, omega:1.96, omega_m:-0.00, u:0.00, theta1:31.054, theta2:25.715, e:1.958
t:63.35, r:0.00, omega:1.96, omega_m:-0.00, u:0.00, theta1:31.054, theta2:25.716, e:1.958
t:63.36, r:0.00, omega:1.96, omega_m:-0.00, u:0.00, theta1:31.054, theta2:25.716, e:1.958
t:63.37, r:0.00, omega:1.96, omega_m:-0.00, u:0.00, theta1:31.054, theta2:25.716, e:1.958
t:63.38, r:0.00, omega:1.96, omega_m:-0.00, u:0.00, theta1:31.054, theta2:25.716, e:1.958
t:63.39, r:0.00, omega:1.96, omega_m:-0.00, u:0.00, theta1:31.054, theta2:25.716, e:1.958
t:63.40, r:0.00, omega:1.96, omega_m:-0.00, u:0.00, theta1:31.054, theta2:25.716, e:1.958
t:63.41, r:0.00, omega:1.96, omega_m:-0.00, u:0.00, theta1:31.054, theta2:25.717, e:1.958
t:63.42, r:0.00, omega:1.96, omega_m:-0.00, u:0.00, theta1:31.054, theta2:25.717, e:1.958
t:63.43, r:0.00, omega:1.96, omega_m:-0.00, u:0.00, theta1:31.054, theta2:25.717, e:1.958
t:63.44, r:0.00, omega:1.96, omega_m:-0.00, u:0.00, theta1:31.054, theta2:25.717, e:1.958
t:63.45, r:0.00, omega:1.96, omega_m:-0.00, u:0.00, theta1:31.054, theta2:25.717, e:1.958
t:63.46, r:0.00, omega:1.96, omega_m:-0.00, u:0.00, theta1:31.054, theta2:25.718, e:1.958
t:63.47, r:0.00, omega:1.96, omega_m:-0.00, u:0.00, theta1:31.054, theta2:25.718, e:1.958
t:63.48, r:0.00, omega:1.96, omega_m:-0.00, u:0.00, theta1:31.054, theta2:25.718, e:1.958
t:63.49, r:0.00, omega:1.96, omega_m:-0.00, u:0.00, theta1:31.054, theta2:25.718, e:1.958
t:63.50, r:0.00, omega:1.96, omega_m:-0.00, u:0.00, theta1:31.054, theta2:25.718, e:1.958
t:63.51, r:0.00, omega:1.96, omega_m:-0.00, u:0.00, theta1:31.054, theta2:25.719, e:1.958
t:63.52, r:0.00, omega:0.00, omega_m:-0.00, u:0.00, theta1:31.054, theta2:25.719, e:0.000
t:63.53, r:0.00, omega:0.00, omega_m:-0.00, u:0.00, theta1:31.054, theta2:25.719, e:0.000
t:63.54, r:0.00, omega:0.00, omega_m:-0.00, u:0.00, theta1:31.054, theta2:25.719, e:0.000
t:63.55, r:0.00, omega:0.00, omega_m:-0.00, u:0.00, theta1:31.054, theta2:25.719, e:0.000
t:63.56, r:0.00, omega:0.00, omega_m:-0.00, u:0.00, theta1:31.054, theta2:25.719, e:0.000
t:63.57, r:0.00, omega:0.00, omega_m:-0.00, u:0.00, theta1:31.054, theta2:25.719, e:0.000
t:63.58, r:0.00, omega:0.00, omega_m:-0.00, u:0.00, theta1:31.054, theta2:25.719, e:0.000
t:63.59, r:0.00, omega:0.00, omega_m:-0.00, u:0.00, theta1:31.054, theta2:25.719, e:0.000
t:63.60, r:0.00, omega:0.00, omega_m:-0.00, u:0.00, theta1:31.054, theta2:25.719, e:0.000
t:63.61, r:0.00, omega:0.00, omega_m:-0.00, u:0.00, theta1:31.054, theta2:25.719, e:0.000
t:63.62, r:0.00, omega:0.00, omega_m:-0.00, u:0.00, theta1:31.054, theta2:25.719, e:0.000
t:63.63, r:0.00, omega:0.00, omega_m:-0.00, u:0.00, theta1:31.054, theta2:25.719, e:0.000
t:63.64, r:0.00, omega:0.00, omega_m:-0.00, u:0.00, theta1:31.054, theta2:25.719, e:0.000
t:63.65, r:0.00, omega:0.00, omega_m:-0.00, u:0.00, theta1:31.054, theta2:25.719, e:0.000
t:63.66, r:0.00, omega:0.00, omega_m:-0.00, u:0.00, theta1:31.054, theta2:25.719, e:0.000
t:63.67, r:0.00, omega:0.00, omega_m:-0.00, u:0.00, theta1:31.054, theta2:25.719, e:0.000
t:63.68, r:0.00, omega:0.00, omega_m:-0.00, u:0.00, theta1:31.054, theta2:25.719, e:0.000
t:63.69, r:0.00, omega:0.00, omega_m:-0.00, u:0.00, theta1:31.054, theta2:25.719, e:0.000
t:63.70, r:0.00, omega:0.00, omega_m:-0.00, u:0.00, theta1:31.054, theta2:25.719, e:0.000
t:63.71, r:0.00, omega:0.00, omega_m:-0.00, u:0.00, theta1:31.054, theta2:25.719, e:0.000
t:63.72, r:0.00, omega:0.00, omega_m:-0.00, u:0.00, theta1:31.054, theta2:25.719, e:0.000
t:63.73, r:0.00, omega:0.00, omega_m:-0.00, u:0.00, theta1:31.054, theta2:25.719, e:0.000
t:63.74, r:0.00, omega:0.00, omega_m:-0.00, u:0.00, theta1:31.054, theta2:25.719, e:0.000
t:63.75, r:0.00, omega:0.00, omega_m:-0.00, u:0.00, theta1:31.054, theta2:25.719, e:0.000
t:63.76, r:0.00, omega:0.00, omega_m:-0.00, u:0.00, theta1:31.054, theta2:25.719, e:0.000
t:63.77, r:0.00, omega:0.00, omega_m:-0.00, u:0.00, theta1:31.054, theta2:25.719, e:0.000
t:63.78, r:0.00, omega:0.00, omega_m:-0.00, u:0.00, theta1:31.054, theta2:25.719, e:0.000
t:63.79, r:0.00, omega:0.00, omega_m:-0.00, u:0.00, theta1:31.054, theta2:25.719, e:0.000
t:63.80, r:0.00, omega:0.00, omega_m:-0.00, u:0.00, theta1:31.054, theta2:25.719, e:0.000
t:63.81, r:0.00, omega:0.00, omega_m:-0.00, u:0.00, theta1:31.054, theta2:25.719, e:0.000
t:63.82, r:0.00, omega:0.00, omega_m:-0.00, u:0.00, theta1:31.054, theta2:25.719, e:0.000
t:63.83, r:0.00, omega:0.00, omega_m:-0.00, u:0.00, theta1:31.054, theta2:25.719, e:0.000
t:63.84, r:0.00, omega:0.00, omega_m:-0.00, u:0.00, theta1:31.054, theta2:25.719, e:0.000
t:63.85, r:0.00, omega:0.00, omega_m:-0.00, u:0.00, theta1:31.054, theta2:25.719, e:0.000
t:63.86, r:0.00, omega:0.00, omega_m:-0.00, u:0.00, theta1:31.054, theta2:25.719, e:0.000
t:63.87, r:0.00, omega:0.00, omega_m:-0.00, u:0.00, theta1:31.054, theta2:25.719, e:0.000
t:63.88, r:0.00, omega:0.00, omega_m:-0.00, u:0.00, theta1:31.054, theta2:25.719, e:0.000
t:63.89, r:0.00, omega:0.00, omega_m:-0.00, u:0.00, theta1:31.054, theta2:25.719, e:0.000
t:63.90, r:0.00, omega:0.00, omega_m:-0.00, u:0.00, theta1:31.054, theta2:25.719, e:0.000
t:63.91, r:0.00, omega:0.00, omega_m:-0.00, u:0.00, theta1:31.054, theta2:25.719, e:0.000
t:63.92, r:0.00, omega:0.00, omega_m:-0.00, u:0.00, theta1:31.054, theta2:25.719, e:0.000
t:63.93, r:0.00, omega:0.00, omega_m:-0.00, u:0.00, theta1:31.054, theta2:25.719, e:0.000
t:63.94, r:0.00, omega:0.00, omega_m:-0.00, u:0.00, theta1:31.054, theta2:25.719, e:0.000
t:63.95, r:0.00, omega:0.00, omega_m:-0.00, u:0.00, theta1:31.054, theta2:25.719, e:0.000
t:63.96, r:0.00, omega:0.00, omega_m:-0.00, u:0.00, theta1:31.054, theta2:25.719, e:0.000
t:63.97, r:0.00, omega:0.00, omega_m:-0.00, u:0.00, theta1:31.054, theta2:25.719, e:0.000
t:63.98, r:0.00, omega:0.00, omega_m:-0.00, u:0.00, theta1:31.054, theta2:25.719, e:0.000
t:63.99, r:0.00, omega:0.00, omega_m:-0.00, u:0.00, theta1:31.054, theta2:25.719, e:0.000
t:64.00, r:0.00, omega:0.00, omega_m:-0.00, u:0.00, theta1:31.054, theta2:25.719, e:0.000
t:64.01, r:25.00, omega:0.00, omega_m:15.80, u:700.00, theta1:31.073, theta2:25.719, e:-15.803
t:64.02, r:25.00, omega:0.00, omega_m:21.62, u:700.00, theta1:31.101, theta2:25.719, e:-21.617
t:64.03, r:25.00, omega:0.00, omega_m:23.76, u:700.00, theta1:31.130, theta2:25.719, e:-23.755
t:64.04, r:25.00, omega:0.51, omega_m:24.54, u:700.00, theta1:31.160, theta2:25.718, e:-24.032
t:64.05, r:25.00, omega:0.51, omega_m:24.83, u:700.00, theta1:31.191, theta2:25.717, e:-24.322
t:64.06, r:25.00, omega:36.95, omega_m:24.94, u:-171.72, theta1:31.176, theta2:25.740, e:12.013
t:64.07, r:25.00, omega:40.93, omega_m:24.98, u:-275.84, theta1:31.156, theta2:25.772, e:15.948
t:64.08, r:25.00, omega:40.93, omega_m:24.99, u:-277.68, theta1:31.136, theta2:25.805, e:15.934
t:64.09, r:25.00, omega:40.93, omega_m:25.00, u:-279.51, theta1:31.116, theta2:25.837, e:15.928
t:64.10, r:25.00, omega:40.93, omega_m:25.00, u:-281.34, theta1:31.096, theta2:25.870, e:15.926
t:64.11, r:25.00, omega:-12.45, omega_m:25.00, u:700.00, theta1:31.143, theta2:25.893, e:-37.446
t:64.12, r:25.00, omega:-12.45, omega_m:25.00, u:700.00, theta1:31.190, theta2:25.917, e:-37.446
t:64.13, r:25.00, omega:-12.45, omega_m:25.00, u:700.00, theta1:31.236, theta2:25.940, e:-37.446
t:64.14, r:25.00, omega:16.46, omega_m:25.00, u:354.28, theta1:31.247, theta2:25.933, e:-8.538
t:64.15, r:25.00, omega:16.46, omega_m:25.00, u:354.66, theta1:31.258, theta2:25.926, e:-8.538
t:64.16, r:25.00, omega:31.93, omega_m:25.00, u:-46.95, theta1:31.249, theta2:25.937, e:6.931
t:64.17, r:25.00, omega:31.93, omega_m:25.00, u:-47.52, theta1:31.240, theta2:25.948, e:6.931
t:64.18, r:25.00, omega:31.93, omega_m:25.00, u:-48.09, theta1:31.232, theta2:25.959, e:6.931
t:64.19, r:25.00, omega:31.93, omega_m:25.00, u:-48.66, theta1:31.223, theta2:25.970, e:6.931
t:64.20, r:25.00, omega:15.31, omega_m:25.00, u:383.43, theta1:31.235, theta2:25.963, e:-9.691
t:64.21, r:25.00, omega:15.31, omega_m:25.00, u:383.85, theta1:31.247, theta2:25.955, e:-9.691
t:64.22, r:25.00, omega:15.31, omega_m:25.00, u:384.26, theta1:31.259, theta2:25.948, e:-9.691
t:64.23, r:25.00, omega:15.31, omega_m:25.00, u:384.68, theta1:31.272, theta2:25.940, e:-9.691
t:64.24, r:25.00, omega:15.31, omega_m:25.00, u:385.09, theta1:31.284, theta2:25.933, e:-9.691
t:64.25, r:25.00, omega:9.98, omega_m:25.00, u:523.74, theta1:31.302, theta2:25.925, e:-15.017
t:64.26, r:25.00, omega:9.98, omega_m:25.00, u:524.29, theta1:31.321, theta2:25.918, e:-15.017
t:64.27, r:25.00, omega:24.55, omega_m:25.00, u:146.66, theta1:31.322, theta2:25.917, e:-0.446
t:64.28, r:25.00, omega:24.55, omega_m:25.00, u:146.68, theta1:31.322, theta2:25.917, e:-0.446
t:64.29, r:25.00, omega:29.94, omega_m:25.00, u:6.76, theta1:31.316, theta2:25.924, e:4.939
t:64.30, r:25.00, omega:29.94, omega_m:25.00, u:6.39, theta1:31.310, theta2:25.932, e:4.939
t:64.31, r:25.00, omega:29.94, omega_m:25.00, u:6.01, theta1:31.304, theta2:25.939, e:4.939
t:64.32, r:25.00, omega:15.20, omega_m:25.00, u:388.77, theta1:31.316, theta2:25.932, e:-9.801
t:64.33, r:25.00, omega:15.20, omega_m:25.00, u:389.19, theta1:31.328, theta2:25.924, e:-9.801
t:64.34, r:25.00, omega:15.20, omega_m:25.00, u:389.61, theta1:31.341, theta2:25.917, e:-9.801
t:64.35, r:25.00, omega:15.20, omega_m:25.00, u:390.03, theta1:31.353, theta2:25.909, e:-9.801
t:64.36, r:25.00, omega:14.91, omega_m:25.00, u:397.82, theta1:31.365, theta2:25.902, e:-10.085
t:64.37, r:25.00, omega:14.91, omega_m:25.00, u:398.24, theta1:31.378, theta2:25.894, e:-10.085
t:64.38, r:25.00, omega:21.70, omega_m:25.00, u:222.68, theta1:31.382, theta2:25.891, e:-3.298
t:64.39, r:25.00, omega:21.70, omega_m:25.00, u:222.86, theta1:31.386, theta2:25.887, e:-3.298
t:64.40, r:25.00, omega:24.79, omega_m:25.00, u:142.95, theta1:31.387, theta2:25.887, e:-0.211
t:64.41, r:25.00, omega:24.79, omega_m:25.00, u:142.96, theta1:31.387, theta2:25.887, e:-0.211
t:64.42, r:25.00, omega:24.79, omega_m:25.00, u:142.97, theta1:31.387, theta2:25.886, e:-0.211
t:64.43, r:25.00, omega:17.35, omega_m:25.00, u:335.94, theta1:31.397, theta2:25.880, e:-7.651
t:64.44, r:25.00, omega:17.35, omega_m:25.00, u:336.29, theta1:31.406, theta2:25.873, e:-7.651
t:64.45, r:25.00, omega:17.35, omega_m:25.00, u:336.65, theta1:31.416, theta2:25.866, e:-7.651
t:64.46, r:25.00, omega:17.35, omega_m:25.00, u:337.00, theta1:31.425, theta2:25.860, e:-7.651
t:64.47, r:25.00, omega:15.08, omega_m:25.00, u:395.98, theta1:31.438, theta2:25.852, e:-9.916
t:64.48, r:25.00, omega:15.08, omega_m:25.00, u:396.41, theta1:31.450, theta2:25.845, e:-9.916
t:64.49, r:25.00, omega:20.79, omega_m:25.00, u:249.14, theta1:31.455, theta2:25.840, e:-4.209
t:64.50, r:25.00, omega:20.79, omega_m:25.00, u:249.36, theta1:31.461, theta2:25.836, e:-4.209
t:64.51, r:25.00, omega:25.00, omega_m:25.00, u:140.58, theta1:31.461, theta2:25.836, e:0.001
t:64.52, r:25.00, omega:25.00, omega_m:25.00, u:140.58, theta1:31.461, theta2:25.836, e:0.001
t:64.53, r:25.00, omega:25.00, omega_m:25.00, u:140.58, theta1:31.461, theta2:25.836, e:0.001
t:64.54, r:25.00, omega:16.51, omega_m:25.00, u:360.22, theta1:31.471, theta2:25.829, e:-8.485
t:64.55, r:25.00, omega:16.51, omega_m:25.00, u:360.60, theta1:31.482, theta2:25.822, e:-8.485
t:64.56, r:25.00, omega:16.51, omega_m:25.00, u:360.98, theta1:31.492, theta2:25.815, e:-8.485
t:64.57, r:25.00, omega:16.51, omega_m:25.00, u:361.36, theta1:31.503, theta2:25.808, e:-8.485
t:64.58, r:25.00, omega:15.71, omega_m:25.00, u:382.45, theta1:31.515, theta2:25.801, e:-9.287
t:64.59, r:25.00, omega:15.71, omega_m:25.00, u:382.86, theta1:31.526, theta2:25.793, e:-9.287
t:64.60, r:25.00, omega:22.76, omega_m:25.00, u:201.14, theta1:31.529, theta2:25.791, e:-2.237
t:64.61, r:25.00, omega:22.76, omega_m:25.00, u:201.27, theta1:31.532, theta2:25.788, e:-2.237
t:64.62, r:25.00, omega:24.61, omega_m:25.00, u:153.61, theta1:31.532, theta2:25.788, e:-0.388
t:64.63, r:25.00, omega:24.61, omega_m:25.00, u:153.64, theta1:31.533, theta2:25.787, e:-0.388
t:64.64, r:25.00, omega:24.61, omega_m:25.00, u:153.66, theta1:31.533, theta2:25.787, e:-0.388
t:64.65, r:25.00, omega:24.61, omega_m:25.00, u:153.69, theta1:31.534, theta2:25.786, e:-0.388
t:64.66, r:25.00, omega:15.39, omega_m:25.00, u:392.03, theta1:31.546, theta2:25.779, e:-9.615
t:64.67, r:25.00, omega:15.39, omega_m:25.00, u:392.45, theta1:31.558, theta2:25.772, e:-9.615
t:64.68, r:25.00, omega:15.39, omega_m:25.00, u:392.86, theta1:31.570, theta2:25.764, e:-9.615
t:64.69, r:25.00, omega:14.81, omega_m:25.00, u:408.11, theta1:31.583, theta2:25.757, e:-10.190
t:64.70, r:25.00, omega:14.81, omega_m:25.00, u:408.54, theta1:31.595, theta2:25.749, e:-10.190
t:64.71, r:25.00, omega:23.30, omega_m:25.00, u:190.00, theta1:31.597, theta2:25.747, e:-1.699
t:64.72, r:25.00, omega:23.30, omega_m:25.00, u:190.10, theta1:31.600, theta2:25.745, e:-1.699
t:64.73, r:25.00, omega:23.30, omega_m:25.00, u:190.20, theta1:31.602, theta2:25.743, e:-1.699
t:64.74, r:25.00, omega:24.37, omega_m:25.00, u:162.59, theta1:31.602, theta2:25.742, e:-0.625
t:64.75, r:25.00, omega:24.37, omega_m:25.00, u:162.63, theta1:31.603, theta2:25.742, e:-0.625
t:64.76, r:25.00, omega:24.37, omega_m:25.00, u:162.67, theta1:31.604, theta2:25.741, e:-0.625
t:64.77, r:25.00, omega:15.37, omega_m:25.00, u:394.96, theta1:31.616, theta2:25.734, e:-9.633
t:64.78, r:25.00, omega:15.37, omega_m:25.00, u:395.37, theta1:31.628, theta2:25.726, e:-9.633
t:64.79, r:25.00, omega:15.37, omega_m:25.00, u:395.78, theta1:31.640, theta2:25.719, e:-9.633
t:64.80, r:25.00, omega:16.49, omega_m:25.00, u:367.26, theta1:31.651, theta2:25.712, e:-8.509
t:64.81, r:25.00, omega:16.49, omega_m:25.00, u:367.65, theta1:31.661, theta2:25.705, e:-8.509
t:64.82, r:25.00, omega:22.48, omega_m:25.00, u:213.94, theta1:31.665, theta2:25.702, e:-2.524
t:64.83, r:25.00, omega:22.48, omega_m:25.00, u:214.08, theta1:31.668, theta2:25.699, e:-2.524
t:64.84, r:25.00, omega:22.48, omega_m:25.00, u:214.23, theta1:31.671, theta2:25.696, e:-2.524
t:64.85, r:25.00, omega:21.87, omega_m:25.00, u:229.91, theta1:31.675, theta2:25.693, e:-3.128
t:64.86, r:25.00, omega:21.87, omega_m:25.00, u:230.09, theta1:31.679, theta2:25.689, e:-3.128
t:64.87, r:25.00, omega:21.87, omega_m:25.00, u:230.26, theta1:31.683, theta2:25.686, e:-3.128
t:64.88, r:25.00, omega:17.22, omega_m:25.00, u:350.15, theta1:31.692, theta2:25.679, e:-7.781
t:64.89, r:25.00, omega:17.22, omega_m:25.00, u:350.51, theta1:31.702, theta2:25.673, e:-7.781
t:64.90, r:25.00, omega:17.22, omega_m:25.00, u:350.87, theta1:31.712, theta2:25.666, e:-7.781
t:64.91, r:25.00, omega:17.12, omega_m:25.00, u:353.77, theta1:31.722, theta2:25.659, e:-7.881
t:64.92, r:25.00, omega:17.12, omega_m:25.00, u:354.13, theta1:31.732, theta2:25.652, e:-7.881
t:64.93, r:25.00, omega:22.83, omega_m:25.00, u:207.80, theta1:31.734, theta2:25.650, e:-2.171
t:64.94, r:25.00, omega:22.83, omega_m:25.00, u:207.93, theta1:31.737, theta2:25.647, e:-2.171
t:64.95, r:25.00, omega:22.83, omega_m:25.00, u:208.05, theta1:31.740, theta2:25.645, e:-2.171
t:64.96, r:25.00, omega:21.88, omega_m:25.00, u:232.64, theta1:31.744, theta2:25.641, e:-3.123
t:64.97, r:25.00, omega:21.88, omega_m:25.00, u:232.81, theta1:31.747, theta2:25.638, e:-3.123
t:64.98, r:25.00, omega:21.88, omega_m:25.00, u:232.98, theta1:31.751, theta2:25.635, e:-3.123
t:64.99, r:25.00, omega:16.72, omega_m:25.00, u:365.52, theta1:31.762, theta2:25.628, e:-8.279
t:65.00, r:25.00, omega:16.72, omega_m:25.00, u:365.90, theta1:31.772, theta2:25.621, e:-8.279
t:65.01, r:0.00, omega:16.72, omega_m:9.20, u:0.00, theta1:31.772, theta2:25.627, e:7.524
t:65.02, r:0.00, omega:17.06, omega_m:3.38, u:0.00, theta1:31.772, theta2:25.639, e:13.680
t:65.03, r:0.00, omega:17.06, omega_m:1.24, u:0.00, theta1:31.772, theta2:25.652, e:15.819
t:65.04, r:0.00, omega:17.06, omega_m:0.46, u:0.00, theta1:31.772, theta2:25.666, e:16.606
t:65.05, r:0.00, omega:17.06, omega_m:0.17, u:0.00, theta1:31.772, theta2:25.681, e:16.895
t:65.06, r:0.00, omega:17.06, omega_m:0.06, u:0.00, theta1:31.772, theta2:25.695, e:17.002
t:65.07, r:0.00, omega:17.06, omega_m:0.02, u:0.00, theta1:31.772, theta2:25.710, e:17.041
t:65.08, r:0.00, omega:17.06, omega_m:0.01, u:0.00, theta1:31.772, theta2:25.724, e:17.055
t:65.09, r:0.00, omega:17.06, omega_m:0.00, u:0.00, theta1:31.772, theta2:25.739, e:17.061
t:65.10, r:0.00, omega:17.06, omega_m:0.00, u:0.00, theta1:31.772, theta2:25.754, e:17.063
t:65.11, r:0.00, omega:17.06, omega_m:0.00, u:0.00, theta1:31.772, theta2:25.768, e:17.063
t:65.12, r:0.00, omega:17.06, omega_m:0.00, u:0.00, theta1:31.772, theta2:25.783, e:17.064
t:65.13, r:0.00, omega:17.06, omega_m:0.00, u:0.00, theta1:31.772, theta2:25.797, e:17.064
t:65.14, r:0.00, omega:17.06, omega_m:0.00, u:0.00, theta1:31.772, theta2:25.812, e:17.064
t:65.15, r:0.00, omega:17.06, omega_m:0.00, u:0.00, theta1:31.772, theta2:25.826, e:17.064
t:65.16, r:0.00, omega:17.06, omega_m:0.00, u:0.00, theta1:31.772, theta2:25.841, e:17.064
t:65.17, r:0.00, omega:17.06, omega_m:0.00, u:0.00, theta1:31.772, theta2:25.855, e:17.064
t:65.18, r:0.00, omega:17.06, omega_m:0.00, u:0.00, theta1:31.772, theta2:25.870, e:17.064
t:65.19, r:0.00, omega:17.06, omega_m:0.00, u:0.00, theta1:31.772, theta2:25.885, e:17.064
t:65.20, r:0.00, omega:17.06, omega_m:0.00, u:0.00, theta1:31.772, theta2:25.899, e:17.064
t:65.21, r:0.00, omega:17.06, omega_m:0.00, u:0.00, theta1:31.772, theta2:25.914, e:17.064
t:65.22, r:0.00, omega:17.06, omega_m:0.00, u:0.00, theta1:31.772, theta2:25.928, e:17.064
t:65.23, r:0.00, omega:17.06, omega_m:0.00, u:0.00, theta1:31.772, theta2:25.943, e:17.064
t:65.24, r:0.00, omega:17.06, omega_m:0.00, u:0.00, theta1:31.772, theta2:25.957, e:17.064
t:65.25, r:0.00, omega:17.06, omega_m:0.00, u:0.00, theta1:31.772, theta2:25.972, e:17.064
t:65.26, r:0.00, omega:17.06, omega_m:0.00, u:0.00, theta1:31.772, theta2:25.986, e:17.064
t:65.27, r:0.00, omega:17.06, omega_m:0.00, u:0.00, theta1:31.772, theta2:26.001, e:17.064
t:65.28, r:0.00, omega:17.06, omega_m:0.00, u:0.00, theta1:31.772, theta2:26.016, e:17.064
t:65.29, r:0.00, omega:17.06, omega_m:0.00, u:0.00, theta1:31.772, theta2:26.030, e:17.064
t:65.30, r:0.00, omega:17.06, omega_m:0.00, u:0.00, theta1:31.772, theta2:26.045, e:17.064
t:65.31, r:0.00, omega:17.06, omega_m:0.00, u:0.00, theta1:31.772, theta2:26.059, e:17.064
t:65.32, r:0.00, omega:17.06, omega_m:0.00, u:0.00, theta1:31.772, theta2:26.074, e:17.064
t:65.33, r:0.00, omega:17.06, omega_m:0.00, u:0.00, theta1:31.772, theta2:26.088, e:17.064
t:65.34, r:0.00, omega:17.06, omega_m:0.00, u:0.00, theta1:31.772, theta2:26.103, e:17.064
t:65.35, r:0.00, omega:17.06, omega_m:0.00, u:0.00, theta1:31.772, theta2:26.118, e:17.064
t:65.36, r:0.00, omega:17.06, omega_m:0.00, u:0.00, theta1:31.772, theta2:26.132, e:17.064
t:65.37, r:0.00, omega:17.06, omega_m:0.00, u:0.00, theta1:31.772, theta2:26.147, e:17.064
t:65.38, r:0.00, omega:17.06, omega_m:0.00, u:0.00, theta1:31.772, theta2:26.161, e:17.064
t:65.39, r:0.00, omega:17.06, omega_m:0.00, u:0.00, theta1:31.772, theta2:26.176, e:17.064
t:65.40, r:0.00, omega:17.06, omega_m:0.00, u:0.00, theta1:31.772, theta2:26.190, e:17.064
