t:5.04, r:0.00, omega:19.13, omega_m:11.23, u:0.00, theta1:18.012, theta2:2.139, e:7.895
t:5.05, r:0.00, omega:19.13, omega_m:9.20, u:0.00, theta1:18.012, theta2:2.148, e:9.931
t:5.06, r:0.00, omega:19.13, omega_m:7.53, u:0.00, theta1:18.012, theta2:2.159, e:11.598
t:5.07, r:0.00, omega:19.13, omega_m:6.16, u:0.00, theta1:18.012, theta2:2.172, e:12.963
t:5.08, r:0.00, omega:19.13, omega_m:5.05, u:0.00, theta1:18.012, theta2:2.185, e:14.081
t:5.09, r:0.00, omega:19.13, omega_m:4.13, u:0.00, theta1:18.012, theta2:2.200, e:14.996
t:5.10, r:0.00, omega:19.13, omega_m:3.38, u:0.00, theta1:18.012, theta2:2.215, e:15.745
t:5.11, r:0.00, omega:19.13, omega_m:2.77, u:0.00, theta1:18.012, theta2:2.230, e:16.358
t:5.12, r:0.00, omega:19.13, omega_m:2.27, u:0.00, theta1:18.012, theta2:2.246, e:16.860
t:5.13, r:0.00, omega:19.13, omega_m:1.86, u:0.00, theta1:18.012, theta2:2.263, e:17.271
t:5.14, r:0.00, omega:19.13, omega_m:1.52, u:0.00, theta1:18.012, theta2:2.280, e:17.608
t:5.15, r:0.00, omega:19.13, omega_m:1.24, u:0.00, theta1:18.012, theta2:2.297, e:17.884
t:5.16, r:0.00, omega:19.13, omega_m:1.02, u:0.00, theta1:18.012, theta2:2.314, e:18.109
t:5.17, r:0.00, omega:19.13, omega_m:0.83, u:0.00, theta1:18.012, theta2:2.332, e:18.294
t:5.18, r:0.00, omega:19.13, omega_m:0.68, u:0.00, theta1:18.012, theta2:2.349, e:18.445
t:5.19, r:0.00, omega:19.13, omega_m:0.56, u:0.00, theta1:18.012, theta2:2.367, e:18.569
t:5.20, r:0.00, omega:19.13, omega_m:0.46, u:0.00, theta1:18.012, theta2:2.385, e:18.670
t:5.21, r:0.00, omega:19.13, omega_m:0.37, u:0.00, theta1:18.012, theta2:2.403, e:18.753
t:5.22, r:0.00, omega:19.13, omega_m:0.31, u:0.00, theta1:18.012, theta2:2.421, e:18.821
t:5.23, r:0.00, omega:19.13, omega_m:0.25, u:0.00, theta1:18.012, theta2:2.439, e:18.877
t:5.24, r:0.00, omega:19.13, omega_m:0.21, u:0.00, theta1:18.012, theta2:2.457, e:18.923
t:5.25, r:0.00, omega:19.13, omega_m:0.17, u:0.00, theta1:18.012, theta2:2.475, e:18.960
t:5.26, r:0.00, omega:19.13, omega_m:0.14, u:0.00, theta1:18.012, theta2:2.493, e:18.990
t:5.27, r:0.00, omega:19.13, omega_m:0.11, u:0.00, theta1:18.012, theta2:2.511, e:19.015
t:5.28, r:0.00, omega:19.13, omega_m:0.09, u:0.00, theta1:18.012, theta2:2.530, e:19.036
t:5.29, r:0.00, omega:19.13, omega_m:0.08, u:0.00, theta1:18.012, theta2:2.548, e:19.053
t:5.30, r:0.00, omega:19.13, omega_m:0.06, u:0.00, theta1:18.012, theta2:2.566, e:19.066
t:5.31, r:0.00, omega:19.13, omega_m:0.05, u:0.00, theta1:18.012, theta2:2.584, e:19.078
t:5.32, r:0.00, omega:19.13, omega_m:0.04, u:0.00, theta1:18.012, theta2:2.603, e:19.087
t:5.33, r:0.00, omega:19.13, omega_m:0.03, u:0.00, theta1:18.012, theta2:2.621, e:19.094
t:5.34, r:0.00, omega:19.13, omega_m:0.03, u:0.00, theta1:18.012, theta2:2.639, e:19.100
t:5.35, r:0.00, omega:19.13, omega_m:0.02, u:0.00, theta1:18.012, theta2:2.657, e:19.105
t:5.36, r:0.00, omega:19.13, omega_m:0.02, u:0.00, theta1:18.012, theta2:2.676, e:19.110
t:5.37, r:0.00, omega:19.13, omega_m:0.02, u:0.00, theta1:18.012, theta2:2.694, e:19.113
t:5.38, r:0.00, omega:19.13, omega_m:0.01, u:0.00, theta1:18.012, theta2:2.712, e:19.116
t:5.39, r:0.00, omega:19.13, omega_m:0.01, u:0.00, theta1:18.012, theta2:2.731, e:19.118
t:5.40, r:0.00, omega:19.13, omega_m:0.01, u:0.00, theta1:18.012, theta2:2.749, e:19.120
t:5.41, r:0.00, omega:19.13, omega_m:0.01, u:0.00, theta1:18.012, theta2:2.767, e:19.121
t:5.42, r:0.00, omega:19.13, omega_m:0.01, u:0.00, theta1:18.012, theta2:2.785, e:19.123
t:5.43, r:0.00, omega:19.13, omega_m:0.00, u:0.00, theta1:18.012, theta2:2.804, e:19.124
t:5.44, r:0.00, omega:19.13, omega_m:0.00, u:0.00, theta1:18.012, theta2:2.822, e:19.125
t:5.45, r:0.00, omega:19.13, omega_m:0.00, u:0.00, theta1:18.012, theta2:2.840, e:19.125
t:5.46, r:0.00, omega:19.13, omega_m:0.00, u:0.00, theta1:18.012, theta2:2.859, e:19.126
t:5.47, r:0.00, omega:19.13, omega_m:0.00, u:0.00, theta1:18.012, theta2:2.877, e:19.126
t:5.48, r:0.00, omega:19.13, omega_m:0.00, u:0.00, theta1:18.012, theta2:2.895, e:19.127
t:5.49, r:0.00, omega:19.13, omega_m:0.00, u:0.00, theta1:18.012, theta2:2.913, e:19.127
t:5.50, r:0.00, omega:19.13, omega_m:0.00, u:0.00, theta1:18.012, theta2:2.932, e:19.127
t:5.51, r:0.00, omega:19.13, omega_m:0.00, u:0.00, theta1:18.012, theta2:2.950, e:19.127
t:5.52, r:0.00, omega:19.13, omega_m:0.00, u:0.00, theta1:18.012, theta2:2.968, e:19.128
t:5.53, r:0.00, omega:19.13, omega_m:0.00, u:0.00, theta1:18.012, theta2:2.987, e:19.128
t:5.54, r:0.00, omega:0.00, omega_m:0.00, u:0.00, theta1:18.012, theta2:2.987, e:-0.001
t:5.55, r:0.00, omega:0.00, omega_m:0.00, u:0.00, theta1:18.012, theta2:2.987, e:-0.000
t:5.56, r:0.00, omega:0.00, omega_m:0.00, u:0.00, theta1:18.012, theta2:2.987, e:-0.000
t:5.57, r:0.00, omega:0.00, omega_m:0.00, u:0.00, theta1:18.012, theta2:2.987, e:-0.000
t:5.58, r:0.00, omega:0.00, omega_m:0.00, u:0.00, theta1:18.012, theta2:2.987, e:-0.000
t:5.59, r:0.00, omega:0.00, omega_m:0.00, u:0.00, theta1:18.012, theta2:2.987, e:-0.000
t:5.60, r:0.00, omega:0.00, omega_m:0.00, u:0.00, theta1:18.012, theta2:2.987, e:-0.000
t:5.61, r:0.00, omega:0.00, omega_m:0.00, u:0.00, theta1:18.012, theta2:2.987, e:-0.000
t:5.62, r:0.00, omega:0.00, omega_m:0.00, u:0.00, theta1:18.012, theta2:2.987, e:-0.000
t:5.63, r:0.00, omega:0.00, omega_m:0.00, u:0.00, theta1:18.012, theta2:2.987, e:-0.000
t:5.64, r:0.00, omega:0.00, omega_m:0.00, u:0.00, theta1:18.012, theta2:2.987, e:-0.000
t:5.65, r:0.00, omega:0.00, omega_m:0.00, u:0.00, theta1:18.012, theta2:2.987, e:-0.000
t:5.66, r:0.00, omega:0.00, omega_m:0.00, u:0.00, theta1:18.012, theta2:2.987, e:-0.000
t:5.67, r:0.00, omega:0.00, omega_m:0.00, u:0.00, theta1:18.012, theta2:2.987, e:-0.000
t:5.68, r:0.00, omega:0.00, omega_m:0.00, u:0.00, theta1:18.012, theta2:2.987, e:-0.000
t:5.69, r:0.00, omega:0.00, omega_m:0.00, u:0.00, theta1:18.012, theta2:2.987, e:-0.000
t:5.70, r:0.00, omega:0.00, omega_m:0.00, u:0.00, theta1:18.012, theta2:2.987, e:-0.000
t:5.71, r:0.00, omega:0.00, omega_m:0.00, u:0.00, theta1:18.012, theta2:2.987, e:-0.000
t:5.72, r:0.00, omega:0.00, omega_m:0.00, u:0.00, theta1:18.012, theta2:2.987, e:-0.000
t:5.73, r:0.00, omega:0.00, omega_m:0.00, u:0.00, theta1:18.012, theta2:2.987, e:-0.000
t:5.74, r:0.00, omega:0.00, omega_m:0.00, u:0.00, theta1:18.012, theta2:2.987, e:-0.000
t:5.75, r:0.00, omega:0.00, omega_m:0.00, u:0.00, theta1:18.012, theta2:2.987, e:-0.000
t:5.76, r:0.00, omega:0.00, omega_m:0.00, u:0.00, theta1:18.012, theta2:2.987, e:-0.000
t:5.77, r:0.00, omega:0.00, omega_m:0.00, u:0.00, theta1:18.012, theta2:2.987, e:-0.000
t:5.78, r:0.00, omega:0.00, omega_m:0.00, u:0.00, theta1:18.012, theta2:2.987, e:-0.000
t:5.79, r:0.00, omega:0.00, omega_m:0.00, u:0.00, theta1:18.012, theta2:2.987, e:-0.000
t:5.80, r:0.00, omega:0.00, omega_m:0.00, u:0.00, theta1:18.012, theta2:2.987, e:-0.000
t:5.81, r:0.00, omega:0.00, omega_m:0.00, u:0.00, theta1:18.012, theta2:2.987, e:-0.000
t:5.82, r:0.00, omega:0.00, omega_m:0.00, u:0.00, theta1:18.012, theta2:2.987, e:-0.000
t:5.83, r:0.00, omega:0.00, omega_m:0.00, u:0.00, theta1:18.012, theta2:2.987, e:-0.000
t:5.84, r:0.00, omega:0.00, omega_m:0.00, u:0.00, theta1:18.012, theta2:2.987, e:-0.000
t:5.85, r:0.00, omega:0.00, omega_m:0.00, u:0.00, theta1:18.012, theta2:2.987, e:-0.000
t:5.86, r:0.00, omega:0.00, omega_m:0.00, u:0.00, theta1:18.012, theta2:2.987, e:-0.000
t:5.87, r:0.00, omega:0.00, omega_m:0.00, u:0.00, theta1:18.012, theta2:2.987, e:-0.000
t:5.88, r:0.00, omega:0.00, omega_m:0.00, u:0.00, theta1:18.012, theta2:2.987, e:-0.000
t:5.89, r:0.00, omega:0.00, omega_m:0.00, u:0.00, theta1:18.012, theta2:2.987, e:-0.000
t:5.90, r:0.00, omega:0.00, omega_m:0.00, u:0.00, theta1:18.012, theta2:2.987, e:-0.000
t:5.91, r:0.00, omega:0.00, omega_m:0.00, u:0.00, theta1:18.012, theta2:2.987, e:-0.000
t:5.92, r:0.00, omega:0.00, omega_m:0.00, u:0.00, theta1:18.012, theta2:2.987, e:-0.000
t:5.93, r:0.00, omega:0.00, omega_m:0.00, u:0.00, theta1:18.012, theta2:2.987, e:-0.000
t:5.94, r:0.00, omega:0.00, omega_m:0.00, u:0.00, theta1:18.012, theta2:2.987, e:-0.000
t:5.95, r:0.00, omega:0.00, omega_m:0.00, u:0.00, theta1:18.012, theta2:2.987, e:-0.000
t:5.96, r:0.00, omega:0.00, omega_m:0.00, u:0.00, theta1:18.012, theta2:2.987, e:-0.000
t:5.97, r:0.00, omega:0.00, omega_m:0.00, u:0.00, theta1:18.012, theta2:2.987, e:-0.000
t:5.98, r:0.00, omega:0.00, omega_m:0.00, u:0.00, theta1:18.012, theta2:2.987, e:-0.000
t:5.99, r:0.00, omega:0.00, omega_m:0.00, u:0.00, theta1:18.012, theta2:2.987, e:-0.000
t:6.00, r:0.00, omega:0.00, omega_m:0.00, u:0.00, theta1:18.012, theta2:2.987, e:-0.000
t:6.01, r:-25.00, omega:0.00, omega_m:-4.53, u:-450.44, theta1:18.017, theta2:2.987, e:4.532
t:6.02, r:-25.00, omega:0.00, omega_m:-8.24, u:-450.69, theta1:18.028, theta2:2.987, e:8.242
t:6.03, r:-25.00, omega:0.00, omega_m:-11.28, u:-451.05, theta1:18.042, theta2:2.987, e:11.280
t:6.04, r:-25.00, omega:0.00, omega_m:-13.77, u:-451.48, theta1:18.059, theta2:2.987, e:13.767
t:6.05, r:-25.00, omega:-0.52, omega_m:-15.80, u:-450.41, theta1:18.078, theta2:2.986, e:15.285
t:6.06, r:-25.00, omega:-0.52, omega_m:-17.47, u:-450.94, theta1:18.099, theta2:2.986, e:16.952
t:6.07, r:-25.00, omega:-26.29, omega_m:-18.84, u:-373.50, theta1:18.090, theta2:2.996, e:-7.455
t:6.08, r:-25.00, omega:-26.29, omega_m:-19.95, u:-373.08, theta1:18.082, theta2:3.004, e:-6.338
t:6.09, r:-25.00, omega:-30.57, omega_m:-20.87, u:-359.47, theta1:18.070, theta2:3.019, e:-9.700
t:6.10, r:-25.00, omega:-30.57, omega_m:-21.62, u:-358.77, theta1:18.059, theta2:3.032, e:-8.951
t:6.11, r:-25.00, omega:-28.62, omega_m:-22.23, u:-364.21, theta1:18.051, theta2:3.042, e:-6.395
t:6.12, r:-25.00, omega:-28.62, omega_m:-22.73, u:-363.78, theta1:18.043, theta2:3.050, e:-5.892
t:6.13, r:-25.00, omega:-26.78, omega_m:-23.14, u:-369.15, theta1:18.039, theta2:3.055, e:-3.639
t:6.14, r:-25.00, omega:-26.72, omega_m:-23.48, u:-369.14, theta1:18.035, theta2:3.059, e:-3.237
t:6.15, r:-25.00, omega:-26.72, omega_m:-23.76, u:-368.94, theta1:18.031, theta2:3.063, e:-2.962
t:6.16, r:-25.00, omega:-26.61, omega_m:-23.98, u:-369.09, theta1:18.028, theta2:3.067, e:-2.629
t:6.17, r:-25.00, omega:-26.61, omega_m:-24.17, u:-368.93, theta1:18.025, theta2:3.070, e:-2.444
t:6.18, r:-25.00, omega:-26.57, omega_m:-24.32, u:-368.91, theta1:18.022, theta2:3.073, e:-2.250
t:6.19, r:-25.00, omega:-26.57, omega_m:-24.44, u:-368.77, theta1:18.019, theta2:3.076, e:-2.126
t:6.20, r:-25.00, omega:-28.04, omega_m:-24.54, u:-364.00, theta1:18.015, theta2:3.081, e:-3.497
t:6.21, r:-25.00, omega:-28.04, omega_m:-24.63, u:-363.76, theta1:18.011, theta2:3.085, e:-3.414
t:6.22, r:-25.00, omega:-28.17, omega_m:-24.69, u:-363.11, theta1:18.006, theta2:3.090, e:-3.476
t:6.23, r:-25.00, omega:-28.17, omega_m:-24.75, u:-362.87, theta1:18.002, theta2:3.095, e:-3.420
t:6.24, r:-25.00, omega:-27.57, omega_m:-24.79, u:-364.52, theta1:17.999, theta2:3.099, e:-2.777
t:6.25, r:-25.00, omega:-27.57, omega_m:-24.83, u:-364.33, theta1:17.995, theta2:3.103, e:-2.739
t:6.26, r:-25.00, omega:-25.08, omega_m:-24.86, u:-372.06, theta1:17.995, theta2:3.103, e:-0.214
t:6.27, r:-25.00, omega:-25.08, omega_m:-24.89, u:-372.05, theta1:17.995, theta2:3.103, e:-0.189
t:6.28, r:-25.00, omega:-27.98, omega_m:-24.91, u:-362.81, theta1:17.991, theta2:3.108, e:-3.076
t:6.29, r:-25.00, omega:-27.98, omega_m:-24.92, u:-362.60, theta1:17.987, theta2:3.112, e:-3.059
t:6.30, r:-25.00, omega:-27.24, omega_m:-24.94, u:-364.76, theta1:17.984, theta2:3.115, e:-2.299
t:6.31, r:-25.00, omega:-27.24, omega_m:-24.95, u:-364.61, theta1:17.981, theta2:3.118, e:-2.287
t:6.32, r:-25.00, omega:-25.18, omega_m:-24.96, u:-371.02, theta1:17.981, theta2:3.118, e:-0.217
t:6.33, r:-25.00, omega:-25.18, omega_m:-24.97, u:-371.01, theta1:17.981, theta2:3.119, e:-0.209
t:6.34, r:-25.00, omega:-28.45, omega_m:-24.97, u:-360.56, theta1:17.976, theta2:3.124, e:-3.473
t:6.35, r:-25.00, omega:-28.45, omega_m:-24.98, u:-360.31, theta1:17.972, theta2:3.129, e:-3.468
t:6.36, r:-25.00, omega:-25.13, omega_m:-24.98, u:-370.68, theta1:17.972, theta2:3.129, e:-0.146
t:6.37, r:-25.00, omega:-25.13, omega_m:-24.98, u:-370.67, theta1:17.972, theta2:3.129, e:-0.142
t:6.38, r:-25.00, omega:-26.87, omega_m:-24.99, u:-365.08, theta1:17.969, theta2:3.131, e:-1.886
t:6.39, r:-25.00, omega:-26.87, omega_m:-24.99, u:-364.96, theta1:17.967, theta2:3.134, e:-1.884
t:6.40, r:-25.00, omega:-28.14, omega_m:-24.99, u:-360.77, theta1:17.963, theta2:3.138, e:-3.145
t:6.41, r:-25.00, omega:-28.14, omega_m:-24.99, u:-360.55, theta1:17.959, theta2:3.143, e:-3.144
t:6.42, r:-25.00, omega:-24.53, omega_m:-24.99, u:-371.93, theta1:17.960, theta2:3.142, e:0.469
t:6.43, r:-25.00, omega:-24.53, omega_m:-25.00, u:-371.96, theta1:17.960, theta2:3.142, e:0.470
t:6.44, r:-25.00, omega:-26.56, omega_m:-25.00, u:-365.46, theta1:17.958, theta2:3.144, e:-1.564
t:6.45, r:-25.00, omega:-26.56, omega_m:-25.00, u:-365.36, theta1:17.956, theta2:3.146, e:-1.563
t:6.46, r:-25.00, omega:-27.84, omega_m:-25.00, u:-361.13, theta1:17.953, theta2:3.150, e:-2.845
t:6.47, r:-25.00, omega:-27.84, omega_m:-25.00, u:-360.93, theta1:17.949, theta2:3.154, e:-2.844
t:6.48, r:-25.00, omega:-27.68, omega_m:-25.00, u:-361.24, theta1:17.946, theta2:3.157, e:-2.686
t:6.49, r:-25.00, omega:-27.68, omega_m:-25.00, u:-361.05, theta1:17.943, theta2:3.161, e:-2.686
t:6.50, r:-25.00, omega:-26.13, omega_m:-25.00, u:-365.89, theta1:17.941, theta2:3.163, e:-1.130
t:6.51, r:-25.00, omega:-26.13, omega_m:-25.00, u:-365.82, theta1:17.940, theta2:3.164, e:-1.130
t:6.52, r:-25.00, omega:-26.11, omega_m:-25.00, u:-365.82, theta1:17.938, theta2:3.166, e:-1.108
t:6.53, r:-25.00, omega:-26.11, omega_m:-25.00, u:-365.74, theta1:17.937, theta2:3.167, e:-1.107
t:6.54, r:-25.00, omega:-28.03, omega_m:-25.00, u:-359.44, theta1:17.933, theta2:3.171, e:-3.030
t:6.55, r:-25.00, omega:-28.03, omega_m:-25.00, u:-359.23, theta1:17.929, theta2:3.175, e:-3.030
t:6.56, r:-25.00, omega:-24.06, omega_m:-25.00, u:-371.89, theta1:17.931, theta2:3.174, e:0.939
t:6.57, r:-25.00, omega:-24.06, omega_m:-25.00, u:-371.95, theta1:17.932, theta2:3.173, e:0.939
t:6.58, r:-25.00, omega:-27.62, omega_m:-25.00, u:-360.46, theta1:17.928, theta2:3.177, e:-2.623
t:6.59, r:-25.00, omega:-27.62, omega_m:-25.00, u:-360.28, theta1:17.925, theta2:3.180, e:-2.623
t:6.60, r:-25.00, omega:-27.24, omega_m:-25.00, u:-361.33, theta1:17.922, theta2:3.184, e:-2.244
t:6.61, r:-25.00, omega:-27.24, omega_m:-25.00, u:-361.18, theta1:17.920, theta2:3.187, e:-2.244
t:6.62, r:-25.00, omega:-25.05, omega_m:-25.00, u:-368.18, theta1:17.920, theta2:3.187, e:-0.045
t:6.63, r:-25.00, omega:-25.05, omega_m:-25.00, u:-368.18, theta1:17.919, theta2:3.187, e:-0.045
t:6.64, r:-25.00, omega:-26.23, omega_m:-25.00, u:-364.32, theta1:17.918, theta2:3.188, e:-1.231
t:6.65, r:-25.00, omega:-27.44, omega_m:-25.00, u:-360.29, theta1:17.915, theta2:3.192, e:-2.441
t:6.66, r:-25.00, omega:-27.44, omega_m:-25.00, u:-360.12, theta1:17.912, theta2:3.195, e:-2.441
t:6.67, r:-25.00, omega:-27.09, omega_m:-25.00, u:-361.11, theta1:17.909, theta2:3.198, e:-2.086
t:6.68, r:-25.00, omega:-27.09, omega_m:-25.00, u:-360.97, theta1:17.907, theta2:3.201, e:-2.086
t:6.69, r:-25.00, omega:-25.84, omega_m:-25.00, u:-364.92, theta1:17.906, theta2:3.202, e:-0.836
t:6.70, r:-25.00, omega:-25.84, omega_m:-25.00, u:-364.86, theta1:17.905, theta2:3.203, e:-0.836
t:6.71, r:-25.00, omega:-25.84, omega_m:-25.00, u:-364.81, theta1:17.903, theta2:3.204, e:-0.836
t:6.72, r:-25.00, omega:-25.59, omega_m:-25.00, u:-365.57, theta1:17.903, theta2:3.205, e:-0.586
t:6.73, r:-25.00, omega:-26.41, omega_m:-25.00, u:-362.84, theta1:17.901, theta2:3.207, e:-1.411
t:6.74, r:-25.00, omega:-26.41, omega_m:-25.00, u:-362.74, theta1:17.899, theta2:3.208, e:-1.411
t:6.75, r:-25.00, omega:-26.65, omega_m:-25.00, u:-361.86, theta1:17.897, theta2:3.211, e:-1.652
t:6.76, r:-25.00, omega:-26.65, omega_m:-25.00, u:-361.75, theta1:17.895, theta2:3.213, e:-1.652
t:6.77, r:-25.00, omega:-27.60, omega_m:-25.00, u:-358.52, theta1:17.892, theta2:3.216, e:-2.601
t:6.78, r:-25.00, omega:-27.60, omega_m:-25.00, u:-358.34, theta1:17.889, theta2:3.220, e:-2.601
t:6.79, r:-25.00, omega:-26.77, omega_m:-25.00, u:-360.90, theta1:17.886, theta2:3.222, e:-1.769
t:6.80, r:-25.00, omega:-26.77, omega_m:-25.00, u:-360.78, theta1:17.884, theta2:3.225, e:-1.769
t:6.81, r:-25.00, omega:-25.04, omega_m:-25.00, u:-366.35, theta1:17.884, theta2:3.225, e:-0.043
t:6.82, r:-25.00, omega:-25.04, omega_m:-25.00, u:-366.34, theta1:17.884, theta2:3.225, e:-0.043
t:6.83, r:-25.00, omega:-26.39, omega_m:-25.00, u:-361.91, theta1:17.882, theta2:3.227, e:-1.388
t:6.84, r:-25.00, omega:-26.39, omega_m:-25.00, u:-361.82, theta1:17.881, theta2:3.228, e:-1.388
t:6.85, r:-25.00, omega:-26.92, omega_m:-25.00, u:-359.99, theta1:17.878, theta2:3.231, e:-1.916
t:6.86, r:-25.00, omega:-26.92, omega_m:-25.00, u:-359.86, theta1:17.876, theta2:3.234, e:-1.916
t:6.87, r:-25.00, omega:-26.36, omega_m:-25.00, u:-361.56, theta1:17.874, theta2:3.235, e:-1.363
t:6.88, r:-25.00, omega:-26.36, omega_m:-25.00, u:-361.47, theta1:17.872, theta2:3.237, e:-1.363
t:6.89, r:-25.00, omega:-25.89, omega_m:-25.00, u:-362.94, theta1:17.871, theta2:3.238, e:-0.891
t:6.90, r:-25.00, omega:-25.89, omega_m:-25.00, u:-362.88, theta1:17.870, theta2:3.240, e:-0.891
t:6.91, r:-25.00, omega:-25.66, omega_m:-25.00, u:-363.60, theta1:17.869, theta2:3.240, e:-0.657
t:6.92, r:-25.00, omega:-25.66, omega_m:-25.00, u:-363.56, theta1:17.869, theta2:3.241, e:-0.657
t:6.93, r:-25.00, omega:-25.95, omega_m:-25.00, u:-362.55, theta1:17.867, theta2:3.242, e:-0.948
t:6.94, r:-25.00, omega:-25.95, omega_m:-25.00, u:-362.49, theta1:17.866, theta2:3.244, e:-0.948
t:6.95, r:-25.00, omega:-27.49, omega_m:-25.00, u:-357.33, theta1:17.863, theta2:3.247, e:-2.486
t:6.96, r:-25.00, omega:-27.49, omega_m:-25.00, u:-357.16, theta1:17.860, theta2:3.250, e:-2.486
t:6.97, r:-25.00, omega:-27.46, omega_m:-25.00, u:-357.09, theta1:17.857, theta2:3.254, e:-2.455
t:6.98, r:-25.00, omega:-27.46, omega_m:-25.00, u:-356.92, theta1:17.854, theta2:3.257, e:-2.455
t:6.99, r:-25.00, omega:-25.46, omega_m:-25.00, u:-363.40, theta1:17.853, theta2:3.258, e:-0.456
t:7.00, r:-25.00, omega:-25.46, omega_m:-25.00, u:-363.37, theta1:17.853, theta2:3.258, e:-0.456
t:7.01, r:0.00, omega:-25.77, omega_m:-20.47, u:0.00, theta1:17.853, theta2:3.265, e:-5.306
t:7.02, r:0.00, omega:-25.77, omega_m:-16.76, u:0.00, theta1:17.853, theta2:3.277, e:-9.016
t:7.03, r:0.00, omega:-25.77, omega_m:-13.72, u:0.00, theta1:17.853, theta2:3.292, e:-12.054
t:7.04, r:0.00, omega:-18.02, omega_m:-11.23, u:0.00, theta1:17.853, theta2:3.298, e:-6.782
t:7.05, r:0.00, omega:-18.02, omega_m:-9.20, u:0.00, theta1:17.853, theta2:3.306, e:-8.818
t:7.06, r:0.00, omega:-18.02, omega_m:-7.53, u:0.00, theta1:17.853, theta2:3.316, e:-10.486
t:7.07, r:0.00, omega:-18.02, omega_m:-6.16, u:0.00, theta1:17.853, theta2:3.327, e:-11.850
t:7.08, r:0.00, omega:-18.02, omega_m:-5.05, u:0.00, theta1:17.853, theta2:3.338, e:-12.968
t:7.09, r:0.00, omega:-18.02, omega_m:-4.13, u:0.00, theta1:17.853, theta2:3.351, e:-13.883
t:7.10, r:0.00, omega:-18.02, omega_m:-3.38, u:0.00, theta1:17.853, theta2:3.364, e:-14.632
t:7.11, r:0.00, omega:-18.02, omega_m:-2.77, u:0.00, theta1:17.853, theta2:3.378, e:-15.245
t:7.12, r:0.00, omega:-18.02, omega_m:-2.27, u:0.00, theta1:17.853, theta2:3.392, e:-15.747
t:7.13, r:0.00, omega:-18.02, omega_m:-1.86, u:0.00, theta1:17.853, theta2:3.406, e:-16.159
t:7.14, r:0.00, omega:-18.02, omega_m:-1.52, u:0.00, theta1:17.853, theta2:3.421, e:-16.495
t:7.15, r:0.00, omega:-18.02, omega_m:-1.24, u:0.00, theta1:17.853, theta2:3.436, e:-16.771
t:7.16, r:0.00, omega:-18.02, omega_m:-1.02, u:0.00, theta1:17.853, theta2:3.452, e:-16.996
t:7.17, r:0.00, omega:-18.02, omega_m:-0.83, u:0.00, theta1:17.853, theta2:3.467, e:-17.181
t:7.18, r:0.00, omega:-18.02, omega_m:-0.68, u:0.00, theta1:17.853, theta2:3.483, e:-17.332
t:7.19, r:0.00, omega:-18.02, omega_m:-0.56, u:0.00, theta1:17.853, theta2:3.498, e:-17.456
t:7.20, r:0.00, omega:-18.02, omega_m:-0.46, u:0.00, theta1:17.853, theta2:3.514, e:-17.557
t:7.21, r:0.00, omega:-18.02, omega_m:-0.37, u:0.00, theta1:17.853, theta2:3.530, e:-17.640
t:7.22, r:0.00, omega:-18.02, omega_m:-0.31, u:0.00, theta1:17.853, theta2:3.546, e:-17.708
t:7.23, r:0.00, omega:-18.02, omega_m:-0.25, u:0.00, theta1:17.853, theta2:3.562, e:-17.764
t:7.24, r:0.00, omega:-18.02, omega_m:-0.21, u:0.00, theta1:17.853, theta2:3.578, e:-17.810
t:7.25, r:0.00, omega:-18.02, omega_m:-0.17, u:0.00, theta1:17.853, theta2:3.594, e:-17.847
t:7.26, r:0.00, omega:-18.02, omega_m:-0.14, u:0.00, theta1:17.853, theta2:3.610, e:-17.877
t:7.27, r:0.00, omega:-18.02, omega_m:-0.11, u:0.00, theta1:17.853, theta2:3.626, e:-17.902
t:7.28, r:0.00, omega:-18.02, omega_m:-0.09, u:0.00, theta1:17.853, theta2:3.643, e:-17.923
t:7.29, r:0.00, omega:-18.02, omega_m:-0.08, u:0.00, theta1:17.853, theta2:3.659, e:-17.940
t:7.30, r:0.00, omega:-18.02, omega_m:-0.06, u:0.00, theta1:17.853, theta2:3.675, e:-17.953
t:7.31, r:0.00, omega:-18.02, omega_m:-0.05, u:0.00, theta1:17.853, theta2:3.691, e:-17.965
t:7.32, r:0.00, omega:-18.02, omega_m:-0.04, u:0.00, theta1:17.853, theta2:3.707, e:-17.974
t:7.33, r:0.00, omega:-18.02, omega_m:-0.03, u:0.00, theta1:17.853, theta2:3.724, e:-17.981
t:7.34, r:0.00, omega:-18.02, omega_m:-0.03, u:0.00, theta1:17.853, theta2:3.740, e:-17.988
t:7.35, r:0.00, omega:-18.02, omega_m:-0.02, u:0.00, theta1:17.853, theta2:3.756, e:-17.993
t:7.36, r:0.00, omega:-18.02, omega_m:-0.02, u:0.00, theta1:17.853, theta2:3.772, e:-17.997
t:7.37, r:0.00, omega:-18.02, omega_m:-0.02, u:0.00, theta1:17.853, theta2:3.788, e:-18.000
t:7.38, r:0.00, omega:-18.02, omega_m:-0.01, u:0.00, theta1:17.853, theta2:3.805, e:-18.003
t:7.39, r:0.00, omega:-18.02, omega_m:-0.01, u:0.00, theta1:17.853, theta2:3.821, e:-18.005
t:7.40, r:0.00, omega:-18.02, omega_m:-0.01, u:0.00, theta1:17.853, theta2:3.837, e:-18.007
t:7.41, r:0.00, omega:-18.02, omega_m:-0.01, u:0.00, theta1:17.853, theta2:3.853, e:-18.009
t:7.42, r:0.00, omega:-18.02, omega_m:-0.01, u:0.00, theta1:17.853, theta2:3.869, e:-18.010
t:7.43, r:0.00, omega:-18.02, omega_m:-0.00, u:0.00, theta1:17.853, theta2:3.886, e:-18.011
t:7.44, r:0.00, omega:-18.02, omega_m:-0.00, u:0.00, theta1:17.853, theta2:3.902, e:-18.012
t:7.45, r:0.00, omega:-18.02, omega_m:-0.00, u:0.00, theta1:17.853, theta2:3.918, e:-18.012
t:7.46, r:0.00, omega:-18.02, omega_m:-0.00, u:0.00, theta1:17.853, theta2:3.934, e:-18.013
t:7.47, r:0.00, omega:-18.02, omega_m:-0.00, u:0.00, theta1:17.853, theta2:3.951, e:-18.013
t:7.48, r:0.00, omega:-18.02, omega_m:-0.00, u:0.00, theta1:17.853, theta2:3.967, e:-18.014
t:7.49, r:0.00, omega:-18.02, omega_m:-0.00, u:0.00, theta1:17.853, theta2:3.983, e:-18.014
t:7.50, r:0.00, omega:-18.02, omega_m:-0.00, u:0.00, theta1:17.853, theta2:3.999, e:-18.014
t:7.51, r:0.00, omega:-18.02, omega_m:-0.00, u:0.00, theta1:17.853, theta2:4.015, e:-18.014
t:7.52, r:0.00, omega:-18.02, omega_m:-0.00, u:0.00, theta1:17.853, theta2:4.032, e:-18.015
t:7.53, r:0.00, omega:-18.02, omega_m:-0.00, u:0.00, theta1:17.853, theta2:4.048, e:-18.015
t:7.54, r:0.00, omega:0.00, omega_m:-0.00, u:0.00, theta1:17.853, theta2:4.048, e:0.001
t:7.55, r:0.00, omega:0.00, omega_m:-0.00, u:0.00, theta1:17.853, theta2:4.048, e:0.000
t:7.56, r:0.00, omega:0.00, omega_m:-0.00, u:0.00, theta1:17.853, theta2:4.048, e:0.000
t:7.57, r:0.00, omega:0.00, omega_m:-0.00, u:0.00, theta1:17.853, theta2:4.048, e:0.000
t:7.58, r:0.00, omega:0.00, omega_m:-0.00, u:0.00, theta1:17.853, theta2:4.048, e:0.000
t:7.59, r:0.00, omega:0.00, omega_m:-0.00, u:0.00, theta1:17.853, theta2:4.048, e:0.000
t:7.60, r:0.00, omega:0.00, omega_m:-0.00, u:0.00, theta1:17.853, theta2:4.048, e:0.000
t:7.61, r:0.00, omega:0.00, omega_m:-0.00, u:0.00, theta1:17.853, theta2:4.048, e:0.000
t:7.62, r:0.00, omega:0.00, omega_m:-0.00, u:0.00, theta1:17.853, theta2:4.048, e:0.000
t:7.63, r:0.00, omega:0.00, omega_m:-0.00, u:0.00, theta1:17.853, theta2:4.048, e:0.000
t:7.64, r:0.00, omega:0.00, omega_m:-0.00, u:0.00, theta1:17.853, theta2:4.048, e:0.000
t:7.65, r:0.00, omega:0.00, omega_m:-0.00, u:0.00, theta1:17.853, theta2:4.048, e:0.000
t:7.66, r:0.00, omega:0.00, omega_m:-0.00, u:0.00, theta1:17.853, theta2:4.048, e:0.000
t:7.67, r:0.00, omega:0.00, omega_m:-0.00, u:0.00, theta1:17.853, theta2:4.048, e:0.000
t:7.68, r:0.00, omega:0.00, omega_m:-0.00, u:0.00, theta1:17.853, theta2:4.048, e:0.000
t:7.69, r:0.00, omega:0.00, omega_m:-0.00, u:0.00, theta1:17.853, theta2:4.048, e:0.000
t:7.70, r:0.00, omega:0.00, omega_m:-0.00, u:0.00, theta1:17.853, theta2:4.048, e:0.000
t:7.71, r:0.00, omega:0.00, omega_m:-0.00, u:0.00, theta1:17.853, theta2:4.048, e:0.000
t:7.72, r:0.00, omega:0.00, omega_m:-0.00, u:0.00, theta1:17.853, theta2:4.048, e:0.000
t:7.73, r:0.00, omega:0.00, omega_m:-0.00, u:0.00, theta1:17.853, theta2:4.048, e:0.000
t:7.74, r:0.00, omega:0.00, omega_m:-0.00, u:0.00, theta1:17.853, theta2:4.048, e:0.000
t:7.75, r:0.00, omega:0.00, omega_m:-0.00, u:0.00, theta1:17.853, theta2:4.048, e:0.000
t:7.76, r:0.00, omega:0.00, omega_m:-0.00, u:0.00, theta1:17.853, theta2:4.048, e:0.000
t:7.77, r:0.00, omega:0.00, omega_m:-0.00, u:0.00, theta1:17.853, theta2:4.048, e:0.000
t:7.78, r:0.00, omega:0.00, omega_m:-0.00, u:0.00, theta1:17.853, theta2:4.048, e:0.000
t:7.79, r:0.00, omega:0.00, omega_m:-0.00, u:0.00, theta1:17.853, theta2:4.048, e:0.000
t:7.80, r:0.00, omega:0.00, omega_m:-0.00, u:0.00, theta1:17.853, theta2:4.048, e:0.000
t:7.81, r:0.00, omega:0.00, omega_m:-0.00, u:0.00, theta1:17.853, theta2:4.048, e:0.000
t:7.82, r:0.00, omega:0.00, omega_m:-0.00, u:0.00, theta1:17.853, theta2:4.048, e:0.000
t:7.83, r:0.00, omega:0.00, omega_m:-0.00, u:0.00, theta1:17.853, theta2:4.048, e:0.000
t:7.84, r:0.00, omega:0.00, omega_m:-0.00, u:0.00, theta1:17.853, theta2:4.048, e:0.000
t:7.85, r:0.00, omega:0.00, omega_m:-0.00, u:0.00, theta1:17.853, theta2:4.048, e:0.000
t:7.86, r:0.00, omega:0.00, omega_m:-0.00, u:0.00, theta1:17.853, theta2:4.048, e:0.000
t:7.87, r:0.00, omega:0.00, omega_m:-0.00, u:0.00, theta1:17.853, theta2:4.048, e:0.000
t:7.88, r:0.00, omega:0.00, omega_m:-0.00, u:0.00, theta1:17.853, theta2:4.048, e:0.000
t:7.89, r:0.00, omega:0.00, omega_m:-0.00, u:0.00, theta1:17.853, theta2:4.048, e:0.000
t:7.90, r:0.00, omega:0.00, omega_m:-0.00, u:0.00, theta1:17.853, theta2:4.048, e:0.000
t:7.91, r:0.00, omega:0.00, omega_m:-0.00, u:0.00, theta1:17.853, theta2:4.048, e:0.000
t:7.92, r:0.00, omega:0.00, omega_m:-0.00, u:0.00, theta1:17.853, theta2:4.048, e:0.000
t:7.93, r:0.00, omega:0.00, omega_m:-0.00, u:0.00, theta1:17.853, theta2:4.048, e:0.000
t:7.94, r:0.00, omega:0.00, omega_m:-0.00, u:0.00, theta1:17.853, theta2:4.048, e:0.000
t:7.95, r:0.00, omega:0.00, omega_m:-0.00, u:0.00, theta1:17.853, theta2:4.048, e:0.000
t:7.96, r:0.00, omega:0.00, omega_m:-0.00, u:0.00, theta1:17.853, theta2:4.048, e:0.000
t:7.97, r:0.00, omega:0.00, omega_m:-0.00, u:0.00, theta1:17.853, theta2:4.048, e:0.000
t:7.98, r:0.00, omega:0.00, omega_m:-0.00, u:0.00, theta1:17.853, theta2:4.048, e:0.000
t:7.99, r:0.00, omega:0.00, omega_m:-0.00, u:0.00, theta1:17.853, theta2:4.048, e:0.000
t:8.00, r:0.00, omega:0.00, omega_m:-0.00, u:0.00, theta1:17.853, theta2:4.048, e:0.000
t:8.01, r:25.00, omega:0.00, omega_m:4.53, u:446.46, theta1:17.858, theta2:4.048, e:-4.532
t:8.02, r:25.00, omega:0.00, omega_m:8.24, u:446.72, theta1:17.869, theta2:4.048, e:-8.242
t:8.03, r:25.00, omega:0.00, omega_m:11.28, u:447.07, theta1:17.883, theta2:4.048, e:-11.280
t:8.04, r:25.00, omega:0.00, omega_m:13.77, u:447.50, theta1:17.900, theta2:4.048, e:-13.767
t:8.05, r:25.00, omega:0.52, omega_m:15.80, u:445.87, theta1:17.919, theta2:4.048, e:-15.283
t:8.06, r:25.00, omega:0.52, omega_m:17.47, u:446.40, theta1:17.940, theta2:4.047, e:-16.950
t:8.07, r:25.00, omega:25.52, omega_m:18.84, u:344.82, theta1:17.932, theta2:4.056, e:6.680
t:8.08, r:25.00, omega:25.52, omega_m:19.95, u:344.46, theta1:17.925, theta2:4.063, e:5.563
t:8.09, r:25.00, omega:30.62, omega_m:20.87, u:322.98, theta1:17.913, theta2:4.078, e:9.749
t:8.10, r:25.00, omega:30.62, omega_m:21.62, u:322.27, theta1:17.901, theta2:4.091, e:9.000
t:8.11, r:25.00, omega:23.93, omega_m:22.23, u:349.55, theta1:17.899, theta2:4.093, e:1.695
t:8.12, r:25.00, omega:23.93, omega_m:22.73, u:349.48, theta1:17.898, theta2:4.095, e:1.193
t:8.13, r:25.00, omega:25.99, omega_m:23.14, u:340.84, theta1:17.894, theta2:4.099, e:2.847
t:8.14, r:25.00, omega:25.99, omega_m:23.48, u:340.67, theta1:17.891, theta2:4.102, e:2.510
t:8.15, r:25.00, omega:25.87, omega_m:23.76, u:341.03, theta1:17.889, theta2:4.105, e:2.114
t:8.16, r:25.00, omega:25.87, omega_m:23.98, u:340.91, theta1:17.886, theta2:4.107, e:1.889
t:8.17, r:25.00, omega:24.76, omega_m:24.17, u:345.43, theta1:17.885, theta2:4.108, e:0.593
t:8.18, r:25.00, omega:24.76, omega_m:24.32, u:345.41, theta1:17.885, theta2:4.108, e:0.442
t:8.19, r:25.00, omega:23.16, omega_m:24.44, u:352.06, theta1:17.886, theta2:4.107, e:-1.284
t:8.20, r:25.00, omega:23.16, omega_m:24.54, u:352.14, theta1:17.888, theta2:4.105, e:-1.385
t:8.21, r:25.00, omega:26.77, omega_m:24.63, u:337.15, theta1:17.886, theta2:4.108, e:2.148
t:8.22, r:25.00, omega:26.77, omega_m:24.69, u:337.01, theta1:17.883, theta2:4.111, e:2.080
t:8.23, r:25.00, omega:23.95, omega_m:24.75, u:348.65, theta1:17.884, theta2:4.110, e:-0.795
t:8.24, r:25.00, omega:23.95, omega_m:24.79, u:348.70, theta1:17.885, theta2:4.109, e:-0.841
t:8.25, r:25.00, omega:23.95, omega_m:24.83, u:348.75, theta1:17.886, theta2:4.108, e:-0.878
t:8.26, r:25.00, omega:23.44, omega_m:24.86, u:350.95, theta1:17.888, theta2:4.106, e:-1.423
t:8.27, r:25.00, omega:23.44, omega_m:24.89, u:351.04, theta1:17.890, theta2:4.104, e:-1.448
t:8.28, r:25.00, omega:24.80, omega_m:24.91, u:345.48, theta1:17.890, theta2:4.104, e:-0.112
t:8.29, r:25.00, omega:24.80, omega_m:24.92, u:345.49, theta1:17.890, theta2:4.104, e:-0.129
t:8.30, r:25.00, omega:25.49, omega_m:24.94, u:342.58, theta1:17.889, theta2:4.105, e:0.556
t:8.31, r:25.00, omega:25.49, omega_m:24.95, u:342.55, theta1:17.889, theta2:4.106, e:0.545
t:8.32, r:25.00, omega:24.29, omega_m:24.96, u:347.53, theta1:17.889, theta2:4.105, e:-0.668
t:8.33, r:25.00, omega:24.29, omega_m:24.97, u:347.57, theta1:17.890, theta2:4.104, e:-0.676
t:8.34, r:25.00, omega:23.78, omega_m:24.97, u:349.75, theta1:17.892, theta2:4.103, e:-1.195
t:8.35, r:25.00, omega:23.78, omega_m:24.98, u:349.82, theta1:17.893, theta2:4.101, e:-1.200
t:8.36, r:25.00, omega:24.79, omega_m:24.98, u:345.66, theta1:17.894, theta2:4.101, e:-0.187
t:8.37, r:25.00, omega:24.79, omega_m:24.98, u:345.67, theta1:17.894, theta2:4.101, e:-0.191
t:8.38, r:25.00, omega:24.59, omega_m:24.99, u:346.55, theta1:17.894, theta2:4.100, e:-0.401
t:8.39, r:25.00, omega:24.59, omega_m:24.99, u:346.57, theta1:17.895, theta2:4.100, e:-0.403
t:8.40, r:25.00, omega:27.06, omega_m:24.99, u:336.28, theta1:17.892, theta2:4.102, e:2.071
t:8.41, r:25.00, omega:27.06, omega_m:24.99, u:336.14, theta1:17.890, theta2:4.105, e:2.069
t:8.42, r:25.00, omega:24.70, omega_m:24.99, u:345.86, theta1:17.890, theta2:4.105, e:-0.295
t:8.43, r:25.00, omega:24.70, omega_m:25.00, u:345.88, theta1:17.890, theta2:4.105, e:-0.296
t:8.44, r:25.00, omega:24.70, omega_m:25.00, u:345.90, theta1:17.891, theta2:4.104, e:-0.297
t:8.45, r:25.00, omega:23.35, omega_m:25.00, u:351.52, theta1:17.893, theta2:4.102, e:-1.645
t:8.46, r:25.00, omega:23.35, omega_m:25.00, u:351.62, theta1:17.895, theta2:4.100, e:-1.645
t:8.47, r:25.00, omega:24.26, omega_m:25.00, u:347.96, theta1:17.896, theta2:4.099, e:-0.743
t:8.48, r:25.00, omega:24.26, omega_m:25.00, u:348.01, theta1:17.897, theta2:4.099, e:-0.743
t:8.49, r:25.00, omega:25.50, omega_m:25.00, u:342.88, theta1:17.896, theta2:4.099, e:0.499
t:8.50, r:25.00, omega:25.50, omega_m:25.00, u:342.85, theta1:17.895, theta2:4.100, e:0.499
t:8.51, r:25.00, omega:23.01, omega_m:25.00, u:353.18, theta1:17.898, theta2:4.098, e:-1.992
t:8.52, r:25.00, omega:23.01, omega_m:25.00, u:353.29, theta1:17.900, theta2:4.095, e:-1.992
t:8.53, r:25.00, omega:26.05, omega_m:25.00, u:340.77, theta1:17.899, theta2:4.097, e:1.049
t:8.54, r:25.00, omega:26.05, omega_m:25.00, u:340.70, theta1:17.898, theta2:4.098, e:1.049
t:8.55, r:25.00, omega:24.21, omega_m:25.00, u:348.27, theta1:17.899, theta2:4.097, e:-0.788
t:8.56, r:25.00, omega:24.21, omega_m:25.00, u:348.32, theta1:17.900, theta2:4.096, e:-0.788
t:8.57, r:25.00, omega:24.21, omega_m:25.00, u:348.37, theta1:17.901, theta2:4.095, e:-0.788
t:8.58, r:25.00, omega:23.93, omega_m:25.00, u:349.60, theta1:17.902, theta2:4.094, e:-1.073
t:8.59, r:25.00, omega:23.93, omega_m:25.00, u:349.66, theta1:17.903, theta2:4.093, e:-1.073
t:8.60, r:25.00, omega:24.00, omega_m:25.00, u:349.42, theta1:17.905, theta2:4.091, e:-0.999
t:8.61, r:25.00, omega:24.00, omega_m:25.00, u:349.48, theta1:17.906, theta2:4.090, e:-0.999
t:8.62, r:25.00, omega:27.53, omega_m:25.00, u:334.86, theta1:17.903, theta2:4.094, e:2.532
t:8.63, r:25.00, omega:27.53, omega_m:25.00, u:334.69, theta1:17.900, theta2:4.097, e:2.532
t:8.64, r:25.00, omega:24.29, omega_m:25.00, u:348.00, theta1:17.900, theta2:4.096, e:-0.706
t:8.65, r:25.00, omega:24.29, omega_m:25.00, u:348.04, theta1:17.901, theta2:4.095, e:-0.706
t:8.66, r:25.00, omega:23.55, omega_m:25.00, u:351.19, theta1:17.903, theta2:4.094, e:-1.454
t:8.67, r:25.00, omega:23.55, omega_m:25.00, u:351.27, theta1:17.905, theta2:4.092, e:-1.454
t:8.68, r:25.00, omega:24.88, omega_m:25.00, u:345.81, theta1:17.905, theta2:4.092, e:-0.118
t:8.69, r:25.00, omega:24.88, omega_m:25.00, u:345.82, theta1:17.905, theta2:4.092, e:-0.118
t:8.70, r:25.00, omega:24.77, omega_m:25.00, u:346.28, theta1:17.906, theta2:4.091, e:-0.226
t:8.71, r:25.00, omega:24.77, omega_m:25.00, u:346.29, theta1:17.906, theta2:4.091, e:-0.226
t:8.72, r:25.00, omega:24.77, omega_m:25.00, u:346.31, theta1:17.906, theta2:4.091, e:-0.226
t:8.73, r:25.00, omega:23.59, omega_m:25.00, u:351.22, theta1:17.908, theta2:4.089, e:-1.407
t:8.74, r:25.00, omega:23.59, omega_m:25.00, u:351.30, theta1:17.910, theta2:4.088, e:-1.407
t:8.75, r:25.00, omega:25.27, omega_m:25.00, u:344.44, theta1:17.909, theta2:4.088, e:0.269
t:8.76, r:25.00, omega:25.27, omega_m:25.00, u:344.42, theta1:17.909, theta2:4.088, e:0.269
t:8.77, r:25.00, omega:23.25, omega_m:25.00, u:352.78, theta1:17.911, theta2:4.086, e:-1.752
t:8.78, r:25.00, omega:23.25, omega_m:25.00, u:352.88, theta1:17.913, theta2:4.084, e:-1.752
t:8.79, r:25.00, omega:25.69, omega_m:25.00, u:342.89, theta1:17.912, theta2:4.085, e:0.685
t:8.80, r:25.00, omega:25.69, omega_m:25.00, u:342.84, theta1:17.912, theta2:4.086, e:0.685
t:8.81, r:25.00, omega:25.63, omega_m:25.00, u:343.04, theta1:17.911, theta2:4.087, e:0.628
t:8.82, r:25.00, omega:25.63, omega_m:25.00, u:343.00, theta1:17.910, theta2:4.087, e:0.628
t:8.83, r:25.00, omega:24.47, omega_m:25.00, u:347.76, theta1:17.911, theta2:4.087, e:-0.529
t:8.84, r:25.00, omega:24.47, omega_m:25.00, u:347.79, theta1:17.911, theta2:4.086, e:-0.529
t:8.85, r:25.00, omega:24.06, omega_m:25.00, u:349.52, theta1:17.913, theta2:4.085, e:-0.938
t:8.86, r:25.00, omega:24.06, omega_m:25.00, u:349.57, theta1:17.914, theta2:4.084, e:-0.938
t:8.87, r:25.00, omega:24.03, omega_m:25.00, u:349.75, theta1:17.915, theta2:4.083, e:-0.966
t:8.88, r:25.00, omega:24.03, omega_m:25.00, u:349.81, theta1:17.916, theta2:4.082, e:-0.966
t:8.89, r:25.00, omega:25.47, omega_m:25.00, u:343.93, theta1:17.916, theta2:4.082, e:0.466
t:8.90, r:25.00, omega:25.47, omega_m:25.00, u:343.90, theta1:17.915, theta2:4.083, e:0.466
t:8.91, r:25.00, omega:25.82, omega_m:25.00, u:342.38, theta1:17.914, theta2:4.084, e:0.825
t:8.92, r:25.00, omega:25.82, omega_m:25.00, u:342.33, theta1:17.913, theta2:4.085, e:0.825
t:8.93, r:25.00, omega:25.82, omega_m:25.00, u:342.28, theta1:17.912, theta2:4.086, e:0.825
t:8.94, r:25.00, omega:24.05, omega_m:25.00, u:349.58, theta1:17.913, theta2:4.085, e:-0.948
t:8.95, r:25.00, omega:24.05, omega_m:25.00, u:349.63, theta1:17.914, theta2:4.084, e:-0.948
t:8.96, r:25.00, omega:23.68, omega_m:25.00, u:351.21, theta1:17.916, theta2:4.082, e:-1.315
t:8.97, r:25.00, omega:23.68, omega_m:25.00, u:351.29, theta1:17.918, theta2:4.081, e:-1.315
t:8.98, r:25.00, omega:24.37, omega_m:25.00, u:348.53, theta1:17.918, theta2:4.080, e:-0.628
t:8.99, r:25.00, omega:24.37, omega_m:25.00, u:348.56, theta1:17.919, theta2:4.079, e:-0.628
t:9.00, r:25.00, omega:25.40, omega_m:25.00, u:344.36, theta1:17.919, theta2:4.080, e:0.395
t:9.01, r:0.00, omega:25.40, omega_m:20.47, u:0.00, theta1:17.919, theta2:4.086, e:4.927
t:9.02, r:0.00, omega:24.99, omega_m:16.76, u:0.00, theta1:17.919, theta2:4.096, e:8.234
t:9.03, r:0.00, omega:24.99, omega_m:13.72, u:0.00, theta1:17.919, theta2:4.110, e:11.271
t:9.04, r:0.00, omega:24.99, omega_m:11.23, u:0.00, theta1:17.919, theta2:4.127, e:13.758
t:9.05, r:0.00, omega:24.99, omega_m:9.20, u:0.00, theta1:17.919, theta2:4.147, e:15.795
t:9.06, r:0.00, omega:24.99, omega_m:7.53, u:0.00, theta1:17.919, theta2:4.169, e:17.462
t:9.07, r:0.00, omega:24.99, omega_m:6.16, u:0.00, theta1:17.919, theta2:4.192, e:18.827
t:9.08, r:0.00, omega:24.99, omega_m:5.05, u:0.00, theta1:17.919, theta2:4.217, e:19.944
t:9.09, r:0.00, omega:24.99, omega_m:4.13, u:0.00, theta1:17.919, theta2:4.243, e:20.859
t:9.10, r:0.00, omega:24.99, omega_m:3.38, u:0.00, theta1:17.919, theta2:4.270, e:21.608
t:9.11, r:0.00, omega:24.99, omega_m:2.77, u:0.00, theta1:17.919, theta2:4.298, e:22.222
t:9.12, r:0.00, omega:24.99, omega_m:2.27, u:0.00, theta1:17.919, theta2:4.327, e:22.724
t:9.13, r:0.00, omega:24.99, omega_m:1.86, u:0.00, theta1:17.919, theta2:4.356, e:23.135
t:9.14, r:0.00, omega:24.99, omega_m:1.52, u:0.00, theta1:17.919, theta2:4.385, e:23.471
t:9.15, r:0.00, omega:24.99, omega_m:1.24, u:0.00, theta1:17.919, theta2:4.415, e:23.747
t:9.16, r:0.00, omega:24.99, omega_m:1.02, u:0.00, theta1:17.919, theta2:4.444, e:23.973
t:9.17, r:0.00, omega:24.99, omega_m:0.83, u:0.00, theta1:17.919, theta2:4.475, e:24.157
t:9.18, r:0.00, omega:24.99, omega_m:0.68, u:0.00, theta1:17.919, theta2:4.505, e:24.308
t:9.19, r:0.00, omega:24.99, omega_m:0.56, u:0.00, theta1:17.919, theta2:4.536, e:24.432
t:9.20, r:0.00, omega:24.99, omega_m:0.46, u:0.00, theta1:17.919, theta2:4.566, e:24.534
t:9.21, r:0.00, omega:24.99, omega_m:0.37, u:0.00, theta1:17.919, theta2:4.597, e:24.617
t:9.22, r:0.00, omega:24.99, omega_m:0.31, u:0.00, theta1:17.919, theta2:4.628, e:24.685
t:9.23, r:0.00, omega:24.99, omega_m:0.25, u:0.00, theta1:17.919, theta2:4.659, e:24.740
t:9.24, r:0.00, omega:24.99, omega_m:0.21, u:0.00, theta1:17.919, theta2:4.690, e:24.786
t:9.25, r:0.00, omega:24.99, omega_m:0.17, u:0.00, theta1:17.919, theta2:4.721, e:24.823
t:9.26, r:0.00, omega:24.99, omega_m:0.14, u:0.00, theta1:17.919, theta2:4.752, e:24.854
t:9.27, r:0.00, omega:24.99, omega_m:0.11, u:0.00, theta1:17.919, theta2:4.783, e:24.879
t:9.28, r:0.00, omega:24.99, omega_m:0.09, u:0.00, theta1:17.919, theta2:4.814, e:24.899
t:9.29, r:0.00, omega:24.99, omega_m:0.08, u:0.00, theta1:17.919, theta2:4.845, e:24.916
t:9.30, r:0.00, omega:24.99, omega_m:0.06, u:0.00, theta1:17.919, theta2:4.876, e:24.930
t:9.31, r:0.00, omega:24.99, omega_m:0.05, u:0.00, theta1:17.919, theta2:4.907, e:24.941
t:9.32, r:0.00, omega:24.99, omega_m:0.04, u:0.00, theta1:17.919, theta2:4.939, e:24.950
t:9.33, r:0.00, omega:24.99, omega_m:0.03, u:0.00, theta1:17.919, theta2:4.970, e:24.958
t:9.34, r:0.00, omega:24.99, omega_m:0.03, u:0.00, theta1:17.919, theta2:5.001, e:24.964
t:9.35, r:0.00, omega:24.99, omega_m:0.02, u:0.00, theta1:17.919, theta2:5.032, e:24.969
t:9.36, r:0.00, omega:24.99, omega_m:0.02, u:0.00, theta1:17.919, theta2:5.063, e:24.973
t:9.37, r:0.00, omega:24.99, omega_m:0.02, u:0.00, theta1:17.919, theta2:5.095, e:24.976
t:9.38, r:0.00, omega:24.99, omega_m:0.01, u:0.00, theta1:17.919, theta2:5.126, e:24.979
t:9.39, r:0.00, omega:24.99, omega_m:0.01, u:0.00, theta1:17.919, theta2:5.157, e:24.981
t:9.40, r:0.00, omega:24.99, omega_m:0.01, u:0.00, theta1:17.919, theta2:5.188, e:24.983
t:9.41, r:0.00, omega:24.99, omega_m:0.01, u:0.00, theta1:17.919, theta2:5.219, e:24.985
t:9.42, r:0.00, omega:24.99, omega_m:0.01, u:0.00, theta1:17.919, theta2:5.251, e:24.986
t:9.43, r:0.00, omega:24.99, omega_m:0.00, u:0.00, theta1:17.919, theta2:5.282, e:24.987
t:9.44, r:0.00, omega:24.99, omega_m:0.00, u:0.00, theta1:17.919, theta2:5.313, e:24.988
t:9.45, r:0.00, omega:24.99, omega_m:0.00, u:0.00, theta1:17.919, theta2:5.344, e:24.989
t:9.46, r:0.00, omega:24.99, omega_m:0.00, u:0.00, theta1:17.919, theta2:5.376, e:24.989
t:9.47, r:0.00, omega:24.99, omega_m:0.00, u:0.00, theta1:17.919, theta2:5.407, e:24.990
t:9.48, r:0.00, omega:24.99, omega_m:0.00, u:0.00, theta1:17.919, theta2:5.438, e:24.990
t:9.49, r:0.00, omega:24.99, omega_m:0.00, u:0.00, theta1:17.919, theta2:5.469, e:24.990
t:9.50, r:0.00, omega:24.99, omega_m:0.00, u:0.00, theta1:17.919, theta2:5.501, e:24.990
t:9.51, r:0.00, omega:24.99, omega_m:0.00, u:0.00, theta1:17.919, theta2:5.532, e:24.991
t:9.52, r:0.00, omega:0.00, omega_m:0.00, u:0.00, theta1:17.919, theta2:5.532, e:-0.001
t:9.53, r:0.00, omega:0.00, omega_m:0.00, u:0.00, theta1:17.919, theta2:5.532, e:-0.001
t:9.54, r:0.00, omega:0.00, omega_m:0.00, u:0.00, theta1:17.919, theta2:5.532, e:-0.001
t:9.55, r:0.00, omega:0.00, omega_m:0.00, u:0.00, theta1:17.919, theta2:5.532, e:-0.000
t:9.56, r:0.00, omega:0.00, omega_m:0.00, u:0.00, theta1:17.919, theta2:5.532, e:-0.000
t:9.57, r:0.00, omega:0.00, omega_m:0.00, u:0.00, theta1:17.919, theta2:5.532, e:-0.000
t:9.58, r:0.00, omega:0.00, omega_m:0.00, u:0.00, theta1:17.919, theta2:5.532, e:-0.000
t:9.59, r:0.00, omega:0.00, omega_m:0.00, u:0.00, theta1:17.919, theta2:5.532, e:-0.000
t:9.60, r:0.00, omega:0.00, omega_m:0.00, u:0.00, theta1:17.919, theta2:5.532, e:-0.000
t:9.61, r:0.00, omega:0.00, omega_m:0.00, u:0.00, theta1:17.919, theta2:5.532, e:-0.000
t:9.62, r:0.00, omega:0.00, omega_m:0.00, u:0.00, theta1:17.919, theta2:5.532, e:-0.000
t:9.63, r:0.00, omega:0.00, omega_m:0.00, u:0.00, theta1:17.919, theta2:5.532, e:-0.000
t:9.64, r:0.00, omega:0.00, omega_m:0.00, u:0.00, theta1:17.919, theta2:5.532, e:-0.000
t:9.65, r:0.00, omega:0.00, omega_m:0.00, u:0.00, theta1:17.919, theta2:5.532, e:-0.000
t:9.66, r:0.00, omega:0.00, omega_m:0.00, u:0.00, theta1:17.919, theta2:5.532, e:-0.000
t:9.67, r:0.00, omega:0.00, omega_m:0.00, u:0.00, theta1:17.919, theta2:5.532, e:-0.000
t:9.68, r:0.00, omega:0.00, omega_m:0.00, u:0.00, theta1:17.919, theta2:5.532, e:-0.000
t:9.69, r:0.00, omega:0.00, omega_m:0.00, u:0.00, theta1:17.919, theta2:5.532, e:-0.000
t:9.70, r:0.00, omega:0.00, omega_m:0.00, u:0.00, theta1:17.919, theta2:5.532, e:-0.000
t:9.71, r:0.00, omega:0.00, omega_m:0.00, u:0.00, theta1:17.919, theta2:5.532, e:-0.000
t:9.72, r:0.00, omega:0.00, omega_m:0.00, u:0.00, theta1:17.919, theta2:5.532, e:-0.000
t:9.73, r:0.00, omega:0.00, omega_m:0.00, u:0.00, theta1:17.919, theta2:5.532, e:-0.000
t:9.74, r:0.00, omega:0.00, omega_m:0.00, u:0.00, theta1:17.919, theta2:5.532, e:-0.000
t:9.75, r:0.00, omega:0.00, omega_m:0.00, u:0.00, theta1:17.919, theta2:5.532, e:-0.000
t:9.76, r:0.00, omega:0.00, omega_m:0.00, u:0.00, theta1:17.919, theta2:5.532, e:-0.000
t:9.77, r:0.00, omega:0.00, omega_m:0.00, u:0.00, theta1:17.919, theta2:5.532, e:-0.000
t:9.78, r:0.00, omega:0.00, omega_m:0.00, u:0.00, theta1:17.919, theta2:5.532, e:-0.000
t:9.79, r:0.00, omega:0.00, omega_m:0.00, u:0.00, theta1:17.919, theta2:5.532, e:-0.000
t:9.80, r:0.00, omega:0.00, omega_m:0.00, u:0.00, theta1:17.919, theta2:5.532, e:-0.000
t:9.81, r:0.00, omega:0.00, omega_m:0.00, u:0.00, theta1:17.919, theta2:5.532, e:-0.000
t:9.82, r:0.00, omega:0.00, omega_m:0.00, u:0.00, theta1:17.919, theta2:5.532, e:-0.000
t:9.83, r:0.00, omega:0.00, omega_m:0.00, u:0.00, theta1:17.919, theta2:5.532, e:-0.000
t:9.84, r:0.00, omega:0.00, omega_m:0.00, u:0.00, theta1:17.919, theta2:5.532, e:-0.000
t:9.85, r:0.00, omega:0.00, omega_m:0.00, u:0.00, theta1:17.919, theta2:5.532, e:-0.000
t:9.86, r:0.00, omega:0.00, omega_m:0.00, u:0.00, theta1:17.919, theta2:5.532, e:-0.000
t:9.87, r:0.00, omega:0.00, omega_m:0.00, u:0.00, theta1:17.919, theta2:5.532, e:-0.000
t:9.88, r:0.00, omega:0.00, omega_m:0.00, u:0.00, theta1:17.919, theta2:5.532, e:-0.000
t:9.89, r:0.00, omega:0.00, omega_m:0.00, u:0.00, theta1:17.919, theta2:5.532, e:-0.000
t:9.90, r:0.00, omega:0.00, omega_m:0.00, u:0.00, theta1:17.919, theta2:5.532, e:-0.000
t:9.91, r:0.00, omega:0.00, omega_m:0.00, u:0.00, theta1:17.919, theta2:5.532, e:-0.000
t:9.92, r:0.00, omega:0.00, omega_m:0.00, u:0.00, theta1:17.919, theta2:5.532, e:-0.000
t:9.93, r:0.00, omega:0.00, omega_m:0.00, u:0.00, theta1:17.919, theta2:5.532, e:-0.000
t:9.94, r:0.00, omega:0.00, omega_m:0.00, u:0.00, theta1:17.919, theta2:5.532, e:-0.000
t:9.95, r:0.00, omega:0.00, omega_m:0.00, u:0.00, theta1:17.919, theta2:5.532, e:-0.000
t:9.96, r:0.00, omega:0.00, omega_m:0.00, u:0.00, theta1:17.919, theta2:5.532, e:-0.000
t:9.97, r:0.00, omega:0.00, omega_m:0.00, u:0.00, theta1:17.919, theta2:5.532, e:-0.000
t:9.98, r:0.00, omega:0.00, omega_m:0.00, u:0.00, theta1:17.919, theta2:5.532, e:-0.000
t:9.99, r:0.00, omega:0.00, omega_m:0.00, u:0.00, theta1:17.919, theta2:5.532, e:-0.000
t:10.00, r:0.00, omega:0.00, omega_m:0.00, u:0.00, theta1:17.919, theta2:5.532, e:-0.000
t:10.01, r:-25.00, omega:0.00, omega_m:-4.53, u:-448.11, theta1:17.924, theta2:5.532, e:4.532
t:10.02, r:-25.00, omega:0.00, omega_m:-8.24, u:-448.36, theta1:17.935, theta2:5.532, e:8.242
t:10.03, r:-25.00, omega:-0.52, omega_m:-11.28, u:-445.83, theta1:17.948, theta2:5.531, e:10.762
t:10.04, r:-25.00, omega:-0.52, omega_m:-13.77, u:-446.25, theta1:17.965, theta2:5.531, e:13.249
t:10.05, r:-25.00, omega:-0.52, omega_m:-15.80, u:-446.73, theta1:17.984, theta2:5.531, e:15.285
t:10.06, r:-25.00, omega:-20.79, omega_m:-17.47, u:-334.44, theta1:17.980, theta2:5.534, e:-3.318
t:10.07, r:-25.00, omega:-20.79, omega_m:-18.84, u:-334.34, theta1:17.977, theta2:5.536, e:-1.953
t:10.08, r:-25.00, omega:-27.91, omega_m:-19.95, u:-294.33, theta1:17.967, theta2:5.547, e:-7.962
t:10.09, r:-25.00, omega:-27.91, omega_m:-20.87, u:-293.83, theta1:17.958, theta2:5.557, e:-7.047
t:10.10, r:-25.00, omega:-24.54, omega_m:-21.62, u:-312.40, theta1:17.955, theta2:5.561, e:-2.925
t:10.11, r:-25.00, omega:-24.54, omega_m:-22.23, u:-312.25, theta1:17.952, theta2:5.564, e:-2.312
t:10.12, r:-25.00, omega:-24.06, omega_m:-22.73, u:-314.86, theta1:17.950, theta2:5.565, e:-1.327
t:10.13, r:-25.00, omega:-24.06, omega_m:-23.14, u:-314.81, theta1:17.949, theta2:5.566, e:-0.916
t:10.14, r:-25.00, omega:-24.06, omega_m:-23.48, u:-314.78, theta1:17.948, theta2:5.567, e:-0.578
t:10.15, r:-25.00, omega:-24.06, omega_m:-23.76, u:-314.76, theta1:17.948, theta2:5.567, e:-0.303
t:10.16, r:-25.00, omega:-23.59, omega_m:-23.98, u:-317.39, theta1:17.948, theta2:5.567, e:0.392
t:10.17, r:-25.00, omega:-23.59, omega_m:-24.17, u:-317.43, theta1:17.949, theta2:5.566, e:0.577
t:10.18, r:-25.00, omega:-23.59, omega_m:-24.32, u:-317.47, theta1:17.950, theta2:5.565, e:0.728
t:10.19, r:-25.00, omega:-21.20, omega_m:-24.44, u:-330.92, theta1:17.954, theta2:5.562, e:3.238
t:10.20, r:-25.00, omega:-21.20, omega_m:-24.54, u:-331.10, theta1:17.958, theta2:5.558, e:3.339
t:10.21, r:-25.00, omega:-23.38, omega_m:-24.63, u:-319.06, theta1:17.960, theta2:5.557, e:1.242
t:10.22, r:-25.00, omega:-23.38, omega_m:-24.69, u:-319.13, theta1:17.961, theta2:5.555, e:1.310
t:10.23, r:-25.00, omega:-24.10, omega_m:-24.75, u:-315.21, theta1:17.962, theta2:5.555, e:0.653
t:10.24, r:-25.00, omega:-24.10, omega_m:-24.79, u:-315.26, theta1:17.963, theta2:5.554, e:0.699
t:10.25, r:-25.00, omega:-23.83, omega_m:-24.83, u:-316.79, theta1:17.964, theta2:5.553, e:1.001
t:10.26, r:-25.00, omega:-23.83, omega_m:-24.86, u:-316.85, theta1:17.966, theta2:5.551, e:1.032
t:10.27, r:-25.00, omega:-23.83, omega_m:-24.89, u:-316.91, theta1:17.967, theta2:5.550, e:1.057
t:10.28, r:-25.00, omega:-22.19, omega_m:-24.91, u:-326.16, theta1:17.970, theta2:5.547, e:2.716
t:10.29, r:-25.00, omega:-22.19, omega_m:-24.92, u:-326.32, theta1:17.974, theta2:5.544, e:2.733
t:10.30, r:-25.00, omega:-22.53, omega_m:-24.94, u:-324.60, theta1:17.977, theta2:5.541, e:2.413
t:10.31, r:-25.00, omega:-22.53, omega_m:-24.95, u:-324.74, theta1:17.980, theta2:5.539, e:2.424
t:10.32, r:-25.00, omega:-23.14, omega_m:-24.96, u:-321.42, theta1:17.982, theta2:5.536, e:1.816
t:10.33, r:-25.00, omega:-23.14, omega_m:-24.97, u:-321.53, theta1:17.984, theta2:5.534, e:1.824
t:10.34, r:-25.00, omega:-23.14, omega_m:-24.97, u:-321.64, theta1:17.987, theta2:5.532, e:1.830
t:10.35, r:-25.00, omega:-23.23, omega_m:-24.98, u:-321.24, theta1:17.989, theta2:5.530, e:1.745
t:10.36, r:-25.00, omega:-23.23, omega_m:-24.98, u:-321.35, theta1:17.991, theta2:5.528, e:1.750
t:10.37, r:-25.00, omega:-24.01, omega_m:-24.98, u:-317.11, theta1:17.992, theta2:5.527, e:0.976
t:10.38, r:-25.00, omega:-24.01, omega_m:-24.99, u:-317.17, theta1:17.993, theta2:5.526, e:0.979
t:10.39, r:-25.00, omega:-23.97, omega_m:-24.99, u:-317.47, theta1:17.995, theta2:5.525, e:1.024
t:10.40, r:-25.00, omega:-23.97, omega_m:-24.99, u:-317.53, theta1:17.996, theta2:5.523, e:1.026
t:10.41, r:-25.00, omega:-22.30, omega_m:-24.99, u:-326.91, theta1:17.999, theta2:5.520, e:2.698
t:10.42, r:-25.00, omega:-22.30, omega_m:-24.99, u:-327.06, theta1:18.003, theta2:5.517, e:2.699
t:10.43, r:-25.00, omega:-22.30, omega_m:-25.00, u:-327.21, theta1:18.006, theta2:5.514, e:2.700
t:10.44, r:-25.00, omega:-23.06, omega_m:-25.00, u:-323.13, theta1:18.009, theta2:5.512, e:1.940
t:10.45, r:-25.00, omega:-23.06, omega_m:-25.00, u:-323.24, theta1:18.011, theta2:5.510, e:1.941
t:10.46, r:-25.00, omega:-24.10, omega_m:-25.00, u:-317.55, theta1:18.012, theta2:5.509, e:0.898
t:10.47, r:-25.00, omega:-24.10, omega_m:-25.00, u:-317.60, theta1:18.013, theta2:5.508, e:0.899
t:10.48, r:-25.00, omega:-23.97, omega_m:-25.00, u:-318.40, theta1:18.015, theta2:5.506, e:1.033
t:10.49, r:-25.00, omega:-23.97, omega_m:-25.00, u:-318.46, theta1:18.016, theta2:5.505, e:1.033
t:10.50, r:-25.00, omega:-23.41, omega_m:-25.00, u:-321.59, theta1:18.018, theta2:5.503, e:1.584
t:10.51, r:-25.00, omega:-23.41, omega_m:-25.00, u:-321.68, theta1:18.020, theta2:5.502, e:1.584
t:10.52, r:-25.00, omega:-23.24, omega_m:-25.00, u:-322.74, theta1:18.022, theta2:5.499, e:1.759
t:10.53, r:-25.00, omega:-23.24, omega_m:-25.00, u:-322.84, theta1:18.024, theta2:5.497, e:1.759
t:10.54, r:-25.00, omega:-23.24, omega_m:-25.00, u:-322.95, theta1:18.026, theta2:5.495, e:1.759
t:10.55, r:-25.00, omega:-22.54, omega_m:-25.00, u:-326.91, theta1:18.029, theta2:5.493, e:2.456
t:10.56, r:-25.00, omega:-22.54, omega_m:-25.00, u:-327.05, theta1:18.033, theta2:5.490, e:2.456
t:10.57, r:-25.00, omega:-22.66, omega_m:-25.00, u:-326.56, theta1:18.035, theta2:5.487, e:2.343
t:10.58, r:-25.00, omega:-22.66, omega_m:-25.00, u:-326.70, theta1:18.038, theta2:5.485, e:2.343
t:10.59, r:-25.00, omega:-24.45, omega_m:-25.00, u:-316.91, theta1:18.039, theta2:5.484, e:0.552
t:10.60, r:-25.00, omega:-24.45, omega_m:-25.00, u:-316.94, theta1:18.040, theta2:5.483, e:0.552
t:10.61, r:-25.00, omega:-24.45, omega_m:-25.00, u:-316.98, theta1:18.040, theta2:5.483, e:0.552
t:10.62, r:-25.00, omega:-22.83, omega_m:-25.00, u:-325.96, theta1:18.043, theta2:5.480, e:2.167
t:10.63, r:-25.00, omega:-22.83, omega_m:-25.00, u:-326.08, theta1:18.046, theta2:5.478, e:2.167
t:10.64, r:-25.00, omega:-22.32, omega_m:-25.00, u:-329.02, theta1:18.049, theta2:5.475, e:2.676
t:10.65, r:-25.00, omega:-22.32, omega_m:-25.00, u:-329.17, theta1:18.053, theta2:5.472, e:2.676
t:10.66, r:-25.00, omega:-23.60, omega_m:-25.00, u:-322.26, theta1:18.054, theta2:5.470, e:1.398
t:10.67, r:-25.00, omega:-23.60, omega_m:-25.00, u:-322.34, theta1:18.056, theta2:5.468, e:1.398
t:10.68, r:-25.00, omega:-23.39, omega_m:-25.00, u:-323.58, theta1:18.058, theta2:5.466, e:1.608
t:10.69, r:-25.00, omega:-23.39, omega_m:-25.00, u:-323.68, theta1:18.060, theta2:5.465, e:1.608
t:10.70, r:-25.00, omega:-23.39, omega_m:-25.00, u:-323.77, theta1:18.062, theta2:5.463, e:1.608
t:10.71, r:-25.00, omega:-23.40, omega_m:-25.00, u:-323.82, theta1:18.064, theta2:5.461, e:1.600
t:10.72, r:-25.00, omega:-23.40, omega_m:-25.00, u:-323.91, theta1:18.066, theta2:5.459, e:1.600
t:10.73, r:-25.00, omega:-24.20, omega_m:-25.00, u:-319.61, theta1:18.067, theta2:5.458, e:0.802
t:10.74, r:-25.00, omega:-24.20, omega_m:-25.00, u:-319.65, theta1:18.068, theta2:5.457, e:0.802
t:10.75, r:-25.00, omega:-24.11, omega_m:-25.00, u:-320.18, theta1:18.069, theta2:5.456, e:0.888
t:10.76, r:-25.00, omega:-24.11, omega_m:-25.00, u:-320.23, theta1:18.070, theta2:5.455, e:0.888
t:10.77, r:-25.00, omega:-23.42, omega_m:-25.00, u:-324.08, theta1:18.072, theta2:5.453, e:1.577
t:10.78, r:-25.00, omega:-23.42, omega_m:-25.00, u:-324.17, theta1:18.074, theta2:5.451, e:1.577
t:10.79, r:-25.00, omega:-23.16, omega_m:-25.00, u:-325.74, theta1:18.077, theta2:5.449, e:1.844
t:10.80, r:-25.00, omega:-23.16, omega_m:-25.00, u:-325.85, theta1:18.079, theta2:5.447, e:1.844
t:10.81, r:-25.00, omega:-23.16, omega_m:-25.00, u:-325.95, theta1:18.081, theta2:5.445, e:1.844
t:10.82, r:-25.00, omega:-22.77, omega_m:-25.00, u:-328.19, theta1:18.084, theta2:5.442, e:2.232
t:10.83, r:-25.00, omega:-22.77, omega_m:-25.00, u:-328.32, theta1:18.087, theta2:5.440, e:2.232
t:10.84, r:-25.00, omega:-22.79, omega_m:-25.00, u:-328.32, theta1:18.090, theta2:5.437, e:2.208
t:10.85, r:-25.00, omega:-22.79, omega_m:-25.00, u:-328.44, theta1:18.092, theta2:5.435, e:2.208
t:10.86, r:-25.00, omega:-24.12, omega_m:-25.00, u:-321.28, theta1:18.093, theta2:5.434, e:0.880
t:10.87, r:-25.00, omega:-24.12, omega_m:-25.00, u:-321.33, theta1:18.095, theta2:5.433, e:0.880
t:10.88, r:-25.00, omega:-24.07, omega_m:-25.00, u:-321.68, theta1:18.096, theta2:5.431, e:0.933
t:10.89, r:-25.00, omega:-24.07, omega_m:-25.00, u:-321.73, theta1:18.097, theta2:5.430, e:0.933
t:10.90, r:-25.00, omega:-24.07, omega_m:-25.00, u:-321.79, theta1:18.098, theta2:5.429, e:0.933
t:10.91, r:-25.00, omega:-23.39, omega_m:-25.00, u:-325.54, theta1:18.100, theta2:5.427, e:1.606
t:10.92, r:-25.00, omega:-23.39, omega_m:-25.00, u:-325.63, theta1:18.102, theta2:5.425, e:1.606
t:10.93, r:-25.00, omega:-22.87, omega_m:-25.00, u:-328.61, theta1:18.105, theta2:5.423, e:2.132
t:10.94, r:-25.00, omega:-22.87, omega_m:-25.00, u:-328.73, theta1:18.107, theta2:5.421, e:2.132
t:10.95, r:-25.00, omega:-22.71, omega_m:-25.00, u:-329.70, theta1:18.110, theta2:5.418, e:2.287
t:10.96, r:-25.00, omega:-22.71, omega_m:-25.00, u:-329.83, theta1:18.113, theta2:5.415, e:2.287
t:10.97, r:-25.00, omega:-24.08, omega_m:-25.00, u:-322.47, theta1:18.114, theta2:5.414, e:0.918
t:10.98, r:-25.00, omega:-24.08, omega_m:-25.00, u:-322.52, theta1:18.115, theta2:5.413, e:0.918
t:10.99, r:-25.00, omega:-24.08, omega_m:-25.00, u:-322.58, theta1:18.117, theta2:5.412, e:0.918
t:11.00, r:-25.00, omega:-24.70, omega_m:-25.00, u:-319.23, theta1:18.117, theta2:5.412, e:0.296
t:11.01, r:0.00, omega:-24.70, omega_m:-20.47, u:0.00, theta1:18.117, theta2:5.417, e:-4.236
t:11.02, r:0.00, omega:-24.58, omega_m:-16.76, u:0.00, theta1:18.117, theta2:5.426, e:-7.818
t:11.03, r:0.00, omega:-24.58, omega_m:-13.72, u:0.00, theta1:18.117, theta2:5.440, e:-10.856
t:11.04, r:0.00, omega:-24.58, omega_m:-11.23, u:0.00, theta1:18.117, theta2:5.456, e:-13.343
t:11.05, r:0.00, omega:-24.58, omega_m:-9.20, u:0.00, theta1:18.117, theta2:5.475, e:-15.379
t:11.06, r:0.00, omega:-24.58, omega_m:-7.53, u:0.00, theta1:18.117, theta2:5.496, e:-17.046
t:11.07, r:0.00, omega:-24.58, omega_m:-6.16, u:0.00, theta1:18.117, theta2:5.519, e:-18.411
t:11.08, r:0.00, omega:-24.58, omega_m:-5.05, u:0.00, theta1:18.117, theta2:5.543, e:-19.529
t:11.09, r:0.00, omega:-24.58, omega_m:-4.13, u:0.00, theta1:18.117, theta2:5.568, e:-20.444
t:11.10, r:0.00, omega:-24.58, omega_m:-3.38, u:0.00, theta1:18.117, theta2:5.594, e:-21.193
t:11.11, r:0.00, omega:-24.58, omega_m:-2.77, u:0.00, theta1:18.117, theta2:5.621, e:-21.806
t:11.12, r:0.00, omega:-24.58, omega_m:-2.27, u:0.00, theta1:18.117, theta2:5.648, e:-22.308
t:11.13, r:0.00, omega:-24.58, omega_m:-1.86, u:0.00, theta1:18.117, theta2:5.676, e:-22.719
t:11.14, r:0.00, omega:-24.58, omega_m:-1.52, u:0.00, theta1:18.117, theta2:5.704, e:-23.056
t:11.15, r:0.00, omega:-24.58, omega_m:-1.24, u:0.00, theta1:18.117, theta2:5.733, e:-23.332
t:11.16, r:0.00, omega:-24.58, omega_m:-1.02, u:0.00, theta1:18.117, theta2:5.762, e:-23.557
t:11.17, r:0.00, omega:-24.58, omega_m:-0.83, u:0.00, theta1:18.117, theta2:5.791, e:-23.742
t:11.18, r:0.00, omega:-24.58, omega_m:-0.68, u:0.00, theta1:18.117, theta2:5.820, e:-23.893
t:11.19, r:0.00, omega:-24.58, omega_m:-0.56, u:0.00, theta1:18.117, theta2:5.850, e:-24.017
t:11.20, r:0.00, omega:-24.58, omega_m:-0.46, u:0.00, theta1:18.117, theta2:5.880, e:-24.118
t:11.21, r:0.00, omega:-24.58, omega_m:-0.37, u:0.00, theta1:18.117, theta2:5.909, e:-24.201
t:11.22, r:0.00, omega:-24.58, omega_m:-0.31, u:0.00, theta1:18.117, theta2:5.939, e:-24.269
t:11.23, r:0.00, omega:-24.58, omega_m:-0.25, u:0.00, theta1:18.117, theta2:5.969, e:-24.325
t:11.24, r:0.00, omega:-24.58, omega_m:-0.21, u:0.00, theta1:18.117, theta2:5.999, e:-24.371
t:11.25, r:0.00, omega:-24.58, omega_m:-0.17, u:0.00, theta1:18.117, theta2:6.029, e:-24.408
t:11.26, r:0.00, omega:-24.58, omega_m:-0.14, u:0.00, theta1:18.117, theta2:6.059, e:-24.438
t:11.27, r:0.00, omega:-24.58, omega_m:-0.11, u:0.00, theta1:18.117, theta2:6.089, e:-24.463
t:11.28, r:0.00, omega:-24.58, omega_m:-0.09, u:0.00, theta1:18.117, theta2:6.119, e:-24.484
t:11.29, r:0.00, omega:-24.58, omega_m:-0.08, u:0.00, theta1:18.117, theta2:6.149, e:-24.501
t:11.30, r:0.00, omega:-24.58, omega_m:-0.06, u:0.00, theta1:18.117, theta2:6.179, e:-24.514
t:11.31, r:0.00, omega:-24.58, omega_m:-0.05, u:0.00, theta1:18.117, theta2:6.210, e:-24.526
t:11.32, r:0.00, omega:-24.58, omega_m:-0.04, u:0.00, theta1:18.117, theta2:6.240, e:-24.535
t:11.33, r:0.00, omega:-24.58, omega_m:-0.03, u:0.00, theta1:18.117, theta2:6.270, e:-24.542
t:11.34, r:0.00, omega:-24.58, omega_m:-0.03, u:0.00, theta1:18.117, theta2:6.300, e:-24.548
t:11.35, r:0.00, omega:-24.58, omega_m:-0.02, u:0.00, theta1:18.117, theta2:6.330, e:-24.554
t:11.36, r:0.00, omega:-24.58, omega_m:-0.02, u:0.00, theta1:18.117, theta2:6.360, e:-24.558
t:11.37, r:0.00, omega:-24.58, omega_m:-0.02, u:0.00, theta1:18.117, theta2:6.391, e:-24.561
t:11.38, r:0.00, omega:-24.58, omega_m:-0.01, u:0.00, theta1:18.117, theta2:6.421, e:-24.564
t:11.39, r:0.00, omega:-24.58, omega_m:-0.01, u:0.00, theta1:18.117, theta2:6.451, e:-24.566
t:11.40, r:0.00, omega:-24.58, omega_m:-0.01, u:0.00, theta1:18.117, theta2:6.481, e:-24.568
t:11.41, r:0.00, omega:-24.58, omega_m:-0.01, u:0.00, theta1:18.117, theta2:6.511, e:-24.569
t:11.42, r:0.00, omega:-24.58, omega_m:-0.01, u:0.00, theta1:18.117, theta2:6.541, e:-24.571
t:11.43, r:0.00, omega:-24.58, omega_m:-0.00, u:0.00, theta1:18.117, theta2:6.572, e:-24.572
t:11.44, r:0.00, omega:-24.58, omega_m:-0.00, u:0.00, theta1:18.117, theta2:6.602, e:-24.573
t:11.45, r:0.00, omega:-24.58, omega_m:-0.00, u:0.00, theta1:18.117, theta2:6.632, e:-24.573
t:11.46, r:0.00, omega:-24.58, omega_m:-0.00, u:0.00, theta1:18.117, theta2:6.662, e:-24.574
t:11.47, r:0.00, omega:-24.58, omega_m:-0.00, u:0.00, theta1:18.117, theta2:6.692, e:-24.574
t:11.48, r:0.00, omega:-24.58, omega_m:-0.00, u:0.00, theta1:18.117, theta2:6.723, e:-24.575
t:11.49, r:0.00, omega:-24.58, omega_m:-0.00, u:0.00, theta1:18.117, theta2:6.753, e:-24.575
t:11.50, r:0.00, omega:-24.58, omega_m:-0.00, u:0.00, theta1:18.117, theta2:6.783, e:-24.575
t:11.51, r:0.00, omega:-24.58, omega_m:-0.00, u:0.00, theta1:18.117, theta2:6.813, e:-24.575
t:11.52, r:0.00, omega:0.00, omega_m:-0.00, u:0.00, theta1:18.117, theta2:6.813, e:0.001
t:11.53, r:0.00, omega:0.00, omega_m:-0.00, u:0.00, theta1:18.117, theta2:6.813, e:0.001
t:11.54, r:0.00, omega:0.00, omega_m:-0.00, u:0.00, theta1:18.117, theta2:6.813, e:0.001
t:11.55, r:0.00, omega:0.00, omega_m:-0.00, u:0.00, theta1:18.117, theta2:6.813, e:0.000
t:11.56, r:0.00, omega:0.00, omega_m:-0.00, u:0.00, theta1:18.117, theta2:6.813, e:0.000
t:11.57, r:0.00, omega:0.00, omega_m:-0.00, u:0.00, theta1:18.117, theta2:6.813, e:0.000
t:11.58, r:0.00, omega:0.00, omega_m:-0.00, u:0.00, theta1:18.117, theta2:6.813, e:0.000
t:11.59, r:0.00, omega:0.00, omega_m:-0.00, u:0.00, theta1:18.117, theta2:6.813, e:0.000
t:11.60, r:0.00, omega:0.00, omega_m:-0.00, u:0.00, theta1:18.117, theta2:6.813, e:0.000
t:11.61, r:0.00, omega:0.00, omega_m:-0.00, u:0.00, theta1:18.117, theta2:6.813, e:0.000
t:11.62, r:0.00, omega:0.00, omega_m:-0.00, u:0.00, theta1:18.117, theta2:6.813, e:0.000
t:11.63, r:0.00, omega:0.00, omega_m:-0.00, u:0.00, theta1:18.117, theta2:6.813, e:0.000
t:11.64, r:0.00, omega:0.00, omega_m:-0.00, u:0.00, theta1:18.117, theta2:6.813, e:0.000
t:11.65, r:0.00, omega:0.00, omega_m:-0.00, u:0.00, theta1:18.117, theta2:6.813, e:0.000
t:11.66, r:0.00, omega:0.00, omega_m:-0.00, u:0.00, theta1:18.117, theta2:6.813, e:0.000
t:11.67, r:0.00, omega:0.00, omega_m:-0.00, u:0.00, theta1:18.117, theta2:6.813, e:0.000
t:11.68, r:0.00, omega:0.00, omega_m:-0.00, u:0.00, theta1:18.117, theta2:6.813, e:0.000
t:11.69, r:0.00, omega:0.00, omega_m:-0.00, u:0.00, theta1:18.117, theta2:6.813, e:0.000
t:11.70, r:0.00, omega:0.00, omega_m:-0.00, u:0.00, theta1:18.117, theta2:6.813, e:0.000
t:11.71, r:0.00, omega:0.00, omega_m:-0.00, u:0.00, theta1:18.117, theta2:6.813, e:0.000
t:11.72, r:0.00, omega:0.00, omega_m:-0.00, u:0.00, theta1:18.117, theta2:6.813, e:0.000
t:11.73, r:0.00, omega:0.00, omega_m:-0.00, u:0.00, theta1:18.117, theta2:6.813, e:0.000
t:11.74, r:0.00, omega:0.00, omega_m:-0.00, u:0.00, theta1:18.117, theta2:6.813, e:0.000
t:11.75, r:0.00, omega:0.00, omega_m:-0.00, u:0.00, theta1:18.117, theta2:6.813, e:0.000
t:11.76, r:0.00, omega:0.00, omega_m:-0.00, u:0.00, theta1:18.117, theta2:6.813, e:0.000
t:11.77, r:0.00, omega:0.00, omega_m:-0.00, u:0.00, theta1:18.117, theta2:6.813, e:0.000
t:11.78, r:0.00, omega:0.00, omega_m:-0.00, u:0.00, theta1:18.117, theta2:6.813, e:0.000
t:11.79, r:0.00, omega:0.00, omega_m:-0.00, u:0.00, theta1:18.117, theta2:6.813, e:0.000
t:11.80, r:0.00, omega:0.00, omega_m:-0.00, u:0.00, theta1:18.117, theta2:6.813, e:0.000
t:11.81, r:0.00, omega:0.00, omega_m:-0.00, u:0.00, theta1:18.117, theta2:6.813, e:0.000
t:11.82, r:0.00, omega:0.00, omega_m:-0.00, u:0.00, theta1:18.117, theta2:6.813, e:0.000
t:11.83, r:0.00, omega:0.00, omega_m:-0.00, u:0.00, theta1:18.117, theta2:6.813, e:0.000
t:11.84, r:0.00, omega:0.00, omega_m:-0.00, u:0.00, theta1:18.117, theta2:6.813, e:0.000
t:11.85, r:0.00, omega:0.00, omega_m:-0.00, u:0.00, theta1:18.117, theta2:6.813, e:0.000
t:11.86, r:0.00, omega:0.00, omega_m:-0.00, u:0.00, theta1:18.117, theta2:6.813, e:0.000
t:11.87, r:0.00, omega:0.00, omega_m:-0.00, u:0.00, theta1:18.117, theta2:6.813, e:0.000
t:11.88, r:0.00, omega:0.00, omega_m:-0.00, u:0.00, theta1:18.117, theta2:6.813, e:0.000
t:11.89, r:0.00, omega:0.00, omega_m:-0.00, u:0.00, theta1:18.117, theta2:6.813, e:0.000
t:11.90, r:0.00, omega:0.00, omega_m:-0.00, u:0.00, theta1:18.117, theta2:6.813, e:0.000
t:11.91, r:0.00, omega:0.00, omega_m:-0.00, u:0.00, theta1:18.117, theta2:6.813, e:0.000
t:11.92, r:0.00, omega:0.00, omega_m:-0.00, u:0.00, theta1:18.117, theta2:6.813, e:0.000
t:11.93, r:0.00, omega:0.00, omega_m:-0.00, u:0.00, theta1:18.117, theta2:6.813, e:0.000
t:11.94, r:0.00, omega:0.00, omega_m:-0.00, u:0.00, theta1:18.117, theta2:6.813, e:0.000
t:11.95, r:0.00, omega:0.00, omega_m:-0.00, u:0.00, theta1:18.117, theta2:6.813, e:0.000
t:11.96, r:0.00, omega:0.00, omega_m:-0.00, u:0.00, theta1:18.117, theta2:6.813, e:0.000
t:11.97, r:0.00, omega:0.00, omega_m:-0.00, u:0.00, theta1:18.117, theta2:6.813, e:0.000
t:11.98, r:0.00, omega:0.00, omega_m:-0.00, u:0.00, theta1:18.117, theta2:6.813, e:0.000
t:11.99, r:0.00, omega:0.00, omega_m:-0.00, u:0.00, theta1:18.117, theta2:6.813, e:0.000
t:12.00, r:0.00, omega:0.00, omega_m:-0.00, u:0.00, theta1:18.117, theta2:6.813, e:0.000
t:12.01, r:25.00, omega:0.00, omega_m:4.53, u:453.06, theta1:18.123, theta2:6.813, e:-4.532
t:12.02, r:25.00, omega:0.00, omega_m:8.24, u:453.32, theta1:18.133, theta2:6.813, e:-8.242
t:12.03, r:25.00, omega:0.00, omega_m:11.28, u:453.67, theta1:18.147, theta2:6.813, e:-11.280
t:12.04, r:25.00, omega:0.51, omega_m:13.77, u:450.60, theta1:18.164, theta2:6.813, e:-13.255
t:12.05, r:25.00, omega:0.51, omega_m:15.80, u:451.08, theta1:18.183, theta2:6.813, e:-15.291
t:12.06, r:25.00, omega:23.96, omega_m:17.47, u:290.93, theta1:18.175, theta2:6.820, e:6.492
t:12.07, r:25.00, omega:23.96, omega_m:18.84, u:290.63, theta1:18.168, theta2:6.826, e:5.127
t:12.08, r:25.00, omega:27.45, omega_m:19.95, u:266.31, theta1:18.159, theta2:6.837, e:7.495
t:12.09, r:25.00, omega:27.45, omega_m:20.87, u:265.86, theta1:18.151, theta2:6.846, e:6.581
t:12.10, r:25.00, omega:23.33, omega_m:21.62, u:293.98, theta1:18.148, theta2:6.848, e:1.709
t:12.11, r:25.00, omega:23.33, omega_m:22.23, u:293.91, theta1:18.147, theta2:6.849, e:1.096
t:12.12, r:25.00, omega:23.33, omega_m:22.73, u:293.88, theta1:18.146, theta2:6.850, e:0.594
t:12.13, r:25.00, omega:20.25, omega_m:23.14, u:315.13, theta1:18.150, theta2:6.847, e:-2.898
t:12.14, r:25.00, omega:20.25, omega_m:23.48, u:315.30, theta1:18.154, theta2:6.844, e:-3.235
t:12.15, r:25.00, omega:20.25, omega_m:23.76, u:315.48, theta1:18.158, theta2:6.840, e:-3.510
t:12.16, r:25.00, omega:20.21, omega_m:23.98, u:315.89, theta1:18.163, theta2:6.836, e:-3.767
t:12.17, r:25.00, omega:20.21, omega_m:24.17, u:316.09, theta1:18.168, theta2:6.832, e:-3.952
t:12.18, r:25.00, omega:23.20, omega_m:24.32, u:295.78, theta1:18.169, theta2:6.831, e:-1.120
t:12.19, r:25.00, omega:23.20, omega_m:24.44, u:295.85, theta1:18.171, theta2:6.829, e:-1.244
t:12.20, r:25.00, omega:20.99, omega_m:24.54, u:311.13, theta1:18.175, theta2:6.826, e:-3.555
t:12.21, r:25.00, omega:20.99, omega_m:24.63, u:311.33, theta1:18.180, theta2:6.822, e:-3.638
t:12.22, r:25.00, omega:20.99, omega_m:24.69, u:311.53, theta1:18.185, theta2:6.818, e:-3.706
t:12.23, r:25.00, omega:20.83, omega_m:24.75, u:312.81, theta1:18.189, theta2:6.814, e:-3.920
t:12.24, r:25.00, omega:20.83, omega_m:24.79, u:313.02, theta1:18.194, theta2:6.810, e:-3.965
t:12.25, r:25.00, omega:21.85, omega_m:24.83, u:306.23, theta1:18.198, theta2:6.807, e:-2.981
t:12.26, r:25.00, omega:21.85, omega_m:24.86, u:306.39, theta1:18.202, theta2:6.803, e:-3.012
t:12.27, r:25.00, omega:21.85, omega_m:24.89, u:306.56, theta1:18.206, theta2:6.800, e:-3.037
t:12.28, r:25.00, omega:22.29, omega_m:24.91, u:303.70, theta1:18.209, theta2:6.797, e:-2.614
t:12.29, r:25.00, omega:22.29, omega_m:24.92, u:303.85, theta1:18.212, theta2:6.794, e:-2.631
t:12.30, r:25.00, omega:20.35, omega_m:24.94, u:317.26, theta1:18.218, theta2:6.789, e:-4.584
t:12.31, r:25.00, omega:20.35, omega_m:24.95, u:317.50, theta1:18.224, theta2:6.785, e:-4.596
t:12.32, r:25.00, omega:23.34, omega_m:24.96, u:297.32, theta1:18.226, theta2:6.783, e:-1.617
t:12.33, r:25.00, omega:23.34, omega_m:24.97, u:297.42, theta1:18.228, theta2:6.781, e:-1.624
t:12.34, r:25.00, omega:23.34, omega_m:24.97, u:297.51, theta1:18.230, theta2:6.779, e:-1.631
t:12.35, r:25.00, omega:21.22, omega_m:24.98, u:312.13, theta1:18.235, theta2:6.775, e:-3.762
t:12.36, r:25.00, omega:21.22, omega_m:24.98, u:312.33, theta1:18.239, theta2:6.771, e:-3.766
t:12.37, r:25.00, omega:20.30, omega_m:24.98, u:318.79, theta1:18.245, theta2:6.766, e:-4.688
t:12.38, r:25.00, omega:20.30, omega_m:24.99, u:319.04, theta1:18.251, theta2:6.762, e:-4.691
t:12.39, r:25.00, omega:20.30, omega_m:24.99, u:319.28, theta1:18.257, theta2:6.757, e:-4.693
t:12.40, r:25.00, omega:24.07, omega_m:24.99, u:293.81, theta1:18.258, theta2:6.756, e:-0.917
t:12.41, r:25.00, omega:24.07, omega_m:24.99, u:293.86, theta1:18.259, theta2:6.755, e:-0.919
t:12.42, r:25.00, omega:21.69, omega_m:24.99, u:310.13, theta1:18.263, theta2:6.751, e:-3.301
t:12.43, r:25.00, omega:21.69, omega_m:25.00, u:310.31, theta1:18.267, theta2:6.747, e:-3.302
t:12.44, r:25.00, omega:20.98, omega_m:25.00, u:315.31, theta1:18.272, theta2:6.743, e:-4.013
t:12.45, r:25.00, omega:20.98, omega_m:25.00, u:315.53, theta1:18.277, theta2:6.739, e:-4.014
t:12.46, r:25.00, omega:20.98, omega_m:25.00, u:315.74, theta1:18.282, theta2:6.735, e:-4.014
t:12.47, r:25.00, omega:20.92, omega_m:25.00, u:316.40, theta1:18.288, theta2:6.731, e:-4.081
t:12.48, r:25.00, omega:20.92, omega_m:25.00, u:316.62, theta1:18.293, theta2:6.726, e:-4.081
t:12.49, r:25.00, omega:23.38, omega_m:25.00, u:300.13, theta1:18.295, theta2:6.724, e:-1.615
t:12.50, r:25.00, omega:23.38, omega_m:25.00, u:300.22, theta1:18.297, theta2:6.722, e:-1.616
t:12.51, r:25.00, omega:23.38, omega_m:25.00, u:300.32, theta1:18.299, theta2:6.721, e:-1.616
t:12.52, r:25.00, omega:20.72, omega_m:25.00, u:318.44, theta1:18.304, theta2:6.716, e:-4.279
t:12.53, r:25.00, omega:20.72, omega_m:25.00, u:318.67, theta1:18.309, theta2:6.712, e:-4.279
t:12.54, r:25.00, omega:21.15, omega_m:25.00, u:316.02, theta1:18.314, theta2:6.708, e:-3.854
t:12.55, r:25.00, omega:21.15, omega_m:25.00, u:316.23, theta1:18.319, theta2:6.704, e:-3.854
t:12.56, r:25.00, omega:21.15, omega_m:25.00, u:316.43, theta1:18.324, theta2:6.699, e:-3.854
t:12.57, r:25.00, omega:22.89, omega_m:25.00, u:304.89, theta1:18.326, theta2:6.697, e:-2.113
t:12.58, r:25.00, omega:22.89, omega_m:25.00, u:305.01, theta1:18.329, theta2:6.695, e:-2.113
t:12.59, r:25.00, omega:22.30, omega_m:25.00, u:309.06, theta1:18.332, theta2:6.692, e:-2.696
t:12.60, r:25.00, omega:22.30, omega_m:25.00, u:309.22, theta1:18.336, theta2:6.689, e:-2.696
t:12.61, r:25.00, omega:21.37, omega_m:25.00, u:315.64, theta1:18.340, theta2:6.685, e:-3.628
t:12.62, r:25.00, omega:21.37, omega_m:25.00, u:315.84, theta1:18.345, theta2:6.681, e:-3.628
t:12.63, r:25.00, omega:21.37, omega_m:25.00, u:316.03, theta1:18.349, theta2:6.677, e:-3.628
t:12.64, r:25.00, omega:21.33, omega_m:25.00, u:316.55, theta1:18.354, theta2:6.673, e:-3.675
t:12.65, r:25.00, omega:21.33, omega_m:25.00, u:316.74, theta1:18.359, theta2:6.669, e:-3.675
t:12.66, r:25.00, omega:23.08, omega_m:25.00, u:305.16, theta1:18.361, theta2:6.667, e:-1.921
t:12.67, r:25.00, omega:23.08, omega_m:25.00, u:305.27, theta1:18.363, theta2:6.665, e:-1.921
t:12.68, r:25.00, omega:22.64, omega_m:25.00, u:308.32, theta1:18.366, theta2:6.662, e:-2.359
t:12.69, r:25.00, omega:22.64, omega_m:25.00, u:308.46, theta1:18.369, theta2:6.659, e:-2.359
t:12.70, r:25.00, omega:22.64, omega_m:25.00, u:308.59, theta1:18.372, theta2:6.657, e:-2.359
t:12.71, r:25.00, omega:21.08, omega_m:25.00, u:319.22, theta1:18.377, theta2:6.653, e:-3.924
t:12.72, r:25.00, omega:21.08, omega_m:25.00, u:319.43, theta1:18.382, theta2:6.648, e:-3.924
t:12.73, r:25.00, omega:21.40, omega_m:25.00, u:317.46, theta1:18.387, theta2:6.645, e:-3.598
t:12.74, r:25.00, omega:21.40, omega_m:25.00, u:317.65, theta1:18.391, theta2:6.641, e:-3.598
t:12.75, r:25.00, omega:21.40, omega_m:25.00, u:317.85, theta1:18.396, theta2:6.637, e:-3.598
t:12.76, r:25.00, omega:23.24, omega_m:25.00, u:305.78, theta1:18.398, theta2:6.635, e:-1.764
t:12.77, r:25.00, omega:23.24, omega_m:25.00, u:305.88, theta1:18.400, theta2:6.633, e:-1.764
t:12.78, r:25.00, omega:21.47, omega_m:25.00, u:317.79, theta1:18.404, theta2:6.629, e:-3.531
t:12.79, r:25.00, omega:21.47, omega_m:25.00, u:317.99, theta1:18.409, theta2:6.625, e:-3.531
t:12.80, r:25.00, omega:21.53, omega_m:25.00, u:317.80, theta1:18.413, theta2:6.621, e:-3.475
t:12.81, r:25.00, omega:21.53, omega_m:25.00, u:317.99, theta1:18.418, theta2:6.618, e:-3.475
t:12.82, r:25.00, omega:21.53, omega_m:25.00, u:318.18, theta1:18.422, theta2:6.614, e:-3.475
t:12.83, r:25.00, omega:21.68, omega_m:25.00, u:317.34, theta1:18.426, theta2:6.610, e:-3.321
t:12.84, r:25.00, omega:21.68, omega_m:25.00, u:317.52, theta1:18.430, theta2:6.607, e:-3.321
t:12.85, r:25.00, omega:23.09, omega_m:25.00, u:308.32, theta1:18.433, theta2:6.605, e:-1.911
t:12.86, r:25.00, omega:23.09, omega_m:25.00, u:308.43, theta1:18.435, theta2:6.602, e:-1.911
t:12.87, r:25.00, omega:23.03, omega_m:25.00, u:308.92, theta1:18.437, theta2:6.600, e:-1.968
t:12.88, r:25.00, omega:23.03, omega_m:25.00, u:309.04, theta1:18.440, theta2:6.598, e:-1.968
t:12.89, r:25.00, omega:23.03, omega_m:25.00, u:309.15, theta1:18.442, theta2:6.596, e:-1.968
t:12.90, r:25.00, omega:21.30, omega_m:25.00, u:320.76, theta1:18.447, theta2:6.592, e:-3.698
t:12.91, r:25.00, omega:21.30, omega_m:25.00, u:320.96, theta1:18.452, theta2:6.588, e:-3.698
t:12.92, r:25.00, omega:22.42, omega_m:25.00, u:313.72, theta1:18.455, theta2:6.585, e:-2.578
t:12.93, r:25.00, omega:22.42, omega_m:25.00, u:313.87, theta1:18.458, theta2:6.582, e:-2.578
t:12.94, r:25.00, omega:22.42, omega_m:25.00, u:314.02, theta1:18.461, theta2:6.579, e:-2.578
t:12.95, r:25.00, omega:22.20, omega_m:25.00, u:315.65, theta1:18.465, theta2:6.576, e:-2.803
t:12.96, r:25.00, omega:22.20, omega_m:25.00, u:315.81, theta1:18.468, theta2:6.573, e:-2.803
t:12.97, r:25.00, omega:22.01, omega_m:25.00, u:317.21, theta1:18.472, theta2:6.570, e:-2.991
t:12.98, r:25.00, omega:22.01, omega_m:25.00, u:317.38, theta1:18.476, theta2:6.566, e:-2.991
t:12.99, r:25.00, omega:22.44, omega_m:25.00, u:314.70, theta1:18.479, theta2:6.563, e:-2.562
t:13.00, r:25.00, omega:22.44, omega_m:25.00, u:314.85, theta1:18.482, theta2:6.560, e:-2.562
t:13.01, r:0.00, omega:22.44, omega_m:20.47, u:0.00, theta1:18.482, theta2:6.563, e:1.970
t:13.02, r:0.00, omega:21.39, omega_m:16.76, u:0.00, theta1:18.482, theta2:6.568, e:4.637
t:13.03, r:0.00, omega:21.39, omega_m:13.72, u:0.00, theta1:18.482, theta2:6.576, e:7.675
t:13.04, r:0.00, omega:21.39, omega_m:11.23, u:0.00, theta1:18.482, theta2:6.587, e:10.162
t:13.05, r:0.00, omega:21.39, omega_m:9.20, u:0.00, theta1:18.482, theta2:6.600, e:12.198
t:13.06, r:0.00, omega:21.39, omega_m:7.53, u:0.00, theta1:18.482, theta2:6.615, e:13.865
t:13.07, r:0.00, omega:21.39, omega_m:6.16, u:0.00, theta1:18.482, theta2:6.631, e:15.230
t:13.08, r:0.00, omega:21.39, omega_m:5.05, u:0.00, theta1:18.482, theta2:6.648, e:16.348
t:13.09, r:0.00, omega:21.39, omega_m:4.13, u:0.00, theta1:18.482, theta2:6.667, e:17.262
t:13.10, r:0.00, omega:21.39, omega_m:3.38, u:0.00, theta1:18.482, theta2:6.686, e:18.012
t:13.11, r:0.00, omega:21.39, omega_m:2.77, u:0.00, theta1:18.482, theta2:6.706, e:18.625
t:13.12, r:0.00, omega:21.39, omega_m:2.27, u:0.00, theta1:18.482, theta2:6.727, e:19.127
t:13.13, r:0.00, omega:21.39, omega_m:1.86, u:0.00, theta1:18.482, theta2:6.747, e:19.538
t:13.14, r:0.00, omega:21.39, omega_m:1.52, u:0.00, theta1:18.482, theta2:6.769, e:19.875
t:13.15, r:0.00, omega:21.39, omega_m:1.24, u:0.00, theta1:18.482, theta2:6.790, e:20.150
t:13.16, r:0.00, omega:21.39, omega_m:1.02, u:0.00, theta1:18.482, theta2:6.812, e:20.376
t:13.17, r:0.00, omega:21.39, omega_m:0.83, u:0.00, theta1:18.482, theta2:6.834, e:20.561
t:13.18, r:0.00, omega:21.39, omega_m:0.68, u:0.00, theta1:18.482, theta2:6.856, e:20.712
t:13.19, r:0.00, omega:21.39, omega_m:0.56, u:0.00, theta1:18.482, theta2:6.878, e:20.836
t:13.20, r:0.00, omega:21.39, omega_m:0.46, u:0.00, theta1:18.482, theta2:6.901, e:20.937
t:13.21, r:0.00, omega:21.39, omega_m:0.37, u:0.00, theta1:18.482, theta2:6.923, e:21.020
t:13.22, r:0.00, omega:21.39, omega_m:0.31, u:0.00, theta1:18.482, theta2:6.946, e:21.088
t:13.23, r:0.00, omega:21.39, omega_m:0.25, u:0.00, theta1:18.482, theta2:6.969, e:21.144
t:13.24, r:0.00, omega:21.39, omega_m:0.21, u:0.00, theta1:18.482, theta2:6.991, e:21.189
t:13.25, r:0.00, omega:21.39, omega_m:0.17, u:0.00, theta1:18.482, theta2:7.014, e:21.227
t:13.26, r:0.00, omega:21.39, omega_m:0.14, u:0.00, theta1:18.482, theta2:7.037, e:21.257
t:13.27, r:0.00, omega:21.39, omega_m:0.11, u:0.00, theta1:18.482, theta2:7.059, e:21.282
t:13.28, r:0.00, omega:21.39, omega_m:0.09, u:0.00, theta1:18.482, theta2:7.082, e:21.303
t:13.29, r:0.00, omega:21.39, omega_m:0.08, u:0.00, theta1:18.482, theta2:7.105, e:21.319
t:13.30, r:0.00, omega:21.39, omega_m:0.06, u:0.00, theta1:18.482, theta2:7.128, e:21.333
t:13.31, r:0.00, omega:21.39, omega_m:0.05, u:0.00, theta1:18.482, theta2:7.151, e:21.344
t:13.32, r:0.00, omega:21.39, omega_m:0.04, u:0.00, theta1:18.482, theta2:7.174, e:21.353
t:13.33, r:0.00, omega:21.39, omega_m:0.03, u:0.00, theta1:18.482, theta2:7.196, e:21.361
t:13.34, r:0.00, omega:21.39, omega_m:0.03, u:0.00, theta1:18.482, theta2:7.219, e:21.367
t:13.35, r:0.00, omega:21.39, omega_m:0.02, u:0.00, theta1:18.482, theta2:7.242, e:21.372
t:13.36, r:0.00, omega:21.39, omega_m:0.02, u:0.00, theta1:18.482, theta2:7.265, e:21.376
t:13.37, r:0.00, omega:21.39, omega_m:0.02, u:0.00, theta1:18.482, theta2:7.288, e:21.380
t:13.38, r:0.00, omega:21.39, omega_m:0.01, u:0.00, theta1:18.482, theta2:7.311, e:21.382
t:13.39, r:0.00, omega:21.39, omega_m:0.01, u:0.00, theta1:18.482, theta2:7.334, e:21.385
t:13.40, r:0.00, omega:21.39, omega_m:0.01, u:0.00, theta1:18.482, theta2:7.356, e:21.387
t:13.41, r:0.00, omega:21.39, omega_m:0.01, u:0.00, theta1:18.482, theta2:7.379, e:21.388
t:13.42, r:0.00, omega:21.39, omega_m:0.01, u:0.00, theta1:18.482, theta2:7.402, e:21.389
t:13.43, r:0.00, omega:21.39, omega_m:0.00, u:0.00, theta1:18.482, theta2:7.425, e:21.390
t:13.44, r:0.00, omega:21.39, omega_m:0.00, u:0.00, theta1:18.482, theta2:7.448, e:21.391
t:13.45, r:0.00, omega:21.39, omega_m:0.00, u:0.00, theta1:18.482, theta2:7.471, e:21.392
t:13.46, r:0.00, omega:21.39, omega_m:0.00, u:0.00, theta1:18.482, theta2:7.494, e:21.392
t:13.47, r:0.00, omega:21.39, omega_m:0.00, u:0.00, theta1:18.482, theta2:7.517, e:21.393
t:13.48, r:0.00, omega:21.39, omega_m:0.00, u:0.00, theta1:18.482, theta2:7.540, e:21.393
t:13.49, r:0.00, omega:21.39, omega_m:0.00, u:0.00, theta1:18.482, theta2:7.562, e:21.394
t:13.50, r:0.00, omega:21.39, omega_m:0.00, u:0.00, theta1:18.482, theta2:7.585, e:21.394
t:13.51, r:0.00, omega:21.39, omega_m:0.00, u:0.00, theta1:18.482, theta2:7.608, e:21.394
t:13.52, r:0.00, omega:0.00, omega_m:0.00, u:0.00, theta1:18.482, theta2:7.608, e:-0.001
t:13.53, r:0.00, omega:0.00, omega_m:0.00, u:0.00, theta1:18.482, theta2:7.608, e:-0.001
t:13.54, r:0.00, omega:0.00, omega_m:0.00, u:0.00, theta1:18.482, theta2:7.608, e:-0.001
t:13.55, r:0.00, omega:0.00, omega_m:0.00, u:0.00, theta1:18.482, theta2:7.608, e:-0.000
t:13.56, r:0.00, omega:0.00, omega_m:0.00, u:0.00, theta1:18.482, theta2:7.608, e:-0.000
t:13.57, r:0.00, omega:0.00, omega_m:0.00, u:0.00, theta1:18.482, theta2:7.608, e:-0.000
t:13.58, r:0.00, omega:0.00, omega_m:0.00, u:0.00, theta1:18.482, theta2:7.608, e:-0.000
t:13.59, r:0.00, omega:0.00, omega_m:0.00, u:0.00, theta1:18.482, theta2:7.608, e:-0.000
t:13.60, r:0.00, omega:0.00, omega_m:0.00, u:0.00, theta1:18.482, theta2:7.608, e:-0.000
t:13.61, r:0.00, omega:0.00, omega_m:0.00, u:0.00, theta1:18.482, theta2:7.608, e:-0.000
t:13.62, r:0.00, omega:0.00, omega_m:0.00, u:0.00, theta1:18.482, theta2:7.608, e:-0.000
t:13.63, r:0.00, omega:0.00, omega_m:0.00, u:0.00, theta1:18.482, theta2:7.608, e:-0.000
t:13.64, r:0.00, omega:0.00, omega_m:0.00, u:0.00, theta1:18.482, theta2:7.608, e:-0.000
t:13.65, r:0.00, omega:0.00, omega_m:0.00, u:0.00, theta1:18.482, theta2:7.608, e:-0.000
t:13.66, r:0.00, omega:0.00, omega_m:0.00, u:0.00, theta1:18.482, theta2:7.608, e:-0.000
t:13.67, r:0.00, omega:0.00, omega_m:0.00, u:0.00, theta1:18.482, theta2:7.608, e:-0.000
t:13.68, r:0.00, omega:0.00, omega_m:0.00, u:0.00, theta1:18.482, theta2:7.608, e:-0.000
t:13.69, r:0.00, omega:0.00, omega_m:0.00, u:0.00, theta1:18.482, theta2:7.608, e:-0.000
t:13.70, r:0.00, omega:0.00, omega_m:0.00, u:0.00, theta1:18.482, theta2:7.608, e:-0.000
t:13.71, r:0.00, omega:0.00, omega_m:0.00, u:0.00, theta1:18.482, theta2:7.608, e:-0.000
t:13.72, r:0.00, omega:0.00, omega_m:0.00, u:0.00, theta1:18.482, theta2:7.608, e:-0.000
t:13.73, r:0.00, omega:0.00, omega_m:0.00, u:0.00, theta1:18.482, theta2:7.608, e:-0.000
t:13.74, r:0.00, omega:0.00, omega_m:0.00, u:0.00, theta1:18.482, theta2:7.608, e:-0.000
t:13.75, r:0.00, omega:0.00, omega_m:0.00, u:0.00, theta1:18.482, theta2:7.608, e:-0.000
t:13.76, r:0.00, omega:0.00, omega_m:0.00, u:0.00, theta1:18.482, theta2:7.608, e:-0.000
t:13.77, r:0.00, omega:0.00, omega_m:0.00, u:0.00, theta1:18.482, theta2:7.608, e:-0.000
t:13.78, r:0.00, omega:0.00, omega_m:0.00, u:0.00, theta1:18.482, theta2:7.608, e:-0.000
t:13.79, r:0.00, omega:0.00, omega_m:0.00, u:0.00, theta1:18.482, theta2:7.608, e:-0.000
t:13.80, r:0.00, omega:0.00, omega_m:0.00, u:0.00, theta1:18.482, theta2:7.608, e:-0.000
t:13.81, r:0.00, omega:0.00, omega_m:0.00, u:0.00, theta1:18.482, theta2:7.608, e:-0.000
t:13.82, r:0.00, omega:0.00, omega_m:0.00, u:0.00, theta1:18.482, theta2:7.608, e:-0.000
t:13.83, r:0.00, omega:0.00, omega_m:0.00, u:0.00, theta1:18.482, theta2:7.608, e:-0.000
t:13.84, r:0.00, omega:0.00, omega_m:0.00, u:0.00, theta1:18.482, theta2:7.608, e:-0.000
t:13.85, r:0.00, omega:0.00, omega_m:0.00, u:0.00, theta1:18.482, theta2:7.608, e:-0.000
t:13.86, r:0.00, omega:0.00, omega_m:0.00, u:0.00, theta1:18.482, theta2:7.608, e:-0.000
t:13.87, r:0.00, omega:0.00, omega_m:0.00, u:0.00, theta1:18.482, theta2:7.608, e:-0.000
t:13.88, r:0.00, omega:0.00, omega_m:0.00, u:0.00, theta1:18.482, theta2:7.608, e:-0.000
t:13.89, r:0.00, omega:0.00, omega_m:0.00, u:0.00, theta1:18.482, theta2:7.608, e:-0.000
t:13.90, r:0.00, omega:0.00, omega_m:0.00, u:0.00, theta1:18.482, theta2:7.608, e:-0.000
t:13.91, r:0.00, omega:0.00, omega_m:0.00, u:0.00, theta1:18.482, theta2:7.608, e:-0.000
t:13.92, r:0.00, omega:0.00, omega_m:0.00, u:0.00, theta1:18.482, theta2:7.608, e:-0.000
t:13.93, r:0.00, omega:0.00, omega_m:0.00, u:0.00, theta1:18.482, theta2:7.608, e:-0.000
t:13.94, r:0.00, omega:0.00, omega_m:0.00, u:0.00, theta1:18.482, theta2:7.608, e:-0.000
t:13.95, r:0.00, omega:0.00, omega_m:0.00, u:0.00, theta1:18.482, theta2:7.608, e:-0.000
t:13.96, r:0.00, omega:0.00, omega_m:0.00, u:0.00, theta1:18.482, theta2:7.608, e:-0.000
t:13.97, r:0.00, omega:0.00, omega_m:0.00, u:0.00, theta1:18.482, theta2:7.608, e:-0.000
t:13.98, r:0.00, omega:0.00, omega_m:0.00, u:0.00, theta1:18.482, theta2:7.608, e:-0.000
t:13.99, r:0.00, omega:0.00, omega_m:0.00, u:0.00, theta1:18.482, theta2:7.608, e:-0.000
t:14.00, r:0.00, omega:0.00, omega_m:0.00, u:0.00, theta1:18.482, theta2:7.608, e:-0.000
t:14.01, r:-25.00, omega:0.00, omega_m:-4.53, u:-462.19, theta1:18.488, theta2:7.608, e:4.532
t:14.02, r:-25.00, omega:0.00, omega_m:-8.24, u:-462.45, theta1:18.498, theta2:7.608, e:8.242
t:14.03, r:-25.00, omega:0.00, omega_m:-11.28, u:-462.80, theta1:18.512, theta2:7.608, e:11.280
t:14.04, r:-25.00, omega:-0.51, omega_m:-13.77, u:-459.31, theta1:18.529, theta2:7.608, e:13.253
t:14.05, r:-25.00, omega:-0.51, omega_m:-15.80, u:-459.79, theta1:18.548, theta2:7.607, e:15.289
t:14.06, r:-25.00, omega:-22.86, omega_m:-17.47, u:-289.48, theta1:18.541, theta2:7.614, e:-5.390
t:14.07, r:-25.00, omega:-22.86, omega_m:-18.84, u:-289.25, theta1:18.536, theta2:7.618, e:-4.026
t:14.08, r:-25.00, omega:-28.90, omega_m:-19.95, u:-242.59, theta1:18.525, theta2:7.631, e:-8.947
t:14.09, r:-25.00, omega:-28.90, omega_m:-20.87, u:-242.00, theta1:18.515, theta2:7.643, e:-8.032
t:14.10, r:-25.00, omega:-24.53, omega_m:-21.62, u:-275.21, theta1:18.511, theta2:7.646, e:-2.914
t:14.11, r:-25.00, omega:-24.53, omega_m:-22.23, u:-275.07, theta1:18.508, theta2:7.649, e:-2.300
t:14.12, r:-25.00, omega:-21.37, omega_m:-22.73, u:-299.32, theta1:18.510, theta2:7.648, e:1.362
t:14.13, r:-25.00, omega:-21.37, omega_m:-23.14, u:-299.41, theta1:18.512, theta2:7.646, e:1.773
t:14.14, r:-25.00, omega:-21.37, omega_m:-23.48, u:-299.53, theta1:18.515, theta2:7.644, e:2.109
t:14.15, r:-25.00, omega:-19.24, omega_m:-23.76, u:-316.07, theta1:18.521, theta2:7.639, e:4.520
t:14.16, r:-25.00, omega:-19.24, omega_m:-23.98, u:-316.30, theta1:18.526, theta2:7.635, e:4.745
t:14.17, r:-25.00, omega:-21.85, omega_m:-24.17, u:-296.46, theta1:18.529, theta2:7.632, e:2.314
t:14.18, r:-25.00, omega:-21.85, omega_m:-24.32, u:-296.60, theta1:18.532, theta2:7.629, e:2.466
t:14.19, r:-25.00, omega:-21.85, omega_m:-24.44, u:-296.74, theta1:18.536, theta2:7.627, e:2.590
t:14.20, r:-25.00, omega:-21.61, omega_m:-24.54, u:-298.71, theta1:18.539, theta2:7.623, e:2.928
t:14.21, r:-25.00, omega:-21.61, omega_m:-24.63, u:-298.88, theta1:18.543, theta2:7.620, e:3.011
t:14.22, r:-25.00, omega:-20.78, omega_m:-24.69, u:-305.41, theta1:18.548, theta2:7.616, e:3.909
t:14.23, r:-25.00, omega:-20.78, omega_m:-24.75, u:-305.61, theta1:18.553, theta2:7.612, e:3.964
t:14.24, r:-25.00, omega:-20.78, omega_m:-24.79, u:-305.83, theta1:18.558, theta2:7.608, e:4.010
t:14.25, r:-25.00, omega:-20.87, omega_m:-24.83, u:-305.39, theta1:18.563, theta2:7.604, e:3.963
t:14.26, r:-25.00, omega:-20.87, omega_m:-24.86, u:-305.61, theta1:18.568, theta2:7.599, e:3.993
t:14.27, r:-25.00, omega:-21.60, omega_m:-24.89, u:-300.21, theta1:18.572, theta2:7.596, e:3.285
t:14.28, r:-25.00, omega:-21.60, omega_m:-24.91, u:-300.39, theta1:18.576, theta2:7.592, e:3.305
t:14.29, r:-25.00, omega:-21.60, omega_m:-24.92, u:-300.57, theta1:18.580, theta2:7.589, e:3.322
t:14.30, r:-25.00, omega:-21.59, omega_m:-24.94, u:-300.86, theta1:18.584, theta2:7.585, e:3.349
t:14.31, r:-25.00, omega:-21.59, omega_m:-24.95, u:-301.04, theta1:18.589, theta2:7.582, e:3.360
t:14.32, r:-25.00, omega:-22.27, omega_m:-24.96, u:-296.06, theta1:18.592, theta2:7.579, e:2.693
t:14.33, r:-25.00, omega:-22.27, omega_m:-24.97, u:-296.21, theta1:18.595, theta2:7.576, e:2.700
t:14.34, r:-25.00, omega:-22.18, omega_m:-24.97, u:-297.02, theta1:18.599, theta2:7.572, e:2.792
t:14.35, r:-25.00, omega:-22.18, omega_m:-24.98, u:-297.17, theta1:18.602, theta2:7.569, e:2.797
t:14.36, r:-25.00, omega:-22.18, omega_m:-24.98, u:-297.33, theta1:18.606, theta2:7.566, e:2.802
t:14.37, r:-25.00, omega:-20.65, omega_m:-24.98, u:-309.10, theta1:18.611, theta2:7.562, e:4.331
t:14.38, r:-25.00, omega:-20.65, omega_m:-24.99, u:-309.33, theta1:18.617, theta2:7.557, e:4.334
t:14.39, r:-25.00, omega:-21.30, omega_m:-24.99, u:-304.64, theta1:18.621, theta2:7.553, e:3.689
t:14.40, r:-25.00, omega:-21.30, omega_m:-24.99, u:-304.84, theta1:18.626, theta2:7.549, e:3.691
t:14.41, r:-25.00, omega:-21.30, omega_m:-24.99, u:-305.04, theta1:18.631, theta2:7.545, e:3.692
t:14.42, r:-25.00, omega:-22.24, omega_m:-24.99, u:-298.09, theta1:18.634, theta2:7.542, e:2.751
t:14.43, r:-25.00, omega:-22.24, omega_m:-25.00, u:-298.24, theta1:18.637, theta2:7.539, e:2.752
t:14.44, r:-25.00, omega:-22.12, omega_m:-25.00, u:-299.35, theta1:18.641, theta2:7.536, e:2.879
t:14.45, r:-25.00, omega:-22.12, omega_m:-25.00, u:-299.51, theta1:18.645, theta2:7.533, e:2.880
t:14.46, r:-25.00, omega:-22.12, omega_m:-25.00, u:-299.67, theta1:18.648, theta2:7.530, e:2.880
t:14.47, r:-25.00, omega:-21.70, omega_m:-25.00, u:-302.98, theta1:18.652, theta2:7.526, e:3.296
t:14.48, r:-25.00, omega:-21.70, omega_m:-25.00, u:-303.16, theta1:18.657, theta2:7.523, e:3.297
t:14.49, r:-25.00, omega:-21.59, omega_m:-25.00, u:-304.21, theta1:18.661, theta2:7.519, e:3.412
t:14.50, r:-25.00, omega:-21.59, omega_m:-25.00, u:-304.40, theta1:18.665, theta2:7.515, e:3.413
t:14.51, r:-25.00, omega:-21.59, omega_m:-25.00, u:-304.58, theta1:18.669, theta2:7.512, e:3.413
t:14.52, r:-25.00, omega:-21.16, omega_m:-25.00, u:-308.02, theta1:18.674, theta2:7.508, e:3.843
t:14.53, r:-25.00, omega:-21.16, omega_m:-25.00, u:-308.23, theta1:18.679, theta2:7.503, e:3.843
t:14.54, r:-25.00, omega:-21.64, omega_m:-25.00, u:-304.78, theta1:18.683, theta2:7.500, e:3.360
t:14.55, r:-25.00, omega:-21.64, omega_m:-25.00, u:-304.97, theta1:18.687, theta2:7.496, e:3.360
t:14.56, r:-25.00, omega:-22.69, omega_m:-25.00, u:-297.25, theta1:18.690, theta2:7.494, e:2.312
t:14.57, r:-25.00, omega:-22.69, omega_m:-25.00, u:-297.38, theta1:18.693, theta2:7.491, e:2.312
t:14.58, r:-25.00, omega:-22.69, omega_m:-25.00, u:-297.51, theta1:18.696, theta2:7.488, e:2.313
t:14.59, r:-25.00, omega:-21.22, omega_m:-25.00, u:-308.71, theta1:18.701, theta2:7.484, e:3.781
t:14.60, r:-25.00, omega:-21.22, omega_m:-25.00, u:-308.91, theta1:18.705, theta2:7.480, e:3.781
t:14.61, r:-25.00, omega:-20.95, omega_m:-25.00, u:-311.11, theta1:18.710, theta2:7.476, e:4.046
t:14.62, r:-25.00, omega:-20.95, omega_m:-25.00, u:-311.32, theta1:18.716, theta2:7.472, e:4.046
t:14.63, r:-25.00, omega:-20.95, omega_m:-25.00, u:-311.54, theta1:18.721, theta2:7.468, e:4.046
t:14.64, r:-25.00, omega:-22.33, omega_m:-25.00, u:-301.42, theta1:18.724, theta2:7.465, e:2.671
t:14.65, r:-25.00, omega:-22.33, omega_m:-25.00, u:-301.57, theta1:18.727, theta2:7.462, e:2.671
t:14.66, r:-25.00, omega:-22.07, omega_m:-25.00, u:-303.70, theta1:18.731, theta2:7.458, e:2.934
t:14.67, r:-25.00, omega:-22.07, omega_m:-25.00, u:-303.86, theta1:18.735, theta2:7.455, e:2.934
t:14.68, r:-25.00, omega:-22.01, omega_m:-25.00, u:-304.44, theta1:18.738, theta2:7.452, e:2.989
t:14.69, r:-25.00, omega:-22.01, omega_m:-25.00, u:-304.60, theta1:18.742, theta2:7.449, e:2.989
t:14.70, r:-25.00, omega:-22.01, omega_m:-25.00, u:-304.77, theta1:18.746, theta2:7.445, e:2.989
t:14.71, r:-25.00, omega:-21.72, omega_m:-25.00, u:-307.09, theta1:18.750, theta2:7.442, e:3.277
t:14.72, r:-25.00, omega:-21.72, omega_m:-25.00, u:-307.27, theta1:18.754, theta2:7.438, e:3.277
t:14.73, r:-25.00, omega:-21.59, omega_m:-25.00, u:-308.42, theta1:18.758, theta2:7.434, e:3.407
t:14.74, r:-25.00, omega:-21.59, omega_m:-25.00, u:-308.61, theta1:18.763, theta2:7.431, e:3.407
t:14.75, r:-25.00, omega:-21.59, omega_m:-25.00, u:-308.79, theta1:18.767, theta2:7.427, e:3.407
t:14.76, r:-25.00, omega:-22.10, omega_m:-25.00, u:-305.20, theta1:18.770, theta2:7.424, e:2.901
t:14.77, r:-25.00, omega:-22.10, omega_m:-25.00, u:-305.36, theta1:18.774, theta2:7.421, e:2.901
t:14.78, r:-25.00, omega:-22.90, omega_m:-25.00, u:-299.51, theta1:18.777, theta2:7.418, e:2.096
t:14.79, r:-25.00, omega:-22.90, omega_m:-25.00, u:-299.63, theta1:18.779, theta2:7.416, e:2.096
t:14.80, r:-25.00, omega:-22.35, omega_m:-25.00, u:-303.86, theta1:18.783, theta2:7.413, e:2.646
t:14.81, r:-25.00, omega:-22.35, omega_m:-25.00, u:-304.00, theta1:18.786, theta2:7.410, e:2.646
t:14.82, r:-25.00, omega:-22.35, omega_m:-25.00, u:-304.15, theta1:18.789, theta2:7.407, e:2.646
t:14.83, r:-25.00, omega:-20.34, omega_m:-25.00, u:-319.28, theta1:18.795, theta2:7.402, e:4.655
t:14.84, r:-25.00, omega:-20.34, omega_m:-25.00, u:-319.52, theta1:18.801, theta2:7.398, e:4.655
t:14.85, r:-25.00, omega:-22.73, omega_m:-25.00, u:-301.99, theta1:18.804, theta2:7.395, e:2.268
t:14.86, r:-25.00, omega:-22.73, omega_m:-25.00, u:-302.12, theta1:18.807, theta2:7.392, e:2.268
t:14.87, r:-25.00, omega:-22.42, omega_m:-25.00, u:-304.60, theta1:18.810, theta2:7.390, e:2.584
t:14.88, r:-25.00, omega:-22.42, omega_m:-25.00, u:-304.74, theta1:18.813, theta2:7.387, e:2.584
t:14.89, r:-25.00, omega:-22.42, omega_m:-25.00, u:-304.89, theta1:18.816, theta2:7.384, e:2.584
t:14.90, r:-25.00, omega:-21.58, omega_m:-25.00, u:-311.28, theta1:18.820, theta2:7.380, e:3.423
t:14.91, r:-25.00, omega:-21.58, omega_m:-25.00, u:-311.46, theta1:18.825, theta2:7.376, e:3.423
t:14.92, r:-25.00, omega:-21.24, omega_m:-25.00, u:-314.18, theta1:18.829, theta2:7.372, e:3.764
t:14.93, r:-25.00, omega:-21.24, omega_m:-25.00, u:-314.38, theta1:18.834, theta2:7.368, e:3.764
t:14.94, r:-25.00, omega:-21.24, omega_m:-25.00, u:-314.58, theta1:18.839, theta2:7.364, e:3.764
t:14.95, r:-25.00, omega:-22.08, omega_m:-25.00, u:-308.57, theta1:18.843, theta2:7.361, e:2.925
t:14.96, r:-25.00, omega:-22.08, omega_m:-25.00, u:-308.73, theta1:18.846, theta2:7.358, e:2.925
t:14.97, r:-25.00, omega:-22.16, omega_m:-25.00, u:-308.29, theta1:18.850, theta2:7.355, e:2.844
t:14.98, r:-25.00, omega:-22.16, omega_m:-25.00, u:-308.45, theta1:18.853, theta2:7.352, e:2.844
t:14.99, r:-25.00, omega:-23.11, omega_m:-25.00, u:-301.58, theta1:18.856, theta2:7.349, e:1.894
t:15.00, r:-25.00, omega:-23.11, omega_m:-25.00, u:-301.69, theta1:18.858, theta2:7.347, e:1.894
t:15.01, r:0.00, omega:-23.11, omega_m:-20.47, u:0.00, theta1:18.858, theta2:7.350, e:-2.637
t:15.02, r:0.00, omega:-23.03, omega_m:-16.76, u:0.00, theta1:18.858, theta2:7.358, e:-6.273
t:15.03, r:0.00, omega:-23.03, omega_m:-13.72, u:0.00, theta1:18.858, theta2:7.368, e:-9.310
t:15.04, r:0.00, omega:-23.03, omega_m:-11.23, u:0.00, theta1:18.858, theta2:7.382, e:-11.797
t:15.05, r:0.00, omega:-23.03, omega_m:-9.20, u:0.00, theta1:18.858, theta2:7.398, e:-13.834
t:15.06, r:0.00, omega:-23.03, omega_m:-7.53, u:0.00, theta1:18.858, theta2:7.416, e:-15.501
t:15.07, r:0.00, omega:-23.03, omega_m:-6.16, u:0.00, theta1:18.858, theta2:7.435, e:-16.866
t:15.08, r:0.00, omega:-23.03, omega_m:-5.05, u:0.00, theta1:18.858, theta2:7.456, e:-17.983
t:15.09, r:0.00, omega:-23.03, omega_m:-4.13, u:0.00, theta1:18.858, theta2:7.477, e:-18.898
t:15.10, r:0.00, omega:-23.03, omega_m:-3.38, u:0.00, theta1:18.858, theta2:7.500, e:-19.647
t:15.11, r:0.00, omega:-23.03, omega_m:-2.77, u:0.00, theta1:18.858, theta2:7.523, e:-20.260
t:15.12, r:0.00, omega:-23.03, omega_m:-2.27, u:0.00, theta1:18.858, theta2:7.547, e:-20.763
t:15.13, r:0.00, omega:-23.03, omega_m:-1.86, u:0.00, theta1:18.858, theta2:7.572, e:-21.174
t:15.14, r:0.00, omega:-23.03, omega_m:-1.52, u:0.00, theta1:18.858, theta2:7.596, e:-21.510
t:15.15, r:0.00, omega:-23.03, omega_m:-1.24, u:0.00, theta1:18.858, theta2:7.622, e:-21.786
t:15.16, r:0.00, omega:-23.03, omega_m:-1.02, u:0.00, theta1:18.858, theta2:7.647, e:-22.011
t:15.17, r:0.00, omega:-23.03, omega_m:-0.83, u:0.00, theta1:18.858, theta2:7.672, e:-22.196
t:15.18, r:0.00, omega:-23.03, omega_m:-0.68, u:0.00, theta1:18.858, theta2:7.698, e:-22.347
t:15.19, r:0.00, omega:-23.03, omega_m:-0.56, u:0.00, theta1:18.858, theta2:7.724, e:-22.471
t:15.20, r:0.00, omega:-23.03, omega_m:-0.46, u:0.00, theta1:18.858, theta2:7.750, e:-22.573
t:15.21, r:0.00, omega:-23.03, omega_m:-0.37, u:0.00, theta1:18.858, theta2:7.776, e:-22.656
t:15.22, r:0.00, omega:-23.03, omega_m:-0.31, u:0.00, theta1:18.858, theta2:7.802, e:-22.724
t:15.23, r:0.00, omega:-23.03, omega_m:-0.25, u:0.00, theta1:18.858, theta2:7.829, e:-22.779
t:15.24, r:0.00, omega:-23.03, omega_m:-0.21, u:0.00, theta1:18.858, theta2:7.855, e:-22.825
t:15.25, r:0.00, omega:-23.03, omega_m:-0.17, u:0.00, theta1:18.858, theta2:7.881, e:-22.862
t:15.26, r:0.00, omega:-23.03, omega_m:-0.14, u:0.00, theta1:18.858, theta2:7.908, e:-22.893
t:15.27, r:0.00, omega:-23.03, omega_m:-0.11, u:0.00, theta1:18.858, theta2:7.934, e:-22.918
t:15.28, r:0.00, omega:-23.03, omega_m:-0.09, u:0.00, theta1:18.858, theta2:7.960, e:-22.938
t:15.29, r:0.00, omega:-23.03, omega_m:-0.08, u:0.00, theta1:18.858, theta2:7.987, e:-22.955
t:15.30, r:0.00, omega:-23.03, omega_m:-0.06, u:0.00, theta1:18.858, theta2:8.013, e:-22.969
t:15.31, r:0.00, omega:-23.03, omega_m:-0.05, u:0.00, theta1:18.858, theta2:8.040, e:-22.980
t:15.32, r:0.00, omega:-23.03, omega_m:-0.04, u:0.00, theta1:18.858, theta2:8.066, e:-22.989
t:15.33, r:0.00, omega:-23.03, omega_m:-0.03, u:0.00, theta1:18.858, theta2:8.093, e:-22.997
t:15.34, r:0.00, omega:-23.03, omega_m:-0.03, u:0.00, theta1:18.858, theta2:8.119, e:-23.003
t:15.35, r:0.00, omega:-23.03, omega_m:-0.02, u:0.00, theta1:18.858, theta2:8.146, e:-23.008
t:15.36, r:0.00, omega:-23.03, omega_m:-0.02, u:0.00, theta1:18.858, theta2:8.172, e:-23.012
t:15.37, r:0.00, omega:-23.03, omega_m:-0.02, u:0.00, theta1:18.858, theta2:8.199, e:-23.015
t:15.38, r:0.00, omega:-23.03, omega_m:-0.01, u:0.00, theta1:18.858, theta2:8.225, e:-23.018
t:15.39, r:0.00, omega:-23.03, omega_m:-0.01, u:0.00, theta1:18.858, theta2:8.252, e:-23.020
t:15.40, r:0.00, omega:-23.03, omega_m:-0.01, u:0.00, theta1:18.858, theta2:8.278, e:-23.022
t:15.41, r:0.00, omega:-23.03, omega_m:-0.01, u:0.00, theta1:18.858, theta2:8.305, e:-23.024
t:15.42, r:0.00, omega:-23.03, omega_m:-0.01, u:0.00, theta1:18.858, theta2:8.331, e:-23.025
t:15.43, r:0.00, omega:-23.03, omega_m:-0.00, u:0.00, theta1:18.858, theta2:8.358, e:-23.026
t:15.44, r:0.00, omega:-23.03, omega_m:-0.00, u:0.00, theta1:18.858, theta2:8.384, e:-23.027
t:15.45, r:0.00, omega:-23.03, omega_m:-0.00, u:0.00, theta1:18.858, theta2:8.411, e:-23.027
t:15.46, r:0.00, omega:-23.03, omega_m:-0.00, u:0.00, theta1:18.858, theta2:8.437, e:-23.028
t:15.47, r:0.00, omega:-23.03, omega_m:-0.00, u:0.00, theta1:18.858, theta2:8.464, e:-23.028
t:15.48, r:0.00, omega:-23.03, omega_m:-0.00, u:0.00, theta1:18.858, theta2:8.490, e:-23.029
t:15.49, r:0.00, omega:-23.03, omega_m:-0.00, u:0.00, theta1:18.858, theta2:8.517, e:-23.029
t:15.50, r:0.00, omega:-23.03, omega_m:-0.00, u:0.00, theta1:18.858, theta2:8.543, e:-23.029
t:15.51, r:0.00, omega:-23.03, omega_m:-0.00, u:0.00, theta1:18.858, theta2:8.570, e:-23.030
t:15.52, r:0.00, omega:0.00, omega_m:-0.00, u:0.00, theta1:18.858, theta2:8.570, e:0.001
t:15.53, r:0.00, omega:0.00, omega_m:-0.00, u:0.00, theta1:18.858, theta2:8.570, e:0.001
t:15.54, r:0.00, omega:0.00, omega_m:-0.00, u:0.00, theta1:18.858, theta2:8.570, e:0.001
t:15.55, r:0.00, omega:0.00, omega_m:-0.00, u:0.00, theta1:18.858, theta2:8.570, e:0.000
t:15.56, r:0.00, omega:0.00, omega_m:-0.00, u:0.00, theta1:18.858, theta2:8.570, e:0.000
t:15.57, r:0.00, omega:0.00, omega_m:-0.00, u:0.00, theta1:18.858, theta2:8.570, e:0.000
t:15.58, r:0.00, omega:0.00, omega_m:-0.00, u:0.00, theta1:18.858, theta2:8.570, e:0.000
t:15.59, r:0.00, omega:0.00, omega_m:-0.00, u:0.00, theta1:18.858, theta2:8.570, e:0.000
t:15.60, r:0.00, omega:0.00, omega_m:-0.00, u:0.00, theta1:18.858, theta2:8.570, e:0.000
t:15.61, r:0.00, omega:0.00, omega_m:-0.00, u:0.00, theta1:18.858, theta2:8.570, e:0.000
t:15.62, r:0.00, omega:0.00, omega_m:-0.00, u:0.00, theta1:18.858, theta2:8.570, e:0.000
t:15.63, r:0.00, omega:0.00, omega_m:-0.00, u:0.00, theta1:18.858, theta2:8.570, e:0.000
t:15.64, r:0.00, omega:0.00, omega_m:-0.00, u:0.00, theta1:18.858, theta2:8.570, e:0.000
t:15.65, r:0.00, omega:0.00, omega_m:-0.00, u:0.00, theta1:18.858, theta2:8.570, e:0.000
t:15.66, r:0.00, omega:0.00, omega_m:-0.00, u:0.00, theta1:18.858, theta2:8.570, e:0.000
t:15.67, r:0.00, omega:0.00, omega_m:-0.00, u:0.00, theta1:18.858, theta2:8.570, e:0.000
t:15.68, r:0.00, omega:0.00, omega_m:-0.00, u:0.00, theta1:18.858, theta2:8.570, e:0.000
t:15.69, r:0.00, omega:0.00, omega_m:-0.00, u:0.00, theta1:18.858, theta2:8.570, e:0.000
t:15.70, r:0.00, omega:0.00, omega_m:-0.00, u:0.00, theta1:18.858, theta2:8.570, e:0.000
t:15.71, r:0.00, omega:0.00, omega_m:-0.00, u:0.00, theta1:18.858, theta2:8.570, e:0.000
t:15.72, r:0.00, omega:0.00, omega_m:-0.00, u:0.00, theta1:18.858, theta2:8.570, e:0.000
t:15.73, r:0.00, omega:0.00, omega_m:-0.00, u:0.00, theta1:18.858, theta2:8.570, e:0.000
t:15.74, r:0.00, omega:0.00, omega_m:-0.00, u:0.00, theta1:18.858, theta2:8.570, e:0.000
t:15.75, r:0.00, omega:0.00, omega_m:-0.00, u:0.00, theta1:18.858, theta2:8.570, e:0.000
t:15.76, r:0.00, omega:0.00, omega_m:-0.00, u:0.00, theta1:18.858, theta2:8.570, e:0.000
t:15.77, r:0.00, omega:0.00, omega_m:-0.00, u:0.00, theta1:18.858, theta2:8.570, e:0.000
t:15.78, r:0.00, omega:0.00, omega_m:-0.00, u:0.00, theta1:18.858, theta2:8.570, e:0.000
t:15.79, r:0.00, omega:0.00, omega_m:-0.00, u:0.00, theta1:18.858, theta2:8.570, e:0.000
t:15.80, r:0.00, omega:0.00, omega_m:-0.00, u:0.00, theta1:18.858, theta2:8.570, e:0.000
t:15.81, r:0.00, omega:0.00, omega_m:-0.00, u:0.00, theta1:18.858, theta2:8.570, e:0.000
t:15.82, r:0.00, omega:0.00, omega_m:-0.00, u:0.00, theta1:18.858, theta2:8.570, e:0.000
t:15.83, r:0.00, omega:0.00, omega_m:-0.00, u:0.00, theta1:18.858, theta2:8.570, e:0.000
t:15.84, r:0.00, omega:0.00, omega_m:-0.00, u:0.00, theta1:18.858, theta2:8.570, e:0.000
t:15.85, r:0.00, omega:0.00, omega_m:-0.00, u:0.00, theta1:18.858, theta2:8.570, e:0.000
t:15.86, r:0.00, omega:0.00, omega_m:-0.00, u:0.00, theta1:18.858, theta2:8.570, e:0.000
t:15.87, r:0.00, omega:0.00, omega_m:-0.00, u:0.00, theta1:18.858, theta2:8.570, e:0.000
t:15.88, r:0.00, omega:0.00, omega_m:-0.00, u:0.00, theta1:18.858, theta2:8.570, e:0.000
t:15.89, r:0.00, omega:0.00, omega_m:-0.00, u:0.00, theta1:18.858, theta2:8.570, e:0.000
t:15.90, r:0.00, omega:0.00, omega_m:-0.00, u:0.00, theta1:18.858, theta2:8.570, e:0.000
t:15.91, r:0.00, omega:0.00, omega_m:-0.00, u:0.00, theta1:18.858, theta2:8.570, e:0.000
t:15.92, r:0.00, omega:0.00, omega_m:-0.00, u:0.00, theta1:18.858, theta2:8.570, e:0.000
t:15.93, r:0.00, omega:0.00, omega_m:-0.00, u:0.00, theta1:18.858, theta2:8.570, e:0.000
t:15.94, r:0.00, omega:0.00, omega_m:-0.00, u:0.00, theta1:18.858, theta2:8.570, e:0.000
t:15.95, r:0.00, omega:0.00, omega_m:-0.00, u:0.00, theta1:18.858, theta2:8.570, e:0.000
t:15.96, r:0.00, omega:0.00, omega_m:-0.00, u:0.00, theta1:18.858, theta2:8.570, e:0.000
t:15.97, r:0.00, omega:0.00, omega_m:-0.00, u:0.00, theta1:18.858, theta2:8.570, e:0.000
t:15.98, r:0.00, omega:0.00, omega_m:-0.00, u:0.00, theta1:18.858, theta2:8.570, e:0.000
t:15.99, r:0.00, omega:0.00, omega_m:-0.00, u:0.00, theta1:18.858, theta2:8.570, e:0.000
t:16.00, r:0.00, omega:0.00, omega_m:-0.00, u:0.00, theta1:18.858, theta2:8.570, e:0.000
t:16.01, r:25.00, omega:0.00, omega_m:4.53, u:471.59, theta1:18.864, theta2:8.570, e:-4.532
t:16.02, r:25.00, omega:0.00, omega_m:8.24, u:471.85, theta1:18.874, theta2:8.570, e:-8.242
t:16.03, r:25.00, omega:0.00, omega_m:11.28, u:472.20, theta1:18.888, theta2:8.570, e:-11.280
t:16.04, r:25.00, omega:0.51, omega_m:13.77, u:468.23, theta1:18.905, theta2:8.570, e:-13.255
t:16.05, r:25.00, omega:0.51, omega_m:15.80, u:468.71, theta1:18.924, theta2:8.569, e:-15.292
t:16.06, r:25.00, omega:24.50, omega_m:17.47, u:262.69, theta1:18.915, theta2:8.578, e:7.034
t:16.07, r:25.00, omega:24.50, omega_m:18.84, u:262.34, theta1:18.908, theta2:8.585, e:5.669
t:16.08, r:25.00, omega:26.88, omega_m:19.95, u:241.45, theta1:18.899, theta2:8.594, e:6.930
t:16.09, r:25.00, omega:26.88, omega_m:20.87, u:241.04, theta1:18.892, theta2:8.602, e:6.015
t:16.10, r:25.00, omega:23.84, omega_m:21.62, u:267.09, theta1:18.889, theta2:8.605, e:2.223
t:16.11, r:25.00, omega:23.84, omega_m:22.23, u:266.99, theta1:18.887, theta2:8.607, e:1.610
t:16.12, r:25.00, omega:23.84, omega_m:22.73, u:266.92, theta1:18.886, theta2:8.608, e:1.108
t:16.13, r:25.00, omega:18.53, omega_m:23.14, u:312.82, theta1:18.891, theta2:8.604, e:-4.609
t:16.14, r:25.00, omega:18.53, omega_m:23.48, u:313.06, theta1:18.897, theta2:8.599, e:-4.945
t:16.15, r:25.00, omega:18.53, omega_m:23.76, u:313.31, theta1:18.904, theta2:8.594, e:-5.221
t:16.16, r:25.00, omega:19.30, omega_m:23.98, u:306.94, theta1:18.910, theta2:8.590, e:-4.678
t:16.17, r:25.00, omega:19.30, omega_m:24.17, u:307.18, theta1:18.916, theta2:8.585, e:-4.862
t:16.18, r:25.00, omega:21.25, omega_m:24.32, u:290.59, theta1:18.920, theta2:8.582, e:-3.063
t:16.19, r:25.00, omega:21.25, omega_m:24.44, u:290.77, theta1:18.924, theta2:8.578, e:-3.186
t:16.20, r:25.00, omega:21.25, omega_m:24.54, u:290.94, theta1:18.928, theta2:8.575, e:-3.288
t:16.21, r:25.00, omega:21.20, omega_m:24.63, u:291.60, theta1:18.932, theta2:8.571, e:-3.426
t:16.22, r:25.00, omega:21.20, omega_m:24.69, u:291.79, theta1:18.937, theta2:8.568, e:-3.494
t:16.23, r:25.00, omega:20.30, omega_m:24.75, u:299.70, theta1:18.942, theta2:8.563, e:-4.446
t:16.24, r:25.00, omega:20.30, omega_m:24.79, u:299.93, theta1:18.948, theta2:8.559, e:-4.492
t:16.25, r:25.00, omega:20.30, omega_m:24.83, u:300.17, theta1:18.953, theta2:8.554, e:-4.529
t:16.26, r:25.00, omega:20.02, omega_m:24.86, u:302.83, theta1:18.959, theta2:8.549, e:-4.841
t:16.27, r:25.00, omega:20.02, omega_m:24.89, u:303.08, theta1:18.965, theta2:8.544, e:-4.866
t:16.28, r:25.00, omega:20.46, omega_m:24.91, u:299.57, theta1:18.971, theta2:8.540, e:-4.449
t:16.29, r:25.00, omega:20.46, omega_m:24.92, u:299.80, theta1:18.977, theta2:8.535, e:-4.466
t:16.30, r:25.00, omega:20.46, omega_m:24.94, u:300.03, theta1:18.982, theta2:8.531, e:-4.479
t:16.31, r:25.00, omega:21.00, omega_m:24.95, u:295.65, theta1:18.987, theta2:8.526, e:-3.952
t:16.32, r:25.00, omega:21.00, omega_m:24.96, u:295.86, theta1:18.992, theta2:8.522, e:-3.962
t:16.33, r:25.00, omega:21.58, omega_m:24.97, u:291.07, theta1:18.996, theta2:8.519, e:-3.385
t:16.34, r:25.00, omega:21.58, omega_m:24.97, u:291.25, theta1:19.001, theta2:8.515, e:-3.391
t:16.35, r:25.00, omega:21.58, omega_m:24.98, u:291.44, theta1:19.005, theta2:8.511, e:-3.396
t:16.36, r:25.00, omega:21.72, omega_m:24.98, u:290.41, theta1:19.009, theta2:8.508, e:-3.259
t:16.37, r:25.00, omega:21.72, omega_m:24.98, u:290.59, theta1:19.013, theta2:8.504, e:-3.262
t:16.38, r:25.00, omega:20.79, omega_m:24.99, u:298.75, theta1:19.018, theta2:8.500, e:-4.198
t:16.39, r:25.00, omega:20.79, omega_m:24.99, u:298.97, theta1:19.023, theta2:8.495, e:-4.200
t:16.40, r:25.00, omega:20.79, omega_m:24.99, u:299.20, theta1:19.029, theta2:8.491, e:-4.202
t:16.41, r:25.00, omega:20.06, omega_m:24.99, u:305.63, theta1:19.035, theta2:8.486, e:-4.932
t:16.42, r:25.00, omega:20.06, omega_m:24.99, u:305.88, theta1:19.041, theta2:8.481, e:-4.933
t:16.43, r:25.00, omega:20.06, omega_m:25.00, u:306.14, theta1:19.047, theta2:8.476, e:-4.934
t:16.44, r:25.00, omega:19.83, omega_m:25.00, u:308.38, theta1:19.054, theta2:8.471, e:-5.168
t:16.45, r:25.00, omega:19.83, omega_m:25.00, u:308.64, theta1:19.060, theta2:8.466, e:-5.169
t:16.46, r:25.00, omega:21.07, omega_m:25.00, u:298.30, theta1:19.065, theta2:8.462, e:-3.923
t:16.47, r:25.00, omega:21.07, omega_m:25.00, u:298.51, theta1:19.070, theta2:8.458, e:-3.923
t:16.48, r:25.00, omega:22.72, omega_m:25.00, u:284.75, theta1:19.073, theta2:8.455, e:-2.282
t:16.49, r:25.00, omega:22.72, omega_m:25.00, u:284.88, theta1:19.076, theta2:8.452, e:-2.282
t:16.50, r:25.00, omega:22.72, omega_m:25.00, u:285.01, theta1:19.079, theta2:8.450, e:-2.282
t:16.51, r:25.00, omega:20.58, omega_m:25.00, u:303.27, theta1:19.084, theta2:8.445, e:-4.416
t:16.52, r:25.00, omega:20.58, omega_m:25.00, u:303.50, theta1:19.090, theta2:8.441, e:-4.416
t:16.53, r:25.00, omega:20.58, omega_m:25.00, u:303.73, theta1:19.095, theta2:8.436, e:-4.416
t:16.54, r:25.00, omega:19.69, omega_m:25.00, u:311.51, theta1:19.102, theta2:8.431, e:-5.306
t:16.55, r:25.00, omega:19.69, omega_m:25.00, u:311.78, theta1:19.108, theta2:8.426, e:-5.307
t:16.56, r:25.00, omega:20.78, omega_m:25.00, u:302.82, theta1:19.114, theta2:8.421, e:-4.217
t:16.57, r:25.00, omega:20.78, omega_m:25.00, u:303.04, theta1:19.119, theta2:8.417, e:-4.217
t:16.58, r:25.00, omega:21.96, omega_m:25.00, u:293.28, theta1:19.123, theta2:8.414, e:-3.037
t:16.59, r:25.00, omega:21.96, omega_m:25.00, u:293.44, theta1:19.126, theta2:8.410, e:-3.037
t:16.60, r:25.00, omega:21.96, omega_m:25.00, u:293.61, theta1:19.130, theta2:8.407, e:-3.037
t:16.61, r:25.00, omega:19.99, omega_m:25.00, u:310.44, theta1:19.137, theta2:8.402, e:-5.008
t:16.62, r:25.00, omega:19.99, omega_m:25.00, u:310.70, theta1:19.143, theta2:8.397, e:-5.008
t:16.63, r:25.00, omega:19.99, omega_m:25.00, u:310.96, theta1:19.149, theta2:8.392, e:-5.008
t:16.64, r:25.00, omega:21.30, omega_m:25.00, u:300.20, theta1:19.154, theta2:8.388, e:-3.703
t:16.65, r:25.00, omega:21.30, omega_m:25.00, u:300.40, theta1:19.158, theta2:8.384, e:-3.703
t:16.66, r:25.00, omega:22.21, omega_m:25.00, u:292.92, theta1:19.162, theta2:8.381, e:-2.792
t:16.67, r:25.00, omega:22.21, omega_m:25.00, u:293.07, theta1:19.165, theta2:8.378, e:-2.792
t:16.68, r:25.00, omega:20.29, omega_m:25.00, u:309.38, theta1:19.171, theta2:8.373, e:-4.709
t:16.69, r:25.00, omega:20.29, omega_m:25.00, u:309.62, theta1:19.177, theta2:8.368, e:-4.709
t:16.70, r:25.00, omega:20.29, omega_m:25.00, u:309.86, theta1:19.183, theta2:8.364, e:-4.709
t:16.71, r:25.00, omega:20.61, omega_m:25.00, u:307.46, theta1:19.188, theta2:8.359, e:-4.393
t:16.72, r:25.00, omega:20.61, omega_m:25.00, u:307.69, theta1:19.194, theta2:8.355, e:-4.393
t:16.73, r:25.00, omega:23.65, omega_m:25.00, u:282.33, theta1:19.196, theta2:8.353, e:-1.348
t:16.74, r:25.00, omega:23.65, omega_m:25.00, u:282.41, theta1:19.197, theta2:8.351, e:-1.348
t:16.75, r:25.00, omega:23.65, omega_m:25.00, u:282.49, theta1:19.199, theta2:8.350, e:-1.348
t:16.76, r:25.00, omega:19.98, omega_m:25.00, u:313.37, theta1:19.205, theta2:8.345, e:-5.016
t:16.77, r:25.00, omega:19.98, omega_m:25.00, u:313.63, theta1:19.212, theta2:8.340, e:-5.016
t:16.78, r:25.00, omega:19.98, omega_m:25.00, u:313.88, theta1:19.218, theta2:8.335, e:-5.016
t:16.79, r:25.00, omega:19.68, omega_m:25.00, u:316.73, theta1:19.224, theta2:8.330, e:-5.325
t:16.80, r:25.00, omega:19.68, omega_m:25.00, u:317.00, theta1:19.231, theta2:8.324, e:-5.325
t:16.81, r:25.00, omega:23.05, omega_m:25.00, u:289.05, theta1:19.234, theta2:8.322, e:-1.954
t:16.82, r:25.00, omega:23.05, omega_m:25.00, u:289.17, theta1:19.236, theta2:8.320, e:-1.954
t:16.83, r:25.00, omega:21.05, omega_m:25.00, u:306.01, theta1:19.241, theta2:8.316, e:-3.953
t:16.84, r:25.00, omega:21.05, omega_m:25.00, u:306.22, theta1:19.246, theta2:8.311, e:-3.953
t:16.85, r:25.00, omega:21.05, omega_m:25.00, u:306.43, theta1:19.251, theta2:8.307, e:-3.953
t:16.86, r:25.00, omega:20.84, omega_m:25.00, u:308.35, theta1:19.256, theta2:8.303, e:-4.158
t:16.87, r:25.00, omega:20.84, omega_m:25.00, u:308.57, theta1:19.261, theta2:8.299, e:-4.158
t:16.88, r:25.00, omega:20.75, omega_m:25.00, u:309.56, theta1:19.267, theta2:8.294, e:-4.250
t:16.89, r:25.00, omega:20.75, omega_m:25.00, u:309.79, theta1:19.272, theta2:8.290, e:-4.250
t:16.90, r:25.00, omega:20.75, omega_m:25.00, u:310.01, theta1:19.277, theta2:8.285, e:-4.250
t:16.91, r:25.00, omega:21.28, omega_m:25.00, u:305.78, theta1:19.282, theta2:8.281, e:-3.715
t:16.92, r:25.00, omega:21.28, omega_m:25.00, u:305.98, theta1:19.286, theta2:8.277, e:-3.715
t:16.93, r:25.00, omega:21.63, omega_m:25.00, u:303.27, theta1:19.291, theta2:8.274, e:-3.366
t:16.94, r:25.00, omega:21.63, omega_m:25.00, u:303.46, theta1:19.295, theta2:8.270, e:-3.366
t:16.95, r:25.00, omega:21.63, omega_m:25.00, u:303.64, theta1:19.299, theta2:8.267, e:-3.366
t:16.96, r:25.00, omega:21.83, omega_m:25.00, u:302.15, theta1:19.303, theta2:8.263, e:-3.165
t:16.97, r:25.00, omega:21.83, omega_m:25.00, u:302.33, theta1:19.307, theta2:8.260, e:-3.165
t:16.98, r:25.00, omega:21.93, omega_m:25.00, u:301.69, theta1:19.311, theta2:8.256, e:-3.067
t:16.99, r:25.00, omega:21.93, omega_m:25.00, u:301.86, theta1:19.315, theta2:8.253, e:-3.067
t:17.00, r:25.00, omega:21.57, omega_m:25.00, u:305.02, theta1:19.319, theta2:8.249, e:-3.428
t:17.01, r:0.00, omega:21.57, omega_m:20.47, u:0.00, theta1:19.319, theta2:8.250, e:1.104
t:17.02, r:0.00, omega:21.57, omega_m:16.76, u:0.00, theta1:19.319, theta2:8.256, e:4.814
t:17.03, r:0.00, omega:17.44, omega_m:13.72, u:0.00, theta1:19.319, theta2:8.259, e:3.719
t:17.04, r:0.00, omega:17.44, omega_m:11.23, u:0.00, theta1:19.319, theta2:8.264, e:6.206
t:17.05, r:0.00, omega:17.44, omega_m:9.20, u:0.00, theta1:19.319, theta2:8.271, e:8.242
t:17.06, r:0.00, omega:17.44, omega_m:7.53, u:0.00, theta1:19.319, theta2:8.280, e:9.909
t:17.07, r:0.00, omega:17.44, omega_m:6.16, u:0.00, theta1:19.319, theta2:8.290, e:11.274
t:17.08, r:0.00, omega:17.44, omega_m:5.05, u:0.00, theta1:19.319, theta2:8.301, e:12.392
t:17.09, r:0.00, omega:17.44, omega_m:4.13, u:0.00, theta1:19.319, theta2:8.312, e:13.307
t:17.10, r:0.00, omega:17.44, omega_m:3.38, u:0.00, theta1:19.319, theta2:8.325, e:14.056
t:17.11, r:0.00, omega:17.44, omega_m:2.77, u:0.00, theta1:19.319, theta2:8.337, e:14.669
t:17.12, r:0.00, omega:17.44, omega_m:2.27, u:0.00, theta1:19.319, theta2:8.351, e:15.171
t:17.13, r:0.00, omega:17.44, omega_m:1.86, u:0.00, theta1:19.319, theta2:8.364, e:15.583
t:17.14, r:0.00, omega:17.44, omega_m:1.52, u:0.00, theta1:19.319, theta2:8.378, e:15.919
t:17.15, r:0.00, omega:17.44, omega_m:1.24, u:0.00, theta1:19.319, theta2:8.392, e:16.195
t:17.16, r:0.00, omega:17.44, omega_m:1.02, u:0.00, theta1:19.319, theta2:8.407, e:16.420
t:17.17, r:0.00, omega:17.44, omega_m:0.83, u:0.00, theta1:19.319, theta2:8.421, e:16.605
t:17.18, r:0.00, omega:17.44, omega_m:0.68, u:0.00, theta1:19.319, theta2:8.436, e:16.756
t:17.19, r:0.00, omega:17.44, omega_m:0.56, u:0.00, theta1:19.319, theta2:8.450, e:16.880
t:17.20, r:0.00, omega:17.44, omega_m:0.46, u:0.00, theta1:19.319, theta2:8.465, e:16.981
t:17.21, r:0.00, omega:17.44, omega_m:0.37, u:0.00, theta1:19.319, theta2:8.480, e:17.064
t:17.22, r:0.00, omega:17.44, omega_m:0.31, u:0.00, theta1:19.319, theta2:8.495, e:17.132
t:17.23, r:0.00, omega:17.44, omega_m:0.25, u:0.00, theta1:19.319, theta2:8.510, e:17.188
t:17.24, r:0.00, omega:17.44, omega_m:0.21, u:0.00, theta1:19.319, theta2:8.525, e:17.234
t:17.25, r:0.00, omega:17.44, omega_m:0.17, u:0.00, theta1:19.319, theta2:8.540, e:17.271
t:17.26, r:0.00, omega:17.44, omega_m:0.14, u:0.00, theta1:19.319, theta2:8.555, e:17.301
t:17.27, r:0.00, omega:17.44, omega_m:0.11, u:0.00, theta1:19.319, theta2:8.570, e:17.326
t:17.28, r:0.00, omega:17.44, omega_m:0.09, u:0.00, theta1:19.319, theta2:8.585, e:17.347
t:17.29, r:0.00, omega:17.44, omega_m:0.08, u:0.00, theta1:19.319, theta2:8.600, e:17.364
t:17.30, r:0.00, omega:17.44, omega_m:0.06, u:0.00, theta1:19.319, theta2:8.616, e:17.377
t:17.31, r:0.00, omega:17.44, omega_m:0.05, u:0.00, theta1:19.319, theta2:8.631, e:17.389
t:17.32, r:0.00, omega:17.44, omega_m:0.04, u:0.00, theta1:19.319, theta2:8.646, e:17.398
t:17.33, r:0.00, omega:17.44, omega_m:0.03, u:0.00, theta1:19.319, theta2:8.661, e:17.405
t:17.34, r:0.00, omega:17.44, omega_m:0.03, u:0.00, theta1:19.319, theta2:8.676, e:17.411
t:17.35, r:0.00, omega:17.44, omega_m:0.02, u:0.00, theta1:19.319, theta2:8.692, e:17.417
t:17.36, r:0.00, omega:17.44, omega_m:0.02, u:0.00, theta1:19.319, theta2:8.707, e:17.421
t:17.37, r:0.00, omega:17.44, omega_m:0.02, u:0.00, theta1:19.319, theta2:8.722, e:17.424
t:17.38, r:0.00, omega:17.44, omega_m:0.01, u:0.00, theta1:19.319, theta2:8.737, e:17.427
t:17.39, r:0.00, omega:17.44, omega_m:0.01, u:0.00, theta1:19.319, theta2:8.752, e:17.429
t:17.40, r:0.00, omega:17.44, omega_m:0.01, u:0.00, theta1:19.319, theta2:8.767, e:17.431
t:17.41, r:0.00, omega:17.44, omega_m:0.01, u:0.00, theta1:19.319, theta2:8.783, e:17.432
t:17.42, r:0.00, omega:17.44, omega_m:0.01, u:0.00, theta1:19.319, theta2:8.798, e:17.434
t:17.43, r:0.00, omega:17.44, omega_m:0.00, u:0.00, theta1:19.319, theta2:8.813, e:17.435
t:17.44, r:0.00, omega:17.44, omega_m:0.00, u:0.00, theta1:19.319, theta2:8.828, e:17.436
t:17.45, r:0.00, omega:17.44, omega_m:0.00, u:0.00, theta1:19.319, theta2:8.843, e:17.436
t:17.46, r:0.00, omega:17.44, omega_m:0.00, u:0.00, theta1:19.319, theta2:8.859, e:17.437
t:17.47, r:0.00, omega:17.44, omega_m:0.00, u:0.00, theta1:19.319, theta2:8.874, e:17.437
t:17.48, r:0.00, omega:17.44, omega_m:0.00, u:0.00, theta1:19.319, theta2:8.889, e:17.438
t:17.49, r:0.00, omega:17.44, omega_m:0.00, u:0.00, theta1:19.319, theta2:8.904, e:17.438
t:17.50, r:0.00, omega:17.44, omega_m:0.00, u:0.00, theta1:19.319, theta2:8.920, e:17.438
t:17.51, r:0.00, omega:17.44, omega_m:0.00, u:0.00, theta1:19.319, theta2:8.935, e:17.438
t:17.52, r:0.00, omega:17.44, omega_m:0.00, u:0.00, theta1:19.319, theta2:8.950, e:17.439
t:17.53, r:0.00, omega:0.00, omega_m:0.00, u:0.00, theta1:19.319, theta2:8.950, e:-0.001
t:17.54, r:0.00, omega:0.00, omega_m:0.00, u:0.00, theta1:19.319, theta2:8.950, e:-0.001
t:17.55, r:0.00, omega:0.00, omega_m:0.00, u:0.00, theta1:19.319, theta2:8.950, e:-0.000
t:17.56, r:0.00, omega:0.00, omega_m:0.00, u:0.00, theta1:19.319, theta2:8.950, e:-0.000
t:17.57, r:0.00, omega:0.00, omega_m:0.00, u:0.00, theta1:19.319, theta2:8.950, e:-0.000
t:17.58, r:0.00, omega:0.00, omega_m:0.00, u:0.00, theta1:19.319, theta2:8.950, e:-0.000
t:17.59, r:0.00, omega:0.00, omega_m:0.00, u:0.00, theta1:19.319, theta2:8.950, e:-0.000
t:17.60, r:0.00, omega:0.00, omega_m:0.00, u:0.00, theta1:19.319, theta2:8.950, e:-0.000
t:17.61, r:0.00, omega:0.00, omega_m:0.00, u:0.00, theta1:19.319, theta2:8.950, e:-0.000
t:17.62, r:0.00, omega:0.00, omega_m:0.00, u:0.00, theta1:19.319, theta2:8.950, e:-0.000
t:17.63, r:0.00, omega:0.00, omega_m:0.00, u:0.00, theta1:19.319, theta2:8.950, e:-0.000
t:17.64, r:0.00, omega:0.00, omega_m:0.00, u:0.00, theta1:19.319, theta2:8.950, e:-0.000
t:17.65, r:0.00, omega:0.00, omega_m:0.00, u:0.00, theta1:19.319, theta2:8.950, e:-0.000
t:17.66, r:0.00, omega:0.00, omega_m:0.00, u:0.00, theta1:19.319, theta2:8.950, e:-0.000
t:17.67, r:0.00, omega:0.00, omega_m:0.00, u:0.00, theta1:19.319, theta2:8.950, e:-0.000
t:17.68, r:0.00, omega:0.00, omega_m:0.00, u:0.00, theta1:19.319, theta2:8.950, e:-0.000
t:17.69, r:0.00, omega:0.00, omega_m:0.00, u:0.00, theta1:19.319, theta2:8.950, e:-0.000
t:17.70, r:0.00, omega:0.00, omega_m:0.00, u:0.00, theta1:19.319, theta2:8.950, e:-0.000
t:17.71, r:0.00, omega:0.00, omega_m:0.00, u:0.00, theta1:19.319, theta2:8.950, e:-0.000
t:17.72, r:0.00, omega:0.00, omega_m:0.00, u:0.00, theta1:19.319, theta2:8.950, e:-0.000
t:17.73, r:0.00, omega:0.00, omega_m:0.00, u:0.00, theta1:19.319, theta2:8.950, e:-0.000
t:17.74, r:0.00, omega:0.00, omega_m:0.00, u:0.00, theta1:19.319, theta2:8.950, e:-0.000
t:17.75, r:0.00, omega:0.00, omega_m:0.00, u:0.00, theta1:19.319, theta2:8.950, e:-0.000
t:17.76, r:0.00, omega:0.00, omega_m:0.00, u:0.00, theta1:19.319, theta2:8.950, e:-0.000
t:17.77, r:0.00, omega:0.00, omega_m:0.00, u:0.00, theta1:19.319, theta2:8.950, e:-0.000
t:17.78, r:0.00, omega:0.00, omega_m:0.00, u:0.00, theta1:19.319, theta2:8.950, e:-0.000
t:17.79, r:0.00, omega:0.00, omega_m:0.00, u:0.00, theta1:19.319, theta2:8.950, e:-0.000
t:17.80, r:0.00, omega:0.00, omega_m:0.00, u:0.00, theta1:19.319, theta2:8.950, e:-0.000
t:17.81, r:0.00, omega:0.00, omega_m:0.00, u:0.00, theta1:19.319, theta2:8.950, e:-0.000
t:17.82, r:0.00, omega:0.00, omega_m:0.00, u:0.00, theta1:19.319, theta2:8.950, e:-0.000
t:17.83, r:0.00, omega:0.00, omega_m:0.00, u:0.00, theta1:19.319, theta2:8.950, e:-0.000
t:17.84, r:0.00, omega:0.00, omega_m:0.00, u:0.00, theta1:19.319, theta2:8.950, e:-0.000
t:17.85, r:0.00, omega:0.00, omega_m:0.00, u:0.00, theta1:19.319, theta2:8.950, e:-0.000
t:17.86, r:0.00, omega:0.00, omega_m:0.00, u:0.00, theta1:19.319, theta2:8.950, e:-0.000
t:17.87, r:0.00, omega:0.00, omega_m:0.00, u:0.00, theta1:19.319, theta2:8.950, e:-0.000
t:17.88, r:0.00, omega:0.00, omega_m:0.00, u:0.00, theta1:19.319, theta2:8.950, e:-0.000
t:17.89, r:0.00, omega:0.00, omega_m:0.00, u:0.00, theta1:19.319, theta2:8.950, e:-0.000
t:17.90, r:0.00, omega:0.00, omega_m:0.00, u:0.00, theta1:19.319, theta2:8.950, e:-0.000
t:17.91, r:0.00, omega:0.00, omega_m:0.00, u:0.00, theta1:19.319, theta2:8.950, e:-0.000
t:17.92, r:0.00, omega:0.00, omega_m:0.00, u:0.00, theta1:19.319, theta2:8.950, e:-0.000
t:17.93, r:0.00, omega:0.00, omega_m:0.00, u:0.00, theta1:19.319, theta2:8.950, e:-0.000
t:17.94, r:0.00, omega:0.00, omega_m:0.00, u:0.00, theta1:19.319, theta2:8.950, e:-0.000
t:17.95, r:0.00, omega:0.00, omega_m:0.00, u:0.00, theta1:19.319, theta2:8.950, e:-0.000
t:17.96, r:0.00, omega:0.00, omega_m:0.00, u:0.00, theta1:19.319, theta2:8.950, e:-0.000
t:17.97, r:0.00, omega:0.00, omega_m:0.00, u:0.00, theta1:19.319, theta2:8.950, e:-0.000
t:17.98, r:0.00, omega:0.00, omega_m:0.00, u:0.00, theta1:19.319, theta2:8.950, e:-0.000
t:17.99, r:0.00, omega:0.00, omega_m:0.00, u:0.00, theta1:19.319, theta2:8.950, e:-0.000
t:18.00, r:0.00, omega:0.00, omega_m:0.00, u:0.00, theta1:19.319, theta2:8.950, e:-0.000
t:18.01, r:-25.00, omega:0.00, omega_m:-4.53, u:-483.12, theta1:19.325, theta2:8.950, e:4.532
t:18.02, r:-25.00, omega:0.00, omega_m:-8.24, u:-483.37, theta1:19.335, theta2:8.950, e:8.242
t:18.03, r:-25.00, omega:0.00, omega_m:-11.28, u:-483.73, theta1:19.349, theta2:8.950, e:11.280
t:18.04, r:-25.00, omega:0.00, omega_m:-13.77, u:-484.16, theta1:19.366, theta2:8.950, e:13.767
t:18.05, r:-25.00, omega:-0.52, omega_m:-15.80, u:-480.01, theta1:19.385, theta2:8.950, e:15.286
t:18.06, r:-25.00, omega:-0.52, omega_m:-17.47, u:-480.54, theta1:19.407, theta2:8.949, e:16.953
t:18.07, r:-25.00, omega:-27.03, omega_m:-18.84, u:-242.70, theta1:19.396, theta2:8.960, e:-8.196
t:18.08, r:-25.00, omega:-31.02, omega_m:-19.95, u:-206.11, theta1:19.382, theta2:8.977, e:-11.064
t:18.09, r:-25.00, omega:-31.02, omega_m:-20.87, u:-205.31, theta1:19.370, theta2:8.993, e:-10.150
t:18.10, r:-25.00, omega:-24.59, omega_m:-21.62, u:-262.92, theta1:19.366, theta2:8.997, e:-2.974
t:18.11, r:-25.00, omega:-24.59, omega_m:-22.23, u:-262.77, theta1:19.363, theta2:9.000, e:-2.360
t:18.12, r:-25.00, omega:-24.59, omega_m:-22.73, u:-262.66, theta1:19.361, theta2:9.002, e:-1.858
t:18.13, r:-25.00, omega:-20.58, omega_m:-23.14, u:-298.92, theta1:19.364, theta2:8.999, e:2.566
t:18.14, r:-25.00, omega:-20.58, omega_m:-23.48, u:-299.07, theta1:19.368, theta2:8.996, e:2.903
t:18.15, r:-25.00, omega:-20.58, omega_m:-23.76, u:-299.24, theta1:19.372, theta2:8.993, e:3.178
t:18.16, r:-25.00, omega:-18.64, omega_m:-23.98, u:-316.88, theta1:19.378, theta2:8.988, e:5.337
t:18.17, r:-25.00, omega:-18.64, omega_m:-24.17, u:-317.15, theta1:19.385, theta2:8.983, e:5.522
t:18.18, r:-25.00, omega:-21.75, omega_m:-24.32, u:-289.40, theta1:19.388, theta2:8.980, e:2.567
t:18.19, r:-25.00, omega:-21.75, omega_m:-24.44, u:-289.54, theta1:19.392, theta2:8.977, e:2.691
t:18.20, r:-25.00, omega:-21.75, omega_m:-24.54, u:-289.70, theta1:19.395, theta2:8.974, e:2.793
t:18.21, r:-25.00, omega:-21.92, omega_m:-24.63, u:-288.33, theta1:19.399, theta2:8.971, e:2.706
t:18.22, r:-25.00, omega:-21.92, omega_m:-24.69, u:-288.48, theta1:19.402, theta2:8.968, e:2.774
t:18.23, r:-25.00, omega:-20.76, omega_m:-24.75, u:-299.04, theta1:19.407, theta2:8.964, e:3.984
t:18.24, r:-25.00, omega:-20.76, omega_m:-24.79, u:-299.26, theta1:19.412, theta2:8.960, e:4.030
t:18.25, r:-25.00, omega:-20.76, omega_m:-24.83, u:-299.47, theta1:19.417, theta2:8.956, e:4.067
t:18.26, r:-25.00, omega:-19.96, omega_m:-24.86, u:-306.96, theta1:19.423, theta2:8.951, e:4.906
t:18.27, r:-25.00, omega:-19.96, omega_m:-24.89, u:-307.22, theta1:19.429, theta2:8.946, e:4.931
t:18.28, r:-25.00, omega:-21.59, omega_m:-24.91, u:-292.77, theta1:19.434, theta2:8.942, e:3.317
t:18.29, r:-25.00, omega:-21.59, omega_m:-24.92, u:-292.95, theta1:19.438, theta2:8.939, e:3.333
t:18.30, r:-25.00, omega:-21.59, omega_m:-24.94, u:-293.14, theta1:19.442, theta2:8.935, e:3.347
t:18.31, r:-25.00, omega:-21.47, omega_m:-24.95, u:-294.44, theta1:19.446, theta2:8.931, e:3.483
t:18.32, r:-25.00, omega:-21.47, omega_m:-24.96, u:-294.63, theta1:19.451, theta2:8.927, e:3.492
t:18.33, r:-25.00, omega:-21.23, omega_m:-24.97, u:-296.97, theta1:19.455, theta2:8.924, e:3.740
t:18.34, r:-25.00, omega:-21.23, omega_m:-24.97, u:-297.18, theta1:19.460, theta2:8.920, e:3.746
t:18.35, r:-25.00, omega:-21.23, omega_m:-24.98, u:-297.38, theta1:19.465, theta2:8.916, e:3.751
t:18.36, r:-25.00, omega:-21.13, omega_m:-24.98, u:-298.42, theta1:19.470, theta2:8.912, e:3.849
t:18.37, r:-25.00, omega:-21.13, omega_m:-24.98, u:-298.62, theta1:19.474, theta2:8.907, e:3.852
t:18.38, r:-25.00, omega:-21.20, omega_m:-24.99, u:-298.23, theta1:19.479, theta2:8.903, e:3.788
t:18.39, r:-25.00, omega:-21.20, omega_m:-24.99, u:-298.44, theta1:19.484, theta2:8.899, e:3.791
t:18.40, r:-25.00, omega:-21.20, omega_m:-24.99, u:-298.64, theta1:19.489, theta2:8.895, e:3.792
t:18.41, r:-25.00, omega:-21.14, omega_m:-24.99, u:-299.36, theta1:19.493, theta2:8.891, e:3.852
t:18.42, r:-25.00, omega:-21.14, omega_m:-24.99, u:-299.57, theta1:19.498, theta2:8.887, e:3.853
t:18.43, r:-25.00, omega:-22.82, omega_m:-25.00, u:-284.81, theta1:19.501, theta2:8.885, e:2.180
t:18.44, r:-25.00, omega:-22.82, omega_m:-25.00, u:-284.94, theta1:19.504, theta2:8.882, e:2.180
t:18.45, r:-25.00, omega:-20.24, omega_m:-25.00, u:-308.05, theta1:19.510, theta2:8.877, e:4.756
t:18.46, r:-25.00, omega:-20.24, omega_m:-25.00, u:-308.30, theta1:19.516, theta2:8.873, e:4.756
t:18.47, r:-25.00, omega:-20.24, omega_m:-25.00, u:-308.54, theta1:19.521, theta2:8.868, e:4.757
t:18.48, r:-25.00, omega:-20.63, omega_m:-25.00, u:-305.36, theta1:19.527, theta2:8.863, e:4.373
t:18.49, r:-25.00, omega:-20.63, omega_m:-25.00, u:-305.59, theta1:19.532, theta2:8.859, e:4.373
t:18.50, r:-25.00, omega:-22.09, omega_m:-25.00, u:-292.81, theta1:19.536, theta2:8.856, e:2.912
t:18.51, r:-25.00, omega:-22.09, omega_m:-25.00, u:-292.97, theta1:19.540, theta2:8.852, e:2.912
t:18.52, r:-25.00, omega:-22.09, omega_m:-25.00, u:-293.13, theta1:19.543, theta2:8.849, e:2.912
t:18.53, r:-25.00, omega:-22.45, omega_m:-25.00, u:-290.11, theta1:19.547, theta2:8.846, e:2.554
t:18.54, r:-25.00, omega:-22.45, omega_m:-25.00, u:-290.25, theta1:19.550, theta2:8.843, e:2.554
t:18.55, r:-25.00, omega:-20.68, omega_m:-25.00, u:-306.12, theta1:19.555, theta2:8.839, e:4.324
t:18.56, r:-25.00, omega:-20.68, omega_m:-25.00, u:-306.35, theta1:19.561, theta2:8.834, e:4.324
t:18.57, r:-25.00, omega:-20.68, omega_m:-25.00, u:-306.58, theta1:19.566, theta2:8.830, e:4.324
t:18.58, r:-25.00, omega:-20.44, omega_m:-25.00, u:-308.90, theta1:19.572, theta2:8.825, e:4.559
t:18.59, r:-25.00, omega:-20.44, omega_m:-25.00, u:-309.14, theta1:19.577, theta2:8.821, e:4.560
t:18.60, r:-25.00, omega:-22.38, omega_m:-25.00, u:-292.18, theta1:19.581, theta2:8.818, e:2.620
t:18.61, r:-25.00, omega:-22.38, omega_m:-25.00, u:-292.32, theta1:19.584, theta2:8.815, e:2.620
t:18.62, r:-25.00, omega:-22.08, omega_m:-25.00, u:-295.12, theta1:19.588, theta2:8.812, e:2.919
t:18.63, r:-25.00, omega:-22.08, omega_m:-25.00, u:-295.28, theta1:19.591, theta2:8.808, e:2.919
t:18.64, r:-25.00, omega:-22.08, omega_m:-25.00, u:-295.45, theta1:19.595, theta2:8.805, e:2.919
t:18.65, r:-25.00, omega:-21.54, omega_m:-25.00, u:-300.41, theta1:19.599, theta2:8.801, e:3.462
t:18.66, r:-25.00, omega:-21.54, omega_m:-25.00, u:-300.60, theta1:19.603, theta2:8.798, e:3.462
t:18.67, r:-25.00, omega:-21.09, omega_m:-25.00, u:-304.73, theta1:19.608, theta2:8.794, e:3.908
t:18.68, r:-25.00, omega:-21.09, omega_m:-25.00, u:-304.94, theta1:19.613, theta2:8.789, e:3.908
t:18.69, r:-25.00, omega:-21.09, omega_m:-25.00, u:-305.15, theta1:19.618, theta2:8.785, e:3.908
t:18.70, r:-25.00, omega:-20.92, omega_m:-25.00, u:-306.89, theta1:19.623, theta2:8.781, e:4.081
t:18.71, r:-25.00, omega:-20.92, omega_m:-25.00, u:-307.11, theta1:19.628, theta2:8.777, e:4.081
t:18.72, r:-25.00, omega:-21.52, omega_m:-25.00, u:-302.05, theta1:19.633, theta2:8.773, e:3.484
t:18.73, r:-25.00, omega:-21.52, omega_m:-25.00, u:-302.24, theta1:19.637, theta2:8.769, e:3.484
t:18.74, r:-25.00, omega:-21.52, omega_m:-25.00, u:-302.43, theta1:19.641, theta2:8.766, e:3.484
t:18.75, r:-25.00, omega:-22.68, omega_m:-25.00, u:-292.35, theta1:19.644, theta2:8.763, e:2.319
t:18.76, r:-25.00, omega:-22.68, omega_m:-25.00, u:-292.48, theta1:19.647, theta2:8.760, e:2.319
t:18.77, r:-25.00, omega:-22.21, omega_m:-25.00, u:-296.74, theta1:19.651, theta2:8.757, e:2.786
t:18.78, r:-25.00, omega:-22.21, omega_m:-25.00, u:-296.89, theta1:19.654, theta2:8.754, e:2.786
t:18.79, r:-25.00, omega:-22.21, omega_m:-25.00, u:-297.05, theta1:19.658, theta2:8.751, e:2.786
t:18.80, r:-25.00, omega:-19.98, omega_m:-25.00, u:-316.88, theta1:19.664, theta2:8.746, e:5.023
t:18.81, r:-25.00, omega:-19.98, omega_m:-25.00, u:-317.14, theta1:19.670, theta2:8.741, e:5.023
t:18.82, r:-25.00, omega:-21.98, omega_m:-25.00, u:-299.77, theta1:19.674, theta2:8.738, e:3.018
t:18.83, r:-25.00, omega:-21.98, omega_m:-25.00, u:-299.94, theta1:19.678, theta2:8.734, e:3.018
t:18.84, r:-25.00, omega:-21.85, omega_m:-25.00, u:-301.31, theta1:19.682, theta2:8.731, e:3.154
t:18.85, r:-25.00, omega:-21.85, omega_m:-25.00, u:-301.48, theta1:19.686, theta2:8.727, e:3.154
t:18.86, r:-25.00, omega:-21.85, omega_m:-25.00, u:-301.66, theta1:19.690, theta2:8.724, e:3.154
t:18.87, r:-25.00, omega:-21.59, omega_m:-25.00, u:-304.04, theta1:19.694, theta2:8.720, e:3.407
t:18.88, r:-25.00, omega:-21.59, omega_m:-25.00, u:-304.23, theta1:19.698, theta2:8.717, e:3.407
t:18.89, r:-25.00, omega:-21.43, omega_m:-25.00, u:-305.85, theta1:19.703, theta2:8.713, e:3.570
t:18.90, r:-25.00, omega:-21.43, omega_m:-25.00, u:-306.04, theta1:19.707, theta2:8.709, e:3.570
t:18.91, r:-25.00, omega:-21.43, omega_m:-25.00, u:-306.24, theta1:19.711, theta2:8.705, e:3.570
t:18.92, r:-25.00, omega:-21.42, omega_m:-25.00, u:-306.51, theta1:19.716, theta2:8.701, e:3.579
t:18.93, r:-25.00, omega:-21.42, omega_m:-25.00, u:-306.70, theta1:19.720, theta2:8.698, e:3.579
t:18.94, r:-25.00, omega:-21.83, omega_m:-25.00, u:-303.32, theta1:19.724, theta2:8.694, e:3.170
t:18.95, r:-25.00, omega:-21.83, omega_m:-25.00, u:-303.49, theta1:19.728, theta2:8.691, e:3.170
t:18.96, r:-25.00, omega:-22.71, omega_m:-25.00, u:-296.01, theta1:19.731, theta2:8.688, e:2.294
t:18.97, r:-25.00, omega:-22.71, omega_m:-25.00, u:-296.14, theta1:19.734, theta2:8.685, e:2.294
t:18.98, r:-25.00, omega:-22.71, omega_m:-25.00, u:-296.27, theta1:19.737, theta2:8.683, e:2.294
t:18.99, r:-25.00, omega:-22.86, omega_m:-25.00, u:-295.10, theta1:19.740, theta2:8.680, e:2.144
t:19.00, r:-25.00, omega:-22.86, omega_m:-25.00, u:-295.22, theta1:19.742, theta2:8.678, e:2.144
t:19.01, r:0.00, omega:-20.35, omega_m:-20.47, u:0.00, theta1:19.742, theta2:8.678, e:0.122
t:19.02, r:0.00, omega:-20.35, omega_m:-16.76, u:0.00, theta1:19.742, theta2:8.681, e:-3.589
t:19.03, r:0.00, omega:-20.35, omega_m:-13.72, u:0.00, theta1:19.742, theta2:8.688, e:-6.626
t:19.04, r:0.00, omega:-20.35, omega_m:-11.23, u:0.00, theta1:19.742, theta2:8.697, e:-9.113
t:19.05, r:0.00, omega:-20.35, omega_m:-9.20, u:0.00, theta1:19.742, theta2:8.709, e:-11.150
t:19.06, r:0.00, omega:-20.35, omega_m:-7.53, u:0.00, theta1:19.742, theta2:8.722, e:-12.817
t:19.07, r:0.00, omega:-20.35, omega_m:-6.16, u:0.00, theta1:19.742, theta2:8.736, e:-14.182
t:19.08, r:0.00, omega:-20.35, omega_m:-5.05, u:0.00, theta1:19.742, theta2:8.752, e:-15.299
t:19.09, r:0.00, omega:-20.35, omega_m:-4.13, u:0.00, theta1:19.742, theta2:8.768, e:-16.214
t:19.10, r:0.00, omega:-20.35, omega_m:-3.38, u:0.00, theta1:19.742, theta2:8.786, e:-16.963
t:19.11, r:0.00, omega:-20.35, omega_m:-2.77, u:0.00, theta1:19.742, theta2:8.803, e:-17.576
t:19.12, r:0.00, omega:-20.35, omega_m:-2.27, u:0.00, theta1:19.742, theta2:8.822, e:-18.079
t:19.13, r:0.00, omega:-20.35, omega_m:-1.86, u:0.00, theta1:19.742, theta2:8.841, e:-18.490
t:19.14, r:0.00, omega:-20.35, omega_m:-1.52, u:0.00, theta1:19.742, theta2:8.860, e:-18.826
t:19.15, r:0.00, omega:-20.35, omega_m:-1.24, u:0.00, theta1:19.742, theta2:8.879, e:-19.102
t:19.16, r:0.00, omega:-20.35, omega_m:-1.02, u:0.00, theta1:19.742, theta2:8.899, e:-19.328
t:19.17, r:0.00, omega:-20.35, omega_m:-0.83, u:0.00, theta1:19.742, theta2:8.919, e:-19.512
t:19.18, r:0.00, omega:-20.35, omega_m:-0.68, u:0.00, theta1:19.742, theta2:8.939, e:-19.663
t:19.19, r:0.00, omega:-20.35, omega_m:-0.56, u:0.00, theta1:19.742, theta2:8.959, e:-19.787
t:19.20, r:0.00, omega:-20.35, omega_m:-0.46, u:0.00, theta1:19.742, theta2:8.979, e:-19.889
t:19.21, r:0.00, omega:-20.35, omega_m:-0.37, u:0.00, theta1:19.742, theta2:8.999, e:-19.972
t:19.22, r:0.00, omega:-20.35, omega_m:-0.31, u:0.00, theta1:19.742, theta2:9.020, e:-20.040
t:19.23, r:0.00, omega:-20.35, omega_m:-0.25, u:0.00, theta1:19.742, theta2:9.040, e:-20.095
t:19.24, r:0.00, omega:-20.35, omega_m:-0.21, u:0.00, theta1:19.742, theta2:9.061, e:-20.141
t:19.25, r:0.00, omega:-20.35, omega_m:-0.17, u:0.00, theta1:19.742, theta2:9.081, e:-20.178
t:19.26, r:0.00, omega:-20.35, omega_m:-0.14, u:0.00, theta1:19.742, theta2:9.102, e:-20.209
t:19.27, r:0.00, omega:-20.35, omega_m:-0.11, u:0.00, theta1:19.742, theta2:9.122, e:-20.234
t:19.28, r:0.00, omega:-20.35, omega_m:-0.09, u:0.00, theta1:19.742, theta2:9.143, e:-20.254
t:19.29, r:0.00, omega:-20.35, omega_m:-0.08, u:0.00, theta1:19.742, theta2:9.164, e:-20.271
t:19.30, r:0.00, omega:-20.35, omega_m:-0.06, u:0.00, theta1:19.742, theta2:9.184, e:-20.285
t:19.31, r:0.00, omega:-20.35, omega_m:-0.05, u:0.00, theta1:19.742, theta2:9.205, e:-20.296
t:19.32, r:0.00, omega:-20.35, omega_m:-0.04, u:0.00, theta1:19.742, theta2:9.226, e:-20.305
t:19.33, r:0.00, omega:-20.35, omega_m:-0.03, u:0.00, theta1:19.742, theta2:9.246, e:-20.313
t:19.34, r:0.00, omega:-20.35, omega_m:-0.03, u:0.00, theta1:19.742, theta2:9.267, e:-20.319
t:19.35, r:0.00, omega:-20.35, omega_m:-0.02, u:0.00, theta1:19.742, theta2:9.288, e:-20.324
t:19.36, r:0.00, omega:-20.35, omega_m:-0.02, u:0.00, theta1:19.742, theta2:9.308, e:-20.328
t:19.37, r:0.00, omega:-20.35, omega_m:-0.02, u:0.00, theta1:19.742, theta2:9.329, e:-20.331
t:19.38, r:0.00, omega:-20.35, omega_m:-0.01, u:0.00, theta1:19.742, theta2:9.350, e:-20.334
t:19.39, r:0.00, omega:-20.35, omega_m:-0.01, u:0.00, theta1:19.742, theta2:9.370, e:-20.336
t:19.40, r:0.00, omega:-20.35, omega_m:-0.01, u:0.00, theta1:19.742, theta2:9.391, e:-20.338
t:19.41, r:0.00, omega:-20.35, omega_m:-0.01, u:0.00, theta1:19.742, theta2:9.412, e:-20.340
t:19.42, r:0.00, omega:-20.35, omega_m:-0.01, u:0.00, theta1:19.742, theta2:9.432, e:-20.341
t:19.43, r:0.00, omega:-20.35, omega_m:-0.00, u:0.00, theta1:19.742, theta2:9.453, e:-20.342
t:19.44, r:0.00, omega:-20.35, omega_m:-0.00, u:0.00, theta1:19.742, theta2:9.474, e:-20.343
t:19.45, r:0.00, omega:-20.35, omega_m:-0.00, u:0.00, theta1:19.742, theta2:9.494, e:-20.343
t:19.46, r:0.00, omega:-20.35, omega_m:-0.00, u:0.00, theta1:19.742, theta2:9.515, e:-20.344
t:19.47, r:0.00, omega:-20.35, omega_m:-0.00, u:0.00, theta1:19.742, theta2:9.536, e:-20.345
t:19.48, r:0.00, omega:-20.35, omega_m:-0.00, u:0.00, theta1:19.742, theta2:9.557, e:-20.345
t:19.49, r:0.00, omega:-20.35, omega_m:-0.00, u:0.00, theta1:19.742, theta2:9.577, e:-20.345
t:19.50, r:0.00, omega:-20.35, omega_m:-0.00, u:0.00, theta1:19.742, theta2:9.598, e:-20.345
t:19.51, r:0.00, omega:0.00, omega_m:-0.00, u:0.00, theta1:19.742, theta2:9.598, e:0.001
t:19.52, r:0.00, omega:0.00, omega_m:-0.00, u:0.00, theta1:19.742, theta2:9.598, e:0.001
t:19.53, r:0.00, omega:0.00, omega_m:-0.00, u:0.00, theta1:19.742, theta2:9.598, e:0.001
t:19.54, r:0.00, omega:0.00, omega_m:-0.00, u:0.00, theta1:19.742, theta2:9.598, e:0.001
t:19.55, r:0.00, omega:0.00, omega_m:-0.00, u:0.00, theta1:19.742, theta2:9.598, e:0.000
t:19.56, r:0.00, omega:0.00, omega_m:-0.00, u:0.00, theta1:19.742, theta2:9.598, e:0.000
t:19.57, r:0.00, omega:0.00, omega_m:-0.00, u:0.00, theta1:19.742, theta2:9.598, e:0.000
t:19.58, r:0.00, omega:0.00, omega_m:-0.00, u:0.00, theta1:19.742, theta2:9.598, e:0.000
t:19.59, r:0.00, omega:0.00, omega_m:-0.00, u:0.00, theta1:19.742, theta2:9.598, e:0.000
t:19.60, r:0.00, omega:0.00, omega_m:-0.00, u:0.00, theta1:19.742, theta2:9.598, e:0.000
t:19.61, r:0.00, omega:0.00, omega_m:-0.00, u:0.00, theta1:19.742, theta2:9.598, e:0.000
t:19.62, r:0.00, omega:0.00, omega_m:-0.00, u:0.00, theta1:19.742, theta2:9.598, e:0.000
t:19.63, r:0.00, omega:0.00, omega_m:-0.00, u:0.00, theta1:19.742, theta2:9.598, e:0.000
t:19.64, r:0.00, omega:0.00, omega_m:-0.00, u:0.00, theta1:19.742, theta2:9.598, e:0.000
t:19.65, r:0.00, omega:0.00, omega_m:-0.00, u:0.00, theta1:19.742, theta2:9.598, e:0.000
t:19.66, r:0.00, omega:0.00, omega_m:-0.00, u:0.00, theta1:19.742, theta2:9.598, e:0.000
t:19.67, r:0.00, omega:0.00, omega_m:-0.00, u:0.00, theta1:19.742, theta2:9.598, e:0.000
t:19.68, r:0.00, omega:0.00, omega_m:-0.00, u:0.00, theta1:19.742, theta2:9.598, e:0.000
t:19.69, r:0.00, omega:0.00, omega_m:-0.00, u:0.00, theta1:19.742, theta2:9.598, e:0.000
t:19.70, r:0.00, omega:0.00, omega_m:-0.00, u:0.00, theta1:19.742, theta2:9.598, e:0.000
t:19.71, r:0.00, omega:0.00, omega_m:-0.00, u:0.00, theta1:19.742, theta2:9.598, e:0.000
t:19.72, r:0.00, omega:0.00, omega_m:-0.00, u:0.00, theta1:19.742, theta2:9.598, e:0.000
t:19.73, r:0.00, omega:0.00, omega_m:-0.00, u:0.00, theta1:19.742, theta2:9.598, e:0.000
t:19.74, r:0.00, omega:0.00, omega_m:-0.00, u:0.00, theta1:19.742, theta2:9.598, e:0.000
t:19.75, r:0.00, omega:0.00, omega_m:-0.00, u:0.00, theta1:19.742, theta2:9.598, e:0.000
t:19.76, r:0.00, omega:0.00, omega_m:-0.00, u:0.00, theta1:19.742, theta2:9.598, e:0.000
t:19.77, r:0.00, omega:0.00, omega_m:-0.00, u:0.00, theta1:19.742, theta2:9.598, e:0.000
t:19.78, r:0.00, omega:0.00, omega_m:-0.00, u:0.00, theta1:19.742, theta2:9.598, e:0.000
t:19.79, r:0.00, omega:0.00, omega_m:-0.00, u:0.00, theta1:19.742, theta2:9.598, e:0.000
t:19.80, r:0.00, omega:0.00, omega_m:-0.00, u:0.00, theta1:19.742, theta2:9.598, e:0.000
t:19.81, r:0.00, omega:0.00, omega_m:-0.00, u:0.00, theta1:19.742, theta2:9.598, e:0.000
t:19.82, r:0.00, omega:0.00, omega_m:-0.00, u:0.00, theta1:19.742, theta2:9.598, e:0.000
t:19.83, r:0.00, omega:0.00, omega_m:-0.00, u:0.00, theta1:19.742, theta2:9.598, e:0.000
t:19.84, r:0.00, omega:0.00, omega_m:-0.00, u:0.00, theta1:19.742, theta2:9.598, e:0.000
t:19.85, r:0.00, omega:0.00, omega_m:-0.00, u:0.00, theta1:19.742, theta2:9.598, e:0.000
t:19.86, r:0.00, omega:0.00, omega_m:-0.00, u:0.00, theta1:19.742, theta2:9.598, e:0.000
t:19.87, r:0.00, omega:0.00, omega_m:-0.00, u:0.00, theta1:19.742, theta2:9.598, e:0.000
t:19.88, r:0.00, omega:0.00, omega_m:-0.00, u:0.00, theta1:19.742, theta2:9.598, e:0.000
t:19.89, r:0.00, omega:0.00, omega_m:-0.00, u:0.00, theta1:19.742, theta2:9.598, e:0.000
t:19.90, r:0.00, omega:0.00, omega_m:-0.00, u:0.00, theta1:19.742, theta2:9.598, e:0.000
t:19.91, r:0.00, omega:0.00, omega_m:-0.00, u:0.00, theta1:19.742, theta2:9.598, e:0.000
t:19.92, r:0.00, omega:0.00, omega_m:-0.00, u:0.00, theta1:19.742, theta2:9.598, e:0.000
t:19.93, r:0.00, omega:0.00, omega_m:-0.00, u:0.00, theta1:19.742, theta2:9.598, e:0.000
t:19.94, r:0.00, omega:0.00, omega_m:-0.00, u:0.00, theta1:19.742, theta2:9.598, e:0.000
t:19.95, r:0.00, omega:0.00, omega_m:-0.00, u:0.00, theta1:19.742, theta2:9.598, e:0.000
t:19.96, r:0.00, omega:0.00, omega_m:-0.00, u:0.00, theta1:19.742, theta2:9.598, e:0.000
t:19.97, r:0.00, omega:0.00, omega_m:-0.00, u:0.00, theta1:19.742, theta2:9.598, e:0.000
t:19.98, r:0.00, omega:0.00, omega_m:-0.00, u:0.00, theta1:19.742, theta2:9.598, e:0.000
t:19.99, r:0.00, omega:0.00, omega_m:-0.00, u:0.00, theta1:19.742, theta2:9.598, e:0.000
t:20.00, r:0.00, omega:0.00, omega_m:-0.00, u:0.00, theta1:19.742, theta2:9.598, e:0.000
t:20.01, r:25.00, omega:0.00, omega_m:4.53, u:493.70, theta1:19.748, theta2:9.598, e:-4.532
t:20.02, r:25.00, omega:0.00, omega_m:8.24, u:493.96, theta1:19.758, theta2:9.598, e:-8.242
t:20.03, r:25.00, omega:0.00, omega_m:11.28, u:494.31, theta1:19.772, theta2:9.598, e:-11.280
t:20.04, r:25.00, omega:0.51, omega_m:13.77, u:489.84, theta1:19.789, theta2:9.598, e:-13.257
t:20.05, r:25.00, omega:0.51, omega_m:15.80, u:490.31, theta1:19.808, theta2:9.597, e:-15.294
t:20.06, r:25.00, omega:25.02, omega_m:17.47, u:254.64, theta1:19.799, theta2:9.607, e:7.547
t:20.07, r:25.00, omega:25.02, omega_m:18.84, u:254.25, theta1:19.791, theta2:9.614, e:6.182
t:20.08, r:25.00, omega:30.56, omega_m:19.95, u:200.17, theta1:19.778, theta2:9.631, e:10.603
t:20.09, r:25.00, omega:30.56, omega_m:20.87, u:199.42, theta1:19.766, theta2:9.645, e:9.688
t:20.10, r:25.00, omega:21.85, omega_m:21.62, u:283.37, theta1:19.765, theta2:9.646, e:0.234
t:20.11, r:25.00, omega:21.85, omega_m:22.23, u:283.39, theta1:19.766, theta2:9.645, e:-0.380
t:20.12, r:25.00, omega:21.85, omega_m:22.73, u:283.44, theta1:19.767, theta2:9.644, e:-0.882
t:20.13, r:25.00, omega:19.03, omega_m:23.14, u:310.89, theta1:19.772, theta2:9.640, e:-4.118
t:20.14, r:25.00, omega:19.03, omega_m:23.48, u:311.11, theta1:19.778, theta2:9.636, e:-4.454
t:20.15, r:25.00, omega:19.03, omega_m:23.76, u:311.34, theta1:19.783, theta2:9.632, e:-4.730
t:20.16, r:25.00, omega:18.90, omega_m:23.98, u:312.75, theta1:19.790, theta2:9.627, e:-5.076
t:20.17, r:25.00, omega:18.90, omega_m:24.17, u:313.01, theta1:19.796, theta2:9.622, e:-5.261
t:20.18, r:25.00, omega:21.31, omega_m:24.32, u:289.99, theta1:19.800, theta2:9.619, e:-3.003
t:20.19, r:25.00, omega:21.31, omega_m:24.44, u:290.16, theta1:19.804, theta2:9.615, e:-3.127
t:20.20, r:25.00, omega:21.31, omega_m:24.54, u:290.33, theta1:19.808, theta2:9.612, e:-3.228
t:20.21, r:25.00, omega:21.62, omega_m:24.63, u:287.54, theta1:19.812, theta2:9.609, e:-3.003
t:20.22, r:25.00, omega:21.62, omega_m:24.69, u:287.71, theta1:19.816, theta2:9.605, e:-3.071
t:20.23, r:25.00, omega:20.15, omega_m:24.75, u:302.08, theta1:19.821, theta2:9.601, e:-4.599
t:20.24, r:25.00, omega:20.15, omega_m:24.79, u:302.32, theta1:19.827, theta2:9.596, e:-4.644
t:20.25, r:25.00, omega:20.15, omega_m:24.83, u:302.56, theta1:19.833, theta2:9.591, e:-4.682
t:20.26, r:25.00, omega:19.49, omega_m:24.86, u:309.18, theta1:19.840, theta2:9.586, e:-5.374
t:20.27, r:25.00, omega:19.49, omega_m:24.89, u:309.45, theta1:19.847, theta2:9.581, e:-5.399
t:20.28, r:25.00, omega:21.26, omega_m:24.91, u:292.69, theta1:19.851, theta2:9.577, e:-3.650
t:20.29, r:25.00, omega:21.26, omega_m:24.92, u:292.89, theta1:19.856, theta2:9.573, e:-3.667
t:20.30, r:25.00, omega:21.26, omega_m:24.94, u:293.09, theta1:19.860, theta2:9.569, e:-3.680
t:20.31, r:25.00, omega:21.43, omega_m:24.95, u:291.62, theta1:19.865, theta2:9.565, e:-3.518
t:20.32, r:25.00, omega:21.43, omega_m:24.96, u:291.81, theta1:19.869, theta2:9.562, e:-3.528
t:20.33, r:25.00, omega:20.61, omega_m:24.97, u:299.88, theta1:19.875, theta2:9.557, e:-4.354
t:20.34, r:25.00, omega:20.61, omega_m:24.97, u:300.10, theta1:19.880, theta2:9.553, e:-4.360
t:20.35, r:25.00, omega:20.61, omega_m:24.98, u:300.33, theta1:19.885, theta2:9.548, e:-4.366
t:20.36, r:25.00, omega:19.81, omega_m:24.98, u:308.27, theta1:19.892, theta2:9.543, e:-5.173
t:20.37, r:25.00, omega:19.81, omega_m:24.98, u:308.53, theta1:19.898, theta2:9.538, e:-5.176
t:20.38, r:25.00, omega:22.92, omega_m:24.99, u:278.95, theta1:19.901, theta2:9.535, e:-2.065
t:20.39, r:25.00, omega:22.92, omega_m:24.99, u:279.07, theta1:19.904, theta2:9.533, e:-2.067
t:20.40, r:25.00, omega:22.92, omega_m:24.99, u:279.18, theta1:19.906, theta2:9.531, e:-2.069
t:20.41, r:25.00, omega:20.21, omega_m:24.99, u:305.24, theta1:19.912, theta2:9.526, e:-4.779
t:20.42, r:25.00, omega:20.21, omega_m:24.99, u:305.49, theta1:19.918, theta2:9.521, e:-4.780
t:20.43, r:25.00, omega:20.21, omega_m:25.00, u:305.73, theta1:19.924, theta2:9.516, e:-4.781
t:20.44, r:25.00, omega:19.91, omega_m:25.00, u:308.85, theta1:19.930, theta2:9.511, e:-5.081
t:20.45, r:25.00, omega:19.91, omega_m:25.00, u:309.11, theta1:19.937, theta2:9.506, e:-5.082
t:20.46, r:25.00, omega:20.88, omega_m:25.00, u:300.17, theta1:19.942, theta2:9.502, e:-4.119
t:20.47, r:25.00, omega:20.88, omega_m:25.00, u:300.39, theta1:19.947, theta2:9.498, e:-4.120
t:20.48, r:25.00, omega:21.85, omega_m:25.00, u:291.28, theta1:19.951, theta2:9.494, e:-3.143
t:20.49, r:25.00, omega:21.85, omega_m:25.00, u:291.46, theta1:19.955, theta2:9.491, e:-3.144
t:20.50, r:25.00, omega:21.85, omega_m:25.00, u:291.63, theta1:19.959, theta2:9.487, e:-3.144
t:20.51, r:25.00, omega:20.43, omega_m:25.00, u:305.36, theta1:19.965, theta2:9.483, e:-4.566
t:20.52, r:25.00, omega:20.43, omega_m:25.00, u:305.59, theta1:19.970, theta2:9.478, e:-4.566
t:20.53, r:25.00, omega:20.43, omega_m:25.00, u:305.83, theta1:19.976, theta2:9.473, e:-4.566
t:20.54, r:25.00, omega:20.32, omega_m:25.00, u:307.10, theta1:19.982, theta2:9.468, e:-4.675
t:20.55, r:25.00, omega:20.32, omega_m:25.00, u:307.35, theta1:19.988, theta2:9.464, e:-4.675
t:20.56, r:25.00, omega:20.23, omega_m:25.00, u:308.51, theta1:19.994, theta2:9.459, e:-4.773
t:20.57, r:25.00, omega:20.23, omega_m:25.00, u:308.76, theta1:20.000, theta2:9.454, e:-4.773
t:20.58, r:25.00, omega:22.88, omega_m:25.00, u:283.83, theta1:20.002, theta2:9.452, e:-2.122
t:20.59, r:25.00, omega:22.88, omega_m:25.00, u:283.95, theta1:20.005, theta2:9.449, e:-2.122
t:20.60, r:25.00, omega:22.88, omega_m:25.00, u:284.07, theta1:20.008, theta2:9.447, e:-2.122
t:20.61, r:25.00, omega:20.07, omega_m:25.00, u:310.87, theta1:20.014, theta2:9.442, e:-4.932
t:20.62, r:25.00, omega:20.07, omega_m:25.00, u:311.12, theta1:20.020, theta2:9.437, e:-4.932
t:20.63, r:25.00, omega:20.07, omega_m:25.00, u:311.38, theta1:20.026, theta2:9.432, e:-4.933
t:20.64, r:25.00, omega:20.03, omega_m:25.00, u:311.99, theta1:20.032, theta2:9.427, e:-4.971
t:20.65, r:25.00, omega:20.03, omega_m:25.00, u:312.25, theta1:20.038, theta2:9.422, e:-4.971
t:20.66, r:25.00, omega:21.49, omega_m:25.00, u:298.71, theta1:20.043, theta2:9.418, e:-3.514
t:20.67, r:25.00, omega:21.49, omega_m:25.00, u:298.90, theta1:20.047, theta2:9.414, e:-3.514
t:20.68, r:25.00, omega:21.49, omega_m:25.00, u:299.09, theta1:20.052, theta2:9.411, e:-3.514
t:20.69, r:25.00, omega:22.26, omega_m:25.00, u:292.01, theta1:20.055, theta2:9.408, e:-2.745
t:20.70, r:25.00, omega:22.26, omega_m:25.00, u:292.16, theta1:20.059, theta2:9.405, e:-2.745
t:20.71, r:25.00, omega:20.34, omega_m:25.00, u:310.44, theta1:20.064, theta2:9.400, e:-4.663
t:20.72, r:25.00, omega:20.34, omega_m:25.00, u:310.69, theta1:20.070, theta2:9.395, e:-4.663
t:20.73, r:25.00, omega:20.34, omega_m:25.00, u:310.93, theta1:20.076, theta2:9.390, e:-4.663
t:20.74, r:25.00, omega:20.33, omega_m:25.00, u:311.27, theta1:20.082, theta2:9.386, e:-4.673
t:20.75, r:25.00, omega:20.33, omega_m:25.00, u:311.51, theta1:20.088, theta2:9.381, e:-4.673
t:20.76, r:25.00, omega:23.13, omega_m:25.00, u:285.37, theta1:20.090, theta2:9.379, e:-1.875
t:20.77, r:25.00, omega:23.13, omega_m:25.00, u:285.48, theta1:20.092, theta2:9.376, e:-1.875
t:20.78, r:25.00, omega:21.19, omega_m:25.00, u:303.87, theta1:20.097, theta2:9.372, e:-3.815
t:20.79, r:25.00, omega:21.19, omega_m:25.00, u:304.07, theta1:20.102, theta2:9.368, e:-3.815
t:20.80, r:25.00, omega:21.19, omega_m:25.00, u:304.28, theta1:20.107, theta2:9.364, e:-3.815
t:20.81, r:25.00, omega:19.76, omega_m:25.00, u:317.90, theta1:20.113, theta2:9.359, e:-5.241
t:20.82, r:25.00, omega:19.76, omega_m:25.00, u:318.17, theta1:20.120, theta2:9.354, e:-5.241
t:20.83, r:25.00, omega:21.46, omega_m:25.00, u:302.41, theta1:20.124, theta2:9.350, e:-3.536
t:20.84, r:25.00, omega:21.46, omega_m:25.00, u:302.60, theta1:20.129, theta2:9.346, e:-3.536
t:20.85, r:25.00, omega:21.46, omega_m:25.00, u:302.79, theta1:20.133, theta2:9.343, e:-3.536
t:20.86, r:25.00, omega:21.87, omega_m:25.00, u:299.15, theta1:20.137, theta2:9.339, e:-3.127
t:20.87, r:25.00, omega:21.87, omega_m:25.00, u:299.32, theta1:20.141, theta2:9.336, e:-3.127
t:20.88, r:25.00, omega:21.41, omega_m:25.00, u:303.85, theta1:20.145, theta2:9.332, e:-3.591
t:20.89, r:25.00, omega:21.41, omega_m:25.00, u:304.04, theta1:20.150, theta2:9.328, e:-3.591
t:20.90, r:25.00, omega:21.41, omega_m:25.00, u:304.24, theta1:20.154, theta2:9.324, e:-3.591
t:20.91, r:25.00, omega:20.65, omega_m:25.00, u:311.58, theta1:20.160, theta2:9.320, e:-4.354
t:20.92, r:25.00, omega:20.65, omega_m:25.00, u:311.81, theta1:20.165, theta2:9.315, e:-4.354
t:20.93, r:25.00, omega:20.69, omega_m:25.00, u:311.63, theta1:20.171, theta2:9.311, e:-4.311
t:20.94, r:25.00, omega:20.69, omega_m:25.00, u:311.86, theta1:20.176, theta2:9.306, e:-4.311
t:20.95, r:25.00, omega:20.69, omega_m:25.00, u:312.09, theta1:20.181, theta2:9.302, e:-4.311
t:20.96, r:25.00, omega:21.77, omega_m:25.00, u:302.22, theta1:20.185, theta2:9.298, e:-3.231
t:20.97, r:25.00, omega:21.77, omega_m:25.00, u:302.39, theta1:20.189, theta2:9.295, e:-3.231
t:20.98, r:25.00, omega:22.42, omega_m:25.00, u:296.45, theta1:20.193, theta2:9.292, e:-2.575
t:20.99, r:25.00, omega:22.42, omega_m:25.00, u:296.59, theta1:20.196, theta2:9.289, e:-2.575
t:21.00, r:25.00, omega:22.42, omega_m:25.00, u:296.74, theta1:20.199, theta2:9.286, e:-2.575
t:21.01, r:0.00, omega:21.98, omega_m:20.47, u:0.00, theta1:20.199, theta2:9.288, e:1.516
t:21.02, r:0.00, omega:21.98, omega_m:16.76, u:0.00, theta1:20.199, theta2:9.294, e:5.226
t:21.03, r:0.00, omega:21.98, omega_m:13.72, u:0.00, theta1:20.199, theta2:9.303, e:8.264
t:21.04, r:0.00, omega:15.60, omega_m:11.23, u:0.00, theta1:20.199, theta2:9.306, e:4.371
t:21.05, r:0.00, omega:15.60, omega_m:9.20, u:0.00, theta1:20.199, theta2:9.311, e:6.408
t:21.06, r:0.00, omega:15.60, omega_m:7.53, u:0.00, theta1:20.199, theta2:9.317, e:8.075
t:21.07, r:0.00, omega:15.60, omega_m:6.16, u:0.00, theta1:20.199, theta2:9.325, e:9.440
t:21.08, r:0.00, omega:15.60, omega_m:5.05, u:0.00, theta1:20.199, theta2:9.333, e:10.557
t:21.09, r:0.00, omega:15.60, omega_m:4.13, u:0.00, theta1:20.199, theta2:9.342, e:11.472
t:21.10, r:0.00, omega:15.60, omega_m:3.38, u:0.00, theta1:20.199, theta2:9.351, e:12.221
t:21.11, r:0.00, omega:15.60, omega_m:2.77, u:0.00, theta1:20.199, theta2:9.361, e:12.835
t:21.12, r:0.00, omega:15.60, omega_m:2.27, u:0.00, theta1:20.199, theta2:9.372, e:13.337
t:21.13, r:0.00, omega:15.60, omega_m:1.86, u:0.00, theta1:20.199, theta2:9.383, e:13.748
t:21.14, r:0.00, omega:15.60, omega_m:1.52, u:0.00, theta1:20.199, theta2:9.394, e:14.084
t:21.15, r:0.00, omega:15.60, omega_m:1.24, u:0.00, theta1:20.199, theta2:9.405, e:14.360
t:21.16, r:0.00, omega:15.60, omega_m:1.02, u:0.00, theta1:20.199, theta2:9.416, e:14.586
t:21.17, r:0.00, omega:15.60, omega_m:0.83, u:0.00, theta1:20.199, theta2:9.428, e:14.770
t:21.18, r:0.00, omega:15.60, omega_m:0.68, u:0.00, theta1:20.199, theta2:9.439, e:14.922
t:21.19, r:0.00, omega:15.60, omega_m:0.56, u:0.00, theta1:20.199, theta2:9.451, e:15.045
t:21.20, r:0.00, omega:15.60, omega_m:0.46, u:0.00, theta1:20.199, theta2:9.463, e:15.147
t:21.21, r:0.00, omega:15.60, omega_m:0.37, u:0.00, theta1:20.199, theta2:9.475, e:15.230
t:21.22, r:0.00, omega:15.60, omega_m:0.31, u:0.00, theta1:20.199, theta2:9.487, e:15.298
t:21.23, r:0.00, omega:15.60, omega_m:0.25, u:0.00, theta1:20.199, theta2:9.499, e:15.353
t:21.24, r:0.00, omega:15.60, omega_m:0.21, u:0.00, theta1:20.199, theta2:9.511, e:15.399
t:21.25, r:0.00, omega:15.60, omega_m:0.17, u:0.00, theta1:20.199, theta2:9.523, e:15.436
t:21.26, r:0.00, omega:15.60, omega_m:0.14, u:0.00, theta1:20.199, theta2:9.535, e:15.467
t:21.27, r:0.00, omega:15.60, omega_m:0.11, u:0.00, theta1:20.199, theta2:9.547, e:15.492
t:21.28, r:0.00, omega:15.60, omega_m:0.09, u:0.00, theta1:20.199, theta2:9.559, e:15.512
t:21.29, r:0.00, omega:15.60, omega_m:0.08, u:0.00, theta1:20.199, theta2:9.571, e:15.529
t:21.30, r:0.00, omega:15.60, omega_m:0.06, u:0.00, theta1:20.199, theta2:9.583, e:15.543
t:21.31, r:0.00, omega:15.60, omega_m:0.05, u:0.00, theta1:20.199, theta2:9.595, e:15.554
t:21.32, r:0.00, omega:15.60, omega_m:0.04, u:0.00, theta1:20.199, theta2:9.608, e:15.563
t:21.33, r:0.00, omega:15.60, omega_m:0.03, u:0.00, theta1:20.199, theta2:9.620, e:15.571
t:21.34, r:0.00, omega:15.60, omega_m:0.03, u:0.00, theta1:20.199, theta2:9.632, e:15.577
t:21.35, r:0.00, omega:15.60, omega_m:0.02, u:0.00, theta1:20.199, theta2:9.644, e:15.582
t:21.36, r:0.00, omega:15.60, omega_m:0.02, u:0.00, theta1:20.199, theta2:9.656, e:15.586
t:21.37, r:0.00, omega:15.60, omega_m:0.02, u:0.00, theta1:20.199, theta2:9.668, e:15.589
t:21.38, r:0.00, omega:15.60, omega_m:0.01, u:0.00, theta1:20.199, theta2:9.681, e:15.592
t:21.39, r:0.00, omega:15.60, omega_m:0.01, u:0.00, theta1:20.199, theta2:9.693, e:15.594
t:21.40, r:0.00, omega:15.60, omega_m:0.01, u:0.00, theta1:20.199, theta2:9.705, e:15.596
t:21.41, r:0.00, omega:15.60, omega_m:0.01, u:0.00, theta1:20.199, theta2:9.717, e:15.598
t:21.42, r:0.00, omega:15.60, omega_m:0.01, u:0.00, theta1:20.199, theta2:9.729, e:15.599
t:21.43, r:0.00, omega:15.60, omega_m:0.00, u:0.00, theta1:20.199, theta2:9.741, e:15.600
t:21.44, r:0.00, omega:15.60, omega_m:0.00, u:0.00, theta1:20.199, theta2:9.754, e:15.601
t:21.45, r:0.00, omega:15.60, omega_m:0.00, u:0.00, theta1:20.199, theta2:9.766, e:15.602
t:21.46, r:0.00, omega:15.60, omega_m:0.00, u:0.00, theta1:20.199, theta2:9.778, e:15.602
t:21.47, r:0.00, omega:15.60, omega_m:0.00, u:0.00, theta1:20.199, theta2:9.790, e:15.603
t:21.48, r:0.00, omega:15.60, omega_m:0.00, u:0.00, theta1:20.199, theta2:9.802, e:15.603
t:21.49, r:0.00, omega:15.60, omega_m:0.00, u:0.00, theta1:20.199, theta2:9.814, e:15.603
t:21.50, r:0.00, omega:15.60, omega_m:0.00, u:0.00, theta1:20.199, theta2:9.827, e:15.604
t:21.51, r:0.00, omega:15.60, omega_m:0.00, u:0.00, theta1:20.199, theta2:9.839, e:15.604
t:21.52, r:0.00, omega:15.60, omega_m:0.00, u:0.00, theta1:20.199, theta2:9.851, e:15.604
t:21.53, r:0.00, omega:15.60, omega_m:0.00, u:0.00, theta1:20.199, theta2:9.863, e:15.604
t:21.54, r:0.00, omega:0.00, omega_m:0.00, u:0.00, theta1:20.199, theta2:9.863, e:-0.001
t:21.55, r:0.00, omega:0.00, omega_m:0.00, u:0.00, theta1:20.199, theta2:9.863, e:-0.000
t:21.56, r:0.00, omega:0.00, omega_m:0.00, u:0.00, theta1:20.199, theta2:9.863, e:-0.000
t:21.57, r:0.00, omega:0.00, omega_m:0.00, u:0.00, theta1:20.199, theta2:9.863, e:-0.000
t:21.58, r:0.00, omega:0.00, omega_m:0.00, u:0.00, theta1:20.199, theta2:9.863, e:-0.000
t:21.59, r:0.00, omega:0.00, omega_m:0.00, u:0.00, theta1:20.199, theta2:9.863, e:-0.000
t:21.60, r:0.00, omega:0.00, omega_m:0.00, u:0.00, theta1:20.199, theta2:9.863, e:-0.000
t:21.61, r:0.00, omega:0.00, omega_m:0.00, u:0.00, theta1:20.199, theta2:9.863, e:-0.000
t:21.62, r:0.00, omega:0.00, omega_m:0.00, u:0.00, theta1:20.199, theta2:9.863, e:-0.000
t:21.63, r:0.00, omega:0.00, omega_m:0.00, u:0.00, theta1:20.199, theta2:9.863, e:-0.000
t:21.64, r:0.00, omega:0.00, omega_m:0.00, u:0.00, theta1:20.199, theta2:9.863, e:-0.000
t:21.65, r:0.00, omega:0.00, omega_m:0.00, u:0.00, theta1:20.199, theta2:9.863, e:-0.000
t:21.66, r:0.00, omega:0.00, omega_m:0.00, u:0.00, theta1:20.199, theta2:9.863, e:-0.000
t:21.67, r:0.00, omega:0.00, omega_m:0.00, u:0.00, theta1:20.199, theta2:9.863, e:-0.000
t:21.68, r:0.00, omega:0.00, omega_m:0.00, u:0.00, theta1:20.199, theta2:9.863, e:-0.000
t:21.69, r:0.00, omega:0.00, omega_m:0.00, u:0.00, theta1:20.199, theta2:9.863, e:-0.000
t:21.70, r:0.00, omega:0.00, omega_m:0.00, u:0.00, theta1:20.199, theta2:9.863, e:-0.000
t:21.71, r:0.00, omega:0.00, omega_m:0.00, u:0.00, theta1:20.199, theta2:9.863, e:-0.000
t:21.72, r:0.00, omega:0.00, omega_m:0.00, u:0.00, theta1:20.199, theta2:9.863, e:-0.000
t:21.73, r:0.00, omega:0.00, omega_m:0.00, u:0.00, theta1:20.199, theta2:9.863, e:-0.000
t:21.74, r:0.00, omega:0.00, omega_m:0.00, u:0.00, theta1:20.199, theta2:9.863, e:-0.000
t:21.75, r:0.00, omega:0.00, omega_m:0.00, u:0.00, theta1:20.199, theta2:9.863, e:-0.000
t:21.76, r:0.00, omega:0.00, omega_m:0.00, u:0.00, theta1:20.199, theta2:9.863, e:-0.000
t:21.77, r:0.00, omega:0.00, omega_m:0.00, u:0.00, theta1:20.199, theta2:9.863, e:-0.000
t:21.78, r:0.00, omega:0.00, omega_m:0.00, u:0.00, theta1:20.199, theta2:9.863, e:-0.000
t:21.79, r:0.00, omega:0.00, omega_m:0.00, u:0.00, theta1:20.199, theta2:9.863, e:-0.000
t:21.80, r:0.00, omega:0.00, omega_m:0.00, u:0.00, theta1:20.199, theta2:9.863, e:-0.000
t:21.81, r:0.00, omega:0.00, omega_m:0.00, u:0.00, theta1:20.199, theta2:9.863, e:-0.000
t:21.82, r:0.00, omega:0.00, omega_m:0.00, u:0.00, theta1:20.199, theta2:9.863, e:-0.000
t:21.83, r:0.00, omega:0.00, omega_m:0.00, u:0.00, theta1:20.199, theta2:9.863, e:-0.000
t:21.84, r:0.00, omega:0.00, omega_m:0.00, u:0.00, theta1:20.199, theta2:9.863, e:-0.000
t:21.85, r:0.00, omega:0.00, omega_m:0.00, u:0.00, theta1:20.199, theta2:9.863, e:-0.000
t:21.86, r:0.00, omega:0.00, omega_m:0.00, u:0.00, theta1:20.199, theta2:9.863, e:-0.000
t:21.87, r:0.00, omega:0.00, omega_m:0.00, u:0.00, theta1:20.199, theta2:9.863, e:-0.000
t:21.88, r:0.00, omega:0.00, omega_m:0.00, u:0.00, theta1:20.199, theta2:9.863, e:-0.000
t:21.89, r:0.00, omega:0.00, omega_m:0.00, u:0.00, theta1:20.199, theta2:9.863, e:-0.000
t:21.90, r:0.00, omega:0.00, omega_m:0.00, u:0.00, theta1:20.199, theta2:9.863, e:-0.000
t:21.91, r:0.00, omega:0.00, omega_m:0.00, u:0.00, theta1:20.199, theta2:9.863, e:-0.000
t:21.92, r:0.00, omega:0.00, omega_m:0.00, u:0.00, theta1:20.199, theta2:9.863, e:-0.000
t:21.93, r:0.00, omega:0.00, omega_m:0.00, u:0.00, theta1:20.199, theta2:9.863, e:-0.000
t:21.94, r:0.00, omega:0.00, omega_m:0.00, u:0.00, theta1:20.199, theta2:9.863, e:-0.000
t:21.95, r:0.00, omega:0.00, omega_m:0.00, u:0.00, theta1:20.199, theta2:9.863, e:-0.000
t:21.96, r:0.00, omega:0.00, omega_m:0.00, u:0.00, theta1:20.199, theta2:9.863, e:-0.000
t:21.97, r:0.00, omega:0.00, omega_m:0.00, u:0.00, theta1:20.199, theta2:9.863, e:-0.000
t:21.98, r:0.00, omega:0.00, omega_m:0.00, u:0.00, theta1:20.199, theta2:9.863, e:-0.000
t:21.99, r:0.00, omega:0.00, omega_m:0.00, u:0.00, theta1:20.199, theta2:9.863, e:-0.000
t:22.00, r:0.00, omega:0.00, omega_m:0.00, u:0.00, theta1:20.199, theta2:9.863, e:-0.000
t:22.01, r:-25.00, omega:0.00, omega_m:-4.53, u:-505.12, theta1:20.205, theta2:9.863, e:4.532
t:22.02, r:-25.00, omega:0.00, omega_m:-8.24, u:-505.38, theta1:20.215, theta2:9.863, e:8.242
t:22.03, r:-25.00, omega:0.00, omega_m:-11.28, u:-505.73, theta1:20.229, theta2:9.863, e:11.280
t:22.04, r:-25.00, omega:0.00, omega_m:-13.77, u:-506.16, theta1:20.246, theta2:9.863, e:13.767
t:22.05, r:-25.00, omega:-0.52, omega_m:-15.80, u:-501.51, theta1:20.265, theta2:9.863, e:15.283
t:22.06, r:-25.00, omega:-27.59, omega_m:-17.47, u:-233.87, theta1:20.253, theta2:9.877, e:-10.115
t:22.07, r:-25.00, omega:-27.59, omega_m:-18.84, u:-233.26, theta1:20.242, theta2:9.889, e:-8.750
t:22.08, r:-25.00, omega:-31.06, omega_m:-19.95, u:-197.99, theta1:20.228, theta2:9.906, e:-11.110
t:22.09, r:-25.00, omega:-31.06, omega_m:-20.87, u:-197.18, theta1:20.215, theta2:9.922, e:-10.196
t:22.10, r:-25.00, omega:-21.93, omega_m:-21.62, u:-287.81, theta1:20.215, theta2:9.922, e:-0.311
t:22.11, r:-25.00, omega:-21.93, omega_m:-22.23, u:-287.82, theta1:20.215, theta2:9.922, e:0.303
t:22.12, r:-25.00, omega:-21.93, omega_m:-22.73, u:-287.87, theta1:20.216, theta2:9.921, e:0.805
t:22.13, r:-25.00, omega:-17.68, omega_m:-23.14, u:-330.28, theta1:20.223, theta2:9.916, e:5.465
t:22.14, r:-25.00, omega:-17.68, omega_m:-23.48, u:-330.55, theta1:20.230, theta2:9.911, e:5.801
t:22.15, r:-25.00, omega:-17.68, omega_m:-23.76, u:-330.83, theta1:20.238, theta2:9.906, e:6.077
t:22.16, r:-25.00, omega:-20.82, omega_m:-23.98, u:-299.86, theta1:20.242, theta2:9.902, e:3.159
t:22.17, r:-25.00, omega:-20.82, omega_m:-24.17, u:-300.03, theta1:20.246, theta2:9.899, e:3.343
t:22.18, r:-25.00, omega:-23.61, omega_m:-24.32, u:-272.44, theta1:20.247, theta2:9.898, e:0.703
t:22.19, r:-25.00, omega:-23.61, omega_m:-24.44, u:-272.49, theta1:20.248, theta2:9.897, e:0.826
t:22.20, r:-25.00, omega:-23.61, omega_m:-24.54, u:-272.54, theta1:20.249, theta2:9.896, e:0.928
t:22.21, r:-25.00, omega:-20.55, omega_m:-24.63, u:-303.13, theta1:20.254, theta2:9.892, e:4.080
t:22.22, r:-25.00, omega:-20.55, omega_m:-24.69, u:-303.34, theta1:20.259, theta2:9.887, e:4.148
t:22.23, r:-25.00, omega:-19.71, omega_m:-24.75, u:-311.81, theta1:20.266, theta2:9.883, e:5.034
t:22.24, r:-25.00, omega:-19.71, omega_m:-24.79, u:-312.07, theta1:20.272, theta2:9.878, e:5.080
t:22.25, r:-25.00, omega:-19.71, omega_m:-24.83, u:-312.33, theta1:20.278, theta2:9.872, e:5.117
t:22.26, r:-25.00, omega:-21.31, omega_m:-24.86, u:-296.76, theta1:20.283, theta2:9.869, e:3.551
t:22.27, r:-25.00, omega:-21.31, omega_m:-24.89, u:-296.95, theta1:20.287, theta2:9.865, e:3.576
t:22.28, r:-25.00, omega:-21.17, omega_m:-24.91, u:-298.53, theta1:20.292, theta2:9.861, e:3.736
t:22.29, r:-25.00, omega:-21.17, omega_m:-24.92, u:-298.73, theta1:20.297, theta2:9.857, e:3.753
t:22.30, r:-25.00, omega:-21.17, omega_m:-24.94, u:-298.93, theta1:20.301, theta2:9.853, e:3.766
t:22.31, r:-25.00, omega:-21.34, omega_m:-24.95, u:-297.49, theta1:20.306, theta2:9.849, e:3.612
t:22.32, r:-25.00, omega:-21.34, omega_m:-24.96, u:-297.69, theta1:20.310, theta2:9.845, e:3.621
t:22.33, r:-25.00, omega:-22.31, omega_m:-24.97, u:-288.31, theta1:20.314, theta2:9.842, e:2.661
t:22.34, r:-25.00, omega:-22.31, omega_m:-24.97, u:-288.46, theta1:20.317, theta2:9.839, e:2.667
t:22.35, r:-25.00, omega:-22.08, omega_m:-24.98, u:-290.89, theta1:20.321, theta2:9.836, e:2.902
t:22.36, r:-25.00, omega:-22.08, omega_m:-24.98, u:-291.05, theta1:20.324, theta2:9.833, e:2.906
t:22.37, r:-25.00, omega:-22.08, omega_m:-24.98, u:-291.21, theta1:20.328, theta2:9.830, e:2.910
t:22.38, r:-25.00, omega:-20.39, omega_m:-24.99, u:-307.97, theta1:20.334, theta2:9.825, e:4.593
t:22.39, r:-25.00, omega:-20.39, omega_m:-24.99, u:-308.21, theta1:20.340, theta2:9.820, e:4.596
t:22.40, r:-25.00, omega:-20.39, omega_m:-24.99, u:-308.45, theta1:20.345, theta2:9.816, e:4.597
t:22.41, r:-25.00, omega:-21.17, omega_m:-24.99, u:-301.00, theta1:20.350, theta2:9.812, e:3.819
t:22.42, r:-25.00, omega:-21.17, omega_m:-24.99, u:-301.20, theta1:20.355, theta2:9.808, e:3.820
t:22.43, r:-25.00, omega:-22.05, omega_m:-25.00, u:-292.78, theta1:20.359, theta2:9.804, e:2.945
t:22.44, r:-25.00, omega:-22.05, omega_m:-25.00, u:-292.94, theta1:20.362, theta2:9.801, e:2.946
t:22.45, r:-25.00, omega:-22.05, omega_m:-25.00, u:-293.11, theta1:20.366, theta2:9.798, e:2.947
t:22.46, r:-25.00, omega:-20.21, omega_m:-25.00, u:-311.41, theta1:20.372, theta2:9.793, e:4.791
t:22.47, r:-25.00, omega:-20.21, omega_m:-25.00, u:-311.66, theta1:20.378, theta2:9.788, e:4.791
t:22.48, r:-25.00, omega:-21.52, omega_m:-25.00, u:-298.98, theta1:20.382, theta2:9.784, e:3.477
t:22.49, r:-25.00, omega:-21.52, omega_m:-25.00, u:-299.17, theta1:20.387, theta2:9.781, e:3.477
t:22.50, r:-25.00, omega:-21.98, omega_m:-25.00, u:-294.87, theta1:20.390, theta2:9.777, e:3.021
t:22.51, r:-25.00, omega:-21.98, omega_m:-25.00, u:-295.04, theta1:20.394, theta2:9.774, e:3.021
t:22.52, r:-25.00, omega:-21.98, omega_m:-25.00, u:-295.21, theta1:20.398, theta2:9.771, e:3.021
t:22.53, r:-25.00, omega:-21.70, omega_m:-25.00, u:-298.11, theta1:20.402, theta2:9.767, e:3.300
t:22.54, r:-25.00, omega:-21.70, omega_m:-25.00, u:-298.29, theta1:20.406, theta2:9.764, e:3.300
t:22.55, r:-25.00, omega:-21.08, omega_m:-25.00, u:-304.55, theta1:20.411, theta2:9.759, e:3.920
t:22.56, r:-25.00, omega:-21.08, omega_m:-25.00, u:-304.76, theta1:20.416, theta2:9.755, e:3.920
t:22.57, r:-25.00, omega:-21.08, omega_m:-25.00, u:-304.97, theta1:20.421, theta2:9.751, e:3.920
t:22.58, r:-25.00, omega:-20.86, omega_m:-25.00, u:-307.35, theta1:20.426, theta2:9.747, e:4.142
t:22.59, r:-25.00, omega:-20.86, omega_m:-25.00, u:-307.57, theta1:20.431, theta2:9.742, e:4.142
t:22.60, r:-25.00, omega:-21.01, omega_m:-25.00, u:-306.27, theta1:20.436, theta2:9.738, e:3.987
t:22.61, r:-25.00, omega:-21.01, omega_m:-25.00, u:-306.49, theta1:20.441, theta2:9.734, e:3.987
t:22.62, r:-25.00, omega:-21.01, omega_m:-25.00, u:-306.70, theta1:20.446, theta2:9.730, e:3.987
t:22.63, r:-25.00, omega:-22.41, omega_m:-25.00, u:-293.27, theta1:20.449, theta2:9.727, e:2.591
t:22.64, r:-25.00, omega:-22.41, omega_m:-25.00, u:-293.41, theta1:20.453, theta2:9.724, e:2.591
t:22.65, r:-25.00, omega:-22.38, omega_m:-25.00, u:-293.88, theta1:20.456, theta2:9.721, e:2.624
t:22.66, r:-25.00, omega:-22.38, omega_m:-25.00, u:-294.02, theta1:20.459, theta2:9.718, e:2.624
t:22.67, r:-25.00, omega:-22.26, omega_m:-25.00, u:-295.35, theta1:20.463, theta2:9.715, e:2.745
t:22.68, r:-25.00, omega:-22.26, omega_m:-25.00, u:-295.51, theta1:20.466, theta2:9.712, e:2.745
t:22.69, r:-25.00, omega:-22.26, omega_m:-25.00, u:-295.66, theta1:20.469, theta2:9.709, e:2.745
t:22.70, r:-25.00, omega:-20.61, omega_m:-25.00, u:-311.87, theta1:20.475, theta2:9.705, e:4.391
t:22.71, r:-25.00, omega:-20.61, omega_m:-25.00, u:-312.10, theta1:20.480, theta2:9.700, e:4.391
t:22.72, r:-25.00, omega:-21.08, omega_m:-25.00, u:-307.72, theta1:20.485, theta2:9.696, e:3.918
t:22.73, r:-25.00, omega:-21.08, omega_m:-25.00, u:-307.93, theta1:20.490, theta2:9.692, e:3.918
t:22.74, r:-25.00, omega:-21.08, omega_m:-25.00, u:-308.14, theta1:20.495, theta2:9.688, e:3.918
t:22.75, r:-25.00, omega:-21.68, omega_m:-25.00, u:-302.49, theta1:20.499, theta2:9.684, e:3.315
t:22.76, r:-25.00, omega:-21.68, omega_m:-25.00, u:-302.67, theta1:20.503, theta2:9.680, e:3.315
t:22.77, r:-25.00, omega:-21.67, omega_m:-25.00, u:-303.00, theta1:20.508, theta2:9.677, e:3.331
t:22.78, r:-25.00, omega:-21.67, omega_m:-25.00, u:-303.18, theta1:20.512, theta2:9.673, e:3.331
t:22.79, r:-25.00, omega:-22.13, omega_m:-25.00, u:-298.88, theta1:20.515, theta2:9.670, e:2.870
t:22.80, r:-25.00, omega:-22.13, omega_m:-25.00, u:-299.04, theta1:20.519, theta2:9.667, e:2.870
t:22.81, r:-25.00, omega:-22.13, omega_m:-25.00, u:-299.20, theta1:20.523, theta2:9.664, e:2.870
t:22.82, r:-25.00, omega:-22.14, omega_m:-25.00, u:-299.25, theta1:20.526, theta2:9.661, e:2.858
t:22.83, r:-25.00, omega:-22.14, omega_m:-25.00, u:-299.40, theta1:20.530, theta2:9.657, e:2.858
t:22.84, r:-25.00, omega:-21.51, omega_m:-25.00, u:-305.73, theta1:20.534, theta2:9.654, e:3.493
t:22.85, r:-25.00, omega:-21.51, omega_m:-25.00, u:-305.92, theta1:20.538, theta2:9.650, e:3.493
t:22.86, r:-25.00, omega:-21.51, omega_m:-25.00, u:-306.11, theta1:20.543, theta2:9.646, e:3.493
t:22.87, r:-25.00, omega:-21.01, omega_m:-25.00, u:-311.10, theta1:20.548, theta2:9.642, e:3.988
t:22.88, r:-25.00, omega:-21.01, omega_m:-25.00, u:-311.31, theta1:20.553, theta2:9.638, e:3.988
t:22.89, r:-25.00, omega:-21.27, omega_m:-25.00, u:-308.99, theta1:20.557, theta2:9.634, e:3.727
t:22.90, r:-25.00, omega:-21.27, omega_m:-25.00, u:-309.19, theta1:20.562, theta2:9.630, e:3.727
t:22.91, r:-25.00, omega:-21.27, omega_m:-25.00, u:-309.39, theta1:20.567, theta2:9.626, e:3.727
t:22.92, r:-25.00, omega:-22.15, omega_m:-25.00, u:-301.08, theta1:20.570, theta2:9.623, e:2.846
t:22.93, r:-25.00, omega:-22.15, omega_m:-25.00, u:-301.24, theta1:20.574, theta2:9.620, e:2.846
t:22.94, r:-25.00, omega:-22.97, omega_m:-25.00, u:-293.52, theta1:20.576, theta2:9.617, e:2.032
t:22.95, r:-25.00, omega:-22.97, omega_m:-25.00, u:-293.64, theta1:20.579, theta2:9.615, e:2.032
t:22.96, r:-25.00, omega:-23.08, omega_m:-25.00, u:-292.71, theta1:20.581, theta2:9.613, e:1.924
t:22.97, r:-25.00, omega:-23.08, omega_m:-25.00, u:-292.82, theta1:20.584, theta2:9.610, e:1.924
t:22.98, r:-25.00, omega:-23.08, omega_m:-25.00, u:-292.93, theta1:20.586, theta2:9.608, e:1.924
t:22.99, r:-25.00, omega:-20.81, omega_m:-25.00, u:-314.88, theta1:20.591, theta2:9.604, e:4.185
t:23.00, r:-25.00, omega:-20.81, omega_m:-25.00, u:-315.10, theta1:20.597, theta2:9.599, e:4.185
t:23.01, r:0.00, omega:-20.68, omega_m:-20.47, u:0.00, theta1:20.597, theta2:9.600, e:-0.214
t:23.02, r:0.00, omega:-20.68, omega_m:-16.76, u:0.00, theta1:20.597, theta2:9.604, e:-3.925
t:23.03, r:0.00, omega:-20.68, omega_m:-13.72, u:0.00, theta1:20.597, theta2:9.611, e:-6.962
t:23.04, r:0.00, omega:-20.68, omega_m:-11.23, u:0.00, theta1:20.597, theta2:9.621, e:-9.449
t:23.05, r:0.00, omega:-20.68, omega_m:-9.20, u:0.00, theta1:20.597, theta2:9.633, e:-11.486
t:23.06, r:0.00, omega:-12.04, omega_m:-7.53, u:0.00, theta1:20.597, theta2:9.635, e:-4.507
t:23.07, r:0.00, omega:-12.04, omega_m:-6.16, u:0.00, theta1:20.597, theta2:9.639, e:-5.872
t:23.08, r:0.00, omega:-12.04, omega_m:-5.05, u:0.00, theta1:20.597, theta2:9.643, e:-6.989
t:23.09, r:0.00, omega:-12.04, omega_m:-4.13, u:0.00, theta1:20.597, theta2:9.648, e:-7.904
t:23.10, r:0.00, omega:-12.04, omega_m:-3.38, u:0.00, theta1:20.597, theta2:9.653, e:-8.653
t:23.11, r:0.00, omega:-12.04, omega_m:-2.77, u:0.00, theta1:20.597, theta2:9.659, e:-9.266
t:23.12, r:0.00, omega:-12.04, omega_m:-2.27, u:0.00, theta1:20.597, theta2:9.664, e:-9.769
t:23.13, r:0.00, omega:-12.04, omega_m:-1.86, u:0.00, theta1:20.597, theta2:9.671, e:-10.180
t:23.14, r:0.00, omega:-12.04, omega_m:-1.52, u:0.00, theta1:20.597, theta2:9.677, e:-10.516
t:23.15, r:0.00, omega:-12.04, omega_m:-1.24, u:0.00, theta1:20.597, theta2:9.683, e:-10.792
t:23.16, r:0.00, omega:-12.04, omega_m:-1.02, u:0.00, theta1:20.597, theta2:9.690, e:-11.017
t:23.17, r:0.00, omega:-12.04, omega_m:-0.83, u:0.00, theta1:20.597, theta2:9.697, e:-11.202
t:23.18, r:0.00, omega:-12.04, omega_m:-0.68, u:0.00, theta1:20.597, theta2:9.704, e:-11.353
t:23.19, r:0.00, omega:-12.04, omega_m:-0.56, u:0.00, theta1:20.597, theta2:9.711, e:-11.477
t:23.20, r:0.00, omega:-12.04, omega_m:-0.46, u:0.00, theta1:20.597, theta2:9.718, e:-11.579
t:23.21, r:0.00, omega:-12.04, omega_m:-0.37, u:0.00, theta1:20.597, theta2:9.725, e:-11.662
t:23.22, r:0.00, omega:-12.04, omega_m:-0.31, u:0.00, theta1:20.597, theta2:9.732, e:-11.730
t:23.23, r:0.00, omega:-12.04, omega_m:-0.25, u:0.00, theta1:20.597, theta2:9.739, e:-11.785
t:23.24, r:0.00, omega:-12.04, omega_m:-0.21, u:0.00, theta1:20.597, theta2:9.746, e:-11.831
t:23.25, r:0.00, omega:-12.04, omega_m:-0.17, u:0.00, theta1:20.597, theta2:9.753, e:-11.868
t:23.26, r:0.00, omega:-12.04, omega_m:-0.14, u:0.00, theta1:20.597, theta2:9.760, e:-11.899
t:23.27, r:0.00, omega:-12.04, omega_m:-0.11, u:0.00, theta1:20.597, theta2:9.767, e:-11.924
t:23.28, r:0.00, omega:-12.04, omega_m:-0.09, u:0.00, theta1:20.597, theta2:9.774, e:-11.944
t:23.29, r:0.00, omega:-12.04, omega_m:-0.08, u:0.00, theta1:20.597, theta2:9.782, e:-11.961
t:23.30, r:0.00, omega:-12.04, omega_m:-0.06, u:0.00, theta1:20.597, theta2:9.789, e:-11.975
t:23.31, r:0.00, omega:-12.04, omega_m:-0.05, u:0.00, theta1:20.597, theta2:9.796, e:-11.986
t:23.32, r:0.00, omega:-12.04, omega_m:-0.04, u:0.00, theta1:20.597, theta2:9.803, e:-11.995
t:23.33, r:0.00, omega:-12.04, omega_m:-0.03, u:0.00, theta1:20.597, theta2:9.811, e:-12.002
t:23.34, r:0.00, omega:-12.04, omega_m:-0.03, u:0.00, theta1:20.597, theta2:9.818, e:-12.009
t:23.35, r:0.00, omega:-12.04, omega_m:-0.02, u:0.00, theta1:20.597, theta2:9.825, e:-12.014
t:23.36, r:0.00, omega:-12.04, omega_m:-0.02, u:0.00, theta1:20.597, theta2:9.832, e:-12.018
t:23.37, r:0.00, omega:-12.04, omega_m:-0.02, u:0.00, theta1:20.597, theta2:9.839, e:-12.021
t:23.38, r:0.00, omega:-12.04, omega_m:-0.01, u:0.00, theta1:20.597, theta2:9.847, e:-12.024
t:23.39, r:0.00, omega:-12.04, omega_m:-0.01, u:0.00, theta1:20.597, theta2:9.854, e:-12.026
t:23.40, r:0.00, omega:-12.04, omega_m:-0.01, u:0.00, theta1:20.597, theta2:9.861, e:-12.028
t:23.41, r:0.00, omega:-12.04, omega_m:-0.01, u:0.00, theta1:20.597, theta2:9.868, e:-12.030
t:23.42, r:0.00, omega:-12.04, omega_m:-0.01, u:0.00, theta1:20.597, theta2:9.876, e:-12.031
t:23.43, r:0.00, omega:-12.04, omega_m:-0.00, u:0.00, theta1:20.597, theta2:9.883, e:-12.032
t:23.44, r:0.00, omega:-12.04, omega_m:-0.00, u:0.00, theta1:20.597, theta2:9.890, e:-12.033
t:23.45, r:0.00, omega:-12.04, omega_m:-0.00, u:0.00, theta1:20.597, theta2:9.897, e:-12.033
t:23.46, r:0.00, omega:-12.04, omega_m:-0.00, u:0.00, theta1:20.597, theta2:9.905, e:-12.034
t:23.47, r:0.00, omega:-12.04, omega_m:-0.00, u:0.00, theta1:20.597, theta2:9.912, e:-12.034
t:23.48, r:0.00, omega:-12.04, omega_m:-0.00, u:0.00, theta1:20.597, theta2:9.919, e:-12.035
t:23.49, r:0.00, omega:-12.04, omega_m:-0.00, u:0.00, theta1:20.597, theta2:9.926, e:-12.035
t:23.50, r:0.00, omega:-12.04, omega_m:-0.00, u:0.00, theta1:20.597, theta2:9.934, e:-12.035
t:23.51, r:0.00, omega:-12.04, omega_m:-0.00, u:0.00, theta1:20.597, theta2:9.941, e:-12.036
t:23.52, r:0.00, omega:-12.04, omega_m:-0.00, u:0.00, theta1:20.597, theta2:9.948, e:-12.036
t:23.53, r:0.00, omega:-12.04, omega_m:-0.00, u:0.00, theta1:20.597, theta2:9.955, e:-12.036
t:23.54, r:0.00, omega:-12.04, omega_m:-0.00, u:0.00, theta1:20.597, theta2:9.963, e:-12.036
t:23.55, r:0.00, omega:-12.04, omega_m:-0.00, u:0.00, theta1:20.597, theta2:9.970, e:-12.036
t:23.56, r:0.00, omega:0.00, omega_m:-0.00, u:0.00, theta1:20.597, theta2:9.970, e:0.000
t:23.57, r:0.00, omega:0.00, omega_m:-0.00, u:0.00, theta1:20.597, theta2:9.970, e:0.000
t:23.58, r:0.00, omega:0.00, omega_m:-0.00, u:0.00, theta1:20.597, theta2:9.970, e:0.000
t:23.59, r:0.00, omega:0.00, omega_m:-0.00, u:0.00, theta1:20.597, theta2:9.970, e:0.000
t:23.60, r:0.00, omega:0.00, omega_m:-0.00, u:0.00, theta1:20.597, theta2:9.970, e:0.000
t:23.61, r:0.00, omega:0.00, omega_m:-0.00, u:0.00, theta1:20.597, theta2:9.970, e:0.000
t:23.62, r:0.00, omega:0.00, omega_m:-0.00, u:0.00, theta1:20.597, theta2:9.970, e:0.000
t:23.63, r:0.00, omega:0.00, omega_m:-0.00, u:0.00, theta1:20.597, theta2:9.970, e:0.000
t:23.64, r:0.00, omega:0.00, omega_m:-0.00, u:0.00, theta1:20.597, theta2:9.970, e:0.000
t:23.65, r:0.00, omega:0.00, omega_m:-0.00, u:0.00, theta1:20.597, theta2:9.970, e:0.000
t:23.66, r:0.00, omega:0.00, omega_m:-0.00, u:0.00, theta1:20.597, theta2:9.970, e:0.000
t:23.67, r:0.00, omega:0.00, omega_m:-0.00, u:0.00, theta1:20.597, theta2:9.970, e:0.000
t:23.68, r:0.00, omega:0.00, omega_m:-0.00, u:0.00, theta1:20.597, theta2:9.970, e:0.000
t:23.69, r:0.00, omega:0.00, omega_m:-0.00, u:0.00, theta1:20.597, theta2:9.970, e:0.000
t:23.70, r:0.00, omega:0.00, omega_m:-0.00, u:0.00, theta1:20.597, theta2:9.970, e:0.000
t:23.71, r:0.00, omega:0.00, omega_m:-0.00, u:0.00, theta1:20.597, theta2:9.970, e:0.000
t:23.72, r:0.00, omega:0.00, omega_m:-0.00, u:0.00, theta1:20.597, theta2:9.970, e:0.000
t:23.73, r:0.00, omega:0.00, omega_m:-0.00, u:0.00, theta1:20.597, theta2:9.970, e:0.000
t:23.74, r:0.00, omega:0.00, omega_m:-0.00, u:0.00, theta1:20.597, theta2:9.970, e:0.000
t:23.75, r:0.00, omega:0.00, omega_m:-0.00, u:0.00, theta1:20.597, theta2:9.970, e:0.000
t:23.76, r:0.00, omega:0.00, omega_m:-0.00, u:0.00, theta1:20.597, theta2:9.970, e:0.000
t:23.77, r:0.00, omega:0.00, omega_m:-0.00, u:0.00, theta1:20.597, theta2:9.970, e:0.000
t:23.78, r:0.00, omega:0.00, omega_m:-0.00, u:0.00, theta1:20.597, theta2:9.970, e:0.000
t:23.79, r:0.00, omega:0.00, omega_m:-0.00, u:0.00, theta1:20.597, theta2:9.970, e:0.000
t:23.80, r:0.00, omega:0.00, omega_m:-0.00, u:0.00, theta1:20.597, theta2:9.970, e:0.000
t:23.81, r:0.00, omega:0.00, omega_m:-0.00, u:0.00, theta1:20.597, theta2:9.970, e:0.000
t:23.82, r:0.00, omega:0.00, omega_m:-0.00, u:0.00, theta1:20.597, theta2:9.970, e:0.000
t:23.83, r:0.00, omega:0.00, omega_m:-0.00, u:0.00, theta1:20.597, theta2:9.970, e:0.000
t:23.84, r:0.00, omega:0.00, omega_m:-0.00, u:0.00, theta1:20.597, theta2:9.970, e:0.000
t:23.85, r:0.00, omega:0.00, omega_m:-0.00, u:0.00, theta1:20.597, theta2:9.970, e:0.000
t:23.86, r:0.00, omega:0.00, omega_m:-0.00, u:0.00, theta1:20.597, theta2:9.970, e:0.000
t:23.87, r:0.00, omega:0.00, omega_m:-0.00, u:0.00, theta1:20.597, theta2:9.970, e:0.000
t:23.88, r:0.00, omega:0.00, omega_m:-0.00, u:0.00, theta1:20.597, theta2:9.970, e:0.000
t:23.89, r:0.00, omega:0.00, omega_m:-0.00, u:0.00, theta1:20.597, theta2:9.970, e:0.000
t:23.90, r:0.00, omega:0.00, omega_m:-0.00, u:0.00, theta1:20.597, theta2:9.970, e:0.000
t:23.91, r:0.00, omega:0.00, omega_m:-0.00, u:0.00, theta1:20.597, theta2:9.970, e:0.000
t:23.92, r:0.00, omega:0.00, omega_m:-0.00, u:0.00, theta1:20.597, theta2:9.970, e:0.000
t:23.93, r:0.00, omega:0.00, omega_m:-0.00, u:0.00, theta1:20.597, theta2:9.970, e:0.000
t:23.94, r:0.00, omega:0.00, omega_m:-0.00, u:0.00, theta1:20.597, theta2:9.970, e:0.000
t:23.95, r:0.00, omega:0.00, omega_m:-0.00, u:0.00, theta1:20.597, theta2:9.970, e:0.000
t:23.96, r:0.00, omega:0.00, omega_m:-0.00, u:0.00, theta1:20.597, theta2:9.970, e:0.000
t:23.97, r:0.00, omega:0.00, omega_m:-0.00, u:0.00, theta1:20.597, theta2:9.970, e:0.000
t:23.98, r:0.00, omega:0.00, omega_m:-0.00, u:0.00, theta1:20.597, theta2:9.970, e:0.000
t:23.99, r:0.00, omega:0.00, omega_m:-0.00, u:0.00, theta1:20.597, theta2:9.970, e:0.000
t:24.00, r:0.00, omega:0.00, omega_m:-0.00, u:0.00, theta1:20.597, theta2:9.970, e:0.000
t:24.01, r:25.00, omega:0.00, omega_m:4.53, u:515.06, theta1:20.602, theta2:9.970, e:-4.532
t:24.02, r:25.00, omega:0.00, omega_m:8.24, u:515.31, theta1:20.613, theta2:9.970, e:-8.242
t:24.03, r:25.00, omega:0.00, omega_m:11.28, u:515.67, theta1:20.627, theta2:9.970, e:-11.280
t:24.04, r:25.00, omega:0.53, omega_m:13.77, u:510.79, theta1:20.643, theta2:9.969, e:-13.236
t:24.05, r:25.00, omega:0.53, omega_m:15.80, u:511.27, theta1:20.662, theta2:9.969, e:-15.272
t:24.06, r:25.00, omega:27.50, omega_m:17.47, u:241.73, theta1:20.650, theta2:9.983, e:10.028
t:24.07, r:25.00, omega:27.50, omega_m:18.84, u:241.13, theta1:20.639, theta2:9.995, e:8.663
t:24.08, r:25.00, omega:30.94, omega_m:19.95, u:205.83, theta1:20.625, theta2:10.012, e:10.991
t:24.09, r:25.00, omega:30.94, omega_m:20.87, u:205.03, theta1:20.613, theta2:10.027, e:10.076
t:24.10, r:25.00, omega:22.62, omega_m:21.62, u:288.48, theta1:20.611, theta2:10.028, e:0.999
t:24.11, r:25.00, omega:22.62, omega_m:22.23, u:288.46, theta1:20.611, theta2:10.029, e:0.386
t:24.12, r:25.00, omega:22.62, omega_m:22.73, u:288.47, theta1:20.611, theta2:10.029, e:-0.116
t:24.13, r:25.00, omega:17.77, omega_m:23.14, u:337.28, theta1:20.618, theta2:10.024, e:-5.370
t:24.14, r:25.00, omega:17.77, omega_m:23.48, u:337.55, theta1:20.625, theta2:10.019, e:-5.707
t:24.15, r:25.00, omega:17.77, omega_m:23.76, u:337.83, theta1:20.632, theta2:10.014, e:-5.982
t:24.16, r:25.00, omega:21.22, omega_m:23.98, u:303.46, theta1:20.636, theta2:10.011, e:-2.760
t:24.17, r:25.00, omega:21.22, omega_m:24.17, u:303.62, theta1:20.639, theta2:10.008, e:-2.945
t:24.18, r:25.00, omega:21.54, omega_m:24.32, u:300.53, theta1:20.643, theta2:10.005, e:-2.772
t:24.19, r:25.00, omega:21.54, omega_m:24.44, u:300.69, theta1:20.647, theta2:10.001, e:-2.896
t:24.20, r:25.00, omega:22.73, omega_m:24.54, u:288.90, theta1:20.649, theta2:9.999, e:-1.809
t:24.21, r:25.00, omega:22.73, omega_m:24.63, u:289.01, theta1:20.651, theta2:9.997, e:-1.892
t:24.22, r:25.00, omega:22.73, omega_m:24.69, u:289.12, theta1:20.654, theta2:9.995, e:-1.960
t:24.23, r:25.00, omega:20.29, omega_m:24.75, u:313.73, theta1:20.659, theta2:9.991, e:-4.455
t:24.24, r:25.00, omega:20.29, omega_m:24.79, u:313.97, theta1:20.665, theta2:9.986, e:-4.501
t:24.25, r:25.00, omega:20.54, omega_m:24.83, u:311.73, theta1:20.670, theta2:9.982, e:-4.291
t:24.26, r:25.00, omega:20.54, omega_m:24.86, u:311.95, theta1:20.676, theta2:9.977, e:-4.322
t:24.27, r:25.00, omega:20.54, omega_m:24.89, u:312.18, theta1:20.681, theta2:9.973, e:-4.347
t:24.28, r:25.00, omega:22.53, omega_m:24.91, u:292.48, theta1:20.684, theta2:9.970, e:-2.377
t:24.29, r:25.00, omega:22.53, omega_m:24.92, u:292.61, theta1:20.687, theta2:9.967, e:-2.394
t:24.30, r:25.00, omega:20.94, omega_m:24.94, u:308.65, theta1:20.692, theta2:9.963, e:-3.996
t:24.31, r:25.00, omega:20.94, omega_m:24.95, u:308.86, theta1:20.697, theta2:9.959, e:-4.007
t:24.32, r:25.00, omega:20.94, omega_m:24.96, u:309.08, theta1:20.702, theta2:9.955, e:-4.016
t:24.33, r:25.00, omega:20.88, omega_m:24.97, u:309.92, theta1:20.707, theta2:9.950, e:-4.086
t:24.34, r:25.00, omega:20.88, omega_m:24.97, u:310.13, theta1:20.712, theta2:9.946, e:-4.093
t:24.35, r:25.00, omega:20.84, omega_m:24.98, u:310.72, theta1:20.717, theta2:9.942, e:-4.134
t:24.36, r:25.00, omega:20.84, omega_m:24.98, u:310.94, theta1:20.723, theta2:9.938, e:-4.138
t:24.37, r:25.00, omega:20.84, omega_m:24.98, u:311.15, theta1:20.728, theta2:9.933, e:-4.142
t:24.38, r:25.00, omega:22.17, omega_m:24.99, u:298.14, theta1:20.731, theta2:9.930, e:-2.818
t:24.39, r:25.00, omega:22.17, omega_m:24.99, u:298.29, theta1:20.735, theta2:9.927, e:-2.820
t:24.40, r:25.00, omega:22.42, omega_m:24.99, u:295.98, theta1:20.738, theta2:9.924, e:-2.574
t:24.41, r:25.00, omega:22.42, omega_m:24.99, u:296.13, theta1:20.741, theta2:9.921, e:-2.576
t:24.42, r:25.00, omega:21.78, omega_m:24.99, u:302.62, theta1:20.745, theta2:9.918, e:-3.214
t:24.43, r:25.00, omega:21.78, omega_m:25.00, u:302.80, theta1:20.749, theta2:9.914, e:-3.215
t:24.44, r:25.00, omega:21.78, omega_m:25.00, u:302.97, theta1:20.753, theta2:9.911, e:-3.216
t:24.45, r:25.00, omega:19.93, omega_m:25.00, u:321.54, theta1:20.760, theta2:9.906, e:-5.064
t:24.46, r:25.00, omega:19.93, omega_m:25.00, u:321.80, theta1:20.766, theta2:9.901, e:-5.065
t:24.47, r:25.00, omega:22.27, omega_m:25.00, u:298.82, theta1:20.769, theta2:9.898, e:-2.729
t:24.48, r:25.00, omega:22.27, omega_m:25.00, u:298.97, theta1:20.773, theta2:9.894, e:-2.729
t:24.49, r:25.00, omega:22.27, omega_m:25.00, u:299.13, theta1:20.776, theta2:9.891, e:-2.729
t:24.50, r:25.00, omega:21.71, omega_m:25.00, u:304.84, theta1:20.780, theta2:9.888, e:-3.289
t:24.51, r:25.00, omega:21.71, omega_m:25.00, u:305.02, theta1:20.784, theta2:9.884, e:-3.289
t:24.52, r:25.00, omega:20.78, omega_m:25.00, u:314.45, theta1:20.790, theta2:9.880, e:-4.221
t:24.53, r:25.00, omega:20.78, omega_m:25.00, u:314.67, theta1:20.795, theta2:9.876, e:-4.221
t:24.54, r:25.00, omega:20.78, omega_m:25.00, u:314.90, theta1:20.800, theta2:9.871, e:-4.221
t:24.55, r:25.00, omega:20.68, omega_m:25.00, u:316.10, theta1:20.806, theta2:9.867, e:-4.320
t:24.56, r:25.00, omega:20.68, omega_m:25.00, u:316.33, theta1:20.811, theta2:9.862, e:-4.320
t:24.57, r:25.00, omega:22.49, omega_m:25.00, u:298.58, theta1:20.814, theta2:9.859, e:-2.506
t:24.58, r:25.00, omega:22.49, omega_m:25.00, u:298.72, theta1:20.817, theta2:9.857, e:-2.506
t:24.59, r:25.00, omega:22.49, omega_m:25.00, u:298.87, theta1:20.820, theta2:9.854, e:-2.507
t:24.60, r:25.00, omega:22.11, omega_m:25.00, u:302.78, theta1:20.824, theta2:9.851, e:-2.887
t:24.61, r:25.00, omega:22.11, omega_m:25.00, u:302.94, theta1:20.828, theta2:9.847, e:-2.888
t:24.62, r:25.00, omega:21.44, omega_m:25.00, u:309.73, theta1:20.832, theta2:9.844, e:-3.558
t:24.63, r:25.00, omega:21.44, omega_m:25.00, u:309.93, theta1:20.837, theta2:9.840, e:-3.558
t:24.64, r:25.00, omega:20.89, omega_m:25.00, u:315.61, theta1:20.842, theta2:9.835, e:-4.113
t:24.65, r:25.00, omega:20.89, omega_m:25.00, u:315.83, theta1:20.847, theta2:9.831, e:-4.113
t:24.66, r:25.00, omega:20.89, omega_m:25.00, u:316.04, theta1:20.852, theta2:9.827, e:-4.113
t:24.67, r:25.00, omega:20.62, omega_m:25.00, u:318.90, theta1:20.857, theta2:9.822, e:-4.380
t:24.68, r:25.00, omega:20.62, omega_m:25.00, u:319.13, theta1:20.863, theta2:9.818, e:-4.380
t:24.69, r:25.00, omega:23.82, omega_m:25.00, u:287.83, theta1:20.864, theta2:9.816, e:-1.185
t:24.70, r:25.00, omega:23.82, omega_m:25.00, u:287.90, theta1:20.866, theta2:9.815, e:-1.185
t:24.71, r:25.00, omega:23.82, omega_m:25.00, u:287.97, theta1:20.867, theta2:9.814, e:-1.185
t:24.72, r:25.00, omega:21.62, omega_m:25.00, u:309.74, theta1:20.872, theta2:9.810, e:-3.384
t:24.73, r:25.00, omega:21.62, omega_m:25.00, u:309.92, theta1:20.876, theta2:9.806, e:-3.384
t:24.74, r:25.00, omega:20.08, omega_m:25.00, u:325.23, theta1:20.882, theta2:9.801, e:-4.920
t:24.75, r:25.00, omega:20.08, omega_m:25.00, u:325.49, theta1:20.888, theta2:9.796, e:-4.920
t:24.76, r:25.00, omega:20.08, omega_m:25.00, u:325.74, theta1:20.894, theta2:9.791, e:-4.920
t:24.77, r:25.00, omega:22.66, omega_m:25.00, u:300.57, theta1:20.897, theta2:9.789, e:-2.335
t:24.78, r:25.00, omega:22.66, omega_m:25.00, u:300.70, theta1:20.900, theta2:9.786, e:-2.335
t:24.79, r:25.00, omega:22.43, omega_m:25.00, u:303.17, theta1:20.903, theta2:9.783, e:-2.573
t:24.80, r:25.00, omega:22.43, omega_m:25.00, u:303.32, theta1:20.907, theta2:9.780, e:-2.573
t:24.81, r:25.00, omega:20.84, omega_m:25.00, u:319.10, theta1:20.912, theta2:9.776, e:-4.164
t:24.82, r:25.00, omega:20.84, omega_m:25.00, u:319.32, theta1:20.917, theta2:9.772, e:-4.164
t:24.83, r:25.00, omega:20.84, omega_m:25.00, u:319.54, theta1:20.922, theta2:9.767, e:-4.164
t:24.84, r:25.00, omega:21.66, omega_m:25.00, u:311.64, theta1:20.926, theta2:9.764, e:-3.337
t:24.85, r:25.00, omega:21.66, omega_m:25.00, u:311.83, theta1:20.930, theta2:9.760, e:-3.337
t:24.86, r:25.00, omega:22.39, omega_m:25.00, u:304.88, theta1:20.934, theta2:9.757, e:-2.610
t:24.87, r:25.00, omega:22.39, omega_m:25.00, u:305.02, theta1:20.937, theta2:9.754, e:-2.610
t:24.88, r:25.00, omega:22.39, omega_m:25.00, u:305.17, theta1:20.940, theta2:9.751, e:-2.610
t:24.89, r:25.00, omega:20.63, omega_m:25.00, u:322.59, theta1:20.946, theta2:9.747, e:-4.373
t:24.90, r:25.00, omega:20.63, omega_m:25.00, u:322.82, theta1:20.951, theta2:9.742, e:-4.373
t:24.91, r:25.00, omega:21.97, omega_m:25.00, u:309.91, theta1:20.955, theta2:9.739, e:-3.031
t:24.92, r:25.00, omega:21.97, omega_m:25.00, u:310.08, theta1:20.959, theta2:9.736, e:-3.031
t:24.93, r:25.00, omega:22.29, omega_m:25.00, u:307.07, theta1:20.962, theta2:9.733, e:-2.706
t:24.94, r:25.00, omega:22.29, omega_m:25.00, u:307.22, theta1:20.966, theta2:9.730, e:-2.706
t:24.95, r:25.00, omega:22.29, omega_m:25.00, u:307.38, theta1:20.969, theta2:9.727, e:-2.706
t:24.96, r:25.00, omega:22.22, omega_m:25.00, u:308.28, theta1:20.972, theta2:9.724, e:-2.783
t:24.97, r:25.00, omega:22.22, omega_m:25.00, u:308.43, theta1:20.976, theta2:9.720, e:-2.783
t:24.98, r:25.00, omega:22.07, omega_m:25.00, u:310.03, theta1:20.980, theta2:9.717, e:-2.931
t:24.99, r:25.00, omega:22.07, omega_m:25.00, u:310.20, theta1:20.983, theta2:9.714, e:-2.931
t:25.00, r:25.00, omega:22.07, omega_m:25.00, u:310.36, theta1:20.987, theta2:9.711, e:-2.931
t:25.01, r:0.00, omega:21.58, omega_m:20.47, u:0.00, theta1:20.987, theta2:9.712, e:1.108
t:25.02, r:0.00, omega:21.58, omega_m:16.76, u:0.00, theta1:20.987, theta2:9.717, e:4.819
t:25.03, r:0.00, omega:21.58, omega_m:13.72, u:0.00, theta1:20.987, theta2:9.726, e:7.856
t:25.04, r:0.00, omega:15.85, omega_m:11.23, u:0.00, theta1:20.987, theta2:9.729, e:4.619
t:25.05, r:0.00, omega:15.85, omega_m:9.20, u:0.00, theta1:20.987, theta2:9.735, e:6.655
t:25.06, r:0.00, omega:15.85, omega_m:7.53, u:0.00, theta1:20.987, theta2:9.741, e:8.322
t:25.07, r:0.00, omega:15.85, omega_m:6.16, u:0.00, theta1:20.987, theta2:9.749, e:9.687
t:25.08, r:0.00, omega:15.85, omega_m:5.05, u:0.00, theta1:20.987, theta2:9.757, e:10.805
t:25.09, r:0.00, omega:15.85, omega_m:4.13, u:0.00, theta1:20.987, theta2:9.767, e:11.720
t:25.10, r:0.00, omega:15.85, omega_m:3.38, u:0.00, theta1:20.987, theta2:9.777, e:12.469
t:25.11, r:0.00, omega:15.85, omega_m:2.77, u:0.00, theta1:20.987, theta2:9.787, e:13.082
t:25.12, r:0.00, omega:15.85, omega_m:2.27, u:0.00, theta1:20.987, theta2:9.798, e:13.584
t:25.13, r:0.00, omega:15.85, omega_m:1.86, u:0.00, theta1:20.987, theta2:9.809, e:13.995
t:25.14, r:0.00, omega:15.85, omega_m:1.52, u:0.00, theta1:20.987, theta2:9.820, e:14.332
t:25.15, r:0.00, omega:15.85, omega_m:1.24, u:0.00, theta1:20.987, theta2:9.832, e:14.608
t:25.16, r:0.00, omega:15.85, omega_m:1.02, u:0.00, theta1:20.987, theta2:9.844, e:14.833
t:25.17, r:0.00, omega:15.85, omega_m:0.83, u:0.00, theta1:20.987, theta2:9.855, e:15.018
t:25.18, r:0.00, omega:15.85, omega_m:0.68, u:0.00, theta1:20.987, theta2:9.867, e:15.169
t:25.19, r:0.00, omega:15.85, omega_m:0.56, u:0.00, theta1:20.987, theta2:9.880, e:15.293
t:25.20, r:0.00, omega:15.85, omega_m:0.46, u:0.00, theta1:20.987, theta2:9.892, e:15.394
t:25.21, r:0.00, omega:15.85, omega_m:0.37, u:0.00, theta1:20.987, theta2:9.904, e:15.477
t:25.22, r:0.00, omega:15.85, omega_m:0.31, u:0.00, theta1:20.987, theta2:9.916, e:15.545
t:25.23, r:0.00, omega:15.85, omega_m:0.25, u:0.00, theta1:20.987, theta2:9.929, e:15.601
t:25.24, r:0.00, omega:15.85, omega_m:0.21, u:0.00, theta1:20.987, theta2:9.941, e:15.646
t:25.25, r:0.00, omega:15.85, omega_m:0.17, u:0.00, theta1:20.987, theta2:9.954, e:15.684
t:25.26, r:0.00, omega:15.85, omega_m:0.14, u:0.00, theta1:20.987, theta2:9.966, e:15.714
t:25.27, r:0.00, omega:15.85, omega_m:0.11, u:0.00, theta1:20.987, theta2:9.978, e:15.739
t:25.28, r:0.00, omega:15.85, omega_m:0.09, u:0.00, theta1:20.987, theta2:9.991, e:15.760
t:25.29, r:0.00, omega:15.85, omega_m:0.08, u:0.00, theta1:20.987, theta2:10.003, e:15.777
t:25.30, r:0.00, omega:15.85, omega_m:0.06, u:0.00, theta1:20.987, theta2:10.016, e:15.790
t:25.31, r:0.00, omega:15.85, omega_m:0.05, u:0.00, theta1:20.987, theta2:10.029, e:15.801
t:25.32, r:0.00, omega:15.85, omega_m:0.04, u:0.00, theta1:20.987, theta2:10.041, e:15.811
t:25.33, r:0.00, omega:15.85, omega_m:0.03, u:0.00, theta1:20.987, theta2:10.054, e:15.818
t:25.34, r:0.00, omega:15.85, omega_m:0.03, u:0.00, theta1:20.987, theta2:10.066, e:15.824
t:25.35, r:0.00, omega:15.85, omega_m:0.02, u:0.00, theta1:20.987, theta2:10.079, e:15.829
t:25.36, r:0.00, omega:15.85, omega_m:0.02, u:0.00, theta1:20.987, theta2:10.091, e:15.834
t:25.37, r:0.00, omega:15.85, omega_m:0.02, u:0.00, theta1:20.987, theta2:10.104, e:15.837
t:25.38, r:0.00, omega:15.85, omega_m:0.01, u:0.00, theta1:20.987, theta2:10.116, e:15.840
t:25.39, r:0.00, omega:15.85, omega_m:0.01, u:0.00, theta1:20.987, theta2:10.129, e:15.842
t:25.40, r:0.00, omega:15.85, omega_m:0.01, u:0.00, theta1:20.987, theta2:10.141, e:15.844
t:25.41, r:0.00, omega:15.85, omega_m:0.01, u:0.00, theta1:20.987, theta2:10.154, e:15.845
t:25.42, r:0.00, omega:15.85, omega_m:0.01, u:0.00, theta1:20.987, theta2:10.167, e:15.847
t:25.43, r:0.00, omega:15.85, omega_m:0.00, u:0.00, theta1:20.987, theta2:10.179, e:15.848
t:25.44, r:0.00, omega:15.85, omega_m:0.00, u:0.00, theta1:20.987, theta2:10.192, e:15.848
t:25.45, r:0.00, omega:15.85, omega_m:0.00, u:0.00, theta1:20.987, theta2:10.204, e:15.849
t:25.46, r:0.00, omega:15.85, omega_m:0.00, u:0.00, theta1:20.987, theta2:10.217, e:15.850
t:25.47, r:0.00, omega:15.85, omega_m:0.00, u:0.00, theta1:20.987, theta2:10.229, e:15.850
t:25.48, r:0.00, omega:15.85, omega_m:0.00, u:0.00, theta1:20.987, theta2:10.242, e:15.851
t:25.49, r:0.00, omega:15.85, omega_m:0.00, u:0.00, theta1:20.987, theta2:10.255, e:15.851
t:25.50, r:0.00, omega:15.85, omega_m:0.00, u:0.00, theta1:20.987, theta2:10.267, e:15.851
t:25.51, r:0.00, omega:15.85, omega_m:0.00, u:0.00, theta1:20.987, theta2:10.280, e:15.851
t:25.52, r:0.00, omega:15.85, omega_m:0.00, u:0.00, theta1:20.987, theta2:10.292, e:15.851
t:25.53, r:0.00, omega:15.85, omega_m:0.00, u:0.00, theta1:20.987, theta2:10.305, e:15.852
t:25.54, r:0.00, omega:0.00, omega_m:0.00, u:0.00, theta1:20.987, theta2:10.305, e:-0.001
t:25.55, r:0.00, omega:0.00, omega_m:0.00, u:0.00, theta1:20.987, theta2:10.305, e:-0.000
t:25.56, r:0.00, omega:0.00, omega_m:0.00, u:0.00, theta1:20.987, theta2:10.305, e:-0.000
t:25.57, r:0.00, omega:0.00, omega_m:0.00, u:0.00, theta1:20.987, theta2:10.305, e:-0.000
t:25.58, r:0.00, omega:0.00, omega_m:0.00, u:0.00, theta1:20.987, theta2:10.305, e:-0.000
t:25.59, r:0.00, omega:0.00, omega_m:0.00, u:0.00, theta1:20.987, theta2:10.305, e:-0.000
t:25.60, r:0.00, omega:0.00, omega_m:0.00, u:0.00, theta1:20.987, theta2:10.305, e:-0.000
t:25.61, r:0.00, omega:0.00, omega_m:0.00, u:0.00, theta1:20.987, theta2:10.305, e:-0.000
t:25.62, r:0.00, omega:0.00, omega_m:0.00, u:0.00, theta1:20.987, theta2:10.305, e:-0.000
t:25.63, r:0.00, omega:0.00, omega_m:0.00, u:0.00, theta1:20.987, theta2:10.305, e:-0.000
t:25.64, r:0.00, omega:0.00, omega_m:0.00, u:0.00, theta1:20.987, theta2:10.305, e:-0.000
t:25.65, r:0.00, omega:0.00, omega_m:0.00, u:0.00, theta1:20.987, theta2:10.305, e:-0.000
t:25.66, r:0.00, omega:0.00, omega_m:0.00, u:0.00, theta1:20.987, theta2:10.305, e:-0.000
t:25.67, r:0.00, omega:0.00, omega_m:0.00, u:0.00, theta1:20.987, theta2:10.305, e:-0.000
t:25.68, r:0.00, omega:0.00, omega_m:0.00, u:0.00, theta1:20.987, theta2:10.305, e:-0.000
t:25.69, r:0.00, omega:0.00, omega_m:0.00, u:0.00, theta1:20.987, theta2:10.305, e:-0.000
t:25.70, r:0.00, omega:0.00, omega_m:0.00, u:0.00, theta1:20.987, theta2:10.305, e:-0.000
t:25.71, r:0.00, omega:0.00, omega_m:0.00, u:0.00, theta1:20.987, theta2:10.305, e:-0.000
t:25.72, r:0.00, omega:0.00, omega_m:0.00, u:0.00, theta1:20.987, theta2:10.305, e:-0.000
t:25.73, r:0.00, omega:0.00, omega_m:0.00, u:0.00, theta1:20.987, theta2:10.305, e:-0.000
t:25.74, r:0.00, omega:0.00, omega_m:0.00, u:0.00, theta1:20.987, theta2:10.305, e:-0.000
t:25.75, r:0.00, omega:0.00, omega_m:0.00, u:0.00, theta1:20.987, theta2:10.305, e:-0.000
t:25.76, r:0.00, omega:0.00, omega_m:0.00, u:0.00, theta1:20.987, theta2:10.305, e:-0.000
t:25.77, r:0.00, omega:0.00, omega_m:0.00, u:0.00, theta1:20.987, theta2:10.305, e:-0.000
t:25.78, r:0.00, omega:0.00, omega_m:0.00, u:0.00, theta1:20.987, theta2:10.305, e:-0.000
t:25.79, r:0.00, omega:0.00, omega_m:0.00, u:0.00, theta1:20.987, theta2:10.305, e:-0.000
t:25.80, r:0.00, omega:0.00, omega_m:0.00, u:0.00, theta1:20.987, theta2:10.305, e:-0.000
t:25.81, r:0.00, omega:0.00, omega_m:0.00, u:0.00, theta1:20.987, theta2:10.305, e:-0.000
t:25.82, r:0.00, omega:0.00, omega_m:0.00, u:0.00, theta1:20.987, theta2:10.305, e:-0.000
t:25.83, r:0.00, omega:0.00, omega_m:0.00, u:0.00, theta1:20.987, theta2:10.305, e:-0.000
t:25.84, r:0.00, omega:0.00, omega_m:0.00, u:0.00, theta1:20.987, theta2:10.305, e:-0.000
t:25.85, r:0.00, omega:0.00, omega_m:0.00, u:0.00, theta1:20.987, theta2:10.305, e:-0.000
t:25.86, r:0.00, omega:0.00, omega_m:0.00, u:0.00, theta1:20.987, theta2:10.305, e:-0.000
t:25.87, r:0.00, omega:0.00, omega_m:0.00, u:0.00, theta1:20.987, theta2:10.305, e:-0.000
t:25.88, r:0.00, omega:0.00, omega_m:0.00, u:0.00, theta1:20.987, theta2:10.305, e:-0.000
t:25.89, r:0.00, omega:0.00, omega_m:0.00, u:0.00, theta1:20.987, theta2:10.305, e:-0.000
t:25.90, r:0.00, omega:0.00, omega_m:0.00, u:0.00, theta1:20.987, theta2:10.305, e:-0.000
t:25.91, r:0.00, omega:0.00, omega_m:0.00, u:0.00, theta1:20.987, theta2:10.305, e:-0.000
t:25.92, r:0.00, omega:0.00, omega_m:0.00, u:0.00, theta1:20.987, theta2:10.305, e:-0.000
t:25.93, r:0.00, omega:0.00, omega_m:0.00, u:0.00, theta1:20.987, theta2:10.305, e:-0.000
t:25.94, r:0.00, omega:0.00, omega_m:0.00, u:0.00, theta1:20.987, theta2:10.305, e:-0.000
t:25.95, r:0.00, omega:0.00, omega_m:0.00, u:0.00, theta1:20.987, theta2:10.305, e:-0.000
t:25.96, r:0.00, omega:0.00, omega_m:0.00, u:0.00, theta1:20.987, theta2:10.305, e:-0.000
t:25.97, r:0.00, omega:0.00, omega_m:0.00, u:0.00, theta1:20.987, theta2:10.305, e:-0.000
t:25.98, r:0.00, omega:0.00, omega_m:0.00, u:0.00, theta1:20.987, theta2:10.305, e:-0.000
t:25.99, r:0.00, omega:0.00, omega_m:0.00, u:0.00, theta1:20.987, theta2:10.305, e:-0.000
t:26.00, r:0.00, omega:0.00, omega_m:0.00, u:0.00, theta1:20.987, theta2:10.305, e:-0.000
t:26.01, r:-25.00, omega:0.00, omega_m:-4.53, u:-524.81, theta1:20.993, theta2:10.305, e:4.532
t:26.02, r:-25.00, omega:0.00, omega_m:-8.24, u:-525.07, theta1:21.003, theta2:10.305, e:8.242
t:26.03, r:-25.00, omega:0.00, omega_m:-11.28, u:-525.42, theta1:21.017, theta2:10.305, e:11.280
t:26.04, r:-25.00, omega:-0.52, omega_m:-13.77, u:-520.47, theta1:21.033, theta2:10.304, e:13.246
t:26.05, r:-25.00, omega:-0.52, omega_m:-15.80, u:-520.95, theta1:21.053, theta2:10.304, e:15.282
t:26.06, r:-25.00, omega:-28.32, omega_m:-17.47, u:-233.69, theta1:21.039, theta2:10.319, e:-10.854
t:26.07, r:-25.00, omega:-28.32, omega_m:-18.84, u:-233.01, theta1:21.027, theta2:10.333, e:-9.489
t:26.08, r:-25.00, omega:-33.92, omega_m:-19.95, u:-173.97, theta1:21.010, theta2:10.357, e:-13.966
t:26.09, r:-25.00, omega:-33.92, omega_m:-20.87, u:-172.81, theta1:20.993, theta2:10.379, e:-13.051
t:26.10, r:-25.00, omega:-22.95, omega_m:-21.62, u:-286.56, theta1:20.992, theta2:10.380, e:-1.334
t:26.11, r:-25.00, omega:-22.95, omega_m:-22.23, u:-286.52, theta1:20.991, theta2:10.381, e:-0.721
t:26.12, r:-25.00, omega:-22.95, omega_m:-22.73, u:-286.51, theta1:20.991, theta2:10.381, e:-0.219
t:26.13, r:-25.00, omega:-17.08, omega_m:-23.14, u:-347.76, theta1:20.998, theta2:10.376, e:6.066
t:26.14, r:-25.00, omega:-17.08, omega_m:-23.48, u:-348.05, theta1:21.006, theta2:10.371, e:6.403
t:26.15, r:-25.00, omega:-17.08, omega_m:-23.76, u:-348.36, theta1:21.014, theta2:10.365, e:6.678
t:26.16, r:-25.00, omega:-20.81, omega_m:-23.98, u:-309.85, theta1:21.018, theta2:10.362, e:3.173
t:26.17, r:-25.00, omega:-20.81, omega_m:-24.17, u:-310.03, theta1:21.023, theta2:10.358, e:3.357
t:26.18, r:-25.00, omega:-23.63, omega_m:-24.32, u:-280.85, theta1:21.024, theta2:10.357, e:0.688
t:26.19, r:-25.00, omega:-23.63, omega_m:-24.44, u:-280.90, theta1:21.025, theta2:10.356, e:0.812
t:26.20, r:-25.00, omega:-23.03, omega_m:-24.54, u:-287.15, theta1:21.026, theta2:10.355, e:1.508
t:26.21, r:-25.00, omega:-23.03, omega_m:-24.63, u:-287.24, theta1:21.028, theta2:10.353, e:1.591
t:26.22, r:-25.00, omega:-23.03, omega_m:-24.69, u:-287.33, theta1:21.030, theta2:10.351, e:1.658
t:26.23, r:-25.00, omega:-20.11, omega_m:-24.75, u:-317.85, theta1:21.036, theta2:10.346, e:4.640
t:26.24, r:-25.00, omega:-20.11, omega_m:-24.79, u:-318.10, theta1:21.042, theta2:10.341, e:4.685
t:26.25, r:-25.00, omega:-22.00, omega_m:-24.83, u:-298.74, theta1:21.046, theta2:10.338, e:2.835
t:26.26, r:-25.00, omega:-22.00, omega_m:-24.86, u:-298.89, theta1:21.049, theta2:10.335, e:2.866
t:26.27, r:-25.00, omega:-22.00, omega_m:-24.89, u:-299.06, theta1:21.053, theta2:10.332, e:2.891
t:26.28, r:-25.00, omega:-21.62, omega_m:-24.91, u:-303.08, theta1:21.057, theta2:10.328, e:3.284
t:26.29, r:-25.00, omega:-21.62, omega_m:-24.92, u:-303.26, theta1:21.061, theta2:10.325, e:3.301
t:26.30, r:-25.00, omega:-21.09, omega_m:-24.94, u:-309.01, theta1:21.066, theta2:10.321, e:3.851
t:26.31, r:-25.00, omega:-21.09, omega_m:-24.95, u:-309.21, theta1:21.071, theta2:10.317, e:3.862
t:26.32, r:-25.00, omega:-21.09, omega_m:-24.96, u:-309.42, theta1:21.076, theta2:10.313, e:3.871
t:26.33, r:-25.00, omega:-21.20, omega_m:-24.97, u:-308.45, theta1:21.080, theta2:10.309, e:3.765
t:26.34, r:-25.00, omega:-21.20, omega_m:-24.97, u:-308.66, theta1:21.085, theta2:10.305, e:3.771
t:26.35, r:-25.00, omega:-22.51, omega_m:-24.98, u:-295.26, theta1:21.088, theta2:10.302, e:2.463
t:26.36, r:-25.00, omega:-22.51, omega_m:-24.98, u:-295.40, theta1:21.091, theta2:10.299, e:2.467
t:26.37, r:-25.00, omega:-22.43, omega_m:-24.98, u:-296.43, theta1:21.094, theta2:10.296, e:2.556
t:26.38, r:-25.00, omega:-22.43, omega_m:-24.99, u:-296.57, theta1:21.098, theta2:10.293, e:2.559
t:26.39, r:-25.00, omega:-22.43, omega_m:-24.99, u:-296.71, theta1:21.101, theta2:10.291, e:2.561
t:26.40, r:-25.00, omega:-21.99, omega_m:-24.99, u:-301.42, theta1:21.105, theta2:10.287, e:3.004
t:26.41, r:-25.00, omega:-21.99, omega_m:-24.99, u:-301.58, theta1:21.108, theta2:10.284, e:3.005
t:26.42, r:-25.00, omega:-21.69, omega_m:-24.99, u:-304.85, theta1:21.112, theta2:10.280, e:3.306
t:26.43, r:-25.00, omega:-21.69, omega_m:-25.00, u:-305.03, theta1:21.117, theta2:10.277, e:3.307
t:26.44, r:-25.00, omega:-21.69, omega_m:-25.00, u:-305.21, theta1:21.121, theta2:10.273, e:3.308
t:26.45, r:-25.00, omega:-20.38, omega_m:-25.00, u:-318.84, theta1:21.126, theta2:10.269, e:4.612
t:26.46, r:-25.00, omega:-20.38, omega_m:-25.00, u:-319.08, theta1:21.132, theta2:10.264, e:4.613
t:26.47, r:-25.00, omega:-21.98, omega_m:-25.00, u:-302.85, theta1:21.136, theta2:10.260, e:3.016
t:26.48, r:-25.00, omega:-21.98, omega_m:-25.00, u:-303.02, theta1:21.140, theta2:10.257, e:3.016
t:26.49, r:-25.00, omega:-22.01, omega_m:-25.00, u:-302.88, theta1:21.143, theta2:10.254, e:2.987
t:26.50, r:-25.00, omega:-22.01, omega_m:-25.00, u:-303.04, theta1:21.147, theta2:10.251, e:2.987
t:26.51, r:-25.00, omega:-22.01, omega_m:-25.00, u:-303.21, theta1:21.151, theta2:10.247, e:2.987
t:26.52, r:-25.00, omega:-21.08, omega_m:-25.00, u:-313.00, theta1:21.156, theta2:10.243, e:3.922
t:26.53, r:-25.00, omega:-21.08, omega_m:-25.00, u:-313.21, theta1:21.161, theta2:10.239, e:3.922
t:26.54, r:-25.00, omega:-21.99, omega_m:-25.00, u:-304.08, theta1:21.165, theta2:10.236, e:3.014
t:26.55, r:-25.00, omega:-21.99, omega_m:-25.00, u:-304.25, theta1:21.168, theta2:10.232, e:3.014
t:26.56, r:-25.00, omega:-21.99, omega_m:-25.00, u:-304.41, theta1:21.172, theta2:10.229, e:3.014
t:26.57, r:-25.00, omega:-22.28, omega_m:-25.00, u:-301.56, theta1:21.175, theta2:10.226, e:2.721
t:26.58, r:-25.00, omega:-22.28, omega_m:-25.00, u:-301.71, theta1:21.179, theta2:10.223, e:2.721
t:26.59, r:-25.00, omega:-22.18, omega_m:-25.00, u:-302.86, theta1:21.182, theta2:10.220, e:2.818
t:26.60, r:-25.00, omega:-22.18, omega_m:-25.00, u:-303.02, theta1:21.186, theta2:10.217, e:2.818
t:26.61, r:-25.00, omega:-22.11, omega_m:-25.00, u:-303.94, theta1:21.190, theta2:10.214, e:2.892
t:26.62, r:-25.00, omega:-22.11, omega_m:-25.00, u:-304.10, theta1:21.193, theta2:10.210, e:2.892
t:26.63, r:-25.00, omega:-22.11, omega_m:-25.00, u:-304.26, theta1:21.197, theta2:10.207, e:2.892
t:26.64, r:-25.00, omega:-21.82, omega_m:-25.00, u:-307.42, theta1:21.201, theta2:10.204, e:3.184
t:26.65, r:-25.00, omega:-21.82, omega_m:-25.00, u:-307.59, theta1:21.205, theta2:10.200, e:3.184
t:26.66, r:-25.00, omega:-21.68, omega_m:-25.00, u:-309.19, theta1:21.209, theta2:10.197, e:3.323
t:26.67, r:-25.00, omega:-21.68, omega_m:-25.00, u:-309.37, theta1:21.213, theta2:10.193, e:3.323
t:26.68, r:-25.00, omega:-21.68, omega_m:-25.00, u:-309.56, theta1:21.217, theta2:10.189, e:3.323
t:26.69, r:-25.00, omega:-21.38, omega_m:-25.00, u:-312.76, theta1:21.222, theta2:10.186, e:3.619
t:26.70, r:-25.00, omega:-21.38, omega_m:-25.00, u:-312.96, theta1:21.226, theta2:10.182, e:3.619
t:26.71, r:-25.00, omega:-24.16, omega_m:-25.00, u:-284.68, theta1:21.227, theta2:10.181, e:0.836
t:26.72, r:-25.00, omega:-24.16, omega_m:-25.00, u:-284.73, theta1:21.228, theta2:10.180, e:0.836
t:26.73, r:-25.00, omega:-20.11, omega_m:-25.00, u:-326.26, theta1:21.234, theta2:10.175, e:4.892
t:26.74, r:-25.00, omega:-20.11, omega_m:-25.00, u:-326.52, theta1:21.241, theta2:10.170, e:4.892
t:26.75, r:-25.00, omega:-20.11, omega_m:-25.00, u:-326.77, theta1:21.247, theta2:10.165, e:4.892
t:26.76, r:-25.00, omega:-21.76, omega_m:-25.00, u:-310.19, theta1:21.251, theta2:10.161, e:3.243
t:26.77, r:-25.00, omega:-21.76, omega_m:-25.00, u:-310.37, theta1:21.255, theta2:10.158, e:3.243
t:26.78, r:-25.00, omega:-23.28, omega_m:-25.00, u:-294.99, theta1:21.257, theta2:10.156, e:1.720
t:26.79, r:-25.00, omega:-23.28, omega_m:-25.00, u:-295.09, theta1:21.259, theta2:10.154, e:1.720
t:26.80, r:-25.00, omega:-22.87, omega_m:-25.00, u:-299.41, theta1:21.262, theta2:10.151, e:2.133
t:26.81, r:-25.00, omega:-22.87, omega_m:-25.00, u:-299.54, theta1:21.264, theta2:10.149, e:2.133
t:26.82, r:-25.00, omega:-22.87, omega_m:-25.00, u:-299.66, theta1:21.267, theta2:10.147, e:2.133
t:26.83, r:-25.00, omega:-20.17, omega_m:-25.00, u:-327.31, theta1:21.273, theta2:10.142, e:4.834
t:26.84, r:-25.00, omega:-20.17, omega_m:-25.00, u:-327.56, theta1:21.279, theta2:10.137, e:4.834
t:26.85, r:-25.00, omega:-22.59, omega_m:-25.00, u:-303.10, theta1:21.282, theta2:10.134, e:2.408
t:26.86, r:-25.00, omega:-22.59, omega_m:-25.00, u:-303.24, theta1:21.285, theta2:10.131, e:2.408
t:26.87, r:-25.00, omega:-22.45, omega_m:-25.00, u:-304.81, theta1:21.288, theta2:10.129, e:2.548
t:26.88, r:-25.00, omega:-22.45, omega_m:-25.00, u:-304.95, theta1:21.292, theta2:10.126, e:2.548
t:26.89, r:-25.00, omega:-22.45, omega_m:-25.00, u:-305.09, theta1:21.295, theta2:10.123, e:2.548
t:26.90, r:-25.00, omega:-22.41, omega_m:-25.00, u:-305.65, theta1:21.298, theta2:10.120, e:2.589
t:26.91, r:-25.00, omega:-22.41, omega_m:-25.00, u:-305.79, theta1:21.301, theta2:10.117, e:2.589
t:26.92, r:-25.00, omega:-22.12, omega_m:-25.00, u:-308.92, theta1:21.305, theta2:10.114, e:2.882
t:26.93, r:-25.00, omega:-22.12, omega_m:-25.00, u:-309.08, theta1:21.308, theta2:10.111, e:2.882
t:26.94, r:-25.00, omega:-22.12, omega_m:-25.00, u:-309.24, theta1:21.312, theta2:10.107, e:2.882
t:26.95, r:-25.00, omega:-22.00, omega_m:-25.00, u:-310.59, theta1:21.316, theta2:10.104, e:2.999
t:26.96, r:-25.00, omega:-22.00, omega_m:-25.00, u:-310.76, theta1:21.319, theta2:10.101, e:2.999
t:26.97, r:-25.00, omega:-21.62, omega_m:-25.00, u:-314.76, theta1:21.324, theta2:10.097, e:3.377
t:26.98, r:-25.00, omega:-21.62, omega_m:-25.00, u:-314.95, theta1:21.328, theta2:10.094, e:3.377
t:26.99, r:-25.00, omega:-22.69, omega_m:-25.00, u:-304.30, theta1:21.331, theta2:10.091, e:2.309
t:27.00, r:-25.00, omega:-22.69, omega_m:-25.00, u:-304.43, theta1:21.334, theta2:10.088, e:2.309
t:27.01, r:0.00, omega:-22.69, omega_m:-20.47, u:0.00, theta1:21.334, theta2:10.091, e:-2.223
t:27.02, r:0.00, omega:-23.06, omega_m:-16.76, u:0.00, theta1:21.334, theta2:10.098, e:-6.298
t:27.03, r:0.00, omega:-23.06, omega_m:-13.72, u:0.00, theta1:21.334, theta2:10.109, e:-9.336
t:27.04, r:0.00, omega:-23.06, omega_m:-11.23, u:0.00, theta1:21.334, theta2:10.122, e:-11.823
t:27.05, r:0.00, omega:-23.06, omega_m:-9.20, u:0.00, theta1:21.334, theta2:10.138, e:-13.859
t:27.06, r:0.00, omega:-23.06, omega_m:-7.53, u:0.00, theta1:21.334, theta2:10.156, e:-15.526
t:27.07, r:0.00, omega:-23.06, omega_m:-6.16, u:0.00, theta1:21.334, theta2:10.176, e:-16.891
t:27.08, r:0.00, omega:-23.06, omega_m:-5.05, u:0.00, theta1:21.334, theta2:10.197, e:-18.008
t:27.09, r:0.00, omega:-23.06, omega_m:-4.13, u:0.00, theta1:21.334, theta2:10.218, e:-18.923
t:27.10, r:0.00, omega:-23.06, omega_m:-3.38, u:0.00, theta1:21.334, theta2:10.241, e:-19.672
t:27.11, r:0.00, omega:-23.06, omega_m:-2.77, u:0.00, theta1:21.334, theta2:10.264, e:-20.286
t:27.12, r:0.00, omega:-23.06, omega_m:-2.27, u:0.00, theta1:21.334, theta2:10.288, e:-20.788
t:27.13, r:0.00, omega:-23.06, omega_m:-1.86, u:0.00, theta1:21.334, theta2:10.313, e:-21.199
t:27.14, r:0.00, omega:-23.06, omega_m:-1.52, u:0.00, theta1:21.334, theta2:10.338, e:-21.536
t:27.15, r:0.00, omega:-23.06, omega_m:-1.24, u:0.00, theta1:21.334, theta2:10.363, e:-21.811
t:27.16, r:0.00, omega:-23.06, omega_m:-1.02, u:0.00, theta1:21.334, theta2:10.388, e:-22.037
t:27.17, r:0.00, omega:-23.06, omega_m:-0.83, u:0.00, theta1:21.334, theta2:10.414, e:-22.222
t:27.18, r:0.00, omega:-23.06, omega_m:-0.68, u:0.00, theta1:21.334, theta2:10.440, e:-22.373
t:27.19, r:0.00, omega:-23.06, omega_m:-0.56, u:0.00, theta1:21.334, theta2:10.466, e:-22.497
t:27.20, r:0.00, omega:-23.06, omega_m:-0.46, u:0.00, theta1:21.334, theta2:10.492, e:-22.598
t:27.21, r:0.00, omega:-23.06, omega_m:-0.37, u:0.00, theta1:21.334, theta2:10.518, e:-22.681
t:27.22, r:0.00, omega:-23.06, omega_m:-0.31, u:0.00, theta1:21.334, theta2:10.544, e:-22.749
t:27.23, r:0.00, omega:-23.06, omega_m:-0.25, u:0.00, theta1:21.334, theta2:10.570, e:-22.805
t:27.24, r:0.00, omega:-23.06, omega_m:-0.21, u:0.00, theta1:21.334, theta2:10.597, e:-22.850
t:27.25, r:0.00, omega:-23.06, omega_m:-0.17, u:0.00, theta1:21.334, theta2:10.623, e:-22.887
t:27.26, r:0.00, omega:-23.06, omega_m:-0.14, u:0.00, theta1:21.334, theta2:10.649, e:-22.918
t:27.27, r:0.00, omega:-23.06, omega_m:-0.11, u:0.00, theta1:21.334, theta2:10.676, e:-22.943
t:27.28, r:0.00, omega:-23.06, omega_m:-0.09, u:0.00, theta1:21.334, theta2:10.702, e:-22.963
t:27.29, r:0.00, omega:-23.06, omega_m:-0.08, u:0.00, theta1:21.334, theta2:10.729, e:-22.980
t:27.30, r:0.00, omega:-23.06, omega_m:-0.06, u:0.00, theta1:21.334, theta2:10.755, e:-22.994
t:27.31, r:0.00, omega:-23.06, omega_m:-0.05, u:0.00, theta1:21.334, theta2:10.782, e:-23.005
t:27.32, r:0.00, omega:-23.06, omega_m:-0.04, u:0.00, theta1:21.334, theta2:10.808, e:-23.014
t:27.33, r:0.00, omega:-23.06, omega_m:-0.03, u:0.00, theta1:21.334, theta2:10.835, e:-23.022
t:27.34, r:0.00, omega:-23.06, omega_m:-0.03, u:0.00, theta1:21.334, theta2:10.861, e:-23.028
t:27.35, r:0.00, omega:-23.06, omega_m:-0.02, u:0.00, theta1:21.334, theta2:10.888, e:-23.033
t:27.36, r:0.00, omega:-23.06, omega_m:-0.02, u:0.00, theta1:21.334, theta2:10.915, e:-23.037
t:27.37, r:0.00, omega:-23.06, omega_m:-0.02, u:0.00, theta1:21.334, theta2:10.941, e:-23.041
t:27.38, r:0.00, omega:-23.06, omega_m:-0.01, u:0.00, theta1:21.334, theta2:10.968, e:-23.043
t:27.39, r:0.00, omega:-23.06, omega_m:-0.01, u:0.00, theta1:21.334, theta2:10.994, e:-23.046
t:27.40, r:0.00, omega:-23.06, omega_m:-0.01, u:0.00, theta1:21.334, theta2:11.021, e:-23.047
t:27.41, r:0.00, omega:-23.06, omega_m:-0.01, u:0.00, theta1:21.334, theta2:11.047, e:-23.049
t:27.42, r:0.00, omega:-23.06, omega_m:-0.01, u:0.00, theta1:21.334, theta2:11.074, e:-23.050
t:27.43, r:0.00, omega:-23.06, omega_m:-0.00, u:0.00, theta1:21.334, theta2:11.101, e:-23.051
t:27.44, r:0.00, omega:-23.06, omega_m:-0.00, u:0.00, theta1:21.334, theta2:11.127, e:-23.052
t:27.45, r:0.00, omega:-23.06, omega_m:-0.00, u:0.00, theta1:21.334, theta2:11.154, e:-23.053
t:27.46, r:0.00, omega:-23.06, omega_m:-0.00, u:0.00, theta1:21.334, theta2:11.180, e:-23.053
t:27.47, r:0.00, omega:-23.06, omega_m:-0.00, u:0.00, theta1:21.334, theta2:11.207, e:-23.054
t:27.48, r:0.00, omega:-23.06, omega_m:-0.00, u:0.00, theta1:21.334, theta2:11.233, e:-23.054
t:27.49, r:0.00, omega:-23.06, omega_m:-0.00, u:0.00, theta1:21.334, theta2:11.260, e:-23.054
t:27.50, r:0.00, omega:-23.06, omega_m:-0.00, u:0.00, theta1:21.334, theta2:11.287, e:-23.055
t:27.51, r:0.00, omega:-23.06, omega_m:-0.00, u:0.00, theta1:21.334, theta2:11.313, e:-23.055
t:27.52, r:0.00, omega:0.00, omega_m:-0.00, u:0.00, theta1:21.334, theta2:11.313, e:0.001
t:27.53, r:0.00, omega:0.00, omega_m:-0.00, u:0.00, theta1:21.334, theta2:11.313, e:0.001
t:27.54, r:0.00, omega:0.00, omega_m:-0.00, u:0.00, theta1:21.334, theta2:11.313, e:0.001
t:27.55, r:0.00, omega:0.00, omega_m:-0.00, u:0.00, theta1:21.334, theta2:11.313, e:0.000
t:27.56, r:0.00, omega:0.00, omega_m:-0.00, u:0.00, theta1:21.334, theta2:11.313, e:0.000
t:27.57, r:0.00, omega:0.00, omega_m:-0.00, u:0.00, theta1:21.334, theta2:11.313, e:0.000
t:27.58, r:0.00, omega:0.00, omega_m:-0.00, u:0.00, theta1:21.334, theta2:11.313, e:0.000
t:27.59, r:0.00, omega:0.00, omega_m:-0.00, u:0.00, theta1:21.334, theta2:11.313, e:0.000
t:27.60, r:0.00, omega:0.00, omega_m:-0.00, u:0.00, theta1:21.334, theta2:11.313, e:0.000
t:27.61, r:0.00, omega:0.00, omega_m:-0.00, u:0.00, theta1:21.334, theta2:11.313, e:0.000
t:27.62, r:0.00, omega:0.00, omega_m:-0.00, u:0.00, theta1:21.334, theta2:11.313, e:0.000
t:27.63, r:0.00, omega:0.00, omega_m:-0.00, u:0.00, theta1:21.334, theta2:11.313, e:0.000
t:27.64, r:0.00, omega:0.00, omega_m:-0.00, u:0.00, theta1:21.334, theta2:11.313, e:0.000
t:27.65, r:0.00, omega:0.00, omega_m:-0.00, u:0.00, theta1:21.334, theta2:11.313, e:0.000
t:27.66, r:0.00, omega:0.00, omega_m:-0.00, u:0.00, theta1:21.334, theta2:11.313, e:0.000
t:27.67, r:0.00, omega:0.00, omega_m:-0.00, u:0.00, theta1:21.334, theta2:11.313, e:0.000
t:27.68, r:0.00, omega:0.00, omega_m:-0.00, u:0.00, theta1:21.334, theta2:11.313, e:0.000
t:27.69, r:0.00, omega:0.00, omega_m:-0.00, u:0.00, theta1:21.334, theta2:11.313, e:0.000
t:27.70, r:0.00, omega:0.00, omega_m:-0.00, u:0.00, theta1:21.334, theta2:11.313, e:0.000
t:27.71, r:0.00, omega:0.00, omega_m:-0.00, u:0.00, theta1:21.334, theta2:11.313, e:0.000
t:27.72, r:0.00, omega:0.00, omega_m:-0.00, u:0.00, theta1:21.334, theta2:11.313, e:0.000
t:27.73, r:0.00, omega:0.00, omega_m:-0.00, u:0.00, theta1:21.334, theta2:11.313, e:0.000
t:27.74, r:0.00, omega:0.00, omega_m:-0.00, u:0.00, theta1:21.334, theta2:11.313, e:0.000
t:27.75, r:0.00, omega:0.00, omega_m:-0.00, u:0.00, theta1:21.334, theta2:11.313, e:0.000
t:27.76, r:0.00, omega:0.00, omega_m:-0.00, u:0.00, theta1:21.334, theta2:11.313, e:0.000
t:27.77, r:0.00, omega:0.00, omega_m:-0.00, u:0.00, theta1:21.334, theta2:11.313, e:0.000
t:27.78, r:0.00, omega:0.00, omega_m:-0.00, u:0.00, theta1:21.334, theta2:11.313, e:0.000
t:27.79, r:0.00, omega:0.00, omega_m:-0.00, u:0.00, theta1:21.334, theta2:11.313, e:0.000
t:27.80, r:0.00, omega:0.00, omega_m:-0.00, u:0.00, theta1:21.334, theta2:11.313, e:0.000
t:27.81, r:0.00, omega:0.00, omega_m:-0.00, u:0.00, theta1:21.334, theta2:11.313, e:0.000
t:27.82, r:0.00, omega:0.00, omega_m:-0.00, u:0.00, theta1:21.334, theta2:11.313, e:0.000
t:27.83, r:0.00, omega:0.00, omega_m:-0.00, u:0.00, theta1:21.334, theta2:11.313, e:0.000
t:27.84, r:0.00, omega:0.00, omega_m:-0.00, u:0.00, theta1:21.334, theta2:11.313, e:0.000
t:27.85, r:0.00, omega:0.00, omega_m:-0.00, u:0.00, theta1:21.334, theta2:11.313, e:0.000
t:27.86, r:0.00, omega:0.00, omega_m:-0.00, u:0.00, theta1:21.334, theta2:11.313, e:0.000
t:27.87, r:0.00, omega:0.00, omega_m:-0.00, u:0.00, theta1:21.334, theta2:11.313, e:0.000
t:27.88, r:0.00, omega:0.00, omega_m:-0.00, u:0.00, theta1:21.334, theta2:11.313, e:0.000
t:27.89, r:0.00, omega:0.00, omega_m:-0.00, u:0.00, theta1:21.334, theta2:11.313, e:0.000
t:27.90, r:0.00, omega:0.00, omega_m:-0.00, u:0.00, theta1:21.334, theta2:11.313, e:0.000
t:27.91, r:0.00, omega:0.00, omega_m:-0.00, u:0.00, theta1:21.334, theta2:11.313, e:0.000
t:27.92, r:0.00, omega:0.00, omega_m:-0.00, u:0.00, theta1:21.334, theta2:11.313, e:0.000
t:27.93, r:0.00, omega:0.00, omega_m:-0.00, u:0.00, theta1:21.334, theta2:11.313, e:0.000
t:27.94, r:0.00, omega:0.00, omega_m:-0.00, u:0.00, theta1:21.334, theta2:11.313, e:0.000
t:27.95, r:0.00, omega:0.00, omega_m:-0.00, u:0.00, theta1:21.334, theta2:11.313, e:0.000
t:27.96, r:0.00, omega:0.00, omega_m:-0.00, u:0.00, theta1:21.334, theta2:11.313, e:0.000
t:27.97, r:0.00, omega:0.00, omega_m:-0.00, u:0.00, theta1:21.334, theta2:11.313, e:0.000
t:27.98, r:0.00, omega:0.00, omega_m:-0.00, u:0.00, theta1:21.334, theta2:11.313, e:0.000
t:27.99, r:0.00, omega:0.00, omega_m:-0.00, u:0.00, theta1:21.334, theta2:11.313, e:0.000
t:28.00, r:0.00, omega:0.00, omega_m:-0.00, u:0.00, theta1:21.334, theta2:11.313, e:0.000
t:28.01, r:25.00, omega:0.00, omega_m:4.53, u:533.48, theta1:21.339, theta2:11.313, e:-4.532
t:28.02, r:25.00, omega:0.00, omega_m:8.24, u:533.74, theta1:21.350, theta2:11.313, e:-8.242
t:28.03, r:25.00, omega:0.00, omega_m:11.28, u:534.09, theta1:21.364, theta2:11.313, e:-11.280
t:28.04, r:25.00, omega:0.51, omega_m:13.77, u:528.70, theta1:21.380, theta2:11.313, e:-13.254
t:28.05, r:25.00, omega:0.51, omega_m:15.80, u:529.18, theta1:21.399, theta2:11.312, e:-15.290
t:28.06, r:25.00, omega:25.03, omega_m:17.47, u:251.36, theta1:21.390, theta2:11.322, e:7.560
t:28.07, r:25.00, omega:31.84, omega_m:18.84, u:173.22, theta1:21.374, theta2:11.343, e:13.002
t:28.08, r:25.00, omega:31.84, omega_m:19.95, u:172.25, theta1:21.359, theta2:11.362, e:11.885
t:28.09, r:25.00, omega:25.70, omega_m:20.87, u:241.69, theta1:21.353, theta2:11.368, e:4.831
t:28.10, r:25.00, omega:25.70, omega_m:21.62, u:241.43, theta1:21.348, theta2:11.373, e:4.081
t:28.11, r:25.00, omega:25.70, omega_m:22.23, u:241.21, theta1:21.343, theta2:11.377, e:3.468
t:28.12, r:25.00, omega:18.20, omega_m:22.73, u:326.76, theta1:21.349, theta2:11.373, e:-4.534
t:28.13, r:25.00, omega:18.20, omega_m:23.14, u:327.00, theta1:21.355, theta2:11.369, e:-4.946
t:28.14, r:25.00, omega:18.20, omega_m:23.48, u:327.25, theta1:21.362, theta2:11.364, e:-5.282
t:28.15, r:25.00, omega:17.93, omega_m:23.76, u:330.56, theta1:21.369, theta2:11.359, e:-5.825
t:28.16, r:25.00, omega:17.93, omega_m:23.98, u:330.85, theta1:21.377, theta2:11.353, e:-6.051
t:28.17, r:25.00, omega:17.93, omega_m:24.17, u:331.14, theta1:21.385, theta2:11.348, e:-6.235
t:28.18, r:25.00, omega:22.36, omega_m:24.32, u:280.98, theta1:21.387, theta2:11.346, e:-1.956
t:28.19, r:25.00, omega:22.36, omega_m:24.44, u:281.10, theta1:21.390, theta2:11.343, e:-2.080
t:28.20, r:25.00, omega:22.10, omega_m:24.54, u:284.23, theta1:21.393, theta2:11.341, e:-2.446
t:28.21, r:25.00, omega:22.10, omega_m:24.63, u:284.37, theta1:21.396, theta2:11.338, e:-2.529
t:28.22, r:25.00, omega:21.33, omega_m:24.69, u:293.29, theta1:21.400, theta2:11.334, e:-3.367
t:28.23, r:25.00, omega:21.33, omega_m:24.75, u:293.47, theta1:21.404, theta2:11.331, e:-3.423
t:28.24, r:25.00, omega:21.33, omega_m:24.79, u:293.66, theta1:21.409, theta2:11.327, e:-3.468
t:28.25, r:25.00, omega:20.25, omega_m:24.83, u:306.07, theta1:21.414, theta2:11.322, e:-4.580
t:28.26, r:25.00, omega:20.25, omega_m:24.86, u:306.31, theta1:21.420, theta2:11.318, e:-4.611
t:28.27, r:25.00, omega:20.25, omega_m:24.89, u:306.55, theta1:21.426, theta2:11.313, e:-4.636
t:28.28, r:25.00, omega:20.13, omega_m:24.91, u:308.12, theta1:21.432, theta2:11.308, e:-4.774
t:28.29, r:25.00, omega:20.13, omega_m:24.92, u:308.37, theta1:21.438, theta2:11.303, e:-4.791
t:28.30, r:25.00, omega:20.40, omega_m:24.94, u:305.63, theta1:21.444, theta2:11.299, e:-4.541
t:28.31, r:25.00, omega:20.40, omega_m:24.95, u:305.86, theta1:21.449, theta2:11.294, e:-4.552
t:28.32, r:25.00, omega:20.40, omega_m:24.96, u:306.10, theta1:21.455, theta2:11.289, e:-4.561
t:28.33, r:25.00, omega:21.69, omega_m:24.97, u:291.64, theta1:21.459, theta2:11.286, e:-3.271
t:28.34, r:25.00, omega:21.69, omega_m:24.97, u:291.82, theta1:21.463, theta2:11.282, e:-3.278
t:28.35, r:25.00, omega:21.77, omega_m:24.98, u:291.17, theta1:21.467, theta2:11.279, e:-3.210
t:28.36, r:25.00, omega:21.77, omega_m:24.98, u:291.34, theta1:21.471, theta2:11.275, e:-3.214
t:28.37, r:25.00, omega:21.77, omega_m:24.98, u:291.52, theta1:21.475, theta2:11.272, e:-3.217
t:28.38, r:25.00, omega:19.92, omega_m:24.99, u:312.55, theta1:21.481, theta2:11.267, e:-5.063
t:28.39, r:25.00, omega:19.92, omega_m:24.99, u:312.81, theta1:21.488, theta2:11.262, e:-5.065
t:28.40, r:25.00, omega:21.60, omega_m:24.99, u:294.18, theta1:21.492, theta2:11.258, e:-3.396
t:28.41, r:25.00, omega:21.60, omega_m:24.99, u:294.37, theta1:21.496, theta2:11.254, e:-3.398
t:28.42, r:25.00, omega:21.60, omega_m:24.99, u:294.55, theta1:21.501, theta2:11.251, e:-3.399
t:28.43, r:25.00, omega:20.59, omega_m:25.00, u:306.06, theta1:21.506, theta2:11.246, e:-4.402
t:28.44, r:25.00, omega:20.59, omega_m:25.00, u:306.29, theta1:21.512, theta2:11.241, e:-4.403
t:28.45, r:25.00, omega:19.75, omega_m:25.00, u:316.05, theta1:21.518, theta2:11.236, e:-5.248
t:28.46, r:25.00, omega:19.75, omega_m:25.00, u:316.32, theta1:21.525, theta2:11.231, e:-5.249
t:28.47, r:25.00, omega:19.75, omega_m:25.00, u:316.58, theta1:21.531, theta2:11.226, e:-5.249
t:28.48, r:25.00, omega:21.90, omega_m:25.00, u:292.58, theta1:21.535, theta2:11.223, e:-3.096
t:28.49, r:25.00, omega:21.90, omega_m:25.00, u:292.75, theta1:21.539, theta2:11.219, e:-3.096
t:28.50, r:25.00, omega:21.97, omega_m:25.00, u:292.11, theta1:21.543, theta2:11.216, e:-3.025
t:28.51, r:25.00, omega:21.97, omega_m:25.00, u:292.28, theta1:21.547, theta2:11.213, e:-3.025
t:28.52, r:25.00, omega:21.57, omega_m:25.00, u:296.99, theta1:21.551, theta2:11.209, e:-3.429
t:28.53, r:25.00, omega:21.57, omega_m:25.00, u:297.18, theta1:21.555, theta2:11.205, e:-3.429
t:28.54, r:25.00, omega:21.57, omega_m:25.00, u:297.37, theta1:21.559, theta2:11.201, e:-3.429
t:28.55, r:25.00, omega:20.43, omega_m:25.00, u:310.34, theta1:21.565, theta2:11.197, e:-4.566
t:28.56, r:25.00, omega:20.43, omega_m:25.00, u:310.58, theta1:21.571, theta2:11.192, e:-4.567
t:28.57, r:25.00, omega:20.43, omega_m:25.00, u:310.82, theta1:21.577, theta2:11.187, e:-4.567
t:28.58, r:25.00, omega:20.07, omega_m:25.00, u:315.10, theta1:21.583, theta2:11.182, e:-4.927
t:28.59, r:25.00, omega:20.07, omega_m:25.00, u:315.36, theta1:21.589, theta2:11.178, e:-4.927
t:28.60, r:25.00, omega:21.28, omega_m:25.00, u:302.06, theta1:21.593, theta2:11.174, e:-3.720
t:28.61, r:25.00, omega:21.28, omega_m:25.00, u:302.26, theta1:21.598, theta2:11.170, e:-3.720
t:28.62, r:25.00, omega:21.60, omega_m:25.00, u:298.93, theta1:21.602, theta2:11.166, e:-3.405
t:28.63, r:25.00, omega:21.60, omega_m:25.00, u:299.11, theta1:21.607, theta2:11.162, e:-3.405
t:28.64, r:25.00, omega:21.60, omega_m:25.00, u:299.30, theta1:21.611, theta2:11.159, e:-3.405
t:28.65, r:25.00, omega:21.74, omega_m:25.00, u:297.82, theta1:21.615, theta2:11.155, e:-3.256
t:28.66, r:25.00, omega:21.74, omega_m:25.00, u:298.00, theta1:21.619, theta2:11.152, e:-3.256
t:28.67, r:25.00, omega:21.57, omega_m:25.00, u:300.09, theta1:21.623, theta2:11.148, e:-3.427
t:28.68, r:25.00, omega:21.57, omega_m:25.00, u:300.28, theta1:21.628, theta2:11.144, e:-3.427
t:28.69, r:25.00, omega:21.57, omega_m:25.00, u:300.46, theta1:21.632, theta2:11.140, e:-3.427
t:28.70, r:25.00, omega:20.52, omega_m:25.00, u:312.39, theta1:21.637, theta2:11.136, e:-4.476
t:28.71, r:25.00, omega:20.52, omega_m:25.00, u:312.62, theta1:21.643, theta2:11.131, e:-4.476
t:28.72, r:25.00, omega:20.37, omega_m:25.00, u:314.54, theta1:21.649, theta2:11.127, e:-4.626
t:28.73, r:25.00, omega:20.37, omega_m:25.00, u:314.78, theta1:21.655, theta2:11.122, e:-4.626
t:28.74, r:25.00, omega:20.37, omega_m:25.00, u:315.02, theta1:21.660, theta2:11.117, e:-4.626
t:28.75, r:25.00, omega:22.19, omega_m:25.00, u:294.97, theta1:21.664, theta2:11.114, e:-2.809
t:28.76, r:25.00, omega:22.19, omega_m:25.00, u:295.12, theta1:21.667, theta2:11.111, e:-2.809
t:28.77, r:25.00, omega:21.89, omega_m:25.00, u:298.62, theta1:21.671, theta2:11.107, e:-3.108
t:28.78, r:25.00, omega:21.89, omega_m:25.00, u:298.79, theta1:21.675, theta2:11.104, e:-3.108
t:28.79, r:25.00, omega:21.89, omega_m:25.00, u:298.96, theta1:21.679, theta2:11.101, e:-3.108
t:28.80, r:25.00, omega:21.49, omega_m:25.00, u:303.59, theta1:21.683, theta2:11.097, e:-3.508
t:28.81, r:25.00, omega:21.49, omega_m:25.00, u:303.78, theta1:21.688, theta2:11.093, e:-3.508
t:28.82, r:25.00, omega:21.04, omega_m:25.00, u:308.95, theta1:21.693, theta2:11.089, e:-3.955
t:28.83, r:25.00, omega:21.04, omega_m:25.00, u:309.16, theta1:21.698, theta2:11.085, e:-3.955
t:28.84, r:25.00, omega:21.04, omega_m:25.00, u:309.38, theta1:21.703, theta2:11.081, e:-3.955
t:28.85, r:25.00, omega:20.73, omega_m:25.00, u:313.09, theta1:21.708, theta2:11.076, e:-4.270
t:28.86, r:25.00, omega:20.73, omega_m:25.00, u:313.32, theta1:21.713, theta2:11.072, e:-4.270
t:28.87, r:25.00, omega:21.69, omega_m:25.00, u:302.91, theta1:21.718, theta2:11.068, e:-3.314
t:28.88, r:25.00, omega:21.69, omega_m:25.00, u:303.09, theta1:21.722, theta2:11.065, e:-3.314
t:28.89, r:25.00, omega:21.69, omega_m:25.00, u:303.23, theta1:21.726, theta2:11.061, e:-3.310
t:28.90, r:25.00, omega:21.69, omega_m:25.00, u:303.41, theta1:21.730, theta2:11.057, e:-3.310
t:28.91, r:25.00, omega:21.69, omega_m:25.00, u:303.59, theta1:21.734, theta2:11.054, e:-3.310
t:28.92, r:25.00, omega:20.14, omega_m:25.00, u:320.95, theta1:21.740, theta2:11.049, e:-4.858
t:28.93, r:25.00, omega:20.14, omega_m:25.00, u:321.20, theta1:21.746, theta2:11.044, e:-4.858
t:28.94, r:25.00, omega:23.19, omega_m:25.00, u:287.60, theta1:21.748, theta2:11.042, e:-1.805
t:28.95, r:25.00, omega:23.19, omega_m:25.00, u:287.70, theta1:21.751, theta2:11.040, e:-1.805
t:28.96, r:25.00, omega:23.19, omega_m:25.00, u:287.81, theta1:21.753, theta2:11.038, e:-1.805
t:28.97, r:25.00, omega:20.79, omega_m:25.00, u:314.60, theta1:21.758, theta2:11.033, e:-4.212
t:28.98, r:25.00, omega:20.79, omega_m:25.00, u:314.82, theta1:21.764, theta2:11.029, e:-4.212
t:28.99, r:25.00, omega:20.71, omega_m:25.00, u:315.85, theta1:21.769, theta2:11.025, e:-4.286
t:29.00, r:25.00, omega:20.71, omega_m:25.00, u:316.08, theta1:21.774, theta2:11.020, e:-4.286
t:29.01, r:0.00, omega:20.71, omega_m:20.47, u:0.00, theta1:21.774, theta2:11.020, e:0.246
t:29.02, r:0.00, omega:21.08, omega_m:16.76, u:0.00, theta1:21.774, theta2:11.025, e:4.327
t:29.03, r:0.00, omega:21.08, omega_m:13.72, u:0.00, theta1:21.774, theta2:11.033, e:7.365
t:29.04, r:0.00, omega:21.08, omega_m:11.23, u:0.00, theta1:21.774, theta2:11.043, e:9.852
t:29.05, r:0.00, omega:21.08, omega_m:9.20, u:0.00, theta1:21.774, theta2:11.056, e:11.888
t:29.06, r:0.00, omega:21.08, omega_m:7.53, u:0.00, theta1:21.774, theta2:11.070, e:13.555
t:29.07, r:0.00, omega:21.08, omega_m:6.16, u:0.00, theta1:21.774, theta2:11.086, e:14.920
t:29.08, r:0.00, omega:21.08, omega_m:5.05, u:0.00, theta1:21.774, theta2:11.103, e:16.037
t:29.09, r:0.00, omega:21.08, omega_m:4.13, u:0.00, theta1:21.774, theta2:11.120, e:16.952
t:29.10, r:0.00, omega:21.08, omega_m:3.38, u:0.00, theta1:21.774, theta2:11.139, e:17.701
t:29.11, r:0.00, omega:21.08, omega_m:2.77, u:0.00, theta1:21.774, theta2:11.158, e:18.315
t:29.12, r:0.00, omega:21.08, omega_m:2.27, u:0.00, theta1:21.774, theta2:11.178, e:18.817
t:29.13, r:0.00, omega:21.08, omega_m:1.86, u:0.00, theta1:21.774, theta2:11.199, e:19.228
t:29.14, r:0.00, omega:21.08, omega_m:1.52, u:0.00, theta1:21.774, theta2:11.219, e:19.565
t:29.15, r:0.00, omega:21.08, omega_m:1.24, u:0.00, theta1:21.774, theta2:11.240, e:19.840
t:29.16, r:0.00, omega:21.08, omega_m:1.02, u:0.00, theta1:21.774, theta2:11.261, e:20.066
t:29.17, r:0.00, omega:21.08, omega_m:0.83, u:0.00, theta1:21.774, theta2:11.283, e:20.250
t:29.18, r:0.00, omega:21.08, omega_m:0.68, u:0.00, theta1:21.774, theta2:11.304, e:20.402
t:29.19, r:0.00, omega:21.08, omega_m:0.56, u:0.00, theta1:21.774, theta2:11.326, e:20.526
t:29.20, r:0.00, omega:21.08, omega_m:0.46, u:0.00, theta1:21.774, theta2:11.347, e:20.627
t:29.21, r:0.00, omega:21.08, omega_m:0.37, u:0.00, theta1:21.774, theta2:11.369, e:20.710
t:29.22, r:0.00, omega:21.08, omega_m:0.31, u:0.00, theta1:21.774, theta2:11.391, e:20.778
t:29.23, r:0.00, omega:21.08, omega_m:0.25, u:0.00, theta1:21.774, theta2:11.413, e:20.834
t:29.24, r:0.00, omega:21.08, omega_m:0.21, u:0.00, theta1:21.774, theta2:11.435, e:20.879
t:29.25, r:0.00, omega:21.08, omega_m:0.17, u:0.00, theta1:21.774, theta2:11.457, e:20.916
t:29.26, r:0.00, omega:21.08, omega_m:0.14, u:0.00, theta1:21.774, theta2:11.479, e:20.947
t:29.27, r:0.00, omega:21.08, omega_m:0.11, u:0.00, theta1:21.774, theta2:11.501, e:20.972
t:29.28, r:0.00, omega:21.08, omega_m:0.09, u:0.00, theta1:21.774, theta2:11.524, e:20.992
t:29.29, r:0.00, omega:21.08, omega_m:0.08, u:0.00, theta1:21.774, theta2:11.546, e:21.009
t:29.30, r:0.00, omega:21.08, omega_m:0.06, u:0.00, theta1:21.774, theta2:11.568, e:21.023
t:29.31, r:0.00, omega:21.08, omega_m:0.05, u:0.00, theta1:21.774, theta2:11.590, e:21.034
t:29.32, r:0.00, omega:21.08, omega_m:0.04, u:0.00, theta1:21.774, theta2:11.612, e:21.043
t:29.33, r:0.00, omega:21.08, omega_m:0.03, u:0.00, theta1:21.774, theta2:11.634, e:21.051
t:29.34, r:0.00, omega:21.08, omega_m:0.03, u:0.00, theta1:21.774, theta2:11.657, e:21.057
t:29.35, r:0.00, omega:21.08, omega_m:0.02, u:0.00, theta1:21.774, theta2:11.679, e:21.062
t:29.36, r:0.00, omega:21.08, omega_m:0.02, u:0.00, theta1:21.774, theta2:11.701, e:21.066
t:29.37, r:0.00, omega:21.08, omega_m:0.02, u:0.00, theta1:21.774, theta2:11.723, e:21.070
t:29.38, r:0.00, omega:21.08, omega_m:0.01, u:0.00, theta1:21.774, theta2:11.745, e:21.072
t:29.39, r:0.00, omega:21.08, omega_m:0.01, u:0.00, theta1:21.774, theta2:11.768, e:21.075
t:29.40, r:0.00, omega:21.08, omega_m:0.01, u:0.00, theta1:21.774, theta2:11.790, e:21.076
t:29.41, r:0.00, omega:21.08, omega_m:0.01, u:0.00, theta1:21.774, theta2:11.812, e:21.078
t:29.42, r:0.00, omega:21.08, omega_m:0.01, u:0.00, theta1:21.774, theta2:11.834, e:21.079
t:29.43, r:0.00, omega:21.08, omega_m:0.00, u:0.00, theta1:21.774, theta2:11.857, e:21.080
t:29.44, r:0.00, omega:21.08, omega_m:0.00, u:0.00, theta1:21.774, theta2:11.879, e:21.081
t:29.45, r:0.00, omega:21.08, omega_m:0.00, u:0.00, theta1:21.774, theta2:11.901, e:21.082
t:29.46, r:0.00, omega:21.08, omega_m:0.00, u:0.00, theta1:21.774, theta2:11.923, e:21.082
t:29.47, r:0.00, omega:21.08, omega_m:0.00, u:0.00, theta1:21.774, theta2:11.945, e:21.083
t:29.48, r:0.00, omega:21.08, omega_m:0.00, u:0.00, theta1:21.774, theta2:11.968, e:21.083
t:29.49, r:0.00, omega:21.08, omega_m:0.00, u:0.00, theta1:21.774, theta2:11.990, e:21.083
t:29.50, r:0.00, omega:21.08, omega_m:0.00, u:0.00, theta1:21.774, theta2:12.012, e:21.084
t:29.51, r:0.00, omega:21.08, omega_m:0.00, u:0.00, theta1:21.774, theta2:12.034, e:21.084
t:29.52, r:0.00, omega:0.00, omega_m:0.00, u:0.00, theta1:21.774, theta2:12.034, e:-0.001
t:29.53, r:0.00, omega:0.00, omega_m:0.00, u:0.00, theta1:21.774, theta2:12.034, e:-0.001
t:29.54, r:0.00, omega:0.00, omega_m:0.00, u:0.00, theta1:21.774, theta2:12.034, e:-0.001
t:29.55, r:0.00, omega:0.00, omega_m:0.00, u:0.00, theta1:21.774, theta2:12.034, e:-0.000
t:29.56, r:0.00, omega:0.00, omega_m:0.00, u:0.00, theta1:21.774, theta2:12.034, e:-0.000
t:29.57, r:0.00, omega:0.00, omega_m:0.00, u:0.00, theta1:21.774, theta2:12.034, e:-0.000
t:29.58, r:0.00, omega:0.00, omega_m:0.00, u:0.00, theta1:21.774, theta2:12.034, e:-0.000
t:29.59, r:0.00, omega:0.00, omega_m:0.00, u:0.00, theta1:21.774, theta2:12.034, e:-0.000
t:29.60, r:0.00, omega:0.00, omega_m:0.00, u:0.00, theta1:21.774, theta2:12.034, e:-0.000
t:29.61, r:0.00, omega:0.00, omega_m:0.00, u:0.00, theta1:21.774, theta2:12.034, e:-0.000
t:29.62, r:0.00, omega:0.00, omega_m:0.00, u:0.00, theta1:21.774, theta2:12.034, e:-0.000
t:29.63, r:0.00, omega:0.00, omega_m:0.00, u:0.00, theta1:21.774, theta2:12.034, e:-0.000
t:29.64, r:0.00, omega:0.00, omega_m:0.00, u:0.00, theta1:21.774, theta2:12.034, e:-0.000
t:29.65, r:0.00, omega:0.00, omega_m:0.00, u:0.00, theta1:21.774, theta2:12.034, e:-0.000
t:29.66, r:0.00, omega:0.00, omega_m:0.00, u:0.00, theta1:21.774, theta2:12.034, e:-0.000
t:29.67, r:0.00, omega:0.00, omega_m:0.00, u:0.00, theta1:21.774, theta2:12.034, e:-0.000
t:29.68, r:0.00, omega:0.00, omega_m:0.00, u:0.00, theta1:21.774, theta2:12.034, e:-0.000
t:29.69, r:0.00, omega:0.00, omega_m:0.00, u:0.00, theta1:21.774, theta2:12.034, e:-0.000
t:29.70, r:0.00, omega:0.00, omega_m:0.00, u:0.00, theta1:21.774, theta2:12.034, e:-0.000
t:29.71, r:0.00, omega:0.00, omega_m:0.00, u:0.00, theta1:21.774, theta2:12.034, e:-0.000
t:29.72, r:0.00, omega:0.00, omega_m:0.00, u:0.00, theta1:21.774, theta2:12.034, e:-0.000
t:29.73, r:0.00, omega:0.00, omega_m:0.00, u:0.00, theta1:21.774, theta2:12.034, e:-0.000
t:29.74, r:0.00, omega:0.00, omega_m:0.00, u:0.00, theta1:21.774, theta2:12.034, e:-0.000
t:29.75, r:0.00, omega:0.00, omega_m:0.00, u:0.00, theta1:21.774, theta2:12.034, e:-0.000
t:29.76, r:0.00, omega:0.00, omega_m:0.00, u:0.00, theta1:21.774, theta2:12.034, e:-0.000
t:29.77, r:0.00, omega:0.00, omega_m:0.00, u:0.00, theta1:21.774, theta2:12.034, e:-0.000
t:29.78, r:0.00, omega:0.00, omega_m:0.00, u:0.00, theta1:21.774, theta2:12.034, e:-0.000
t:29.79, r:0.00, omega:0.00, omega_m:0.00, u:0.00, theta1:21.774, theta2:12.034, e:-0.000
t:29.80, r:0.00, omega:0.00, omega_m:0.00, u:0.00, theta1:21.774, theta2:12.034, e:-0.000
t:29.81, r:0.00, omega:0.00, omega_m:0.00, u:0.00, theta1:21.774, theta2:12.034, e:-0.000
t:29.82, r:0.00, omega:0.00, omega_m:0.00, u:0.00, theta1:21.774, theta2:12.034, e:-0.000
t:29.83, r:0.00, omega:0.00, omega_m:0.00, u:0.00, theta1:21.774, theta2:12.034, e:-0.000
t:29.84, r:0.00, omega:0.00, omega_m:0.00, u:0.00, theta1:21.774, theta2:12.034, e:-0.000
t:29.85, r:0.00, omega:0.00, omega_m:0.00, u:0.00, theta1:21.774, theta2:12.034, e:-0.000
t:29.86, r:0.00, omega:0.00, omega_m:0.00, u:0.00, theta1:21.774, theta2:12.034, e:-0.000
t:29.87, r:0.00, omega:0.00, omega_m:0.00, u:0.00, theta1:21.774, theta2:12.034, e:-0.000
t:29.88, r:0.00, omega:0.00, omega_m:0.00, u:0.00, theta1:21.774, theta2:12.034, e:-0.000
t:29.89, r:0.00, omega:0.00, omega_m:0.00, u:0.00, theta1:21.774, theta2:12.034, e:-0.000
t:29.90, r:0.00, omega:0.00, omega_m:0.00, u:0.00, theta1:21.774, theta2:12.034, e:-0.000
t:29.91, r:0.00, omega:0.00, omega_m:0.00, u:0.00, theta1:21.774, theta2:12.034, e:-0.000
t:29.92, r:0.00, omega:0.00, omega_m:0.00, u:0.00, theta1:21.774, theta2:12.034, e:-0.000
t:29.93, r:0.00, omega:0.00, omega_m:0.00, u:0.00, theta1:21.774, theta2:12.034, e:-0.000
t:29.94, r:0.00, omega:0.00, omega_m:0.00, u:0.00, theta1:21.774, theta2:12.034, e:-0.000
t:29.95, r:0.00, omega:0.00, omega_m:0.00, u:0.00, theta1:21.774, theta2:12.034, e:-0.000
t:29.96, r:0.00, omega:0.00, omega_m:0.00, u:0.00, theta1:21.774, theta2:12.034, e:-0.000
t:29.97, r:0.00, omega:0.00, omega_m:0.00, u:0.00, theta1:21.774, theta2:12.034, e:-0.000
t:29.98, r:0.00, omega:0.00, omega_m:0.00, u:0.00, theta1:21.774, theta2:12.034, e:-0.000
t:29.99, r:0.00, omega:0.00, omega_m:0.00, u:0.00, theta1:21.774, theta2:12.034, e:-0.000
t:30.00, r:0.00, omega:0.00, omega_m:0.00, u:0.00, theta1:21.774, theta2:12.034, e:-0.000
t:30.01, r:-25.00, omega:0.00, omega_m:-4.53, u:-544.50, theta1:21.780, theta2:12.034, e:4.532
t:30.02, r:-25.00, omega:0.00, omega_m:-8.24, u:-544.75, theta1:21.790, theta2:12.034, e:8.242
t:30.03, r:-25.00, omega:-0.52, omega_m:-11.28, u:-538.87, theta1:21.804, theta2:12.034, e:10.763
t:30.04, r:-25.00, omega:-0.52, omega_m:-13.77, u:-539.29, theta1:21.820, theta2:12.034, e:13.250
t:30.05, r:-25.00, omega:-25.01, omega_m:-15.80, u:-244.02, theta1:21.809, theta2:12.045, e:-9.203
t:30.06, r:-25.00, omega:-25.01, omega_m:-17.47, u:-243.54, theta1:21.799, theta2:12.055, e:-7.536
t:30.07, r:-25.00, omega:-30.22, omega_m:-18.84, u:-179.79, theta1:21.785, theta2:12.072, e:-11.387
t:30.08, r:-25.00, omega:-30.22, omega_m:-19.95, u:-179.00, theta1:21.772, theta2:12.087, e:-10.270
t:30.09, r:-25.00, omega:-30.22, omega_m:-20.87, u:-178.28, theta1:21.761, theta2:12.102, e:-9.355
t:30.10, r:-25.00, omega:-19.74, omega_m:-21.62, u:-305.24, theta1:21.763, theta2:12.100, e:1.878
t:30.11, r:-25.00, omega:-19.74, omega_m:-22.23, u:-305.36, theta1:21.766, theta2:12.097, e:2.491
t:30.12, r:-25.00, omega:-19.74, omega_m:-22.73, u:-305.51, theta1:21.770, theta2:12.094, e:2.993
t:30.13, r:-25.00, omega:-17.82, omega_m:-23.14, u:-329.00, theta1:21.776, theta2:12.090, e:5.325
t:30.14, r:-25.00, omega:-17.82, omega_m:-23.48, u:-329.27, theta1:21.783, theta2:12.084, e:5.662
t:30.15, r:-25.00, omega:-19.94, omega_m:-23.76, u:-303.76, theta1:21.788, theta2:12.081, e:3.811
t:30.16, r:-25.00, omega:-19.94, omega_m:-23.98, u:-303.97, theta1:21.793, theta2:12.077, e:4.037
t:30.17, r:-25.00, omega:-19.94, omega_m:-24.17, u:-304.19, theta1:21.799, theta2:12.072, e:4.221
t:30.18, r:-25.00, omega:-22.03, omega_m:-24.32, u:-279.13, theta1:21.801, theta2:12.070, e:2.286
t:30.19, r:-25.00, omega:-22.03, omega_m:-24.44, u:-279.26, theta1:21.804, theta2:12.067, e:2.410
t:30.20, r:-25.00, omega:-22.22, omega_m:-24.54, u:-277.15, theta1:21.807, theta2:12.065, e:2.326
t:30.21, r:-25.00, omega:-22.22, omega_m:-24.63, u:-277.28, theta1:21.810, theta2:12.062, e:2.409
t:30.22, r:-25.00, omega:-21.20, omega_m:-24.69, u:-289.76, theta1:21.815, theta2:12.058, e:3.496
t:30.23, r:-25.00, omega:-21.20, omega_m:-24.75, u:-289.95, theta1:21.819, theta2:12.055, e:3.551
t:30.24, r:-25.00, omega:-21.20, omega_m:-24.79, u:-290.15, theta1:21.824, theta2:12.051, e:3.597
t:30.25, r:-25.00, omega:-20.07, omega_m:-24.83, u:-304.04, theta1:21.830, theta2:12.046, e:4.766
t:30.26, r:-25.00, omega:-20.07, omega_m:-24.86, u:-304.28, theta1:21.836, theta2:12.041, e:4.797
t:30.27, r:-25.00, omega:-20.07, omega_m:-24.89, u:-304.53, theta1:21.842, theta2:12.036, e:4.822
t:30.28, r:-25.00, omega:-19.29, omega_m:-24.91, u:-314.08, theta1:21.849, theta2:12.031, e:5.613
t:30.29, r:-25.00, omega:-19.29, omega_m:-24.92, u:-314.37, theta1:21.856, theta2:12.025, e:5.630
t:30.30, r:-25.00, omega:-21.50, omega_m:-24.94, u:-288.06, theta1:21.860, theta2:12.022, e:3.440
t:30.31, r:-25.00, omega:-21.50, omega_m:-24.95, u:-288.25, theta1:21.864, theta2:12.018, e:3.452
t:30.32, r:-25.00, omega:-21.50, omega_m:-24.96, u:-288.43, theta1:21.869, theta2:12.014, e:3.461
t:30.33, r:-25.00, omega:-21.60, omega_m:-24.97, u:-287.38, theta1:21.873, theta2:12.011, e:3.365
t:30.34, r:-25.00, omega:-21.60, omega_m:-24.97, u:-287.57, theta1:21.877, theta2:12.007, e:3.372
t:30.35, r:-25.00, omega:-21.51, omega_m:-24.98, u:-288.86, theta1:21.881, theta2:12.003, e:3.469
t:30.36, r:-25.00, omega:-21.51, omega_m:-24.98, u:-289.05, theta1:21.886, theta2:12.000, e:3.473
t:30.37, r:-25.00, omega:-21.51, omega_m:-24.98, u:-289.24, theta1:21.890, theta2:11.996, e:3.476
t:30.38, r:-25.00, omega:-21.14, omega_m:-24.99, u:-293.90, theta1:21.895, theta2:11.992, e:3.850
t:30.39, r:-25.00, omega:-21.14, omega_m:-24.99, u:-294.10, theta1:21.900, theta2:11.988, e:3.852
t:30.40, r:-25.00, omega:-19.75, omega_m:-24.99, u:-311.06, theta1:21.906, theta2:11.983, e:5.247
t:30.41, r:-25.00, omega:-19.75, omega_m:-24.99, u:-311.33, theta1:21.913, theta2:11.977, e:5.248
t:30.42, r:-25.00, omega:-19.75, omega_m:-24.99, u:-311.59, theta1:21.919, theta2:11.972, e:5.249
t:30.43, r:-25.00, omega:-19.82, omega_m:-25.00, u:-311.01, theta1:21.926, theta2:11.967, e:5.179
t:30.44, r:-25.00, omega:-19.82, omega_m:-25.00, u:-311.27, theta1:21.932, theta2:11.962, e:5.180
t:30.45, r:-25.00, omega:-21.83, omega_m:-25.00, u:-287.40, theta1:21.936, theta2:11.958, e:3.170
t:30.46, r:-25.00, omega:-21.83, omega_m:-25.00, u:-287.57, theta1:21.940, theta2:11.955, e:3.171
t:30.47, r:-25.00, omega:-21.83, omega_m:-25.00, u:-287.74, theta1:21.944, theta2:11.952, e:3.171
t:30.48, r:-25.00, omega:-22.49, omega_m:-25.00, u:-279.99, theta1:21.947, theta2:11.949, e:2.511
t:30.49, r:-25.00, omega:-22.49, omega_m:-25.00, u:-280.13, theta1:21.950, theta2:11.946, e:2.511
t:30.50, r:-25.00, omega:-20.16, omega_m:-25.00, u:-308.18, theta1:21.957, theta2:11.941, e:4.839
t:30.51, r:-25.00, omega:-20.16, omega_m:-25.00, u:-308.43, theta1:21.963, theta2:11.936, e:4.839
t:30.52, r:-25.00, omega:-20.16, omega_m:-25.00, u:-308.68, theta1:21.969, theta2:11.931, e:4.839
t:30.53, r:-25.00, omega:-20.26, omega_m:-25.00, u:-307.68, theta1:21.975, theta2:11.926, e:4.735
t:30.54, r:-25.00, omega:-20.26, omega_m:-25.00, u:-307.92, theta1:21.980, theta2:11.922, e:4.735
t:30.55, r:-25.00, omega:-22.78, omega_m:-25.00, u:-278.11, theta1:21.983, theta2:11.919, e:2.224
t:30.56, r:-25.00, omega:-22.78, omega_m:-25.00, u:-278.24, theta1:21.986, theta2:11.917, e:2.224
t:30.57, r:-25.00, omega:-22.78, omega_m:-25.00, u:-278.37, theta1:21.989, theta2:11.914, e:2.224
t:30.58, r:-25.00, omega:-20.42, omega_m:-25.00, u:-306.63, theta1:21.995, theta2:11.909, e:4.576
t:30.59, r:-25.00, omega:-20.42, omega_m:-25.00, u:-306.87, theta1:22.000, theta2:11.905, e:4.576
t:30.60, r:-25.00, omega:-20.12, omega_m:-25.00, u:-310.69, theta1:22.006, theta2:11.900, e:4.876
t:30.61, r:-25.00, omega:-20.12, omega_m:-25.00, u:-310.94, theta1:22.012, theta2:11.895, e:4.876
t:30.62, r:-25.00, omega:-20.12, omega_m:-25.00, u:-311.19, theta1:22.019, theta2:11.890, e:4.876
t:30.63, r:-25.00, omega:-22.59, omega_m:-25.00, u:-282.05, theta1:22.022, theta2:11.887, e:2.413
t:30.64, r:-25.00, omega:-22.59, omega_m:-25.00, u:-282.19, theta1:22.025, theta2:11.885, e:2.413
t:30.65, r:-25.00, omega:-22.44, omega_m:-25.00, u:-284.06, theta1:22.028, theta2:11.882, e:2.559
t:30.66, r:-25.00, omega:-22.44, omega_m:-25.00, u:-284.20, theta1:22.031, theta2:11.879, e:2.559
t:30.67, r:-25.00, omega:-20.31, omega_m:-25.00, u:-309.70, theta1:22.037, theta2:11.874, e:4.685
t:30.68, r:-25.00, omega:-20.31, omega_m:-25.00, u:-309.94, theta1:22.043, theta2:11.869, e:4.685
t:30.69, r:-25.00, omega:-20.31, omega_m:-25.00, u:-310.19, theta1:22.049, theta2:11.864, e:4.685
t:30.70, r:-25.00, omega:-20.21, omega_m:-25.00, u:-311.64, theta1:22.055, theta2:11.860, e:4.787
t:30.71, r:-25.00, omega:-20.21, omega_m:-25.00, u:-311.89, theta1:22.060, theta2:11.855, e:4.787
t:30.72, r:-25.00, omega:-20.21, omega_m:-25.00, u:-312.14, theta1:22.066, theta2:11.850, e:4.787
t:30.73, r:-25.00, omega:-21.00, omega_m:-25.00, u:-303.01, theta1:22.071, theta2:11.846, e:3.999
t:30.74, r:-25.00, omega:-21.00, omega_m:-25.00, u:-303.23, theta1:22.076, theta2:11.842, e:3.999
t:30.75, r:-25.00, omega:-21.93, omega_m:-25.00, u:-292.36, theta1:22.080, theta2:11.838, e:3.067
t:30.76, r:-25.00, omega:-21.93, omega_m:-25.00, u:-292.53, theta1:22.084, theta2:11.835, e:3.067
t:30.77, r:-25.00, omega:-21.99, omega_m:-25.00, u:-292.01, theta1:22.088, theta2:11.832, e:3.009
t:30.78, r:-25.00, omega:-21.99, omega_m:-25.00, u:-292.18, theta1:22.092, theta2:11.828, e:3.009
t:30.79, r:-25.00, omega:-21.99, omega_m:-25.00, u:-292.35, theta1:22.095, theta2:11.825, e:3.009
t:30.80, r:-25.00, omega:-21.91, omega_m:-25.00, u:-293.51, theta1:22.099, theta2:11.822, e:3.093
t:30.81, r:-25.00, omega:-21.91, omega_m:-25.00, u:-293.68, theta1:22.103, theta2:11.818, e:3.093
t:30.82, r:-25.00, omega:-19.57, omega_m:-25.00, u:-321.61, theta1:22.110, theta2:11.813, e:5.434
t:30.83, r:-25.00, omega:-19.57, omega_m:-25.00, u:-321.89, theta1:22.117, theta2:11.808, e:5.434
t:30.84, r:-25.00, omega:-19.57, omega_m:-25.00, u:-322.16, theta1:22.124, theta2:11.802, e:5.434
t:30.85, r:-25.00, omega:-21.76, omega_m:-25.00, u:-296.46, theta1:22.128, theta2:11.799, e:3.241
t:30.86, r:-25.00, omega:-21.76, omega_m:-25.00, u:-296.63, theta1:22.132, theta2:11.795, e:3.241
t:30.87, r:-25.00, omega:-21.96, omega_m:-25.00, u:-294.40, theta1:22.135, theta2:11.792, e:3.037
t:30.88, r:-25.00, omega:-21.96, omega_m:-25.00, u:-294.57, theta1:22.139, theta2:11.788, e:3.037
t:30.89, r:-25.00, omega:-21.96, omega_m:-25.00, u:-294.74, theta1:22.143, theta2:11.785, e:3.037
t:30.90, r:-25.00, omega:-22.00, omega_m:-25.00, u:-294.41, theta1:22.147, theta2:11.782, e:2.995
t:30.91, r:-25.00, omega:-22.00, omega_m:-25.00, u:-294.58, theta1:22.151, theta2:11.779, e:2.995
t:30.92, r:-25.00, omega:-21.71, omega_m:-25.00, u:-298.19, theta1:22.155, theta2:11.775, e:3.287
t:30.93, r:-25.00, omega:-21.71, omega_m:-25.00, u:-298.37, theta1:22.159, theta2:11.771, e:3.287
t:30.94, r:-25.00, omega:-21.58, omega_m:-25.00, u:-300.09, theta1:22.163, theta2:11.768, e:3.417
t:30.95, r:-25.00, omega:-21.58, omega_m:-25.00, u:-300.28, theta1:22.167, theta2:11.764, e:3.417
t:30.96, r:-25.00, omega:-21.58, omega_m:-25.00, u:-300.47, theta1:22.172, theta2:11.760, e:3.417
t:30.97, r:-25.00, omega:-21.17, omega_m:-25.00, u:-305.49, theta1:22.176, theta2:11.756, e:3.827
t:30.98, r:-25.00, omega:-21.17, omega_m:-25.00, u:-305.69, theta1:22.181, theta2:11.752, e:3.827
t:30.99, r:-25.00, omega:-21.04, omega_m:-25.00, u:-307.51, theta1:22.186, theta2:11.748, e:3.963
t:31.00, r:-25.00, omega:-21.04, omega_m:-25.00, u:-307.72, theta1:22.191, theta2:11.744, e:3.963
t:31.01, r:0.00, omega:-21.04, omega_m:-20.47, u:0.00, theta1:22.191, theta2:11.745, e:-0.568
t:31.02, r:0.00, omega:-21.65, omega_m:-16.76, u:0.00, theta1:22.191, theta2:11.750, e:-4.892
t:31.03, r:0.00, omega:-21.65, omega_m:-13.72, u:0.00, theta1:22.191, theta2:11.758, e:-7.929
t:31.04, r:0.00, omega:-21.65, omega_m:-11.23, u:0.00, theta1:22.191, theta2:11.770, e:-10.417
t:31.05, r:0.00, omega:-21.65, omega_m:-9.20, u:0.00, theta1:22.191, theta2:11.783, e:-12.453
t:31.06, r:0.00, omega:-21.65, omega_m:-7.53, u:0.00, theta1:22.191, theta2:11.798, e:-14.120
t:31.07, r:0.00, omega:-21.65, omega_m:-6.16, u:0.00, theta1:22.191, theta2:11.815, e:-15.485
t:31.08, r:0.00, omega:-21.65, omega_m:-5.05, u:0.00, theta1:22.191, theta2:11.833, e:-16.602
t:31.09, r:0.00, omega:-21.65, omega_m:-4.13, u:0.00, theta1:22.191, theta2:11.852, e:-17.517
t:31.10, r:0.00, omega:-21.65, omega_m:-3.38, u:0.00, theta1:22.191, theta2:11.872, e:-18.266
t:31.11, r:0.00, omega:-21.65, omega_m:-2.77, u:0.00, theta1:22.191, theta2:11.892, e:-18.880
t:31.12, r:0.00, omega:-21.65, omega_m:-2.27, u:0.00, theta1:22.191, theta2:11.913, e:-19.382
t:31.13, r:0.00, omega:-21.65, omega_m:-1.86, u:0.00, theta1:22.191, theta2:11.935, e:-19.793
t:31.14, r:0.00, omega:-21.65, omega_m:-1.52, u:0.00, theta1:22.191, theta2:11.957, e:-20.129
t:31.15, r:0.00, omega:-21.65, omega_m:-1.24, u:0.00, theta1:22.191, theta2:11.979, e:-20.405
t:31.16, r:0.00, omega:-21.65, omega_m:-1.02, u:0.00, theta1:22.191, theta2:12.001, e:-20.631
t:31.17, r:0.00, omega:-21.65, omega_m:-0.83, u:0.00, theta1:22.191, theta2:12.023, e:-20.815
t:31.18, r:0.00, omega:-21.65, omega_m:-0.68, u:0.00, theta1:22.191, theta2:12.046, e:-20.967
t:31.19, r:0.00, omega:-21.65, omega_m:-0.56, u:0.00, theta1:22.191, theta2:12.069, e:-21.090
t:31.20, r:0.00, omega:-21.65, omega_m:-0.46, u:0.00, theta1:22.191, theta2:12.092, e:-21.192
t:31.21, r:0.00, omega:-21.65, omega_m:-0.37, u:0.00, theta1:22.191, theta2:12.115, e:-21.275
t:31.22, r:0.00, omega:-21.65, omega_m:-0.31, u:0.00, theta1:22.191, theta2:12.138, e:-21.343
t:31.23, r:0.00, omega:-21.65, omega_m:-0.25, u:0.00, theta1:22.191, theta2:12.161, e:-21.398
t:31.24, r:0.00, omega:-21.65, omega_m:-0.21, u:0.00, theta1:22.191, theta2:12.184, e:-21.444
t:31.25, r:0.00, omega:-21.65, omega_m:-0.17, u:0.00, theta1:22.191, theta2:12.208, e:-21.481
t:31.26, r:0.00, omega:-21.65, omega_m:-0.14, u:0.00, theta1:22.191, theta2:12.231, e:-21.512
t:31.27, r:0.00, omega:-21.65, omega_m:-0.11, u:0.00, theta1:22.191, theta2:12.254, e:-21.537
t:31.28, r:0.00, omega:-21.65, omega_m:-0.09, u:0.00, theta1:22.191, theta2:12.278, e:-21.557
t:31.29, r:0.00, omega:-21.65, omega_m:-0.08, u:0.00, theta1:22.191, theta2:12.301, e:-21.574
t:31.30, r:0.00, omega:-21.65, omega_m:-0.06, u:0.00, theta1:22.191, theta2:12.324, e:-21.588
t:31.31, r:0.00, omega:-21.65, omega_m:-0.05, u:0.00, theta1:22.191, theta2:12.348, e:-21.599
t:31.32, r:0.00, omega:-21.65, omega_m:-0.04, u:0.00, theta1:22.191, theta2:12.371, e:-21.608
t:31.33, r:0.00, omega:-21.65, omega_m:-0.03, u:0.00, theta1:22.191, theta2:12.395, e:-21.616
t:31.34, r:0.00, omega:-21.65, omega_m:-0.03, u:0.00, theta1:22.191, theta2:12.418, e:-21.622
t:31.35, r:0.00, omega:-21.65, omega_m:-0.02, u:0.00, theta1:22.191, theta2:12.441, e:-21.627
t:31.36, r:0.00, omega:-21.65, omega_m:-0.02, u:0.00, theta1:22.191, theta2:12.465, e:-21.631
t:31.37, r:0.00, omega:-21.65, omega_m:-0.02, u:0.00, theta1:22.191, theta2:12.488, e:-21.634
t:31.38, r:0.00, omega:-21.65, omega_m:-0.01, u:0.00, theta1:22.191, theta2:12.512, e:-21.637
t:31.39, r:0.00, omega:-21.65, omega_m:-0.01, u:0.00, theta1:22.191, theta2:12.535, e:-21.639
t:31.40, r:0.00, omega:-21.65, omega_m:-0.01, u:0.00, theta1:22.191, theta2:12.558, e:-21.641
t:31.41, r:0.00, omega:-21.65, omega_m:-0.01, u:0.00, theta1:22.191, theta2:12.582, e:-21.643
t:31.42, r:0.00, omega:-21.65, omega_m:-0.01, u:0.00, theta1:22.191, theta2:12.605, e:-21.644
t:31.43, r:0.00, omega:-21.65, omega_m:-0.00, u:0.00, theta1:22.191, theta2:12.629, e:-21.645
t:31.44, r:0.00, omega:-21.65, omega_m:-0.00, u:0.00, theta1:22.191, theta2:12.652, e:-21.646
t:31.45, r:0.00, omega:-21.65, omega_m:-0.00, u:0.00, theta1:22.191, theta2:12.676, e:-21.647
t:31.46, r:0.00, omega:-21.65, omega_m:-0.00, u:0.00, theta1:22.191, theta2:12.699, e:-21.647
t:31.47, r:0.00, omega:-21.65, omega_m:-0.00, u:0.00, theta1:22.191, theta2:12.722, e:-21.648
t:31.48, r:0.00, omega:-21.65, omega_m:-0.00, u:0.00, theta1:22.191, theta2:12.746, e:-21.648
t:31.49, r:0.00, omega:-21.65, omega_m:-0.00, u:0.00, theta1:22.191, theta2:12.769, e:-21.648
t:31.50, r:0.00, omega:-21.65, omega_m:-0.00, u:0.00, theta1:22.191, theta2:12.793, e:-21.649
t:31.51, r:0.00, omega:-21.65, omega_m:-0.00, u:0.00, theta1:22.191, theta2:12.816, e:-21.649
t:31.52, r:0.00, omega:0.00, omega_m:-0.00, u:0.00, theta1:22.191, theta2:12.816, e:0.001
t:31.53, r:0.00, omega:0.00, omega_m:-0.00, u:0.00, theta1:22.191, theta2:12.816, e:0.001
t:31.54, r:0.00, omega:0.00, omega_m:-0.00, u:0.00, theta1:22.191, theta2:12.816, e:0.001
t:31.55, r:0.00, omega:0.00, omega_m:-0.00, u:0.00, theta1:22.191, theta2:12.816, e:0.000
t:31.56, r:0.00, omega:0.00, omega_m:-0.00, u:0.00, theta1:22.191, theta2:12.816, e:0.000
t:31.57, r:0.00, omega:0.00, omega_m:-0.00, u:0.00, theta1:22.191, theta2:12.816, e:0.000
t:31.58, r:0.00, omega:0.00, omega_m:-0.00, u:0.00, theta1:22.191, theta2:12.816, e:0.000
t:31.59, r:0.00, omega:0.00, omega_m:-0.00, u:0.00, theta1:22.191, theta2:12.816, e:0.000
t:31.60, r:0.00, omega:0.00, omega_m:-0.00, u:0.00, theta1:22.191, theta2:12.816, e:0.000
t:31.61, r:0.00, omega:0.00, omega_m:-0.00, u:0.00, theta1:22.191, theta2:12.816, e:0.000
t:31.62, r:0.00, omega:0.00, omega_m:-0.00, u:0.00, theta1:22.191, theta2:12.816, e:0.000
t:31.63, r:0.00, omega:0.00, omega_m:-0.00, u:0.00, theta1:22.191, theta2:12.816, e:0.000
t:31.64, r:0.00, omega:0.00, omega_m:-0.00, u:0.00, theta1:22.191, theta2:12.816, e:0.000
t:31.65, r:0.00, omega:0.00, omega_m:-0.00, u:0.00, theta1:22.191, theta2:12.816, e:0.000
t:31.66, r:0.00, omega:0.00, omega_m:-0.00, u:0.00, theta1:22.191, theta2:12.816, e:0.000
t:31.67, r:0.00, omega:0.00, omega_m:-0.00, u:0.00, theta1:22.191, theta2:12.816, e:0.000
t:31.68, r:0.00, omega:0.00, omega_m:-0.00, u:0.00, theta1:22.191, theta2:12.816, e:0.000
t:31.69, r:0.00, omega:0.00, omega_m:-0.00, u:0.00, theta1:22.191, theta2:12.816, e:0.000
t:31.70, r:0.00, omega:0.00, omega_m:-0.00, u:0.00, theta1:22.191, theta2:12.816, e:0.000
t:31.71, r:0.00, omega:0.00, omega_m:-0.00, u:0.00, theta1:22.191, theta2:12.816, e:0.000
t:31.72, r:0.00, omega:0.00, omega_m:-0.00, u:0.00, theta1:22.191, theta2:12.816, e:0.000
t:31.73, r:0.00, omega:0.00, omega_m:-0.00, u:0.00, theta1:22.191, theta2:12.816, e:0.000
t:31.74, r:0.00, omega:0.00, omega_m:-0.00, u:0.00, theta1:22.191, theta2:12.816, e:0.000
t:31.75, r:0.00, omega:0.00, omega_m:-0.00, u:0.00, theta1:22.191, theta2:12.816, e:0.000
t:31.76, r:0.00, omega:0.00, omega_m:-0.00, u:0.00, theta1:22.191, theta2:12.816, e:0.000
t:31.77, r:0.00, omega:0.00, omega_m:-0.00, u:0.00, theta1:22.191, theta2:12.816, e:0.000
t:31.78, r:0.00, omega:0.00, omega_m:-0.00, u:0.00, theta1:22.191, theta2:12.816, e:0.000
t:31.79, r:0.00, omega:0.00, omega_m:-0.00, u:0.00, theta1:22.191, theta2:12.816, e:0.000
t:31.80, r:0.00, omega:0.00, omega_m:-0.00, u:0.00, theta1:22.191, theta2:12.816, e:0.000
t:31.81, r:0.00, omega:0.00, omega_m:-0.00, u:0.00, theta1:22.191, theta2:12.816, e:0.000
t:31.82, r:0.00, omega:0.00, omega_m:-0.00, u:0.00, theta1:22.191, theta2:12.816, e:0.000
t:31.83, r:0.00, omega:0.00, omega_m:-0.00, u:0.00, theta1:22.191, theta2:12.816, e:0.000
t:31.84, r:0.00, omega:0.00, omega_m:-0.00, u:0.00, theta1:22.191, theta2:12.816, e:0.000
t:31.85, r:0.00, omega:0.00, omega_m:-0.00, u:0.00, theta1:22.191, theta2:12.816, e:0.000
t:31.86, r:0.00, omega:0.00, omega_m:-0.00, u:0.00, theta1:22.191, theta2:12.816, e:0.000
t:31.87, r:0.00, omega:0.00, omega_m:-0.00, u:0.00, theta1:22.191, theta2:12.816, e:0.000
t:31.88, r:0.00, omega:0.00, omega_m:-0.00, u:0.00, theta1:22.191, theta2:12.816, e:0.000
t:31.89, r:0.00, omega:0.00, omega_m:-0.00, u:0.00, theta1:22.191, theta2:12.816, e:0.000
t:31.90, r:0.00, omega:0.00, omega_m:-0.00, u:0.00, theta1:22.191, theta2:12.816, e:0.000
t:31.91, r:0.00, omega:0.00, omega_m:-0.00, u:0.00, theta1:22.191, theta2:12.816, e:0.000
t:31.92, r:0.00, omega:0.00, omega_m:-0.00, u:0.00, theta1:22.191, theta2:12.816, e:0.000
t:31.93, r:0.00, omega:0.00, omega_m:-0.00, u:0.00, theta1:22.191, theta2:12.816, e:0.000
t:31.94, r:0.00, omega:0.00, omega_m:-0.00, u:0.00, theta1:22.191, theta2:12.816, e:0.000
t:31.95, r:0.00, omega:0.00, omega_m:-0.00, u:0.00, theta1:22.191, theta2:12.816, e:0.000
t:31.96, r:0.00, omega:0.00, omega_m:-0.00, u:0.00, theta1:22.191, theta2:12.816, e:0.000
t:31.97, r:0.00, omega:0.00, omega_m:-0.00, u:0.00, theta1:22.191, theta2:12.816, e:0.000
t:31.98, r:0.00, omega:0.00, omega_m:-0.00, u:0.00, theta1:22.191, theta2:12.816, e:0.000
t:31.99, r:0.00, omega:0.00, omega_m:-0.00, u:0.00, theta1:22.191, theta2:12.816, e:0.000
t:32.00, r:0.00, omega:0.00, omega_m:-0.00, u:0.00, theta1:22.191, theta2:12.816, e:0.000
t:32.01, r:25.00, omega:0.00, omega_m:4.53, u:554.92, theta1:22.197, theta2:12.816, e:-4.532
t:32.02, r:25.00, omega:0.00, omega_m:8.24, u:555.17, theta1:22.207, theta2:12.816, e:-8.242
t:32.03, r:25.00, omega:0.52, omega_m:11.28, u:548.90, theta1:22.220, theta2:12.816, e:-10.764
t:32.04, r:25.00, omega:0.52, omega_m:13.77, u:549.32, theta1:22.237, theta2:12.816, e:-13.251
t:32.05, r:25.00, omega:25.08, omega_m:15.80, u:233.88, theta1:22.225, theta2:12.827, e:9.281
t:32.06, r:25.00, omega:25.08, omega_m:17.47, u:233.40, theta1:22.216, theta2:12.837, e:7.614
t:32.07, r:25.00, omega:29.08, omega_m:18.84, u:181.38, theta1:22.203, theta2:12.852, e:10.242
t:32.08, r:25.00, omega:29.08, omega_m:19.95, u:180.71, theta1:22.192, theta2:12.865, e:9.125
t:32.09, r:25.00, omega:29.08, omega_m:20.87, u:180.11, theta1:22.181, theta2:12.877, e:8.210
t:32.10, r:25.00, omega:20.60, omega_m:21.62, u:289.37, theta1:22.183, theta2:12.876, e:-1.020
t:32.11, r:25.00, omega:20.60, omega_m:22.23, u:289.46, theta1:22.185, theta2:12.874, e:-1.634
t:32.12, r:25.00, omega:20.60, omega_m:22.73, u:289.57, theta1:22.187, theta2:12.872, e:-2.136
t:32.13, r:25.00, omega:15.44, omega_m:23.14, u:356.22, theta1:22.197, theta2:12.866, e:-7.699
t:32.14, r:25.00, omega:15.44, omega_m:23.48, u:356.56, theta1:22.207, theta2:12.860, e:-8.035
t:32.15, r:25.00, omega:15.44, omega_m:23.76, u:356.92, theta1:22.217, theta2:12.853, e:-8.311
t:32.16, r:25.00, omega:20.70, omega_m:23.98, u:289.48, theta1:22.222, theta2:12.850, e:-3.276
t:32.17, r:25.00, omega:20.70, omega_m:24.17, u:289.67, theta1:22.226, theta2:12.846, e:-3.461
t:32.18, r:25.00, omega:24.78, omega_m:24.32, u:237.23, theta1:22.225, theta2:12.847, e:0.468
t:32.19, r:25.00, omega:24.78, omega_m:24.44, u:237.20, theta1:22.225, theta2:12.847, e:0.344
t:32.20, r:25.00, omega:20.17, omega_m:24.54, u:296.69, theta1:22.230, theta2:12.843, e:-4.370
t:32.21, r:25.00, omega:20.17, omega_m:24.63, u:296.92, theta1:22.236, theta2:12.839, e:-4.453
t:32.22, r:25.00, omega:20.17, omega_m:24.69, u:297.16, theta1:22.242, theta2:12.834, e:-4.521
t:32.23, r:25.00, omega:18.07, omega_m:24.75, u:324.41, theta1:22.250, theta2:12.828, e:-6.676
t:32.24, r:25.00, omega:18.07, omega_m:24.79, u:324.73, theta1:22.258, theta2:12.822, e:-6.721
t:32.25, r:25.00, omega:18.07, omega_m:24.83, u:325.05, theta1:22.267, theta2:12.816, e:-6.758
t:32.26, r:25.00, omega:20.98, omega_m:24.86, u:287.95, theta1:22.272, theta2:12.812, e:-3.878
t:32.27, r:25.00, omega:20.98, omega_m:24.89, u:288.15, theta1:22.276, theta2:12.808, e:-3.903
t:32.28, r:25.00, omega:21.46, omega_m:24.91, u:282.31, theta1:22.281, theta2:12.804, e:-3.452
t:32.29, r:25.00, omega:21.46, omega_m:24.92, u:282.49, theta1:22.285, theta2:12.800, e:-3.469
t:32.30, r:25.00, omega:21.46, omega_m:24.94, u:282.68, theta1:22.289, theta2:12.796, e:-3.483
t:32.31, r:25.00, omega:21.39, omega_m:24.95, u:283.77, theta1:22.294, theta2:12.793, e:-3.564
t:32.32, r:25.00, omega:21.39, omega_m:24.96, u:283.97, theta1:22.298, theta2:12.789, e:-3.573
t:32.33, r:25.00, omega:19.95, omega_m:24.97, u:302.59, theta1:22.305, theta2:12.784, e:-5.017
t:32.34, r:25.00, omega:19.95, omega_m:24.97, u:302.85, theta1:22.311, theta2:12.779, e:-5.023
t:32.35, r:25.00, omega:19.95, omega_m:24.98, u:303.11, theta1:22.317, theta2:12.774, e:-5.028
t:32.36, r:25.00, omega:19.83, omega_m:24.98, u:304.91, theta1:22.324, theta2:12.769, e:-5.153
t:32.37, r:25.00, omega:19.83, omega_m:24.98, u:305.18, theta1:22.330, theta2:12.764, e:-5.157
t:32.38, r:25.00, omega:19.83, omega_m:24.99, u:305.44, theta1:22.337, theta2:12.758, e:-5.159
t:32.39, r:25.00, omega:20.30, omega_m:24.99, u:299.62, theta1:22.342, theta2:12.754, e:-4.687
t:32.40, r:25.00, omega:20.30, omega_m:24.99, u:299.86, theta1:22.348, theta2:12.749, e:-4.688
t:32.41, r:25.00, omega:22.52, omega_m:24.99, u:271.76, theta1:22.351, theta2:12.746, e:-2.475
t:32.42, r:25.00, omega:22.52, omega_m:24.99, u:271.90, theta1:22.354, theta2:12.743, e:-2.476
t:32.43, r:25.00, omega:20.98, omega_m:25.00, u:291.70, theta1:22.359, theta2:12.739, e:-4.014
t:32.44, r:25.00, omega:20.98, omega_m:25.00, u:291.91, theta1:22.365, theta2:12.735, e:-4.015
t:32.45, r:25.00, omega:20.98, omega_m:25.00, u:292.13, theta1:22.370, theta2:12.731, e:-4.015
t:32.46, r:25.00, omega:19.15, omega_m:25.00, u:315.78, theta1:22.377, theta2:12.725, e:-5.851
t:32.47, r:25.00, omega:19.15, omega_m:25.00, u:316.07, theta1:22.384, theta2:12.719, e:-5.851
t:32.48, r:25.00, omega:19.15, omega_m:25.00, u:316.36, theta1:22.391, theta2:12.714, e:-5.852
t:32.49, r:25.00, omega:20.97, omega_m:25.00, u:293.35, theta1:22.397, theta2:12.710, e:-4.025
t:32.50, r:25.00, omega:20.97, omega_m:25.00, u:293.56, theta1:22.402, theta2:12.705, e:-4.026
t:32.51, r:25.00, omega:21.76, omega_m:25.00, u:283.69, theta1:22.406, theta2:12.702, e:-3.235
t:32.52, r:25.00, omega:21.76, omega_m:25.00, u:283.87, theta1:22.410, theta2:12.698, e:-3.235
t:32.53, r:25.00, omega:21.76, omega_m:25.00, u:284.05, theta1:22.414, theta2:12.695, e:-3.235
t:32.54, r:25.00, omega:20.07, omega_m:25.00, u:305.83, theta1:22.420, theta2:12.690, e:-4.931
t:32.55, r:25.00, omega:20.07, omega_m:25.00, u:306.09, theta1:22.426, theta2:12.685, e:-4.931
t:32.56, r:25.00, omega:19.84, omega_m:25.00, u:309.28, theta1:22.432, theta2:12.680, e:-5.163
t:32.57, r:25.00, omega:19.84, omega_m:25.00, u:309.54, theta1:22.439, theta2:12.675, e:-5.163
t:32.58, r:25.00, omega:19.84, omega_m:25.00, u:309.81, theta1:22.445, theta2:12.670, e:-5.163
t:32.59, r:25.00, omega:20.84, omega_m:25.00, u:297.26, theta1:22.451, theta2:12.665, e:-4.155
t:32.60, r:25.00, omega:20.84, omega_m:25.00, u:297.48, theta1:22.456, theta2:12.661, e:-4.155
t:32.61, r:25.00, omega:21.48, omega_m:25.00, u:289.66, theta1:22.460, theta2:12.657, e:-3.522
t:32.62, r:25.00, omega:21.48, omega_m:25.00, u:289.85, theta1:22.465, theta2:12.653, e:-3.522
t:32.63, r:25.00, omega:21.48, omega_m:25.00, u:290.04, theta1:22.469, theta2:12.650, e:-3.522
t:32.64, r:25.00, omega:20.78, omega_m:25.00, u:299.03, theta1:22.474, theta2:12.645, e:-4.216
t:32.65, r:25.00, omega:20.78, omega_m:25.00, u:299.26, theta1:22.479, theta2:12.641, e:-4.216
t:32.66, r:25.00, omega:20.69, omega_m:25.00, u:300.69, theta1:22.485, theta2:12.636, e:-4.311
t:32.67, r:25.00, omega:20.69, omega_m:25.00, u:300.91, theta1:22.490, theta2:12.632, e:-4.311
t:32.68, r:25.00, omega:20.69, omega_m:25.00, u:301.14, theta1:22.496, theta2:12.627, e:-4.311
t:32.69, r:25.00, omega:20.46, omega_m:25.00, u:304.27, theta1:22.501, theta2:12.623, e:-4.540
t:32.70, r:25.00, omega:20.46, omega_m:25.00, u:304.50, theta1:22.507, theta2:12.618, e:-4.540
t:32.71, r:25.00, omega:20.26, omega_m:25.00, u:307.29, theta1:22.513, theta2:12.613, e:-4.741
t:32.72, r:25.00, omega:20.26, omega_m:25.00, u:307.53, theta1:22.519, theta2:12.609, e:-4.741
t:32.73, r:25.00, omega:20.26, omega_m:25.00, u:307.78, theta1:22.525, theta2:12.604, e:-4.741
t:32.74, r:25.00, omega:22.19, omega_m:25.00, u:283.62, theta1:22.528, theta2:12.601, e:-2.812
t:32.75, r:25.00, omega:22.19, omega_m:25.00, u:283.78, theta1:22.532, theta2:12.598, e:-2.812
t:32.76, r:25.00, omega:21.71, omega_m:25.00, u:290.03, theta1:22.536, theta2:12.594, e:-3.294
t:32.77, r:25.00, omega:21.71, omega_m:25.00, u:290.21, theta1:22.540, theta2:12.590, e:-3.294
t:32.78, r:25.00, omega:21.71, omega_m:25.00, u:290.39, theta1:22.544, theta2:12.587, e:-3.294
t:32.79, r:25.00, omega:19.54, omega_m:25.00, u:317.95, theta1:22.551, theta2:12.581, e:-5.461
t:32.80, r:25.00, omega:19.54, omega_m:25.00, u:318.22, theta1:22.558, theta2:12.576, e:-5.461
t:32.81, r:25.00, omega:20.66, omega_m:25.00, u:304.34, theta1:22.563, theta2:12.572, e:-4.340
t:32.82, r:25.00, omega:20.66, omega_m:25.00, u:304.57, theta1:22.569, theta2:12.567, e:-4.340
t:32.83, r:25.00, omega:20.66, omega_m:25.00, u:304.80, theta1:22.574, theta2:12.563, e:-4.340
t:32.84, r:25.00, omega:20.99, omega_m:25.00, u:300.83, theta1:22.579, theta2:12.559, e:-4.007
t:32.85, r:25.00, omega:20.99, omega_m:25.00, u:301.04, theta1:22.584, theta2:12.554, e:-4.007
t:32.86, r:25.00, omega:21.21, omega_m:25.00, u:298.58, theta1:22.589, theta2:12.550, e:-3.794
t:32.87, r:25.00, omega:21.21, omega_m:25.00, u:298.78, theta1:22.594, theta2:12.546, e:-3.794
t:32.88, r:25.00, omega:21.21, omega_m:25.00, u:298.99, theta1:22.598, theta2:12.542, e:-3.794
t:32.89, r:25.00, omega:22.38, omega_m:25.00, u:284.38, theta1:22.602, theta2:12.539, e:-2.617
t:32.90, r:25.00, omega:22.38, omega_m:25.00, u:284.52, theta1:22.605, theta2:12.536, e:-2.617
t:32.91, r:25.00, omega:20.23, omega_m:25.00, u:311.75, theta1:22.611, theta2:12.532, e:-4.769
t:32.92, r:25.00, omega:20.23, omega_m:25.00, u:311.99, theta1:22.617, theta2:12.527, e:-4.769
t:32.93, r:25.00, omega:20.23, omega_m:25.00, u:312.24, theta1:22.623, theta2:12.522, e:-4.769
t:32.94, r:25.00, omega:19.39, omega_m:25.00, u:323.11, theta1:22.630, theta2:12.516, e:-5.615
t:32.95, r:25.00, omega:19.39, omega_m:25.00, u:323.39, theta1:22.637, theta2:12.511, e:-5.615
t:32.96, r:25.00, omega:22.64, omega_m:25.00, u:282.79, theta1:22.640, theta2:12.508, e:-2.359
t:32.97, r:25.00, omega:22.64, omega_m:25.00, u:282.92, theta1:22.643, theta2:12.506, e:-2.359
t:32.98, r:25.00, omega:22.64, omega_m:25.00, u:283.06, theta1:22.646, theta2:12.503, e:-2.359
t:32.99, r:25.00, omega:21.90, omega_m:25.00, u:292.54, theta1:22.650, theta2:12.500, e:-3.103
t:33.00, r:25.00, omega:21.90, omega_m:25.00, u:292.71, theta1:22.653, theta2:12.496, e:-3.103
t:33.01, r:0.00, omega:19.96, omega_m:20.47, u:0.00, theta1:22.653, theta2:12.496, e:-0.509
t:33.02, r:0.00, omega:19.96, omega_m:16.76, u:0.00, theta1:22.653, theta2:12.499, e:3.202
t:33.03, r:0.00, omega:19.96, omega_m:13.72, u:0.00, theta1:22.653, theta2:12.505, e:6.239
t:33.04, r:0.00, omega:19.96, omega_m:11.23, u:0.00, theta1:22.653, theta2:12.514, e:8.726
t:33.05, r:0.00, omega:19.96, omega_m:9.20, u:0.00, theta1:22.653, theta2:12.525, e:10.763
t:33.06, r:0.00, omega:19.96, omega_m:7.53, u:0.00, theta1:22.653, theta2:12.537, e:12.430
t:33.07, r:0.00, omega:19.96, omega_m:6.16, u:0.00, theta1:22.653, theta2:12.551, e:13.795
t:33.08, r:0.00, omega:19.96, omega_m:5.05, u:0.00, theta1:22.653, theta2:12.566, e:14.912
t:33.09, r:0.00, omega:19.96, omega_m:4.13, u:0.00, theta1:22.653, theta2:12.581, e:15.827
t:33.10, r:0.00, omega:19.96, omega_m:3.38, u:0.00, theta1:22.653, theta2:12.598, e:16.576
t:33.11, r:0.00, omega:19.96, omega_m:2.77, u:0.00, theta1:22.653, theta2:12.615, e:17.189
t:33.12, r:0.00, omega:19.96, omega_m:2.27, u:0.00, theta1:22.653, theta2:12.633, e:17.692
t:33.13, r:0.00, omega:19.96, omega_m:1.86, u:0.00, theta1:22.653, theta2:12.651, e:18.103
t:33.14, r:0.00, omega:19.96, omega_m:1.52, u:0.00, theta1:22.653, theta2:12.669, e:18.439
t:33.15, r:0.00, omega:19.96, omega_m:1.24, u:0.00, theta1:22.653, theta2:12.688, e:18.715
t:33.16, r:0.00, omega:19.96, omega_m:1.02, u:0.00, theta1:22.653, theta2:12.707, e:18.940
t:33.17, r:0.00, omega:19.96, omega_m:0.83, u:0.00, theta1:22.653, theta2:12.726, e:19.125
t:33.18, r:0.00, omega:19.96, omega_m:0.68, u:0.00, theta1:22.653, theta2:12.745, e:19.276
t:33.19, r:0.00, omega:19.96, omega_m:0.56, u:0.00, theta1:22.653, theta2:12.765, e:19.400
t:33.20, r:0.00, omega:19.96, omega_m:0.46, u:0.00, theta1:22.653, theta2:12.784, e:19.502
t:33.21, r:0.00, omega:19.96, omega_m:0.37, u:0.00, theta1:22.653, theta2:12.804, e:19.585
t:33.22, r:0.00, omega:19.96, omega_m:0.31, u:0.00, theta1:22.653, theta2:12.823, e:19.653
t:33.23, r:0.00, omega:19.96, omega_m:0.25, u:0.00, theta1:22.653, theta2:12.843, e:19.708
t:33.24, r:0.00, omega:19.96, omega_m:0.21, u:0.00, theta1:22.653, theta2:12.863, e:19.754
t:33.25, r:0.00, omega:19.96, omega_m:0.17, u:0.00, theta1:22.653, theta2:12.882, e:19.791
t:33.26, r:0.00, omega:19.96, omega_m:0.14, u:0.00, theta1:22.653, theta2:12.902, e:19.822
t:33.27, r:0.00, omega:19.96, omega_m:0.11, u:0.00, theta1:22.653, theta2:12.922, e:19.847
t:33.28, r:0.00, omega:19.96, omega_m:0.09, u:0.00, theta1:22.653, theta2:12.942, e:19.867
t:33.29, r:0.00, omega:19.96, omega_m:0.08, u:0.00, theta1:22.653, theta2:12.962, e:19.884
t:33.30, r:0.00, omega:19.96, omega_m:0.06, u:0.00, theta1:22.653, theta2:12.981, e:19.898
t:33.31, r:0.00, omega:19.96, omega_m:0.05, u:0.00, theta1:22.653, theta2:13.001, e:19.909
t:33.32, r:0.00, omega:19.96, omega_m:0.04, u:0.00, theta1:22.653, theta2:13.021, e:19.918
t:33.33, r:0.00, omega:19.96, omega_m:0.03, u:0.00, theta1:22.653, theta2:13.041, e:19.926
t:33.34, r:0.00, omega:19.96, omega_m:0.03, u:0.00, theta1:22.653, theta2:13.061, e:19.932
t:33.35, r:0.00, omega:19.96, omega_m:0.02, u:0.00, theta1:22.653, theta2:13.081, e:19.937
t:33.36, r:0.00, omega:19.96, omega_m:0.02, u:0.00, theta1:22.653, theta2:13.101, e:19.941
t:33.37, r:0.00, omega:19.96, omega_m:0.02, u:0.00, theta1:22.653, theta2:13.121, e:19.944
t:33.38, r:0.00, omega:19.96, omega_m:0.01, u:0.00, theta1:22.653, theta2:13.141, e:19.947
t:33.39, r:0.00, omega:19.96, omega_m:0.01, u:0.00, theta1:22.653, theta2:13.160, e:19.949
t:33.40, r:0.00, omega:19.96, omega_m:0.01, u:0.00, theta1:22.653, theta2:13.180, e:19.951
t:33.41, r:0.00, omega:19.96, omega_m:0.01, u:0.00, theta1:22.653, theta2:13.200, e:19.953
t:33.42, r:0.00, omega:19.96, omega_m:0.01, u:0.00, theta1:22.653, theta2:13.220, e:19.954
t:33.43, r:0.00, omega:19.96, omega_m:0.00, u:0.00, theta1:22.653, theta2:13.240, e:19.955
t:33.44, r:0.00, omega:19.96, omega_m:0.00, u:0.00, theta1:22.653, theta2:13.260, e:19.956
t:33.45, r:0.00, omega:19.96, omega_m:0.00, u:0.00, theta1:22.653, theta2:13.280, e:19.956
t:33.46, r:0.00, omega:19.96, omega_m:0.00, u:0.00, theta1:22.653, theta2:13.300, e:19.957
t:33.47, r:0.00, omega:19.96, omega_m:0.00, u:0.00, theta1:22.653, theta2:13.320, e:19.957
t:33.48, r:0.00, omega:19.96, omega_m:0.00, u:0.00, theta1:22.653, theta2:13.340, e:19.958
t:33.49, r:0.00, omega:19.96, omega_m:0.00, u:0.00, theta1:22.653, theta2:13.360, e:19.958
t:33.50, r:0.00, omega:19.96, omega_m:0.00, u:0.00, theta1:22.653, theta2:13.379, e:19.958
t:33.51, r:0.00, omega:0.00, omega_m:0.00, u:0.00, theta1:22.653, theta2:13.379, e:-0.001
t:33.52, r:0.00, omega:0.00, omega_m:0.00, u:0.00, theta1:22.653, theta2:13.379, e:-0.001
t:33.53, r:0.00, omega:0.00, omega_m:0.00, u:0.00, theta1:22.653, theta2:13.379, e:-0.001
t:33.54, r:0.00, omega:0.00, omega_m:0.00, u:0.00, theta1:22.653, theta2:13.379, e:-0.001
t:33.55, r:0.00, omega:0.00, omega_m:0.00, u:0.00, theta1:22.653, theta2:13.379, e:-0.000
t:33.56, r:0.00, omega:0.00, omega_m:0.00, u:0.00, theta1:22.653, theta2:13.379, e:-0.000
t:33.57, r:0.00, omega:0.00, omega_m:0.00, u:0.00, theta1:22.653, theta2:13.379, e:-0.000
t:33.58, r:0.00, omega:0.00, omega_m:0.00, u:0.00, theta1:22.653, theta2:13.379, e:-0.000
t:33.59, r:0.00, omega:0.00, omega_m:0.00, u:0.00, theta1:22.653, theta2:13.379, e:-0.000
t:33.60, r:0.00, omega:0.00, omega_m:0.00, u:0.00, theta1:22.653, theta2:13.379, e:-0.000
t:33.61, r:0.00, omega:0.00, omega_m:0.00, u:0.00, theta1:22.653, theta2:13.379, e:-0.000
t:33.62, r:0.00, omega:0.00, omega_m:0.00, u:0.00, theta1:22.653, theta2:13.379, e:-0.000
t:33.63, r:0.00, omega:0.00, omega_m:0.00, u:0.00, theta1:22.653, theta2:13.379, e:-0.000
t:33.64, r:0.00, omega:0.00, omega_m:0.00, u:0.00, theta1:22.653, theta2:13.379, e:-0.000
t:33.65, r:0.00, omega:0.00, omega_m:0.00, u:0.00, theta1:22.653, theta2:13.379, e:-0.000
t:33.66, r:0.00, omega:0.00, omega_m:0.00, u:0.00, theta1:22.653, theta2:13.379, e:-0.000
t:33.67, r:0.00, omega:0.00, omega_m:0.00, u:0.00, theta1:22.653, theta2:13.379, e:-0.000
t:33.68, r:0.00, omega:0.00, omega_m:0.00, u:0.00, theta1:22.653, theta2:13.379, e:-0.000
t:33.69, r:0.00, omega:0.00, omega_m:0.00, u:0.00, theta1:22.653, theta2:13.379, e:-0.000
t:33.70, r:0.00, omega:0.00, omega_m:0.00, u:0.00, theta1:22.653, theta2:13.379, e:-0.000
t:33.71, r:0.00, omega:0.00, omega_m:0.00, u:0.00, theta1:22.653, theta2:13.379, e:-0.000
t:33.72, r:0.00, omega:0.00, omega_m:0.00, u:0.00, theta1:22.653, theta2:13.379, e:-0.000
t:33.73, r:0.00, omega:0.00, omega_m:0.00, u:0.00, theta1:22.653, theta2:13.379, e:-0.000
t:33.74, r:0.00, omega:0.00, omega_m:0.00, u:0.00, theta1:22.653, theta2:13.379, e:-0.000
t:33.75, r:0.00, omega:0.00, omega_m:0.00, u:0.00, theta1:22.653, theta2:13.379, e:-0.000
t:33.76, r:0.00, omega:0.00, omega_m:0.00, u:0.00, theta1:22.653, theta2:13.379, e:-0.000
t:33.77, r:0.00, omega:0.00, omega_m:0.00, u:0.00, theta1:22.653, theta2:13.379, e:-0.000
t:33.78, r:0.00, omega:0.00, omega_m:0.00, u:0.00, theta1:22.653, theta2:13.379, e:-0.000
t:33.79, r:0.00, omega:0.00, omega_m:0.00, u:0.00, theta1:22.653, theta2:13.379, e:-0.000
t:33.80, r:0.00, omega:0.00, omega_m:0.00, u:0.00, theta1:22.653, theta2:13.379, e:-0.000
t:33.81, r:0.00, omega:0.00, omega_m:0.00, u:0.00, theta1:22.653, theta2:13.379, e:-0.000
t:33.82, r:0.00, omega:0.00, omega_m:0.00, u:0.00, theta1:22.653, theta2:13.379, e:-0.000
t:33.83, r:0.00, omega:0.00, omega_m:0.00, u:0.00, theta1:22.653, theta2:13.379, e:-0.000
t:33.84, r:0.00, omega:0.00, omega_m:0.00, u:0.00, theta1:22.653, theta2:13.379, e:-0.000
t:33.85, r:0.00, omega:0.00, omega_m:0.00, u:0.00, theta1:22.653, theta2:13.379, e:-0.000
t:33.86, r:0.00, omega:0.00, omega_m:0.00, u:0.00, theta1:22.653, theta2:13.379, e:-0.000
t:33.87, r:0.00, omega:0.00, omega_m:0.00, u:0.00, theta1:22.653, theta2:13.379, e:-0.000
t:33.88, r:0.00, omega:0.00, omega_m:0.00, u:0.00, theta1:22.653, theta2:13.379, e:-0.000
t:33.89, r:0.00, omega:0.00, omega_m:0.00, u:0.00, theta1:22.653, theta2:13.379, e:-0.000
t:33.90, r:0.00, omega:0.00, omega_m:0.00, u:0.00, theta1:22.653, theta2:13.379, e:-0.000
t:33.91, r:0.00, omega:0.00, omega_m:0.00, u:0.00, theta1:22.653, theta2:13.379, e:-0.000
t:33.92, r:0.00, omega:0.00, omega_m:0.00, u:0.00, theta1:22.653, theta2:13.379, e:-0.000
t:33.93, r:0.00, omega:0.00, omega_m:0.00, u:0.00, theta1:22.653, theta2:13.379, e:-0.000
t:33.94, r:0.00, omega:0.00, omega_m:0.00, u:0.00, theta1:22.653, theta2:13.379, e:-0.000
t:33.95, r:0.00, omega:0.00, omega_m:0.00, u:0.00, theta1:22.653, theta2:13.379, e:-0.000
t:33.96, r:0.00, omega:0.00, omega_m:0.00, u:0.00, theta1:22.653, theta2:13.379, e:-0.000
t:33.97, r:0.00, omega:0.00, omega_m:0.00, u:0.00, theta1:22.653, theta2:13.379, e:-0.000
t:33.98, r:0.00, omega:0.00, omega_m:0.00, u:0.00, theta1:22.653, theta2:13.379, e:-0.000
t:33.99, r:0.00, omega:0.00, omega_m:0.00, u:0.00, theta1:22.653, theta2:13.379, e:-0.000
t:34.00, r:0.00, omega:0.00, omega_m:0.00, u:0.00, theta1:22.653, theta2:13.379, e:-0.000
t:34.01, r:-25.00, omega:0.00, omega_m:-4.53, u:-566.48, theta1:22.659, theta2:13.379, e:4.532
t:34.02, r:-25.00, omega:0.00, omega_m:-8.24, u:-566.73, theta1:22.669, theta2:13.379, e:8.242
t:34.03, r:-25.00, omega:-0.51, omega_m:-11.28, u:-560.21, theta1:22.683, theta2:13.379, e:10.767
t:34.04, r:-25.00, omega:-0.51, omega_m:-13.77, u:-560.63, theta1:22.699, theta2:13.379, e:13.254
t:34.05, r:-25.00, omega:-26.55, omega_m:-15.80, u:-211.59, theta1:22.686, theta2:13.393, e:-10.745
t:34.06, r:-25.00, omega:-26.55, omega_m:-17.47, u:-210.99, theta1:22.675, theta2:13.405, e:-9.077
t:34.07, r:-25.00, omega:-30.58, omega_m:-18.84, u:-156.06, theta1:22.660, theta2:13.423, e:-11.742
t:34.08, r:-25.00, omega:-30.58, omega_m:-19.95, u:-155.23, theta1:22.647, theta2:13.439, e:-10.624
t:34.09, r:-25.00, omega:-30.58, omega_m:-20.87, u:-154.48, theta1:22.635, theta2:13.454, e:-9.709
t:34.10, r:-25.00, omega:-19.78, omega_m:-21.62, u:-299.82, theta1:22.637, theta2:13.452, e:1.836
t:34.11, r:-25.00, omega:-19.78, omega_m:-22.23, u:-299.95, theta1:22.640, theta2:13.450, e:2.449
t:34.12, r:-25.00, omega:-19.78, omega_m:-22.73, u:-300.10, theta1:22.644, theta2:13.447, e:2.951
t:34.13, r:-25.00, omega:-15.51, omega_m:-23.14, u:-357.81, theta1:22.653, theta2:13.441, e:7.630
t:34.14, r:-25.00, omega:-15.51, omega_m:-23.48, u:-358.16, theta1:22.663, theta2:13.435, e:7.967
t:34.15, r:-25.00, omega:-15.51, omega_m:-23.76, u:-358.52, theta1:22.673, theta2:13.429, e:8.242
t:34.16, r:-25.00, omega:-20.27, omega_m:-23.98, u:-294.76, theta1:22.678, theta2:13.425, e:3.706
t:34.17, r:-25.00, omega:-20.27, omega_m:-24.17, u:-294.97, theta1:22.683, theta2:13.421, e:3.891
t:34.18, r:-25.00, omega:-24.17, omega_m:-24.32, u:-242.74, theta1:22.683, theta2:13.421, e:0.150
t:34.19, r:-25.00, omega:-24.17, omega_m:-24.44, u:-242.76, theta1:22.683, theta2:13.420, e:0.274
t:34.20, r:-25.00, omega:-22.31, omega_m:-24.54, u:-267.77, theta1:22.686, theta2:13.418, e:2.230
t:34.21, r:-25.00, omega:-22.31, omega_m:-24.63, u:-267.90, theta1:22.689, theta2:13.415, e:2.313
t:34.22, r:-25.00, omega:-22.31, omega_m:-24.69, u:-268.04, theta1:22.692, theta2:13.413, e:2.381
t:34.23, r:-25.00, omega:-19.23, omega_m:-24.75, u:-309.65, theta1:22.699, theta2:13.407, e:5.519
t:34.24, r:-25.00, omega:-19.23, omega_m:-24.79, u:-309.93, theta1:22.706, theta2:13.402, e:5.564
t:34.25, r:-25.00, omega:-19.23, omega_m:-24.83, u:-310.20, theta1:22.713, theta2:13.397, e:5.601
t:34.26, r:-25.00, omega:-18.41, omega_m:-24.86, u:-321.48, theta1:22.721, theta2:13.391, e:6.450
t:34.27, r:-25.00, omega:-18.41, omega_m:-24.89, u:-321.79, theta1:22.729, theta2:13.385, e:6.475
t:34.28, r:-25.00, omega:-21.74, omega_m:-24.91, u:-277.40, theta1:22.733, theta2:13.381, e:3.166
t:34.29, r:-25.00, omega:-21.74, omega_m:-24.92, u:-277.57, theta1:22.737, theta2:13.378, e:3.183
t:34.30, r:-25.00, omega:-21.74, omega_m:-24.94, u:-277.75, theta1:22.741, theta2:13.374, e:3.197
t:34.31, r:-25.00, omega:-21.71, omega_m:-24.95, u:-278.30, theta1:22.745, theta2:13.371, e:3.236
t:34.32, r:-25.00, omega:-21.71, omega_m:-24.96, u:-278.48, theta1:22.749, theta2:13.367, e:3.245
t:34.33, r:-25.00, omega:-21.51, omega_m:-24.97, u:-281.35, theta1:22.753, theta2:13.364, e:3.453
t:34.34, r:-25.00, omega:-21.51, omega_m:-24.97, u:-281.54, theta1:22.758, theta2:13.360, e:3.459
t:34.35, r:-25.00, omega:-21.51, omega_m:-24.98, u:-281.72, theta1:22.762, theta2:13.356, e:3.464
t:34.36, r:-25.00, omega:-20.09, omega_m:-24.98, u:-301.04, theta1:22.768, theta2:13.351, e:4.896
t:34.37, r:-25.00, omega:-20.09, omega_m:-24.98, u:-301.30, theta1:22.774, theta2:13.346, e:4.900
t:34.38, r:-25.00, omega:-19.98, omega_m:-24.99, u:-303.02, theta1:22.781, theta2:13.341, e:5.012
t:34.39, r:-25.00, omega:-19.98, omega_m:-24.99, u:-303.27, theta1:22.787, theta2:13.336, e:5.014
t:34.40, r:-25.00, omega:-19.98, omega_m:-24.99, u:-303.53, theta1:22.793, theta2:13.331, e:5.016
t:34.41, r:-25.00, omega:-20.23, omega_m:-24.99, u:-300.40, theta1:22.799, theta2:13.326, e:4.764
t:34.42, r:-25.00, omega:-20.23, omega_m:-24.99, u:-300.65, theta1:22.805, theta2:13.322, e:4.766
t:34.43, r:-25.00, omega:-22.12, omega_m:-25.00, u:-275.63, theta1:22.809, theta2:13.318, e:2.876
t:34.44, r:-25.00, omega:-22.12, omega_m:-25.00, u:-275.79, theta1:22.812, theta2:13.315, e:2.877
t:34.45, r:-25.00, omega:-22.12, omega_m:-25.00, u:-275.95, theta1:22.816, theta2:13.312, e:2.878
t:34.46, r:-25.00, omega:-21.75, omega_m:-25.00, u:-280.97, theta1:22.820, theta2:13.309, e:3.242
t:34.47, r:-25.00, omega:-21.75, omega_m:-25.00, u:-281.15, theta1:22.824, theta2:13.305, e:3.243
t:34.48, r:-25.00, omega:-19.56, omega_m:-25.00, u:-310.62, theta1:22.831, theta2:13.300, e:5.438
t:34.49, r:-25.00, omega:-19.56, omega_m:-25.00, u:-310.89, theta1:22.838, theta2:13.294, e:5.438
t:34.50, r:-25.00, omega:-19.56, omega_m:-25.00, u:-311.17, theta1:22.844, theta2:13.289, e:5.438
t:34.51, r:-25.00, omega:-20.24, omega_m:-25.00, u:-302.42, theta1:22.850, theta2:13.284, e:4.762
t:34.52, r:-25.00, omega:-20.24, omega_m:-25.00, u:-302.67, theta1:22.856, theta2:13.279, e:4.762
t:34.53, r:-25.00, omega:-21.87, omega_m:-25.00, u:-281.15, theta1:22.860, theta2:13.276, e:3.129
t:34.54, r:-25.00, omega:-21.87, omega_m:-25.00, u:-281.32, theta1:22.864, theta2:13.273, e:3.129
t:34.55, r:-25.00, omega:-21.87, omega_m:-25.00, u:-281.50, theta1:22.868, theta2:13.269, e:3.129
t:34.56, r:-25.00, omega:-21.57, omega_m:-25.00, u:-285.64, theta1:22.872, theta2:13.265, e:3.428
t:34.57, r:-25.00, omega:-21.57, omega_m:-25.00, u:-285.83, theta1:22.877, theta2:13.262, e:3.428
t:34.58, r:-25.00, omega:-19.91, omega_m:-25.00, u:-308.10, theta1:22.883, theta2:13.257, e:5.087
t:34.59, r:-25.00, omega:-19.91, omega_m:-25.00, u:-308.36, theta1:22.889, theta2:13.252, e:5.087
t:34.60, r:-25.00, omega:-19.91, omega_m:-25.00, u:-308.62, theta1:22.896, theta2:13.247, e:5.087
t:34.61, r:-25.00, omega:-20.01, omega_m:-25.00, u:-307.64, theta1:22.902, theta2:13.242, e:4.995
t:34.62, r:-25.00, omega:-20.01, omega_m:-25.00, u:-307.90, theta1:22.908, theta2:13.237, e:4.995
t:34.63, r:-25.00, omega:-21.92, omega_m:-25.00, u:-282.69, theta1:22.912, theta2:13.233, e:3.077
t:34.64, r:-25.00, omega:-21.92, omega_m:-25.00, u:-282.86, theta1:22.916, theta2:13.230, e:3.077
t:34.65, r:-25.00, omega:-21.92, omega_m:-25.00, u:-283.03, theta1:22.920, theta2:13.226, e:3.077
t:34.66, r:-25.00, omega:-21.56, omega_m:-25.00, u:-287.97, theta1:22.924, theta2:13.223, e:3.437
t:34.67, r:-25.00, omega:-21.56, omega_m:-25.00, u:-288.16, theta1:22.928, theta2:13.219, e:3.437
t:34.68, r:-25.00, omega:-21.33, omega_m:-25.00, u:-291.41, theta1:22.933, theta2:13.215, e:3.668
t:34.69, r:-25.00, omega:-21.33, omega_m:-25.00, u:-291.61, theta1:22.937, theta2:13.211, e:3.668
t:34.70, r:-25.00, omega:-21.33, omega_m:-25.00, u:-291.81, theta1:22.942, theta2:13.207, e:3.668
t:34.71, r:-25.00, omega:-19.10, omega_m:-25.00, u:-321.61, theta1:22.949, theta2:13.202, e:5.902
t:34.72, r:-25.00, omega:-19.10, omega_m:-25.00, u:-321.91, theta1:22.957, theta2:13.196, e:5.902
t:34.73, r:-25.00, omega:-19.10, omega_m:-25.00, u:-322.20, theta1:22.964, theta2:13.190, e:5.902
t:34.74, r:-25.00, omega:-21.27, omega_m:-25.00, u:-293.78, theta1:22.969, theta2:13.186, e:3.733
t:34.75, r:-25.00, omega:-21.27, omega_m:-25.00, u:-293.98, theta1:22.973, theta2:13.182, e:3.733
t:34.76, r:-25.00, omega:-22.72, omega_m:-25.00, u:-274.91, theta1:22.976, theta2:13.180, e:2.276
t:34.77, r:-25.00, omega:-22.72, omega_m:-25.00, u:-275.04, theta1:22.979, theta2:13.177, e:2.276
t:34.78, r:-25.00, omega:-20.89, omega_m:-25.00, u:-299.42, theta1:22.984, theta2:13.173, e:4.110
t:34.79, r:-25.00, omega:-20.89, omega_m:-25.00, u:-299.63, theta1:22.989, theta2:13.169, e:4.110
t:34.80, r:-25.00, omega:-20.89, omega_m:-25.00, u:-299.85, theta1:22.995, theta2:13.164, e:4.110
t:34.81, r:-25.00, omega:-19.56, omega_m:-25.00, u:-317.69, theta1:23.001, theta2:13.159, e:5.444
t:34.82, r:-25.00, omega:-19.56, omega_m:-25.00, u:-317.97, theta1:23.008, theta2:13.154, e:5.444
t:34.83, r:-25.00, omega:-21.23, omega_m:-25.00, u:-296.16, theta1:23.013, theta2:13.150, e:3.771
t:34.84, r:-25.00, omega:-21.23, omega_m:-25.00, u:-296.36, theta1:23.018, theta2:13.146, e:3.771
t:34.85, r:-25.00, omega:-21.23, omega_m:-25.00, u:-296.57, theta1:23.022, theta2:13.142, e:3.771
t:34.86, r:-25.00, omega:-21.27, omega_m:-25.00, u:-296.21, theta1:23.027, theta2:13.138, e:3.728
t:34.87, r:-25.00, omega:-21.27, omega_m:-25.00, u:-296.41, theta1:23.032, theta2:13.134, e:3.728
t:34.88, r:-25.00, omega:-21.24, omega_m:-25.00, u:-297.04, theta1:23.036, theta2:13.130, e:3.760
t:34.89, r:-25.00, omega:-21.24, omega_m:-25.00, u:-297.24, theta1:23.041, theta2:13.126, e:3.760
t:34.90, r:-25.00, omega:-21.24, omega_m:-25.00, u:-297.44, theta1:23.046, theta2:13.122, e:3.760
t:34.91, r:-25.00, omega:-22.04, omega_m:-25.00, u:-287.08, theta1:23.049, theta2:13.119, e:2.958
t:34.92, r:-25.00, omega:-22.04, omega_m:-25.00, u:-287.24, theta1:23.053, theta2:13.115, e:2.958
t:34.93, r:-25.00, omega:-22.55, omega_m:-25.00, u:-280.75, theta1:23.056, theta2:13.113, e:2.452
t:34.94, r:-25.00, omega:-22.55, omega_m:-25.00, u:-280.89, theta1:23.059, theta2:13.110, e:2.452
t:34.95, r:-25.00, omega:-22.55, omega_m:-25.00, u:-281.03, theta1:23.062, theta2:13.107, e:2.452
t:34.96, r:-25.00, omega:-18.67, omega_m:-25.00, u:-332.15, theta1:23.070, theta2:13.101, e:6.329
t:34.97, r:-25.00, omega:-18.67, omega_m:-25.00, u:-332.46, theta1:23.078, theta2:13.095, e:6.329
t:34.98, r:-25.00, omega:-21.19, omega_m:-25.00, u:-299.63, theta1:23.083, theta2:13.091, e:3.807
t:34.99, r:-25.00, omega:-21.19, omega_m:-25.00, u:-299.83, theta1:23.088, theta2:13.087, e:3.807
t:35.00, r:-25.00, omega:-21.19, omega_m:-25.00, u:-300.04, theta1:23.092, theta2:13.083, e:3.807
t:35.01, r:0.00, omega:-22.22, omega_m:-20.47, u:0.00, theta1:23.092, theta2:13.085, e:-1.752
t:35.02, r:0.00, omega:-22.22, omega_m:-16.76, u:0.00, theta1:23.092, theta2:13.091, e:-5.462
t:35.03, r:0.00, omega:-22.22, omega_m:-13.72, u:0.00, theta1:23.092, theta2:13.101, e:-8.500
t:35.04, r:0.00, omega:-16.46, omega_m:-11.23, u:0.00, theta1:23.092, theta2:13.105, e:-5.229
t:35.05, r:0.00, omega:-16.46, omega_m:-9.20, u:0.00, theta1:23.092, theta2:13.111, e:-7.265
t:35.06, r:0.00, omega:-16.46, omega_m:-7.53, u:0.00, theta1:23.092, theta2:13.118, e:-8.932
t:35.07, r:0.00, omega:-16.46, omega_m:-6.16, u:0.00, theta1:23.092, theta2:13.127, e:-10.297
t:35.08, r:0.00, omega:-16.46, omega_m:-5.05, u:0.00, theta1:23.092, theta2:13.136, e:-11.414
t:35.09, r:0.00, omega:-16.46, omega_m:-4.13, u:0.00, theta1:23.092, theta2:13.146, e:-12.329
t:35.10, r:0.00, omega:-16.46, omega_m:-3.38, u:0.00, theta1:23.092, theta2:13.157, e:-13.078
t:35.11, r:0.00, omega:-16.46, omega_m:-2.77, u:0.00, theta1:23.092, theta2:13.168, e:-13.692
t:35.12, r:0.00, omega:-16.46, omega_m:-2.27, u:0.00, theta1:23.092, theta2:13.180, e:-14.194
t:35.13, r:0.00, omega:-16.46, omega_m:-1.86, u:0.00, theta1:23.092, theta2:13.192, e:-14.605
t:35.14, r:0.00, omega:-16.46, omega_m:-1.52, u:0.00, theta1:23.092, theta2:13.204, e:-14.941
t:35.15, r:0.00, omega:-16.46, omega_m:-1.24, u:0.00, theta1:23.092, theta2:13.217, e:-15.217
t:35.16, r:0.00, omega:-16.46, omega_m:-1.02, u:0.00, theta1:23.092, theta2:13.229, e:-15.443
t:35.17, r:0.00, omega:-16.46, omega_m:-0.83, u:0.00, theta1:23.092, theta2:13.242, e:-15.627
t:35.18, r:0.00, omega:-16.46, omega_m:-0.68, u:0.00, theta1:23.092, theta2:13.255, e:-15.779
t:35.19, r:0.00, omega:-16.46, omega_m:-0.56, u:0.00, theta1:23.092, theta2:13.268, e:-15.902
t:35.20, r:0.00, omega:-16.46, omega_m:-0.46, u:0.00, theta1:23.092, theta2:13.282, e:-16.004
t:35.21, r:0.00, omega:-16.46, omega_m:-0.37, u:0.00, theta1:23.092, theta2:13.295, e:-16.087
t:35.22, r:0.00, omega:-16.46, omega_m:-0.31, u:0.00, theta1:23.092, theta2:13.308, e:-16.155
t:35.23, r:0.00, omega:-16.46, omega_m:-0.25, u:0.00, theta1:23.092, theta2:13.321, e:-16.210
t:35.24, r:0.00, omega:-16.46, omega_m:-0.21, u:0.00, theta1:23.092, theta2:13.335, e:-16.256
t:35.25, r:0.00, omega:-16.46, omega_m:-0.17, u:0.00, theta1:23.092, theta2:13.348, e:-16.293
t:35.26, r:0.00, omega:-16.46, omega_m:-0.14, u:0.00, theta1:23.092, theta2:13.362, e:-16.324
t:35.27, r:0.00, omega:-16.46, omega_m:-0.11, u:0.00, theta1:23.092, theta2:13.375, e:-16.349
t:35.28, r:0.00, omega:-16.46, omega_m:-0.09, u:0.00, theta1:23.092, theta2:13.389, e:-16.369
t:35.29, r:0.00, omega:-16.46, omega_m:-0.08, u:0.00, theta1:23.092, theta2:13.402, e:-16.386
t:35.30, r:0.00, omega:-16.46, omega_m:-0.06, u:0.00, theta1:23.092, theta2:13.416, e:-16.400
t:35.31, r:0.00, omega:-16.46, omega_m:-0.05, u:0.00, theta1:23.092, theta2:13.429, e:-16.411
t:35.32, r:0.00, omega:-16.46, omega_m:-0.04, u:0.00, theta1:23.092, theta2:13.443, e:-16.420
t:35.33, r:0.00, omega:-16.46, omega_m:-0.03, u:0.00, theta1:23.092, theta2:13.456, e:-16.428
t:35.34, r:0.00, omega:-16.46, omega_m:-0.03, u:0.00, theta1:23.092, theta2:13.470, e:-16.434
t:35.35, r:0.00, omega:-16.46, omega_m:-0.02, u:0.00, theta1:23.092, theta2:13.483, e:-16.439
t:35.36, r:0.00, omega:-16.46, omega_m:-0.02, u:0.00, theta1:23.092, theta2:13.497, e:-16.443
t:35.37, r:0.00, omega:-16.46, omega_m:-0.02, u:0.00, theta1:23.092, theta2:13.510, e:-16.446
t:35.38, r:0.00, omega:-16.46, omega_m:-0.01, u:0.00, theta1:23.092, theta2:13.524, e:-16.449
t:35.39, r:0.00, omega:-16.46, omega_m:-0.01, u:0.00, theta1:23.092, theta2:13.537, e:-16.452
t:35.40, r:0.00, omega:-16.46, omega_m:-0.01, u:0.00, theta1:23.092, theta2:13.551, e:-16.453
t:35.41, r:0.00, omega:-16.46, omega_m:-0.01, u:0.00, theta1:23.092, theta2:13.564, e:-16.455
t:35.42, r:0.00, omega:-16.46, omega_m:-0.01, u:0.00, theta1:23.092, theta2:13.578, e:-16.456
t:35.43, r:0.00, omega:-16.46, omega_m:-0.00, u:0.00, theta1:23.092, theta2:13.592, e:-16.457
t:35.44, r:0.00, omega:-16.46, omega_m:-0.00, u:0.00, theta1:23.092, theta2:13.605, e:-16.458
t:35.45, r:0.00, omega:-16.46, omega_m:-0.00, u:0.00, theta1:23.092, theta2:13.619, e:-16.459
t:35.46, r:0.00, omega:-16.46, omega_m:-0.00, u:0.00, theta1:23.092, theta2:13.632, e:-16.459
t:35.47, r:0.00, omega:-16.46, omega_m:-0.00, u:0.00, theta1:23.092, theta2:13.646, e:-16.460
t:35.48, r:0.00, omega:-16.46, omega_m:-0.00, u:0.00, theta1:23.092, theta2:13.659, e:-16.460
t:35.49, r:0.00, omega:-16.46, omega_m:-0.00, u:0.00, theta1:23.092, theta2:13.673, e:-16.460
t:35.50, r:0.00, omega:-16.46, omega_m:-0.00, u:0.00, theta1:23.092, theta2:13.686, e:-16.461
t:35.51, r:0.00, omega:-16.46, omega_m:-0.00, u:0.00, theta1:23.092, theta2:13.700, e:-16.461
t:35.52, r:0.00, omega:-16.46, omega_m:-0.00, u:0.00, theta1:23.092, theta2:13.713, e:-16.461
t:35.53, r:0.00, omega:-16.46, omega_m:-0.00, u:0.00, theta1:23.092, theta2:13.727, e:-16.461
t:35.54, r:0.00, omega:0.00, omega_m:-0.00, u:0.00, theta1:23.092, theta2:13.727, e:0.001
t:35.55, r:0.00, omega:0.00, omega_m:-0.00, u:0.00, theta1:23.092, theta2:13.727, e:0.000
t:35.56, r:0.00, omega:0.00, omega_m:-0.00, u:0.00, theta1:23.092, theta2:13.727, e:0.000
t:35.57, r:0.00, omega:0.00, omega_m:-0.00, u:0.00, theta1:23.092, theta2:13.727, e:0.000
t:35.58, r:0.00, omega:0.00, omega_m:-0.00, u:0.00, theta1:23.092, theta2:13.727, e:0.000
t:35.59, r:0.00, omega:0.00, omega_m:-0.00, u:0.00, theta1:23.092, theta2:13.727, e:0.000
t:35.60, r:0.00, omega:0.00, omega_m:-0.00, u:0.00, theta1:23.092, theta2:13.727, e:0.000
t:35.61, r:0.00, omega:0.00, omega_m:-0.00, u:0.00, theta1:23.092, theta2:13.727, e:0.000
t:35.62, r:0.00, omega:0.00, omega_m:-0.00, u:0.00, theta1:23.092, theta2:13.727, e:0.000
t:35.63, r:0.00, omega:0.00, omega_m:-0.00, u:0.00, theta1:23.092, theta2:13.727, e:0.000
t:35.64, r:0.00, omega:0.00, omega_m:-0.00, u:0.00, theta1:23.092, theta2:13.727, e:0.000
t:35.65, r:0.00, omega:0.00, omega_m:-0.00, u:0.00, theta1:23.092, theta2:13.727, e:0.000
t:35.66, r:0.00, omega:0.00, omega_m:-0.00, u:0.00, theta1:23.092, theta2:13.727, e:0.000
t:35.67, r:0.00, omega:0.00, omega_m:-0.00, u:0.00, theta1:23.092, theta2:13.727, e:0.000
t:35.68, r:0.00, omega:0.00, omega_m:-0.00, u:0.00, theta1:23.092, theta2:13.727, e:0.000
t:35.69, r:0.00, omega:0.00, omega_m:-0.00, u:0.00, theta1:23.092, theta2:13.727, e:0.000
t:35.70, r:0.00, omega:0.00, omega_m:-0.00, u:0.00, theta1:23.092, theta2:13.727, e:0.000
t:35.71, r:0.00, omega:0.00, omega_m:-0.00, u:0.00, theta1:23.092, theta2:13.727, e:0.000
t:35.72, r:0.00, omega:0.00, omega_m:-0.00, u:0.00, theta1:23.092, theta2:13.727, e:0.000
t:35.73, r:0.00, omega:0.00, omega_m:-0.00, u:0.00, theta1:23.092, theta2:13.727, e:0.000
t:35.74, r:0.00, omega:0.00, omega_m:-0.00, u:0.00, theta1:23.092, theta2:13.727, e:0.000
t:35.75, r:0.00, omega:0.00, omega_m:-0.00, u:0.00, theta1:23.092, theta2:13.727, e:0.000
t:35.76, r:0.00, omega:0.00, omega_m:-0.00, u:0.00, theta1:23.092, theta2:13.727, e:0.000
t:35.77, r:0.00, omega:0.00, omega_m:-0.00, u:0.00, theta1:23.092, theta2:13.727, e:0.000
t:35.78, r:0.00, omega:0.00, omega_m:-0.00, u:0.00, theta1:23.092, theta2:13.727, e:0.000
t:35.79, r:0.00, omega:0.00, omega_m:-0.00, u:0.00, theta1:23.092, theta2:13.727, e:0.000
t:35.80, r:0.00, omega:0.00, omega_m:-0.00, u:0.00, theta1:23.092, theta2:13.727, e:0.000
t:35.81, r:0.00, omega:0.00, omega_m:-0.00, u:0.00, theta1:23.092, theta2:13.727, e:0.000
t:35.82, r:0.00, omega:0.00, omega_m:-0.00, u:0.00, theta1:23.092, theta2:13.727, e:0.000
t:35.83, r:0.00, omega:0.00, omega_m:-0.00, u:0.00, theta1:23.092, theta2:13.727, e:0.000
t:35.84, r:0.00, omega:0.00, omega_m:-0.00, u:0.00, theta1:23.092, theta2:13.727, e:0.000
t:35.85, r:0.00, omega:0.00, omega_m:-0.00, u:0.00, theta1:23.092, theta2:13.727, e:0.000
t:35.86, r:0.00, omega:0.00, omega_m:-0.00, u:0.00, theta1:23.092, theta2:13.727, e:0.000
t:35.87, r:0.00, omega:0.00, omega_m:-0.00, u:0.00, theta1:23.092, theta2:13.727, e:0.000
t:35.88, r:0.00, omega:0.00, omega_m:-0.00, u:0.00, theta1:23.092, theta2:13.727, e:0.000
t:35.89, r:0.00, omega:0.00, omega_m:-0.00, u:0.00, theta1:23.092, theta2:13.727, e:0.000
t:35.90, r:0.00, omega:0.00, omega_m:-0.00, u:0.00, theta1:23.092, theta2:13.727, e:0.000
t:35.91, r:0.00, omega:0.00, omega_m:-0.00, u:0.00, theta1:23.092, theta2:13.727, e:0.000
t:35.92, r:0.00, omega:0.00, omega_m:-0.00, u:0.00, theta1:23.092, theta2:13.727, e:0.000
t:35.93, r:0.00, omega:0.00, omega_m:-0.00, u:0.00, theta1:23.092, theta2:13.727, e:0.000
t:35.94, r:0.00, omega:0.00, omega_m:-0.00, u:0.00, theta1:23.092, theta2:13.727, e:0.000
t:35.95, r:0.00, omega:0.00, omega_m:-0.00, u:0.00, theta1:23.092, theta2:13.727, e:0.000
t:35.96, r:0.00, omega:0.00, omega_m:-0.00, u:0.00, theta1:23.092, theta2:13.727, e:0.000
t:35.97, r:0.00, omega:0.00, omega_m:-0.00, u:0.00, theta1:23.092, theta2:13.727, e:0.000
t:35.98, r:0.00, omega:0.00, omega_m:-0.00, u:0.00, theta1:23.092, theta2:13.727, e:0.000
t:35.99, r:0.00, omega:0.00, omega_m:-0.00, u:0.00, theta1:23.092, theta2:13.727, e:0.000
t:36.00, r:0.00, omega:0.00, omega_m:-0.00, u:0.00, theta1:23.092, theta2:13.727, e:0.000
t:36.01, r:25.00, omega:0.00, omega_m:4.53, u:577.45, theta1:23.098, theta2:13.727, e:-4.532
t:36.02, r:25.00, omega:0.00, omega_m:8.24, u:577.71, theta1:23.108, theta2:13.727, e:-8.242
t:36.03, r:25.00, omega:0.00, omega_m:11.28, u:578.06, theta1:23.122, theta2:13.727, e:-11.280
t:36.04, r:25.00, omega:0.52, omega_m:13.77, u:571.32, theta1:23.139, theta2:13.727, e:-13.245
t:36.05, r:25.00, omega:0.52, omega_m:15.80, u:571.80, theta1:23.158, theta2:13.726, e:-15.282
t:36.06, r:25.00, omega:29.88, omega_m:17.47, u:167.86, theta1:23.143, theta2:13.745, e:12.411
t:36.07, r:25.00, omega:29.88, omega_m:18.84, u:167.02, theta1:23.129, theta2:13.761, e:11.046
t:36.08, r:25.00, omega:34.00, omega_m:19.95, u:109.12, theta1:23.111, theta2:13.785, e:14.045
t:36.09, r:25.00, omega:34.00, omega_m:20.87, u:107.95, theta1:23.095, theta2:13.808, e:13.130
t:36.10, r:25.00, omega:21.93, omega_m:21.62, u:274.62, theta1:23.094, theta2:13.808, e:0.309
t:36.11, r:25.00, omega:21.93, omega_m:22.23, u:274.64, theta1:23.095, theta2:13.808, e:-0.305
t:36.12, r:25.00, omega:21.93, omega_m:22.73, u:274.68, theta1:23.096, theta2:13.807, e:-0.807
t:36.13, r:25.00, omega:21.93, omega_m:23.14, u:274.75, theta1:23.097, theta2:13.805, e:-1.218
t:36.14, r:25.00, omega:14.59, omega_m:23.48, u:376.38, theta1:23.108, theta2:13.799, e:-8.889
t:36.15, r:25.00, omega:14.59, omega_m:23.76, u:376.76, theta1:23.120, theta2:13.792, e:-9.165
t:36.16, r:25.00, omega:19.21, omega_m:23.98, u:313.32, theta1:23.126, theta2:13.788, e:-4.773
t:36.17, r:25.00, omega:19.21, omega_m:24.17, u:313.57, theta1:23.132, theta2:13.783, e:-4.958
t:36.18, r:25.00, omega:19.21, omega_m:24.32, u:313.82, theta1:23.138, theta2:13.778, e:-5.109
t:36.19, r:25.00, omega:23.97, omega_m:24.44, u:248.21, theta1:23.139, theta2:13.777, e:-0.469
t:36.20, r:25.00, omega:23.97, omega_m:24.54, u:248.24, theta1:23.140, theta2:13.777, e:-0.570
t:36.21, r:25.00, omega:21.66, omega_m:24.63, u:280.24, theta1:23.143, theta2:13.773, e:-2.964
t:36.22, r:25.00, omega:21.66, omega_m:24.69, u:280.40, theta1:23.147, theta2:13.770, e:-3.032
t:36.23, r:25.00, omega:21.66, omega_m:24.75, u:280.57, theta1:23.151, theta2:13.767, e:-3.087
t:36.24, r:25.00, omega:19.13, omega_m:24.79, u:315.71, theta1:23.158, theta2:13.761, e:-5.665
t:36.25, r:25.00, omega:19.13, omega_m:24.83, u:316.00, theta1:23.165, theta2:13.756, e:-5.703
t:36.26, r:25.00, omega:19.43, omega_m:24.86, u:312.07, theta1:23.172, theta2:13.751, e:-5.428
t:36.27, r:25.00, omega:19.43, omega_m:24.89, u:312.34, theta1:23.179, theta2:13.745, e:-5.453
t:36.28, r:25.00, omega:19.43, omega_m:24.91, u:312.62, theta1:23.186, theta2:13.740, e:-5.473
t:36.29, r:25.00, omega:22.03, omega_m:24.92, u:277.12, theta1:23.189, theta2:13.737, e:-2.895
t:36.30, r:25.00, omega:22.03, omega_m:24.94, u:277.28, theta1:23.193, theta2:13.734, e:-2.908
t:36.31, r:25.00, omega:20.21, omega_m:24.95, u:302.55, theta1:23.199, theta2:13.729, e:-4.742
t:36.32, r:25.00, omega:20.21, omega_m:24.96, u:302.79, theta1:23.205, theta2:13.724, e:-4.751
t:36.33, r:25.00, omega:20.21, omega_m:24.97, u:303.04, theta1:23.211, theta2:13.719, e:-4.758
t:36.34, r:25.00, omega:20.35, omega_m:24.97, u:301.30, theta1:23.217, theta2:13.715, e:-4.620
t:36.35, r:25.00, omega:20.35, omega_m:24.98, u:301.54, theta1:23.222, theta2:13.710, e:-4.625
t:36.36, r:25.00, omega:21.37, omega_m:24.98, u:287.73, theta1:23.227, theta2:13.706, e:-3.608
t:36.37, r:25.00, omega:21.37, omega_m:24.98, u:287.93, theta1:23.231, theta2:13.702, e:-3.612
t:36.38, r:25.00, omega:21.37, omega_m:24.99, u:288.12, theta1:23.236, theta2:13.698, e:-3.614
t:36.39, r:25.00, omega:21.15, omega_m:24.99, u:291.33, theta1:23.241, theta2:13.694, e:-3.836
t:36.40, r:25.00, omega:21.15, omega_m:24.99, u:291.54, theta1:23.246, theta2:13.690, e:-3.838
t:36.41, r:25.00, omega:20.51, omega_m:24.99, u:300.56, theta1:23.251, theta2:13.686, e:-4.481
t:36.42, r:25.00, omega:20.51, omega_m:24.99, u:300.79, theta1:23.257, theta2:13.681, e:-4.482
t:36.43, r:25.00, omega:20.51, omega_m:25.00, u:301.02, theta1:23.262, theta2:13.676, e:-4.483
t:36.44, r:25.00, omega:20.48, omega_m:25.00, u:301.66, theta1:23.268, theta2:13.672, e:-4.513
t:36.45, r:25.00, omega:20.48, omega_m:25.00, u:301.89, theta1:23.274, theta2:13.667, e:-4.513
t:36.46, r:25.00, omega:20.48, omega_m:25.00, u:302.13, theta1:23.279, theta2:13.662, e:-4.514
t:36.47, r:25.00, omega:19.98, omega_m:25.00, u:309.30, theta1:23.286, theta2:13.657, e:-5.021
t:36.48, r:25.00, omega:19.98, omega_m:25.00, u:309.56, theta1:23.292, theta2:13.652, e:-5.021
t:36.49, r:25.00, omega:21.62, omega_m:25.00, u:287.35, theta1:23.296, theta2:13.649, e:-3.381
t:36.50, r:25.00, omega:21.62, omega_m:25.00, u:287.53, theta1:23.300, theta2:13.645, e:-3.381
t:36.51, r:25.00, omega:21.65, omega_m:25.00, u:287.28, theta1:23.304, theta2:13.642, e:-3.349
t:36.52, r:25.00, omega:21.65, omega_m:25.00, u:287.46, theta1:23.309, theta2:13.638, e:-3.350
t:36.53, r:25.00, omega:21.65, omega_m:25.00, u:287.64, theta1:23.313, theta2:13.634, e:-3.350
t:36.54, r:25.00, omega:19.71, omega_m:25.00, u:314.38, theta1:23.319, theta2:13.629, e:-5.291
t:36.55, r:25.00, omega:19.71, omega_m:25.00, u:314.64, theta1:23.326, theta2:13.624, e:-5.291
t:36.56, r:25.00, omega:19.71, omega_m:25.00, u:314.91, theta1:23.333, theta2:13.619, e:-5.291
t:36.57, r:25.00, omega:20.38, omega_m:25.00, u:305.97, theta1:23.338, theta2:13.614, e:-4.617
t:36.58, r:25.00, omega:20.38, omega_m:25.00, u:306.21, theta1:23.344, theta2:13.609, e:-4.617
t:36.59, r:25.00, omega:21.87, omega_m:25.00, u:286.08, theta1:23.348, theta2:13.606, e:-3.125
t:36.60, r:25.00, omega:21.87, omega_m:25.00, u:286.25, theta1:23.352, theta2:13.602, e:-3.125
t:36.61, r:25.00, omega:21.87, omega_m:25.00, u:286.42, theta1:23.356, theta2:13.599, e:-3.125
t:36.62, r:25.00, omega:19.61, omega_m:25.00, u:317.43, theta1:23.363, theta2:13.594, e:-5.385
t:36.63, r:25.00, omega:19.61, omega_m:25.00, u:317.70, theta1:23.369, theta2:13.588, e:-5.385
t:36.64, r:25.00, omega:21.52, omega_m:25.00, u:291.98, theta1:23.374, theta2:13.585, e:-3.478
t:36.65, r:25.00, omega:21.52, omega_m:25.00, u:292.17, theta1:23.378, theta2:13.581, e:-3.478
t:36.66, r:25.00, omega:21.52, omega_m:25.00, u:292.36, theta1:23.382, theta2:13.577, e:-3.478
t:36.67, r:25.00, omega:21.22, omega_m:25.00, u:296.65, theta1:23.387, theta2:13.573, e:-3.779
t:36.68, r:25.00, omega:21.22, omega_m:25.00, u:296.85, theta1:23.392, theta2:13.569, e:-3.779
t:36.69, r:25.00, omega:20.15, omega_m:25.00, u:311.63, theta1:23.398, theta2:13.564, e:-4.850
t:36.70, r:25.00, omega:20.15, omega_m:25.00, u:311.88, theta1:23.404, theta2:13.559, e:-4.850
t:36.71, r:25.00, omega:20.15, omega_m:25.00, u:312.13, theta1:23.410, theta2:13.555, e:-4.850
t:36.72, r:25.00, omega:20.00, omega_m:25.00, u:314.45, theta1:23.416, theta2:13.550, e:-5.002
t:36.73, r:25.00, omega:20.00, omega_m:25.00, u:314.71, theta1:23.423, theta2:13.545, e:-5.002
t:36.74, r:25.00, omega:21.67, omega_m:25.00, u:292.23, theta1:23.427, theta2:13.541, e:-3.330
t:36.75, r:25.00, omega:21.67, omega_m:25.00, u:292.42, theta1:23.431, theta2:13.537, e:-3.330
t:36.76, r:25.00, omega:21.67, omega_m:25.00, u:292.60, theta1:23.435, theta2:13.534, e:-3.330
t:36.77, r:25.00, omega:21.44, omega_m:25.00, u:295.91, theta1:23.440, theta2:13.530, e:-3.560
t:36.78, r:25.00, omega:21.44, omega_m:25.00, u:296.11, theta1:23.444, theta2:13.526, e:-3.560
t:36.79, r:25.00, omega:21.09, omega_m:25.00, u:301.01, theta1:23.449, theta2:13.522, e:-3.908
t:36.80, r:25.00, omega:21.09, omega_m:25.00, u:301.22, theta1:23.454, theta2:13.518, e:-3.908
t:36.81, r:25.00, omega:21.09, omega_m:25.00, u:301.43, theta1:23.459, theta2:13.514, e:-3.908
t:36.82, r:25.00, omega:20.93, omega_m:25.00, u:303.89, theta1:23.464, theta2:13.509, e:-4.074
t:36.83, r:25.00, omega:20.93, omega_m:25.00, u:304.11, theta1:23.469, theta2:13.505, e:-4.074
t:36.84, r:25.00, omega:20.81, omega_m:25.00, u:305.86, theta1:23.474, theta2:13.501, e:-4.187
t:36.85, r:25.00, omega:20.81, omega_m:25.00, u:306.08, theta1:23.479, theta2:13.496, e:-4.187
t:36.86, r:25.00, omega:20.81, omega_m:25.00, u:306.30, theta1:23.485, theta2:13.492, e:-4.187
t:36.87, r:25.00, omega:21.25, omega_m:25.00, u:300.59, theta1:23.489, theta2:13.488, e:-3.748
t:36.88, r:25.00, omega:21.25, omega_m:25.00, u:300.79, theta1:23.494, theta2:13.484, e:-3.748
t:36.89, r:25.00, omega:22.07, omega_m:25.00, u:289.97, theta1:23.498, theta2:13.481, e:-2.934
t:36.90, r:25.00, omega:22.07, omega_m:25.00, u:290.14, theta1:23.501, theta2:13.478, e:-2.934
t:36.91, r:25.00, omega:22.07, omega_m:25.00, u:290.30, theta1:23.505, theta2:13.474, e:-2.934
t:36.92, r:25.00, omega:20.40, omega_m:25.00, u:313.01, theta1:23.511, theta2:13.470, e:-4.602
t:36.93, r:25.00, omega:20.40, omega_m:25.00, u:313.25, theta1:23.516, theta2:13.465, e:-4.602
t:36.94, r:25.00, omega:20.41, omega_m:25.00, u:313.38, theta1:23.522, theta2:13.460, e:-4.594
t:36.95, r:25.00, omega:20.41, omega_m:25.00, u:313.62, theta1:23.528, theta2:13.456, e:-4.594
t:36.96, r:25.00, omega:20.41, omega_m:25.00, u:313.86, theta1:23.534, theta2:13.451, e:-4.594
t:36.97, r:25.00, omega:21.11, omega_m:25.00, u:304.56, theta1:23.538, theta2:13.447, e:-3.887
t:36.98, r:25.00, omega:21.11, omega_m:25.00, u:304.77, theta1:23.543, theta2:13.443, e:-3.887
t:36.99, r:25.00, omega:22.00, omega_m:25.00, u:293.06, theta1:23.547, theta2:13.439, e:-3.004
t:37.00, r:25.00, omega:22.00, omega_m:25.00, u:293.23, theta1:23.551, theta2:13.436, e:-3.004
t:37.01, r:0.00, omega:21.85, omega_m:20.47, u:0.00, theta1:23.551, theta2:13.438, e:1.383
t:37.02, r:0.00, omega:21.85, omega_m:16.76, u:0.00, theta1:23.551, theta2:13.443, e:5.093
t:37.03, r:0.00, omega:21.85, omega_m:13.72, u:0.00, theta1:23.551, theta2:13.452, e:8.131
t:37.04, r:0.00, omega:21.85, omega_m:11.23, u:0.00, theta1:23.551, theta2:13.464, e:10.618
t:37.05, r:0.00, omega:21.85, omega_m:9.20, u:0.00, theta1:23.551, theta2:13.478, e:12.654
t:37.06, r:0.00, omega:21.85, omega_m:7.53, u:0.00, theta1:23.551, theta2:13.493, e:14.321
t:37.07, r:0.00, omega:21.85, omega_m:6.16, u:0.00, theta1:23.551, theta2:13.510, e:15.686
t:37.08, r:0.00, omega:21.85, omega_m:5.05, u:0.00, theta1:23.551, theta2:13.529, e:16.804
t:37.09, r:0.00, omega:21.85, omega_m:4.13, u:0.00, theta1:23.551, theta2:13.548, e:17.719
t:37.10, r:0.00, omega:21.85, omega_m:3.38, u:0.00, theta1:23.551, theta2:13.568, e:18.468
t:37.11, r:0.00, omega:21.85, omega_m:2.77, u:0.00, theta1:23.551, theta2:13.589, e:19.081
t:37.12, r:0.00, omega:21.85, omega_m:2.27, u:0.00, theta1:23.551, theta2:13.610, e:19.583
t:37.13, r:0.00, omega:21.85, omega_m:1.86, u:0.00, theta1:23.551, theta2:13.632, e:19.994
t:37.14, r:0.00, omega:21.85, omega_m:1.52, u:0.00, theta1:23.551, theta2:13.655, e:20.331
t:37.15, r:0.00, omega:21.85, omega_m:1.24, u:0.00, theta1:23.551, theta2:13.677, e:20.607
t:37.16, r:0.00, omega:21.85, omega_m:1.02, u:0.00, theta1:23.551, theta2:13.700, e:20.832
t:37.17, r:0.00, omega:21.85, omega_m:0.83, u:0.00, theta1:23.551, theta2:13.723, e:21.017
t:37.18, r:0.00, omega:21.85, omega_m:0.68, u:0.00, theta1:23.551, theta2:13.746, e:21.168
t:37.19, r:0.00, omega:21.85, omega_m:0.56, u:0.00, theta1:23.551, theta2:13.769, e:21.292
t:37.20, r:0.00, omega:21.85, omega_m:0.46, u:0.00, theta1:23.551, theta2:13.793, e:21.393
t:37.21, r:0.00, omega:21.85, omega_m:0.37, u:0.00, theta1:23.551, theta2:13.816, e:21.476
t:37.22, r:0.00, omega:21.85, omega_m:0.31, u:0.00, theta1:23.551, theta2:13.840, e:21.544
t:37.23, r:0.00, omega:21.85, omega_m:0.25, u:0.00, theta1:23.551, theta2:13.863, e:21.600
t:37.24, r:0.00, omega:21.85, omega_m:0.21, u:0.00, theta1:23.551, theta2:13.887, e:21.645
t:37.25, r:0.00, omega:21.85, omega_m:0.17, u:0.00, theta1:23.551, theta2:13.910, e:21.683
t:37.26, r:0.00, omega:21.85, omega_m:0.14, u:0.00, theta1:23.551, theta2:13.934, e:21.713
t:37.27, r:0.00, omega:21.85, omega_m:0.11, u:0.00, theta1:23.551, theta2:13.958, e:21.738
t:37.28, r:0.00, omega:21.85, omega_m:0.09, u:0.00, theta1:23.551, theta2:13.982, e:21.759
t:37.29, r:0.00, omega:21.85, omega_m:0.08, u:0.00, theta1:23.551, theta2:14.005, e:21.776
t:37.30, r:0.00, omega:21.85, omega_m:0.06, u:0.00, theta1:23.551, theta2:14.029, e:21.789
t:37.31, r:0.00, omega:21.85, omega_m:0.05, u:0.00, theta1:23.551, theta2:14.053, e:21.800
t:37.32, r:0.00, omega:21.85, omega_m:0.04, u:0.00, theta1:23.551, theta2:14.077, e:21.810
t:37.33, r:0.00, omega:21.85, omega_m:0.03, u:0.00, theta1:23.551, theta2:14.101, e:21.817
t:37.34, r:0.00, omega:21.85, omega_m:0.03, u:0.00, theta1:23.551, theta2:14.125, e:21.823
t:37.35, r:0.00, omega:21.85, omega_m:0.02, u:0.00, theta1:23.551, theta2:14.148, e:21.828
t:37.36, r:0.00, omega:21.85, omega_m:0.02, u:0.00, theta1:23.551, theta2:14.172, e:21.833
t:37.37, r:0.00, omega:21.85, omega_m:0.02, u:0.00, theta1:23.551, theta2:14.196, e:21.836
t:37.38, r:0.00, omega:21.85, omega_m:0.01, u:0.00, theta1:23.551, theta2:14.220, e:21.839
t:37.39, r:0.00, omega:21.85, omega_m:0.01, u:0.00, theta1:23.551, theta2:14.244, e:21.841
t:37.40, r:0.00, omega:21.85, omega_m:0.01, u:0.00, theta1:23.551, theta2:14.268, e:21.843
t:37.41, r:0.00, omega:21.85, omega_m:0.01, u:0.00, theta1:23.551, theta2:14.292, e:21.844
t:37.42, r:0.00, omega:21.85, omega_m:0.01, u:0.00, theta1:23.551, theta2:14.316, e:21.846
t:37.43, r:0.00, omega:21.85, omega_m:0.00, u:0.00, theta1:23.551, theta2:14.339, e:21.847
t:37.44, r:0.00, omega:21.85, omega_m:0.00, u:0.00, theta1:23.551, theta2:14.363, e:21.847
t:37.45, r:0.00, omega:21.85, omega_m:0.00, u:0.00, theta1:23.551, theta2:14.387, e:21.848
t:37.46, r:0.00, omega:21.85, omega_m:0.00, u:0.00, theta1:23.551, theta2:14.411, e:21.849
t:37.47, r:0.00, omega:21.85, omega_m:0.00, u:0.00, theta1:23.551, theta2:14.435, e:21.849
t:37.48, r:0.00, omega:21.85, omega_m:0.00, u:0.00, theta1:23.551, theta2:14.459, e:21.850
t:37.49, r:0.00, omega:21.85, omega_m:0.00, u:0.00, theta1:23.551, theta2:14.483, e:21.850
t:37.50, r:0.00, omega:21.85, omega_m:0.00, u:0.00, theta1:23.551, theta2:14.506, e:21.850
t:37.51, r:0.00, omega:0.00, omega_m:0.00, u:0.00, theta1:23.551, theta2:14.506, e:-0.001
t:37.52, r:0.00, omega:0.00, omega_m:0.00, u:0.00, theta1:23.551, theta2:14.506, e:-0.001
t:37.53, r:0.00, omega:0.00, omega_m:0.00, u:0.00, theta1:23.551, theta2:14.506, e:-0.001
t:37.54, r:0.00, omega:0.00, omega_m:0.00, u:0.00, theta1:23.551, theta2:14.506, e:-0.001
t:37.55, r:0.00, omega:0.00, omega_m:0.00, u:0.00, theta1:23.551, theta2:14.506, e:-0.000
t:37.56, r:0.00, omega:0.00, omega_m:0.00, u:0.00, theta1:23.551, theta2:14.506, e:-0.000
t:37.57, r:0.00, omega:0.00, omega_m:0.00, u:0.00, theta1:23.551, theta2:14.506, e:-0.000
t:37.58, r:0.00, omega:0.00, omega_m:0.00, u:0.00, theta1:23.551, theta2:14.506, e:-0.000
t:37.59, r:0.00, omega:0.00, omega_m:0.00, u:0.00, theta1:23.551, theta2:14.506, e:-0.000
t:37.60, r:0.00, omega:0.00, omega_m:0.00, u:0.00, theta1:23.551, theta2:14.506, e:-0.000
t:37.61, r:0.00, omega:0.00, omega_m:0.00, u:0.00, theta1:23.551, theta2:14.506, e:-0.000
t:37.62, r:0.00, omega:0.00, omega_m:0.00, u:0.00, theta1:23.551, theta2:14.506, e:-0.000
t:37.63, r:0.00, omega:0.00, omega_m:0.00, u:0.00, theta1:23.551, theta2:14.506, e:-0.000
t:37.64, r:0.00, omega:0.00, omega_m:0.00, u:0.00, theta1:23.551, theta2:14.506, e:-0.000
t:37.65, r:0.00, omega:0.00, omega_m:0.00, u:0.00, theta1:23.551, theta2:14.506, e:-0.000
t:37.66, r:0.00, omega:0.00, omega_m:0.00, u:0.00, theta1:23.551, theta2:14.506, e:-0.000
t:37.67, r:0.00, omega:0.00, omega_m:0.00, u:0.00, theta1:23.551, theta2:14.506, e:-0.000
t:37.68, r:0.00, omega:0.00, omega_m:0.00, u:0.00, theta1:23.551, theta2:14.506, e:-0.000
t:37.69, r:0.00, omega:0.00, omega_m:0.00, u:0.00, theta1:23.551, theta2:14.506, e:-0.000
t:37.70, r:0.00, omega:0.00, omega_m:0.00, u:0.00, theta1:23.551, theta2:14.506, e:-0.000
t:37.71, r:0.00, omega:0.00, omega_m:0.00, u:0.00, theta1:23.551, theta2:14.506, e:-0.000
t:37.72, r:0.00, omega:0.00, omega_m:0.00, u:0.00, theta1:23.551, theta2:14.506, e:-0.000
t:37.73, r:0.00, omega:0.00, omega_m:0.00, u:0.00, theta1:23.551, theta2:14.506, e:-0.000
t:37.74, r:0.00, omega:0.00, omega_m:0.00, u:0.00, theta1:23.551, theta2:14.506, e:-0.000
t:37.75, r:0.00, omega:0.00, omega_m:0.00, u:0.00, theta1:23.551, theta2:14.506, e:-0.000
t:37.76, r:0.00, omega:0.00, omega_m:0.00, u:0.00, theta1:23.551, theta2:14.506, e:-0.000
t:37.77, r:0.00, omega:0.00, omega_m:0.00, u:0.00, theta1:23.551, theta2:14.506, e:-0.000
t:37.78, r:0.00, omega:0.00, omega_m:0.00, u:0.00, theta1:23.551, theta2:14.506, e:-0.000
t:37.79, r:0.00, omega:0.00, omega_m:0.00, u:0.00, theta1:23.551, theta2:14.506, e:-0.000
t:37.80, r:0.00, omega:0.00, omega_m:0.00, u:0.00, theta1:23.551, theta2:14.506, e:-0.000
t:37.81, r:0.00, omega:0.00, omega_m:0.00, u:0.00, theta1:23.551, theta2:14.506, e:-0.000
t:37.82, r:0.00, omega:0.00, omega_m:0.00, u:0.00, theta1:23.551, theta2:14.506, e:-0.000
t:37.83, r:0.00, omega:0.00, omega_m:0.00, u:0.00, theta1:23.551, theta2:14.506, e:-0.000
t:37.84, r:0.00, omega:0.00, omega_m:0.00, u:0.00, theta1:23.551, theta2:14.506, e:-0.000
t:37.85, r:0.00, omega:0.00, omega_m:0.00, u:0.00, theta1:23.551, theta2:14.506, e:-0.000
t:37.86, r:0.00, omega:0.00, omega_m:0.00, u:0.00, theta1:23.551, theta2:14.506, e:-0.000
t:37.87, r:0.00, omega:0.00, omega_m:0.00, u:0.00, theta1:23.551, theta2:14.506, e:-0.000
t:37.88, r:0.00, omega:0.00, omega_m:0.00, u:0.00, theta1:23.551, theta2:14.506, e:-0.000
t:37.89, r:0.00, omega:0.00, omega_m:0.00, u:0.00, theta1:23.551, theta2:14.506, e:-0.000
t:37.90, r:0.00, omega:0.00, omega_m:0.00, u:0.00, theta1:23.551, theta2:14.506, e:-0.000
t:37.91, r:0.00, omega:0.00, omega_m:0.00, u:0.00, theta1:23.551, theta2:14.506, e:-0.000
t:37.92, r:0.00, omega:0.00, omega_m:0.00, u:0.00, theta1:23.551, theta2:14.506, e:-0.000
t:37.93, r:0.00, omega:0.00, omega_m:0.00, u:0.00, theta1:23.551, theta2:14.506, e:-0.000
t:37.94, r:0.00, omega:0.00, omega_m:0.00, u:0.00, theta1:23.551, theta2:14.506, e:-0.000
t:37.95, r:0.00, omega:0.00, omega_m:0.00, u:0.00, theta1:23.551, theta2:14.506, e:-0.000
t:37.96, r:0.00, omega:0.00, omega_m:0.00, u:0.00, theta1:23.551, theta2:14.506, e:-0.000
t:37.97, r:0.00, omega:0.00, omega_m:0.00, u:0.00, theta1:23.551, theta2:14.506, e:-0.000
t:37.98, r:0.00, omega:0.00, omega_m:0.00, u:0.00, theta1:23.551, theta2:14.506, e:-0.000
t:37.99, r:0.00, omega:0.00, omega_m:0.00, u:0.00, theta1:23.551, theta2:14.506, e:-0.000
t:38.00, r:0.00, omega:0.00, omega_m:0.00, u:0.00, theta1:23.551, theta2:14.506, e:-0.000
t:38.01, r:-25.00, omega:0.00, omega_m:-4.53, u:-588.91, theta1:23.557, theta2:14.506, e:4.532
t:38.02, r:-25.00, omega:0.00, omega_m:-8.24, u:-589.17, theta1:23.567, theta2:14.506, e:8.242
t:38.03, r:-25.00, omega:-0.51, omega_m:-11.28, u:-582.05, theta1:23.580, theta2:14.506, e:10.765
t:38.04, r:-25.00, omega:-0.51, omega_m:-13.77, u:-582.46, theta1:23.597, theta2:14.506, e:13.253
t:38.05, r:-25.00, omega:-26.61, omega_m:-15.80, u:-203.26, theta1:23.583, theta2:14.520, e:-10.803
t:38.06, r:-25.00, omega:-26.61, omega_m:-17.47, u:-202.65, theta1:23.572, theta2:14.532, e:-9.135
t:38.07, r:-25.00, omega:-33.30, omega_m:-18.84, u:-104.09, theta1:23.554, theta2:14.556, e:-14.466
t:38.08, r:-25.00, omega:-33.30, omega_m:-19.95, u:-102.94, theta1:23.537, theta2:14.579, e:-13.349
t:38.09, r:-25.00, omega:-21.28, omega_m:-20.87, u:-278.23, theta1:23.537, theta2:14.579, e:-0.408
t:38.10, r:-25.00, omega:-21.28, omega_m:-21.62, u:-278.25, theta1:23.537, theta2:14.579, e:0.341
t:38.11, r:-25.00, omega:-21.28, omega_m:-22.23, u:-278.30, theta1:23.538, theta2:14.578, e:0.954
t:38.12, r:-25.00, omega:-21.28, omega_m:-22.73, u:-278.38, theta1:23.540, theta2:14.576, e:1.456
t:38.13, r:-25.00, omega:-15.64, omega_m:-23.14, u:-360.88, theta1:23.549, theta2:14.570, e:7.505
t:38.14, r:-25.00, omega:-15.64, omega_m:-23.48, u:-361.22, theta1:23.559, theta2:14.564, e:7.842
t:38.15, r:-25.00, omega:-18.77, omega_m:-23.76, u:-315.83, theta1:23.565, theta2:14.560, e:4.984
t:38.16, r:-25.00, omega:-18.77, omega_m:-23.98, u:-316.09, theta1:23.572, theta2:14.555, e:5.209
t:38.17, r:-25.00, omega:-18.77, omega_m:-24.17, u:-316.35, theta1:23.579, theta2:14.550, e:5.394
t:38.18, r:-25.00, omega:-23.22, omega_m:-24.32, u:-251.68, theta1:23.580, theta2:14.548, e:1.096
t:38.19, r:-25.00, omega:-23.22, omega_m:-24.44, u:-251.76, theta1:23.582, theta2:14.547, e:1.220
t:38.20, r:-25.00, omega:-23.19, omega_m:-24.54, u:-252.27, theta1:23.583, theta2:14.545, e:1.351
t:38.21, r:-25.00, omega:-23.19, omega_m:-24.63, u:-252.35, theta1:23.585, theta2:14.544, e:1.434
t:38.22, r:-25.00, omega:-23.19, omega_m:-24.69, u:-252.44, theta1:23.587, theta2:14.542, e:1.502
t:38.23, r:-25.00, omega:-17.62, omega_m:-24.75, u:-333.75, theta1:23.596, theta2:14.536, e:7.127
t:38.24, r:-25.00, omega:-17.62, omega_m:-24.79, u:-334.09, theta1:23.605, theta2:14.529, e:7.172
t:38.25, r:-25.00, omega:-17.62, omega_m:-24.83, u:-334.43, theta1:23.614, theta2:14.523, e:7.210
t:38.26, r:-25.00, omega:-19.55, omega_m:-24.86, u:-306.72, theta1:23.621, theta2:14.518, e:5.314
t:38.27, r:-25.00, omega:-19.55, omega_m:-24.89, u:-306.99, theta1:23.627, theta2:14.513, e:5.339
t:38.28, r:-25.00, omega:-23.11, omega_m:-24.91, u:-255.43, theta1:23.629, theta2:14.510, e:1.800
t:38.29, r:-25.00, omega:-23.11, omega_m:-24.92, u:-255.54, theta1:23.632, theta2:14.508, e:1.817
t:38.30, r:-25.00, omega:-23.05, omega_m:-24.94, u:-256.55, theta1:23.634, theta2:14.506, e:1.892
t:38.31, r:-25.00, omega:-23.05, omega_m:-24.95, u:-256.66, theta1:23.636, theta2:14.504, e:1.904
t:38.32, r:-25.00, omega:-23.05, omega_m:-24.96, u:-256.77, theta1:23.639, theta2:14.502, e:1.913
t:38.33, r:-25.00, omega:-19.02, omega_m:-24.97, u:-315.46, theta1:23.646, theta2:14.496, e:5.947
t:38.34, r:-25.00, omega:-19.02, omega_m:-24.97, u:-315.76, theta1:23.654, theta2:14.490, e:5.954
t:38.35, r:-25.00, omega:-19.02, omega_m:-24.98, u:-316.05, theta1:23.661, theta2:14.485, e:5.959
t:38.36, r:-25.00, omega:-18.93, omega_m:-24.98, u:-317.59, theta1:23.669, theta2:14.479, e:6.049
t:38.37, r:-25.00, omega:-18.93, omega_m:-24.98, u:-317.89, theta1:23.676, theta2:14.473, e:6.052
t:38.38, r:-25.00, omega:-20.92, omega_m:-24.99, u:-289.31, theta1:23.681, theta2:14.469, e:4.065
t:38.39, r:-25.00, omega:-20.92, omega_m:-24.99, u:-289.53, theta1:23.686, theta2:14.465, e:4.068
t:38.40, r:-25.00, omega:-20.92, omega_m:-24.99, u:-289.74, theta1:23.692, theta2:14.461, e:4.069
t:38.41, r:-25.00, omega:-21.27, omega_m:-24.99, u:-284.87, theta1:23.696, theta2:14.457, e:3.720
t:38.42, r:-25.00, omega:-21.27, omega_m:-24.99, u:-285.07, theta1:23.701, theta2:14.453, e:3.721
t:38.43, r:-25.00, omega:-21.59, omega_m:-25.00, u:-280.69, theta1:23.705, theta2:14.449, e:3.406
t:38.44, r:-25.00, omega:-21.59, omega_m:-25.00, u:-280.87, theta1:23.709, theta2:14.445, e:3.407
t:38.45, r:-25.00, omega:-21.24, omega_m:-25.00, u:-286.09, theta1:23.714, theta2:14.441, e:3.755
t:38.46, r:-25.00, omega:-21.24, omega_m:-25.00, u:-286.29, theta1:23.719, theta2:14.437, e:3.755
t:38.47, r:-25.00, omega:-21.24, omega_m:-25.00, u:-286.49, theta1:23.723, theta2:14.433, e:3.756
t:38.48, r:-25.00, omega:-19.01, omega_m:-25.00, u:-319.05, theta1:23.731, theta2:14.428, e:5.992
t:38.49, r:-25.00, omega:-19.01, omega_m:-25.00, u:-319.35, theta1:23.738, theta2:14.422, e:5.992
t:38.50, r:-25.00, omega:-19.01, omega_m:-25.00, u:-319.64, theta1:23.746, theta2:14.416, e:5.992
t:38.51, r:-25.00, omega:-20.79, omega_m:-25.00, u:-294.23, theta1:23.751, theta2:14.412, e:4.214
t:38.52, r:-25.00, omega:-20.79, omega_m:-25.00, u:-294.45, theta1:23.756, theta2:14.408, e:4.214
t:38.53, r:-25.00, omega:-21.69, omega_m:-25.00, u:-281.66, theta1:23.761, theta2:14.404, e:3.314
t:38.54, r:-25.00, omega:-21.69, omega_m:-25.00, u:-281.84, theta1:23.765, theta2:14.400, e:3.314
t:38.55, r:-25.00, omega:-21.69, omega_m:-25.00, u:-282.02, theta1:23.769, theta2:14.397, e:3.314
t:38.56, r:-25.00, omega:-21.62, omega_m:-25.00, u:-283.19, theta1:23.773, theta2:14.393, e:3.382
t:38.57, r:-25.00, omega:-21.62, omega_m:-25.00, u:-283.37, theta1:23.777, theta2:14.389, e:3.382
t:38.58, r:-25.00, omega:-21.34, omega_m:-25.00, u:-287.59, theta1:23.782, theta2:14.386, e:3.661
t:38.59, r:-25.00, omega:-21.34, omega_m:-25.00, u:-287.78, theta1:23.787, theta2:14.382, e:3.662
t:38.60, r:-25.00, omega:-21.34, omega_m:-25.00, u:-287.98, theta1:23.791, theta2:14.378, e:3.662
t:38.61, r:-25.00, omega:-20.88, omega_m:-25.00, u:-294.77, theta1:23.796, theta2:14.373, e:4.119
t:38.62, r:-25.00, omega:-20.88, omega_m:-25.00, u:-294.99, theta1:23.801, theta2:14.369, e:4.119
t:38.63, r:-25.00, omega:-19.82, omega_m:-25.00, u:-310.52, theta1:23.808, theta2:14.364, e:5.181
t:38.64, r:-25.00, omega:-19.82, omega_m:-25.00, u:-310.78, theta1:23.814, theta2:14.359, e:5.181
t:38.65, r:-25.00, omega:-19.82, omega_m:-25.00, u:-311.04, theta1:23.821, theta2:14.354, e:5.181
t:38.66, r:-25.00, omega:-19.52, omega_m:-25.00, u:-315.57, theta1:23.828, theta2:14.348, e:5.477
t:38.67, r:-25.00, omega:-19.52, omega_m:-25.00, u:-315.85, theta1:23.835, theta2:14.343, e:5.477
t:38.68, r:-25.00, omega:-23.36, omega_m:-25.00, u:-260.84, theta1:23.837, theta2:14.341, e:1.635
t:38.69, r:-25.00, omega:-23.36, omega_m:-25.00, u:-260.94, theta1:23.839, theta2:14.339, e:1.635
t:38.70, r:-25.00, omega:-23.36, omega_m:-25.00, u:-261.03, theta1:23.841, theta2:14.337, e:1.635
t:38.71, r:-25.00, omega:-20.96, omega_m:-25.00, u:-295.65, theta1:23.846, theta2:14.333, e:4.035
t:38.72, r:-25.00, omega:-20.96, omega_m:-25.00, u:-295.87, theta1:23.851, theta2:14.329, e:4.035
t:38.73, r:-25.00, omega:-18.64, omega_m:-25.00, u:-329.54, theta1:23.859, theta2:14.323, e:6.363
t:38.74, r:-25.00, omega:-18.64, omega_m:-25.00, u:-329.84, theta1:23.867, theta2:14.317, e:6.363
t:38.75, r:-25.00, omega:-18.64, omega_m:-25.00, u:-330.15, theta1:23.875, theta2:14.311, e:6.363
t:38.76, r:-25.00, omega:-21.30, omega_m:-25.00, u:-292.29, theta1:23.879, theta2:14.307, e:3.703
t:38.77, r:-25.00, omega:-21.30, omega_m:-25.00, u:-292.49, theta1:23.884, theta2:14.303, e:3.703
t:38.78, r:-25.00, omega:-21.94, omega_m:-25.00, u:-283.43, theta1:23.888, theta2:14.300, e:3.058
t:38.79, r:-25.00, omega:-21.94, omega_m:-25.00, u:-283.60, theta1:23.891, theta2:14.296, e:3.058
t:38.80, r:-25.00, omega:-21.94, omega_m:-25.00, u:-283.77, theta1:23.895, theta2:14.293, e:3.058
t:38.81, r:-25.00, omega:-21.68, omega_m:-25.00, u:-287.69, theta1:23.899, theta2:14.289, e:3.320
t:38.82, r:-25.00, omega:-21.68, omega_m:-25.00, u:-287.87, theta1:23.904, theta2:14.286, e:3.320
t:38.83, r:-25.00, omega:-21.40, omega_m:-25.00, u:-292.10, theta1:23.908, theta2:14.282, e:3.602
t:38.84, r:-25.00, omega:-21.40, omega_m:-25.00, u:-292.30, theta1:23.913, theta2:14.278, e:3.602
t:38.85, r:-25.00, omega:-21.40, omega_m:-25.00, u:-292.49, theta1:23.917, theta2:14.274, e:3.602
t:38.86, r:-25.00, omega:-19.91, omega_m:-25.00, u:-313.93, theta1:23.923, theta2:14.269, e:5.086
t:38.87, r:-25.00, omega:-19.91, omega_m:-25.00, u:-314.19, theta1:23.930, theta2:14.264, e:5.086
t:38.88, r:-25.00, omega:-19.52, omega_m:-25.00, u:-320.03, theta1:23.937, theta2:14.259, e:5.476
t:38.89, r:-25.00, omega:-19.52, omega_m:-25.00, u:-320.30, theta1:23.944, theta2:14.253, e:5.476
t:38.90, r:-25.00, omega:-19.52, omega_m:-25.00, u:-320.58, theta1:23.950, theta2:14.248, e:5.476
t:38.91, r:-25.00, omega:-22.31, omega_m:-25.00, u:-281.09, theta1:23.954, theta2:14.245, e:2.694
t:38.92, r:-25.00, omega:-22.31, omega_m:-25.00, u:-281.24, theta1:23.957, theta2:14.242, e:2.694
t:38.93, r:-25.00, omega:-23.47, omega_m:-25.00, u:-264.77, theta1:23.959, theta2:14.240, e:1.531
t:38.94, r:-25.00, omega:-23.47, omega_m:-25.00, u:-264.86, theta1:23.961, theta2:14.239, e:1.531
t:38.95, r:-25.00, omega:-23.47, omega_m:-25.00, u:-264.95, theta1:23.963, theta2:14.237, e:1.531
t:38.96, r:-25.00, omega:-18.75, omega_m:-25.00, u:-332.47, theta1:23.971, theta2:14.231, e:6.253
t:38.97, r:-25.00, omega:-18.75, omega_m:-25.00, u:-332.78, theta1:23.978, theta2:14.225, e:6.253
t:38.98, r:-25.00, omega:-20.93, omega_m:-25.00, u:-301.95, theta1:23.984, theta2:14.221, e:4.070
t:38.99, r:-25.00, omega:-20.93, omega_m:-25.00, u:-302.17, theta1:23.989, theta2:14.217, e:4.070
t:39.00, r:-25.00, omega:-20.93, omega_m:-25.00, u:-302.39, theta1:23.994, theta2:14.212, e:4.070
t:39.01, r:0.00, omega:-20.59, omega_m:-20.47, u:0.00, theta1:23.994, theta2:14.212, e:-0.122
t:39.02, r:0.00, omega:-20.59, omega_m:-16.76, u:0.00, theta1:23.994, theta2:14.216, e:-3.833
t:39.03, r:0.00, omega:-20.59, omega_m:-13.72, u:0.00, theta1:23.994, theta2:14.223, e:-6.870
t:39.04, r:0.00, omega:-20.59, omega_m:-11.23, u:0.00, theta1:23.994, theta2:14.233, e:-9.357
t:39.05, r:0.00, omega:-13.28, omega_m:-9.20, u:0.00, theta1:23.994, theta2:14.236, e:-4.078
t:39.06, r:0.00, omega:-13.28, omega_m:-7.53, u:0.00, theta1:23.994, theta2:14.240, e:-5.745
t:39.07, r:0.00, omega:-13.28, omega_m:-6.16, u:0.00, theta1:23.994, theta2:14.244, e:-7.110
t:39.08, r:0.00, omega:-13.28, omega_m:-5.05, u:0.00, theta1:23.994, theta2:14.250, e:-8.228
t:39.09, r:0.00, omega:-13.28, omega_m:-4.13, u:0.00, theta1:23.994, theta2:14.256, e:-9.143
t:39.10, r:0.00, omega:-13.28, omega_m:-3.38, u:0.00, theta1:23.994, theta2:14.262, e:-9.892
t:39.11, r:0.00, omega:-13.28, omega_m:-2.77, u:0.00, theta1:23.994, theta2:14.269, e:-10.505
t:39.12, r:0.00, omega:-13.28, omega_m:-2.27, u:0.00, theta1:23.994, theta2:14.277, e:-11.007
t:39.13, r:0.00, omega:-13.28, omega_m:-1.86, u:0.00, theta1:23.994, theta2:14.284, e:-11.418
t:39.14, r:0.00, omega:-13.28, omega_m:-1.52, u:0.00, theta1:23.994, theta2:14.292, e:-11.755
t:39.15, r:0.00, omega:-13.28, omega_m:-1.24, u:0.00, theta1:23.994, theta2:14.300, e:-12.030
t:39.16, r:0.00, omega:-13.28, omega_m:-1.02, u:0.00, theta1:23.994, theta2:14.308, e:-12.256
t:39.17, r:0.00, omega:-13.28, omega_m:-0.83, u:0.00, theta1:23.994, theta2:14.316, e:-12.441
t:39.18, r:0.00, omega:-13.28, omega_m:-0.68, u:0.00, theta1:23.994, theta2:14.325, e:-12.592
t:39.19, r:0.00, omega:-13.28, omega_m:-0.56, u:0.00, theta1:23.994, theta2:14.333, e:-12.716
t:39.20, r:0.00, omega:-13.28, omega_m:-0.46, u:0.00, theta1:23.994, theta2:14.342, e:-12.817
t:39.21, r:0.00, omega:-13.28, omega_m:-0.37, u:0.00, theta1:23.994, theta2:14.350, e:-12.900
t:39.22, r:0.00, omega:-13.28, omega_m:-0.31, u:0.00, theta1:23.994, theta2:14.359, e:-12.968
t:39.23, r:0.00, omega:-13.28, omega_m:-0.25, u:0.00, theta1:23.994, theta2:14.368, e:-13.024
t:39.24, r:0.00, omega:-13.28, omega_m:-0.21, u:0.00, theta1:23.994, theta2:14.376, e:-13.069
t:39.25, r:0.00, omega:-13.28, omega_m:-0.17, u:0.00, theta1:23.994, theta2:14.385, e:-13.107
t:39.26, r:0.00, omega:-13.28, omega_m:-0.14, u:0.00, theta1:23.994, theta2:14.394, e:-13.137
t:39.27, r:0.00, omega:-13.28, omega_m:-0.11, u:0.00, theta1:23.994, theta2:14.402, e:-13.162
t:39.28, r:0.00, omega:-13.28, omega_m:-0.09, u:0.00, theta1:23.994, theta2:14.411, e:-13.183
t:39.29, r:0.00, omega:-13.28, omega_m:-0.08, u:0.00, theta1:23.994, theta2:14.420, e:-13.199
t:39.30, r:0.00, omega:-13.28, omega_m:-0.06, u:0.00, theta1:23.994, theta2:14.429, e:-13.213
t:39.31, r:0.00, omega:-13.28, omega_m:-0.05, u:0.00, theta1:23.994, theta2:14.437, e:-13.224
t:39.32, r:0.00, omega:-13.28, omega_m:-0.04, u:0.00, theta1:23.994, theta2:14.446, e:-13.234
t:39.33, r:0.00, omega:-13.28, omega_m:-0.03, u:0.00, theta1:23.994, theta2:14.455, e:-13.241
t:39.34, r:0.00, omega:-13.28, omega_m:-0.03, u:0.00, theta1:23.994, theta2:14.464, e:-13.247
t:39.35, r:0.00, omega:-13.28, omega_m:-0.02, u:0.00, theta1:23.994, theta2:14.473, e:-13.252
t:39.36, r:0.00, omega:-13.28, omega_m:-0.02, u:0.00, theta1:23.994, theta2:14.481, e:-13.256
t:39.37, r:0.00, omega:-13.28, omega_m:-0.02, u:0.00, theta1:23.994, theta2:14.490, e:-13.260
t:39.38, r:0.00, omega:-13.28, omega_m:-0.01, u:0.00, theta1:23.994, theta2:14.499, e:-13.263
t:39.39, r:0.00, omega:-13.28, omega_m:-0.01, u:0.00, theta1:23.994, theta2:14.508, e:-13.265
t:39.40, r:0.00, omega:-13.28, omega_m:-0.01, u:0.00, theta1:23.994, theta2:14.517, e:-13.267
t:39.41, r:0.00, omega:-13.28, omega_m:-0.01, u:0.00, theta1:23.994, theta2:14.525, e:-13.268
t:39.42, r:0.00, omega:-13.28, omega_m:-0.01, u:0.00, theta1:23.994, theta2:14.534, e:-13.270
t:39.43, r:0.00, omega:-13.28, omega_m:-0.00, u:0.00, theta1:23.994, theta2:14.543, e:-13.271
t:39.44, r:0.00, omega:-13.28, omega_m:-0.00, u:0.00, theta1:23.994, theta2:14.552, e:-13.271
t:39.45, r:0.00, omega:-13.28, omega_m:-0.00, u:0.00, theta1:23.994, theta2:14.561, e:-13.272
t:39.46, r:0.00, omega:-13.28, omega_m:-0.00, u:0.00, theta1:23.994, theta2:14.569, e:-13.273
t:39.47, r:0.00, omega:-13.28, omega_m:-0.00, u:0.00, theta1:23.994, theta2:14.578, e:-13.273
t:39.48, r:0.00, omega:-13.28, omega_m:-0.00, u:0.00, theta1:23.994, theta2:14.587, e:-13.273
t:39.49, r:0.00, omega:-13.28, omega_m:-0.00, u:0.00, theta1:23.994, theta2:14.596, e:-13.274
t:39.50, r:0.00, omega:-13.28, omega_m:-0.00, u:0.00, theta1:23.994, theta2:14.605, e:-13.274
t:39.51, r:0.00, omega:-13.28, omega_m:-0.00, u:0.00, theta1:23.994, theta2:14.613, e:-13.274
t:39.52, r:0.00, omega:-13.28, omega_m:-0.00, u:0.00, theta1:23.994, theta2:14.622, e:-13.274
t:39.53, r:0.00, omega:-13.28, omega_m:-0.00, u:0.00, theta1:23.994, theta2:14.631, e:-13.275
t:39.54, r:0.00, omega:-13.28, omega_m:-0.00, u:0.00, theta1:23.994, theta2:14.640, e:-13.275
t:39.55, r:0.00, omega:0.00, omega_m:-0.00, u:0.00, theta1:23.994, theta2:14.640, e:0.000
t:39.56, r:0.00, omega:0.00, omega_m:-0.00, u:0.00, theta1:23.994, theta2:14.640, e:0.000
t:39.57, r:0.00, omega:0.00, omega_m:-0.00, u:0.00, theta1:23.994, theta2:14.640, e:0.000
t:39.58, r:0.00, omega:0.00, omega_m:-0.00, u:0.00, theta1:23.994, theta2:14.640, e:0.000
t:39.59, r:0.00, omega:0.00, omega_m:-0.00, u:0.00, theta1:23.994, theta2:14.640, e:0.000
t:39.60, r:0.00, omega:0.00, omega_m:-0.00, u:0.00, theta1:23.994, theta2:14.640, e:0.000
t:39.61, r:0.00, omega:0.00, omega_m:-0.00, u:0.00, theta1:23.994, theta2:14.640, e:0.000
t:39.62, r:0.00, omega:0.00, omega_m:-0.00, u:0.00, theta1:23.994, theta2:14.640, e:0.000
t:39.63, r:0.00, omega:0.00, omega_m:-0.00, u:0.00, theta1:23.994, theta2:14.640, e:0.000
t:39.64, r:0.00, omega:0.00, omega_m:-0.00, u:0.00, theta1:23.994, theta2:14.640, e:0.000
t:39.65, r:0.00, omega:0.00, omega_m:-0.00, u:0.00, theta1:23.994, theta2:14.640, e:0.000
t:39.66, r:0.00, omega:0.00, omega_m:-0.00, u:0.00, theta1:23.994, theta2:14.640, e:0.000
t:39.67, r:0.00, omega:0.00, omega_m:-0.00, u:0.00, theta1:23.994, theta2:14.640, e:0.000
t:39.68, r:0.00, omega:0.00, omega_m:-0.00, u:0.00, theta1:23.994, theta2:14.640, e:0.000
t:39.69, r:0.00, omega:0.00, omega_m:-0.00, u:0.00, theta1:23.994, theta2:14.640, e:0.000
t:39.70, r:0.00, omega:0.00, omega_m:-0.00, u:0.00, theta1:23.994, theta2:14.640, e:0.000
t:39.71, r:0.00, omega:0.00, omega_m:-0.00, u:0.00, theta1:23.994, theta2:14.640, e:0.000
t:39.72, r:0.00, omega:0.00, omega_m:-0.00, u:0.00, theta1:23.994, theta2:14.640, e:0.000
t:39.73, r:0.00, omega:0.00, omega_m:-0.00, u:0.00, theta1:23.994, theta2:14.640, e:0.000
t:39.74, r:0.00, omega:0.00, omega_m:-0.00, u:0.00, theta1:23.994, theta2:14.640, e:0.000
t:39.75, r:0.00, omega:0.00, omega_m:-0.00, u:0.00, theta1:23.994, theta2:14.640, e:0.000
t:39.76, r:0.00, omega:0.00, omega_m:-0.00, u:0.00, theta1:23.994, theta2:14.640, e:0.000
t:39.77, r:0.00, omega:0.00, omega_m:-0.00, u:0.00, theta1:23.994, theta2:14.640, e:0.000
t:39.78, r:0.00, omega:0.00, omega_m:-0.00, u:0.00, theta1:23.994, theta2:14.640, e:0.000
t:39.79, r:0.00, omega:0.00, omega_m:-0.00, u:0.00, theta1:23.994, theta2:14.640, e:0.000
t:39.80, r:0.00, omega:0.00, omega_m:-0.00, u:0.00, theta1:23.994, theta2:14.640, e:0.000
t:39.81, r:0.00, omega:0.00, omega_m:-0.00, u:0.00, theta1:23.994, theta2:14.640, e:0.000
t:39.82, r:0.00, omega:0.00, omega_m:-0.00, u:0.00, theta1:23.994, theta2:14.640, e:0.000
t:39.83, r:0.00, omega:0.00, omega_m:-0.00, u:0.00, theta1:23.994, theta2:14.640, e:0.000
t:39.84, r:0.00, omega:0.00, omega_m:-0.00, u:0.00, theta1:23.994, theta2:14.640, e:0.000
t:39.85, r:0.00, omega:0.00, omega_m:-0.00, u:0.00, theta1:23.994, theta2:14.640, e:0.000
t:39.86, r:0.00, omega:0.00, omega_m:-0.00, u:0.00, theta1:23.994, theta2:14.640, e:0.000
t:39.87, r:0.00, omega:0.00, omega_m:-0.00, u:0.00, theta1:23.994, theta2:14.640, e:0.000
t:39.88, r:0.00, omega:0.00, omega_m:-0.00, u:0.00, theta1:23.994, theta2:14.640, e:0.000
t:39.89, r:0.00, omega:0.00, omega_m:-0.00, u:0.00, theta1:23.994, theta2:14.640, e:0.000
t:39.90, r:0.00, omega:0.00, omega_m:-0.00, u:0.00, theta1:23.994, theta2:14.640, e:0.000
t:39.91, r:0.00, omega:0.00, omega_m:-0.00, u:0.00, theta1:23.994, theta2:14.640, e:0.000
t:39.92, r:0.00, omega:0.00, omega_m:-0.00, u:0.00, theta1:23.994, theta2:14.640, e:0.000
t:39.93, r:0.00, omega:0.00, omega_m:-0.00, u:0.00, theta1:23.994, theta2:14.640, e:0.000
t:39.94, r:0.00, omega:0.00, omega_m:-0.00, u:0.00, theta1:23.994, theta2:14.640, e:0.000
t:39.95, r:0.00, omega:0.00, omega_m:-0.00, u:0.00, theta1:23.994, theta2:14.640, e:0.000
t:39.96, r:0.00, omega:0.00, omega_m:-0.00, u:0.00, theta1:23.994, theta2:14.640, e:0.000
t:39.97, r:0.00, omega:0.00, omega_m:-0.00, u:0.00, theta1:23.994, theta2:14.640, e:0.000
t:39.98, r:0.00, omega:0.00, omega_m:-0.00, u:0.00, theta1:23.994, theta2:14.640, e:0.000
t:39.99, r:0.00, omega:0.00, omega_m:-0.00, u:0.00, theta1:23.994, theta2:14.640, e:0.000
t:40.00, r:0.00, omega:0.00, omega_m:-0.00, u:0.00, theta1:23.994, theta2:14.640, e:0.000
t:40.01, r:25.00, omega:0.00, omega_m:4.53, u:599.99, theta1:23.999, theta2:14.640, e:-4.532
t:40.02, r:25.00, omega:0.00, omega_m:8.24, u:600.24, theta1:24.010, theta2:14.640, e:-8.242
t:40.03, r:25.00, omega:0.00, omega_m:11.28, u:600.60, theta1:24.024, theta2:14.640, e:-11.280
t:40.04, r:25.00, omega:0.53, omega_m:13.77, u:593.29, theta1:24.040, theta2:14.640, e:-13.240
t:40.05, r:25.00, omega:0.53, omega_m:15.80, u:593.77, theta1:24.059, theta2:14.639, e:-15.276
t:40.06, r:25.00, omega:30.62, omega_m:17.47, u:152.16, theta1:24.043, theta2:14.659, e:13.153
t:40.07, r:25.00, omega:36.73, omega_m:18.84, u:60.90, theta1:24.021, theta2:14.692, e:17.893
t:40.08, r:25.00, omega:36.73, omega_m:19.95, u:59.24, theta1:24.000, theta2:14.723, e:16.776
t:40.09, r:25.00, omega:36.73, omega_m:20.87, u:57.68, theta1:23.980, theta2:14.752, e:15.861
t:40.10, r:25.00, omega:22.13, omega_m:21.62, u:272.97, theta1:23.979, theta2:14.753, e:0.515
t:40.11, r:25.00, omega:22.13, omega_m:22.23, u:272.98, theta1:23.979, theta2:14.753, e:-0.098
t:40.12, r:25.00, omega:22.13, omega_m:22.73, u:273.01, theta1:23.980, theta2:14.752, e:-0.600
t:40.13, r:25.00, omega:22.13, omega_m:23.14, u:273.07, theta1:23.981, theta2:14.751, e:-1.011
t:40.14, r:25.00, omega:13.32, omega_m:23.48, u:403.53, theta1:23.994, theta2:14.744, e:-10.164
t:40.15, r:25.00, omega:13.32, omega_m:23.76, u:403.95, theta1:24.007, theta2:14.737, e:-10.440
t:40.16, r:25.00, omega:18.56, omega_m:23.98, u:326.90, theta1:24.014, theta2:14.732, e:-5.420
t:40.17, r:25.00, omega:18.56, omega_m:24.17, u:327.17, theta1:24.021, theta2:14.727, e:-5.604
t:40.18, r:25.00, omega:18.56, omega_m:24.32, u:327.45, theta1:24.028, theta2:14.721, e:-5.755
t:40.19, r:25.00, omega:24.71, omega_m:24.44, u:236.89, theta1:24.028, theta2:14.722, e:0.271
t:40.20, r:25.00, omega:24.71, omega_m:24.54, u:236.88, theta1:24.028, theta2:14.722, e:0.170
t:40.21, r:25.00, omega:21.39, omega_m:24.63, u:285.94, theta1:24.032, theta2:14.719, e:-3.234
t:40.22, r:25.00, omega:21.39, omega_m:24.69, u:286.12, theta1:24.036, theta2:14.715, e:-3.302
t:40.23, r:25.00, omega:21.39, omega_m:24.75, u:286.30, theta1:24.040, theta2:14.711, e:-3.357
t:40.24, r:25.00, omega:19.58, omega_m:24.79, u:313.26, theta1:24.046, theta2:14.706, e:-5.218
t:40.25, r:25.00, omega:19.58, omega_m:24.83, u:313.52, theta1:24.053, theta2:14.701, e:-5.255
t:40.26, r:25.00, omega:19.31, omega_m:24.86, u:317.70, theta1:24.060, theta2:14.696, e:-5.550
t:40.27, r:25.00, omega:19.31, omega_m:24.89, u:317.97, theta1:24.067, theta2:14.690, e:-5.575
t:40.28, r:25.00, omega:19.31, omega_m:24.91, u:318.25, theta1:24.074, theta2:14.685, e:-5.596
t:40.29, r:25.00, omega:21.05, omega_m:24.92, u:292.91, theta1:24.079, theta2:14.681, e:-3.873
t:40.30, r:25.00, omega:21.05, omega_m:24.94, u:293.12, theta1:24.084, theta2:14.677, e:-3.886
t:40.31, r:25.00, omega:21.38, omega_m:24.95, u:288.45, theta1:24.088, theta2:14.673, e:-3.567
t:40.32, r:25.00, omega:21.38, omega_m:24.96, u:288.64, theta1:24.093, theta2:14.669, e:-3.576
t:40.33, r:25.00, omega:21.38, omega_m:24.97, u:288.84, theta1:24.097, theta2:14.665, e:-3.583
t:40.34, r:25.00, omega:21.46, omega_m:24.97, u:287.90, theta1:24.101, theta2:14.662, e:-3.512
t:40.35, r:25.00, omega:21.46, omega_m:24.98, u:288.09, theta1:24.106, theta2:14.658, e:-3.517
t:40.36, r:25.00, omega:20.16, omega_m:24.98, u:307.40, theta1:24.112, theta2:14.653, e:-4.822
t:40.37, r:25.00, omega:20.16, omega_m:24.98, u:307.65, theta1:24.118, theta2:14.648, e:-4.825
t:40.38, r:25.00, omega:20.16, omega_m:24.99, u:307.90, theta1:24.124, theta2:14.643, e:-4.828
t:40.39, r:25.00, omega:19.14, omega_m:24.99, u:323.16, theta1:24.131, theta2:14.638, e:-5.853
t:40.40, r:25.00, omega:19.14, omega_m:24.99, u:323.45, theta1:24.138, theta2:14.632, e:-5.855
t:40.41, r:25.00, omega:19.14, omega_m:24.99, u:323.74, theta1:24.146, theta2:14.626, e:-5.856
t:40.42, r:25.00, omega:21.38, omega_m:24.99, u:291.15, theta1:24.150, theta2:14.623, e:-3.616
t:40.43, r:25.00, omega:21.38, omega_m:25.00, u:291.35, theta1:24.155, theta2:14.619, e:-3.617
t:40.44, r:25.00, omega:21.71, omega_m:25.00, u:286.68, theta1:24.159, theta2:14.615, e:-3.286
t:40.45, r:25.00, omega:21.71, omega_m:25.00, u:286.86, theta1:24.163, theta2:14.612, e:-3.287
t:40.46, r:25.00, omega:21.46, omega_m:25.00, u:290.65, theta1:24.167, theta2:14.608, e:-3.534
t:40.47, r:25.00, omega:21.46, omega_m:25.00, u:290.85, theta1:24.172, theta2:14.604, e:-3.535
t:40.48, r:25.00, omega:21.46, omega_m:25.00, u:291.04, theta1:24.176, theta2:14.600, e:-3.535
t:40.49, r:25.00, omega:21.16, omega_m:25.00, u:295.66, theta1:24.181, theta2:14.596, e:-3.838
t:40.50, r:25.00, omega:21.16, omega_m:25.00, u:295.87, theta1:24.186, theta2:14.592, e:-3.838
t:40.51, r:25.00, omega:20.77, omega_m:25.00, u:301.79, theta1:24.191, theta2:14.588, e:-4.229
t:40.52, r:25.00, omega:20.77, omega_m:25.00, u:302.01, theta1:24.196, theta2:14.583, e:-4.229
t:40.53, r:25.00, omega:20.77, omega_m:25.00, u:302.24, theta1:24.202, theta2:14.579, e:-4.229
t:40.54, r:25.00, omega:20.13, omega_m:25.00, u:311.77, theta1:24.208, theta2:14.574, e:-4.866
t:40.55, r:25.00, omega:20.13, omega_m:25.00, u:312.02, theta1:24.214, theta2:14.569, e:-4.866
t:40.56, r:25.00, omega:20.13, omega_m:25.00, u:312.27, theta1:24.220, theta2:14.564, e:-4.866
t:40.57, r:25.00, omega:20.31, omega_m:25.00, u:310.00, theta1:24.226, theta2:14.559, e:-4.693
t:40.58, r:25.00, omega:20.31, omega_m:25.00, u:310.24, theta1:24.232, theta2:14.555, e:-4.693
t:40.59, r:25.00, omega:22.48, omega_m:25.00, u:278.68, theta1:24.235, theta2:14.552, e:-2.515
t:40.60, r:25.00, omega:22.48, omega_m:25.00, u:278.82, theta1:24.238, theta2:14.549, e:-2.515
t:40.61, r:25.00, omega:20.45, omega_m:25.00, u:308.60, theta1:24.244, theta2:14.544, e:-4.546
t:40.62, r:25.00, omega:20.45, omega_m:25.00, u:308.84, theta1:24.249, theta2:14.540, e:-4.546
t:40.63, r:25.00, omega:20.45, omega_m:25.00, u:309.08, theta1:24.255, theta2:14.535, e:-4.546
t:40.64, r:25.00, omega:20.09, omega_m:25.00, u:314.58, theta1:24.261, theta2:14.530, e:-4.907
t:40.65, r:25.00, omega:20.09, omega_m:25.00, u:314.83, theta1:24.267, theta2:14.525, e:-4.907
t:40.66, r:25.00, omega:20.09, omega_m:25.00, u:315.08, theta1:24.274, theta2:14.520, e:-4.907
t:40.67, r:25.00, omega:21.54, omega_m:25.00, u:294.19, theta1:24.278, theta2:14.517, e:-3.455
t:40.68, r:25.00, omega:21.54, omega_m:25.00, u:294.38, theta1:24.282, theta2:14.513, e:-3.455
t:40.69, r:25.00, omega:21.58, omega_m:25.00, u:294.11, theta1:24.286, theta2:14.509, e:-3.424
t:40.70, r:25.00, omega:21.58, omega_m:25.00, u:294.30, theta1:24.291, theta2:14.505, e:-3.424
t:40.71, r:25.00, omega:21.58, omega_m:25.00, u:294.49, theta1:24.295, theta2:14.502, e:-3.424
t:40.72, r:25.00, omega:20.60, omega_m:25.00, u:308.88, theta1:24.300, theta2:14.497, e:-4.400
t:40.73, r:25.00, omega:20.60, omega_m:25.00, u:309.11, theta1:24.306, theta2:14.493, e:-4.400
t:40.74, r:25.00, omega:20.61, omega_m:25.00, u:309.14, theta1:24.311, theta2:14.488, e:-4.387
t:40.75, r:25.00, omega:20.61, omega_m:25.00, u:309.37, theta1:24.317, theta2:14.484, e:-4.387
t:40.76, r:25.00, omega:20.61, omega_m:25.00, u:309.60, theta1:24.322, theta2:14.479, e:-4.387
t:40.77, r:25.00, omega:20.63, omega_m:25.00, u:309.65, theta1:24.328, theta2:14.475, e:-4.375
t:40.78, r:25.00, omega:20.63, omega_m:25.00, u:309.88, theta1:24.333, theta2:14.470, e:-4.375
t:40.79, r:25.00, omega:22.06, omega_m:25.00, u:289.28, theta1:24.337, theta2:14.467, e:-2.940
t:40.80, r:25.00, omega:22.06, omega_m:25.00, u:289.45, theta1:24.341, theta2:14.464, e:-2.940
t:40.81, r:25.00, omega:21.72, omega_m:25.00, u:294.55, theta1:24.345, theta2:14.460, e:-3.280
t:40.82, r:25.00, omega:21.72, omega_m:25.00, u:294.73, theta1:24.349, theta2:14.457, e:-3.280
t:40.83, r:25.00, omega:21.72, omega_m:25.00, u:294.91, theta1:24.353, theta2:14.453, e:-3.280
t:40.84, r:25.00, omega:21.29, omega_m:25.00, u:301.36, theta1:24.358, theta2:14.449, e:-3.713
t:40.85, r:25.00, omega:21.29, omega_m:25.00, u:301.56, theta1:24.362, theta2:14.445, e:-3.713
t:40.86, r:25.00, omega:20.39, omega_m:25.00, u:314.70, theta1:24.368, theta2:14.440, e:-4.606
t:40.87, r:25.00, omega:20.39, omega_m:25.00, u:314.94, theta1:24.374, theta2:14.436, e:-4.606
t:40.88, r:25.00, omega:20.39, omega_m:25.00, u:315.18, theta1:24.380, theta2:14.431, e:-4.606
t:40.89, r:25.00, omega:21.24, omega_m:25.00, u:303.11, theta1:24.384, theta2:14.427, e:-3.755
t:40.90, r:25.00, omega:21.24, omega_m:25.00, u:303.31, theta1:24.389, theta2:14.423, e:-3.755
t:40.91, r:25.00, omega:21.23, omega_m:25.00, u:303.69, theta1:24.394, theta2:14.419, e:-3.767
t:40.92, r:25.00, omega:21.23, omega_m:25.00, u:303.89, theta1:24.398, theta2:14.415, e:-3.767
t:40.93, r:25.00, omega:21.23, omega_m:25.00, u:304.09, theta1:24.403, theta2:14.411, e:-3.767
t:40.94, r:25.00, omega:20.12, omega_m:25.00, u:320.40, theta1:24.409, theta2:14.406, e:-4.882
t:40.95, r:25.00, omega:20.12, omega_m:25.00, u:320.65, theta1:24.415, theta2:14.401, e:-4.882
t:40.96, r:25.00, omega:23.08, omega_m:25.00, u:278.17, theta1:24.418, theta2:14.399, e:-1.924
t:40.97, r:25.00, omega:23.08, omega_m:25.00, u:278.28, theta1:24.420, theta2:14.397, e:-1.924
t:40.98, r:25.00, omega:23.08, omega_m:25.00, u:278.39, theta1:24.423, theta2:14.395, e:-1.924
t:40.99, r:25.00, omega:21.11, omega_m:25.00, u:306.86, theta1:24.427, theta2:14.390, e:-3.887
t:41.00, r:25.00, omega:21.11, omega_m:25.00, u:307.07, theta1:24.432, theta2:14.386, e:-3.887
t:41.01, r:0.00, omega:19.33, omega_m:20.47, u:0.00, theta1:24.432, theta2:14.385, e:-1.134
t:41.02, r:0.00, omega:19.33, omega_m:16.76, u:0.00, theta1:24.432, theta2:14.388, e:2.576
t:41.03, r:0.00, omega:19.33, omega_m:13.72, u:0.00, theta1:24.432, theta2:14.393, e:5.614
t:41.04, r:0.00, omega:19.33, omega_m:11.23, u:0.00, theta1:24.432, theta2:14.401, e:8.101
t:41.05, r:0.00, omega:19.33, omega_m:9.20, u:0.00, theta1:24.432, theta2:14.411, e:10.137
t:41.06, r:0.00, omega:19.33, omega_m:7.53, u:0.00, theta1:24.432, theta2:14.422, e:11.804
t:41.07, r:0.00, omega:19.33, omega_m:6.16, u:0.00, theta1:24.432, theta2:14.435, e:13.169
t:41.08, r:0.00, omega:19.33, omega_m:5.05, u:0.00, theta1:24.432, theta2:14.449, e:14.286
t:41.09, r:0.00, omega:19.33, omega_m:4.13, u:0.00, theta1:24.432, theta2:14.463, e:15.201
t:41.10, r:0.00, omega:19.33, omega_m:3.38, u:0.00, theta1:24.432, theta2:14.479, e:15.950
t:41.11, r:0.00, omega:19.33, omega_m:2.77, u:0.00, theta1:24.432, theta2:14.495, e:16.564
t:41.12, r:0.00, omega:19.33, omega_m:2.27, u:0.00, theta1:24.432, theta2:14.511, e:17.066
t:41.13, r:0.00, omega:19.33, omega_m:1.86, u:0.00, theta1:24.432, theta2:14.528, e:17.477
t:41.14, r:0.00, omega:19.33, omega_m:1.52, u:0.00, theta1:24.432, theta2:14.545, e:17.814
t:41.15, r:0.00, omega:19.33, omega_m:1.24, u:0.00, theta1:24.432, theta2:14.563, e:18.089
t:41.16, r:0.00, omega:19.33, omega_m:1.02, u:0.00, theta1:24.432, theta2:14.581, e:18.315
t:41.17, r:0.00, omega:19.33, omega_m:0.83, u:0.00, theta1:24.432, theta2:14.599, e:18.499
t:41.18, r:0.00, omega:19.33, omega_m:0.68, u:0.00, theta1:24.432, theta2:14.617, e:18.651
t:41.19, r:0.00, omega:19.33, omega_m:0.56, u:0.00, theta1:24.432, theta2:14.635, e:18.775
t:41.20, r:0.00, omega:19.33, omega_m:0.46, u:0.00, theta1:24.432, theta2:14.653, e:18.876
t:41.21, r:0.00, omega:19.33, omega_m:0.37, u:0.00, theta1:24.432, theta2:14.671, e:18.959
t:41.22, r:0.00, omega:19.33, omega_m:0.31, u:0.00, theta1:24.432, theta2:14.690, e:19.027
t:41.23, r:0.00, omega:19.33, omega_m:0.25, u:0.00, theta1:24.432, theta2:14.708, e:19.083
t:41.24, r:0.00, omega:19.33, omega_m:0.21, u:0.00, theta1:24.432, theta2:14.727, e:19.128
t:41.25, r:0.00, omega:19.33, omega_m:0.17, u:0.00, theta1:24.432, theta2:14.745, e:19.165
t:41.26, r:0.00, omega:19.33, omega_m:0.14, u:0.00, theta1:24.432, theta2:14.764, e:19.196
t:41.27, r:0.00, omega:19.33, omega_m:0.11, u:0.00, theta1:24.432, theta2:14.782, e:19.221
t:41.28, r:0.00, omega:19.33, omega_m:0.09, u:0.00, theta1:24.432, theta2:14.801, e:19.241
t:41.29, r:0.00, omega:19.33, omega_m:0.08, u:0.00, theta1:24.432, theta2:14.820, e:19.258
t:41.30, r:0.00, omega:19.33, omega_m:0.06, u:0.00, theta1:24.432, theta2:14.838, e:19.272
t:41.31, r:0.00, omega:19.33, omega_m:0.05, u:0.00, theta1:24.432, theta2:14.857, e:19.283
t:41.32, r:0.00, omega:19.33, omega_m:0.04, u:0.00, theta1:24.432, theta2:14.875, e:19.292
t:41.33, r:0.00, omega:19.33, omega_m:0.03, u:0.00, theta1:24.432, theta2:14.894, e:19.300
t:41.34, r:0.00, omega:19.33, omega_m:0.03, u:0.00, theta1:24.432, theta2:14.913, e:19.306
t:41.35, r:0.00, omega:19.33, omega_m:0.02, u:0.00, theta1:24.432, theta2:14.931, e:19.311
t:41.36, r:0.00, omega:19.33, omega_m:0.02, u:0.00, theta1:24.432, theta2:14.950, e:19.315
t:41.37, r:0.00, omega:19.33, omega_m:0.02, u:0.00, theta1:24.432, theta2:14.969, e:19.319
t:41.38, r:0.00, omega:19.33, omega_m:0.01, u:0.00, theta1:24.432, theta2:14.987, e:19.321
t:41.39, r:0.00, omega:19.33, omega_m:0.01, u:0.00, theta1:24.432, theta2:15.006, e:19.324
t:41.40, r:0.00, omega:19.33, omega_m:0.01, u:0.00, theta1:24.432, theta2:15.025, e:19.325
t:41.41, r:0.00, omega:19.33, omega_m:0.01, u:0.00, theta1:24.432, theta2:15.043, e:19.327
t:41.42, r:0.00, omega:19.33, omega_m:0.01, u:0.00, theta1:24.432, theta2:15.062, e:19.328
t:41.43, r:0.00, omega:19.33, omega_m:0.00, u:0.00, theta1:24.432, theta2:15.081, e:19.329
t:41.44, r:0.00, omega:19.33, omega_m:0.00, u:0.00, theta1:24.432, theta2:15.100, e:19.330
t:41.45, r:0.00, omega:19.33, omega_m:0.00, u:0.00, theta1:24.432, theta2:15.118, e:19.331
t:41.46, r:0.00, omega:19.33, omega_m:0.00, u:0.00, theta1:24.432, theta2:15.137, e:19.331
t:41.47, r:0.00, omega:19.33, omega_m:0.00, u:0.00, theta1:24.432, theta2:15.156, e:19.332
t:41.48, r:0.00, omega:19.33, omega_m:0.00, u:0.00, theta1:24.432, theta2:15.174, e:19.332
t:41.49, r:0.00, omega:19.33, omega_m:0.00, u:0.00, theta1:24.432, theta2:15.193, e:19.332
t:41.50, r:0.00, omega:19.33, omega_m:0.00, u:0.00, theta1:24.432, theta2:15.212, e:19.333
t:41.51, r:0.00, omega:0.00, omega_m:0.00, u:0.00, theta1:24.432, theta2:15.212, e:-0.001
t:41.52, r:0.00, omega:0.00, omega_m:0.00, u:0.00, theta1:24.432, theta2:15.212, e:-0.001
t:41.53, r:0.00, omega:0.00, omega_m:0.00, u:0.00, theta1:24.432, theta2:15.212, e:-0.001
t:41.54, r:0.00, omega:0.00, omega_m:0.00, u:0.00, theta1:24.432, theta2:15.212, e:-0.001
t:41.55, r:0.00, omega:0.00, omega_m:0.00, u:0.00, theta1:24.432, theta2:15.212, e:-0.000
t:41.56, r:0.00, omega:0.00, omega_m:0.00, u:0.00, theta1:24.432, theta2:15.212, e:-0.000
t:41.57, r:0.00, omega:0.00, omega_m:0.00, u:0.00, theta1:24.432, theta2:15.212, e:-0.000
t:41.58, r:0.00, omega:0.00, omega_m:0.00, u:0.00, theta1:24.432, theta2:15.212, e:-0.000
t:41.59, r:0.00, omega:0.00, omega_m:0.00, u:0.00, theta1:24.432, theta2:15.212, e:-0.000
t:41.60, r:0.00, omega:0.00, omega_m:0.00, u:0.00, theta1:24.432, theta2:15.212, e:-0.000
t:41.61, r:0.00, omega:0.00, omega_m:0.00, u:0.00, theta1:24.432, theta2:15.212, e:-0.000
t:41.62, r:0.00, omega:0.00, omega_m:0.00, u:0.00, theta1:24.432, theta2:15.212, e:-0.000
t:41.63, r:0.00, omega:0.00, omega_m:0.00, u:0.00, theta1:24.432, theta2:15.212, e:-0.000
t:41.64, r:0.00, omega:0.00, omega_m:0.00, u:0.00, theta1:24.432, theta2:15.212, e:-0.000
t:41.65, r:0.00, omega:0.00, omega_m:0.00, u:0.00, theta1:24.432, theta2:15.212, e:-0.000
t:41.66, r:0.00, omega:0.00, omega_m:0.00, u:0.00, theta1:24.432, theta2:15.212, e:-0.000
t:41.67, r:0.00, omega:0.00, omega_m:0.00, u:0.00, theta1:24.432, theta2:15.212, e:-0.000
t:41.68, r:0.00, omega:0.00, omega_m:0.00, u:0.00, theta1:24.432, theta2:15.212, e:-0.000
t:41.69, r:0.00, omega:0.00, omega_m:0.00, u:0.00, theta1:24.432, theta2:15.212, e:-0.000
t:41.70, r:0.00, omega:0.00, omega_m:0.00, u:0.00, theta1:24.432, theta2:15.212, e:-0.000
t:41.71, r:0.00, omega:0.00, omega_m:0.00, u:0.00, theta1:24.432, theta2:15.212, e:-0.000
t:41.72, r:0.00, omega:0.00, omega_m:0.00, u:0.00, theta1:24.432, theta2:15.212, e:-0.000
t:41.73, r:0.00, omega:0.00, omega_m:0.00, u:0.00, theta1:24.432, theta2:15.212, e:-0.000
t:41.74, r:0.00, omega:0.00, omega_m:0.00, u:0.00, theta1:24.432, theta2:15.212, e:-0.000
t:41.75, r:0.00, omega:0.00, omega_m:0.00, u:0.00, theta1:24.432, theta2:15.212, e:-0.000
t:41.76, r:0.00, omega:0.00, omega_m:0.00, u:0.00, theta1:24.432, theta2:15.212, e:-0.000
t:41.77, r:0.00, omega:0.00, omega_m:0.00, u:0.00, theta1:24.432, theta2:15.212, e:-0.000
t:41.78, r:0.00, omega:0.00, omega_m:0.00, u:0.00, theta1:24.432, theta2:15.212, e:-0.000
t:41.79, r:0.00, omega:0.00, omega_m:0.00, u:0.00, theta1:24.432, theta2:15.212, e:-0.000
t:41.80, r:0.00, omega:0.00, omega_m:0.00, u:0.00, theta1:24.432, theta2:15.212, e:-0.000
t:41.81, r:0.00, omega:0.00, omega_m:0.00, u:0.00, theta1:24.432, theta2:15.212, e:-0.000
t:41.82, r:0.00, omega:0.00, omega_m:0.00, u:0.00, theta1:24.432, theta2:15.212, e:-0.000
t:41.83, r:0.00, omega:0.00, omega_m:0.00, u:0.00, theta1:24.432, theta2:15.212, e:-0.000
t:41.84, r:0.00, omega:0.00, omega_m:0.00, u:0.00, theta1:24.432, theta2:15.212, e:-0.000
t:41.85, r:0.00, omega:0.00, omega_m:0.00, u:0.00, theta1:24.432, theta2:15.212, e:-0.000
t:41.86, r:0.00, omega:0.00, omega_m:0.00, u:0.00, theta1:24.432, theta2:15.212, e:-0.000
t:41.87, r:0.00, omega:0.00, omega_m:0.00, u:0.00, theta1:24.432, theta2:15.212, e:-0.000
t:41.88, r:0.00, omega:0.00, omega_m:0.00, u:0.00, theta1:24.432, theta2:15.212, e:-0.000
t:41.89, r:0.00, omega:0.00, omega_m:0.00, u:0.00, theta1:24.432, theta2:15.212, e:-0.000
t:41.90, r:0.00, omega:0.00, omega_m:0.00, u:0.00, theta1:24.432, theta2:15.212, e:-0.000
t:41.91, r:0.00, omega:0.00, omega_m:0.00, u:0.00, theta1:24.432, theta2:15.212, e:-0.000
t:41.92, r:0.00, omega:0.00, omega_m:0.00, u:0.00, theta1:24.432, theta2:15.212, e:-0.000
t:41.93, r:0.00, omega:0.00, omega_m:0.00, u:0.00, theta1:24.432, theta2:15.212, e:-0.000
t:41.94, r:0.00, omega:0.00, omega_m:0.00, u:0.00, theta1:24.432, theta2:15.212, e:-0.000
t:41.95, r:0.00, omega:0.00, omega_m:0.00, u:0.00, theta1:24.432, theta2:15.212, e:-0.000
t:41.96, r:0.00, omega:0.00, omega_m:0.00, u:0.00, theta1:24.432, theta2:15.212, e:-0.000
t:41.97, r:0.00, omega:0.00, omega_m:0.00, u:0.00, theta1:24.432, theta2:15.212, e:-0.000
t:41.98, r:0.00, omega:0.00, omega_m:0.00, u:0.00, theta1:24.432, theta2:15.212, e:-0.000
t:41.99, r:0.00, omega:0.00, omega_m:0.00, u:0.00, theta1:24.432, theta2:15.212, e:-0.000
t:42.00, r:0.00, omega:0.00, omega_m:0.00, u:0.00, theta1:24.432, theta2:15.212, e:-0.000
t:42.01, r:-25.00, omega:0.00, omega_m:-4.53, u:-610.95, theta1:24.438, theta2:15.212, e:4.532
t:42.02, r:-25.00, omega:0.00, omega_m:-8.24, u:-611.20, theta1:24.448, theta2:15.212, e:8.242
t:42.03, r:-25.00, omega:-0.51, omega_m:-11.28, u:-603.73, theta1:24.462, theta2:15.211, e:10.766
t:42.04, r:-25.00, omega:-0.51, omega_m:-13.77, u:-604.15, theta1:24.478, theta2:15.211, e:13.254
t:42.05, r:-25.00, omega:-27.33, omega_m:-15.80, u:-195.39, theta1:24.464, theta2:15.227, e:-11.530
t:42.06, r:-25.00, omega:-27.33, omega_m:-17.47, u:-194.72, theta1:24.451, theta2:15.240, e:-9.863
t:42.07, r:-25.00, omega:-33.40, omega_m:-18.84, u:-101.01, theta1:24.433, theta2:15.265, e:-14.564
t:42.08, r:-25.00, omega:-33.40, omega_m:-19.95, u:-99.84, theta1:24.416, theta2:15.287, e:-13.447
t:42.09, r:-25.00, omega:-33.40, omega_m:-20.87, u:-98.75, theta1:24.401, theta2:15.308, e:-12.532
t:42.10, r:-25.00, omega:-19.04, omega_m:-21.62, u:-318.68, theta1:24.404, theta2:15.306, e:2.577
t:42.11, r:-25.00, omega:-19.04, omega_m:-22.23, u:-318.84, theta1:24.408, theta2:15.303, e:3.190
t:42.12, r:-25.00, omega:-19.04, omega_m:-22.73, u:-319.02, theta1:24.413, theta2:15.299, e:3.692
t:42.13, r:-25.00, omega:-14.52, omega_m:-23.14, u:-388.55, theta1:24.423, theta2:15.293, e:8.624
t:42.14, r:-25.00, omega:-14.52, omega_m:-23.48, u:-388.92, theta1:24.435, theta2:15.286, e:8.961
t:42.15, r:-25.00, omega:-14.52, omega_m:-23.76, u:-389.31, theta1:24.446, theta2:15.280, e:9.236
t:42.16, r:-25.00, omega:-20.72, omega_m:-23.98, u:-294.69, theta1:24.450, theta2:15.276, e:3.258
t:42.17, r:-25.00, omega:-20.72, omega_m:-24.17, u:-294.88, theta1:24.455, theta2:15.273, e:3.443
t:42.18, r:-25.00, omega:-25.24, omega_m:-24.32, u:-225.77, theta1:24.453, theta2:15.274, e:-0.927
t:42.19, r:-25.00, omega:-25.24, omega_m:-24.44, u:-225.72, theta1:24.452, theta2:15.275, e:-0.803
t:42.20, r:-25.00, omega:-22.14, omega_m:-24.54, u:-273.33, theta1:24.455, theta2:15.272, e:2.406
t:42.21, r:-25.00, omega:-22.14, omega_m:-24.63, u:-273.46, theta1:24.458, theta2:15.269, e:2.489
t:42.22, r:-25.00, omega:-22.14, omega_m:-24.69, u:-273.61, theta1:24.462, theta2:15.267, e:2.557
t:42.23, r:-25.00, omega:-18.89, omega_m:-24.75, u:-323.40, theta1:24.469, theta2:15.261, e:5.856
t:42.24, r:-25.00, omega:-18.89, omega_m:-24.79, u:-323.69, theta1:24.476, theta2:15.255, e:5.901
t:42.25, r:-25.00, omega:-18.89, omega_m:-24.83, u:-323.98, theta1:24.484, theta2:15.250, e:5.939
t:42.26, r:-25.00, omega:-19.20, omega_m:-24.86, u:-319.57, theta1:24.491, theta2:15.244, e:5.662
t:42.27, r:-25.00, omega:-19.20, omega_m:-24.89, u:-319.85, theta1:24.498, theta2:15.239, e:5.687
t:42.28, r:-25.00, omega:-22.46, omega_m:-24.91, u:-270.34, theta1:24.501, theta2:15.236, e:2.449
t:42.29, r:-25.00, omega:-22.46, omega_m:-24.92, u:-270.48, theta1:24.504, theta2:15.233, e:2.466
t:42.30, r:-25.00, omega:-22.49, omega_m:-24.94, u:-270.09, theta1:24.507, theta2:15.231, e:2.445
t:42.31, r:-25.00, omega:-22.49, omega_m:-24.95, u:-270.23, theta1:24.510, theta2:15.228, e:2.456
t:42.32, r:-25.00, omega:-22.49, omega_m:-24.96, u:-270.37, theta1:24.513, theta2:15.225, e:2.465
t:42.33, r:-25.00, omega:-19.42, omega_m:-24.97, u:-317.36, theta1:24.520, theta2:15.220, e:5.541
t:42.34, r:-25.00, omega:-19.42, omega_m:-24.97, u:-317.64, theta1:24.527, theta2:15.214, e:5.547
t:42.35, r:-25.00, omega:-19.42, omega_m:-24.98, u:-317.92, theta1:24.534, theta2:15.209, e:5.552
t:42.36, r:-25.00, omega:-20.63, omega_m:-24.98, u:-299.82, theta1:24.540, theta2:15.204, e:4.351
t:42.37, r:-25.00, omega:-20.63, omega_m:-24.98, u:-300.04, theta1:24.545, theta2:15.200, e:4.354
t:42.38, r:-25.00, omega:-21.40, omega_m:-24.99, u:-288.54, theta1:24.550, theta2:15.196, e:3.587
t:42.39, r:-25.00, omega:-21.40, omega_m:-24.99, u:-288.73, theta1:24.554, theta2:15.192, e:3.590
t:42.40, r:-25.00, omega:-21.40, omega_m:-24.99, u:-288.93, theta1:24.558, theta2:15.188, e:3.591
t:42.41, r:-25.00, omega:-21.10, omega_m:-24.99, u:-293.71, theta1:24.563, theta2:15.184, e:3.894
t:42.42, r:-25.00, omega:-21.10, omega_m:-24.99, u:-293.91, theta1:24.568, theta2:15.180, e:3.895
t:42.43, r:-25.00, omega:-21.36, omega_m:-25.00, u:-290.20, theta1:24.573, theta2:15.176, e:3.639
t:42.44, r:-25.00, omega:-21.36, omega_m:-25.00, u:-290.40, theta1:24.577, theta2:15.172, e:3.640
t:42.45, r:-25.00, omega:-21.35, omega_m:-25.00, u:-290.72, theta1:24.582, theta2:15.169, e:3.648
t:42.46, r:-25.00, omega:-21.35, omega_m:-25.00, u:-290.91, theta1:24.586, theta2:15.165, e:3.649
t:42.47, r:-25.00, omega:-21.35, omega_m:-25.00, u:-291.11, theta1:24.591, theta2:15.161, e:3.649
t:42.48, r:-25.00, omega:-20.70, omega_m:-25.00, u:-301.10, theta1:24.596, theta2:15.156, e:4.294
t:42.49, r:-25.00, omega:-20.70, omega_m:-25.00, u:-301.33, theta1:24.602, theta2:15.152, e:4.294
t:42.50, r:-25.00, omega:-20.70, omega_m:-25.00, u:-301.56, theta1:24.607, theta2:15.147, e:4.294
t:42.51, r:-25.00, omega:-19.80, omega_m:-25.00, u:-315.52, theta1:24.614, theta2:15.142, e:5.199
t:42.52, r:-25.00, omega:-19.80, omega_m:-25.00, u:-315.78, theta1:24.620, theta2:15.137, e:5.199
t:42.53, r:-25.00, omega:-21.51, omega_m:-25.00, u:-290.05, theta1:24.624, theta2:15.133, e:3.487
t:42.54, r:-25.00, omega:-21.51, omega_m:-25.00, u:-290.24, theta1:24.629, theta2:15.130, e:3.487
t:42.55, r:-25.00, omega:-21.51, omega_m:-25.00, u:-290.43, theta1:24.633, theta2:15.126, e:3.487
t:42.56, r:-25.00, omega:-21.30, omega_m:-25.00, u:-293.81, theta1:24.638, theta2:15.122, e:3.697
t:42.57, r:-25.00, omega:-21.30, omega_m:-25.00, u:-294.01, theta1:24.642, theta2:15.118, e:3.697
t:42.58, r:-25.00, omega:-21.35, omega_m:-25.00, u:-293.48, theta1:24.647, theta2:15.114, e:3.649
t:42.59, r:-25.00, omega:-21.35, omega_m:-25.00, u:-293.68, theta1:24.652, theta2:15.110, e:3.649
t:42.60, r:-25.00, omega:-21.57, omega_m:-25.00, u:-290.54, theta1:24.656, theta2:15.107, e:3.429
t:42.61, r:-25.00, omega:-21.57, omega_m:-25.00, u:-290.73, theta1:24.660, theta2:15.103, e:3.430
t:42.62, r:-25.00, omega:-21.57, omega_m:-25.00, u:-290.92, theta1:24.664, theta2:15.099, e:3.430
t:42.63, r:-25.00, omega:-21.42, omega_m:-25.00, u:-293.42, theta1:24.669, theta2:15.095, e:3.582
t:42.64, r:-25.00, omega:-21.42, omega_m:-25.00, u:-293.61, theta1:24.673, theta2:15.091, e:3.582
t:42.65, r:-25.00, omega:-20.92, omega_m:-25.00, u:-301.33, theta1:24.678, theta2:15.087, e:4.079
t:42.66, r:-25.00, omega:-20.92, omega_m:-25.00, u:-301.55, theta1:24.684, theta2:15.083, e:4.079
t:42.67, r:-25.00, omega:-20.92, omega_m:-25.00, u:-301.76, theta1:24.689, theta2:15.079, e:4.079
t:42.68, r:-25.00, omega:-20.80, omega_m:-25.00, u:-303.86, theta1:24.694, theta2:15.074, e:4.204
t:42.69, r:-25.00, omega:-20.80, omega_m:-25.00, u:-304.09, theta1:24.699, theta2:15.070, e:4.204
t:42.70, r:-25.00, omega:-20.39, omega_m:-25.00, u:-310.51, theta1:24.705, theta2:15.065, e:4.615
t:42.71, r:-25.00, omega:-20.39, omega_m:-25.00, u:-310.75, theta1:24.711, theta2:15.060, e:4.615
t:42.72, r:-25.00, omega:-20.39, omega_m:-25.00, u:-310.99, theta1:24.716, theta2:15.056, e:4.615
t:42.73, r:-25.00, omega:-22.06, omega_m:-25.00, u:-286.01, theta1:24.720, theta2:15.053, e:2.944
t:42.74, r:-25.00, omega:-22.06, omega_m:-25.00, u:-286.18, theta1:24.724, theta2:15.049, e:2.944
t:42.75, r:-25.00, omega:-22.78, omega_m:-25.00, u:-275.40, theta1:24.727, theta2:15.047, e:2.220
t:42.76, r:-25.00, omega:-22.78, omega_m:-25.00, u:-275.53, theta1:24.729, theta2:15.044, e:2.220
t:42.77, r:-25.00, omega:-22.78, omega_m:-25.00, u:-275.65, theta1:24.732, theta2:15.042, e:2.220
t:42.78, r:-25.00, omega:-20.03, omega_m:-25.00, u:-317.25, theta1:24.738, theta2:15.037, e:4.969
t:42.79, r:-25.00, omega:-20.03, omega_m:-25.00, u:-317.51, theta1:24.745, theta2:15.032, e:4.969
t:42.80, r:-25.00, omega:-19.70, omega_m:-25.00, u:-322.74, theta1:24.751, theta2:15.027, e:5.299
t:42.81, r:-25.00, omega:-19.70, omega_m:-25.00, u:-323.01, theta1:24.758, theta2:15.021, e:5.299
t:42.82, r:-25.00, omega:-19.70, omega_m:-25.00, u:-323.28, theta1:24.764, theta2:15.016, e:5.299
t:42.83, r:-25.00, omega:-22.44, omega_m:-25.00, u:-282.23, theta1:24.768, theta2:15.013, e:2.556
t:42.84, r:-25.00, omega:-22.44, omega_m:-25.00, u:-282.38, theta1:24.771, theta2:15.010, e:2.556
t:42.85, r:-25.00, omega:-22.71, omega_m:-25.00, u:-278.44, theta1:24.774, theta2:15.008, e:2.285
t:42.86, r:-25.00, omega:-22.71, omega_m:-25.00, u:-278.57, theta1:24.777, theta2:15.005, e:2.285
t:42.87, r:-25.00, omega:-21.40, omega_m:-25.00, u:-298.51, theta1:24.781, theta2:15.001, e:3.601
t:42.88, r:-25.00, omega:-21.40, omega_m:-25.00, u:-298.70, theta1:24.786, theta2:14.997, e:3.601
t:42.89, r:-25.00, omega:-21.40, omega_m:-25.00, u:-298.90, theta1:24.790, theta2:14.994, e:3.601
t:42.90, r:-25.00, omega:-20.20, omega_m:-25.00, u:-317.13, theta1:24.796, theta2:14.989, e:4.800
t:42.91, r:-25.00, omega:-20.20, omega_m:-25.00, u:-317.38, theta1:24.802, theta2:14.984, e:4.800
t:42.92, r:-25.00, omega:-20.20, omega_m:-25.00, u:-317.63, theta1:24.808, theta2:14.979, e:4.800
t:42.93, r:-25.00, omega:-21.01, omega_m:-25.00, u:-305.72, theta1:24.813, theta2:14.975, e:3.991
t:42.94, r:-25.00, omega:-21.01, omega_m:-25.00, u:-305.94, theta1:24.818, theta2:14.971, e:3.991
t:42.95, r:-25.00, omega:-22.03, omega_m:-25.00, u:-290.75, theta1:24.822, theta2:14.967, e:2.966
t:42.96, r:-25.00, omega:-22.03, omega_m:-25.00, u:-290.91, theta1:24.825, theta2:14.964, e:2.966
t:42.97, r:-25.00, omega:-22.15, omega_m:-25.00, u:-289.33, theta1:24.829, theta2:14.961, e:2.849
t:42.98, r:-25.00, omega:-22.15, omega_m:-25.00, u:-289.49, theta1:24.833, theta2:14.958, e:2.849
t:42.99, r:-25.00, omega:-22.15, omega_m:-25.00, u:-289.65, theta1:24.836, theta2:14.955, e:2.849
t:43.00, r:-25.00, omega:-22.05, omega_m:-25.00, u:-291.36, theta1:24.840, theta2:14.951, e:2.953
t:43.01, r:0.00, omega:-22.05, omega_m:-20.47, u:0.00, theta1:24.840, theta2:14.953, e:-1.579
t:43.02, r:0.00, omega:-19.18, omega_m:-16.76, u:0.00, theta1:24.840, theta2:14.955, e:-2.426
t:43.03, r:0.00, omega:-19.18, omega_m:-13.72, u:0.00, theta1:24.840, theta2:14.961, e:-5.464
t:43.04, r:0.00, omega:-19.18, omega_m:-11.23, u:0.00, theta1:24.840, theta2:14.968, e:-7.951
t:43.05, r:0.00, omega:-19.18, omega_m:-9.20, u:0.00, theta1:24.840, theta2:14.978, e:-9.987
t:43.06, r:0.00, omega:-19.18, omega_m:-7.53, u:0.00, theta1:24.840, theta2:14.989, e:-11.655
t:43.07, r:0.00, omega:-19.18, omega_m:-6.16, u:0.00, theta1:24.840, theta2:15.002, e:-13.019
t:43.08, r:0.00, omega:-19.18, omega_m:-5.05, u:0.00, theta1:24.840, theta2:15.015, e:-14.137
t:43.09, r:0.00, omega:-19.18, omega_m:-4.13, u:0.00, theta1:24.840, theta2:15.030, e:-15.052
t:43.10, r:0.00, omega:-19.18, omega_m:-3.38, u:0.00, theta1:24.840, theta2:15.045, e:-15.801
t:43.11, r:0.00, omega:-19.18, omega_m:-2.77, u:0.00, theta1:24.840, theta2:15.061, e:-16.414
t:43.12, r:0.00, omega:-19.18, omega_m:-2.27, u:0.00, theta1:24.840, theta2:15.077, e:-16.916
t:43.13, r:0.00, omega:-19.18, omega_m:-1.86, u:0.00, theta1:24.840, theta2:15.093, e:-17.328
t:43.14, r:0.00, omega:-19.18, omega_m:-1.52, u:0.00, theta1:24.840, theta2:15.110, e:-17.664
t:43.15, r:0.00, omega:-19.18, omega_m:-1.24, u:0.00, theta1:24.840, theta2:15.128, e:-17.940
t:43.16, r:0.00, omega:-19.18, omega_m:-1.02, u:0.00, theta1:24.840, theta2:15.145, e:-18.165
t:43.17, r:0.00, omega:-19.18, omega_m:-0.83, u:0.00, theta1:24.840, theta2:15.163, e:-18.350
t:43.18, r:0.00, omega:-19.18, omega_m:-0.68, u:0.00, theta1:24.840, theta2:15.180, e:-18.501
t:43.19, r:0.00, omega:-19.18, omega_m:-0.56, u:0.00, theta1:24.840, theta2:15.198, e:-18.625
t:43.20, r:0.00, omega:-19.18, omega_m:-0.46, u:0.00, theta1:24.840, theta2:15.216, e:-18.726
t:43.21, r:0.00, omega:-19.18, omega_m:-0.37, u:0.00, theta1:24.840, theta2:15.234, e:-18.809
t:43.22, r:0.00, omega:-19.18, omega_m:-0.31, u:0.00, theta1:24.840, theta2:15.252, e:-18.877
t:43.23, r:0.00, omega:-19.18, omega_m:-0.25, u:0.00, theta1:24.840, theta2:15.270, e:-18.933
t:43.24, r:0.00, omega:-19.18, omega_m:-0.21, u:0.00, theta1:24.840, theta2:15.289, e:-18.979
t:43.25, r:0.00, omega:-19.18, omega_m:-0.17, u:0.00, theta1:24.840, theta2:15.307, e:-19.016
t:43.26, r:0.00, omega:-19.18, omega_m:-0.14, u:0.00, theta1:24.840, theta2:15.325, e:-19.046
t:43.27, r:0.00, omega:-19.18, omega_m:-0.11, u:0.00, theta1:24.840, theta2:15.343, e:-19.071
t:43.28, r:0.00, omega:-19.18, omega_m:-0.09, u:0.00, theta1:24.840, theta2:15.362, e:-19.092
t:43.29, r:0.00, omega:-19.18, omega_m:-0.08, u:0.00, theta1:24.840, theta2:15.380, e:-19.109
t:43.30, r:0.00, omega:-19.18, omega_m:-0.06, u:0.00, theta1:24.840, theta2:15.398, e:-19.122
t:43.31, r:0.00, omega:-19.18, omega_m:-0.05, u:0.00, theta1:24.840, theta2:15.417, e:-19.134
t:43.32, r:0.00, omega:-19.18, omega_m:-0.04, u:0.00, theta1:24.840, theta2:15.435, e:-19.143
t:43.33, r:0.00, omega:-19.18, omega_m:-0.03, u:0.00, theta1:24.840, theta2:15.453, e:-19.150
t:43.34, r:0.00, omega:-19.18, omega_m:-0.03, u:0.00, theta1:24.840, theta2:15.472, e:-19.157
t:43.35, r:0.00, omega:-19.18, omega_m:-0.02, u:0.00, theta1:24.840, theta2:15.490, e:-19.162
t:43.36, r:0.00, omega:-19.18, omega_m:-0.02, u:0.00, theta1:24.840, theta2:15.509, e:-19.166
t:43.37, r:0.00, omega:-19.18, omega_m:-0.02, u:0.00, theta1:24.840, theta2:15.527, e:-19.169
t:43.38, r:0.00, omega:-19.18, omega_m:-0.01, u:0.00, theta1:24.840, theta2:15.545, e:-19.172
t:43.39, r:0.00, omega:-19.18, omega_m:-0.01, u:0.00, theta1:24.840, theta2:15.564, e:-19.174
t:43.40, r:0.00, omega:-19.18, omega_m:-0.01, u:0.00, theta1:24.840, theta2:15.582, e:-19.176
t:43.41, r:0.00, omega:-19.18, omega_m:-0.01, u:0.00, theta1:24.840, theta2:15.601, e:-19.177
t:43.42, r:0.00, omega:-19.18, omega_m:-0.01, u:0.00, theta1:24.840, theta2:15.619, e:-19.179
t:43.43, r:0.00, omega:-19.18, omega_m:-0.00, u:0.00, theta1:24.840, theta2:15.637, e:-19.180
t:43.44, r:0.00, omega:-19.18, omega_m:-0.00, u:0.00, theta1:24.840, theta2:15.656, e:-19.181
t:43.45, r:0.00, omega:-19.18, omega_m:-0.00, u:0.00, theta1:24.840, theta2:15.674, e:-19.181
t:43.46, r:0.00, omega:-19.18, omega_m:-0.00, u:0.00, theta1:24.840, theta2:15.693, e:-19.182
t:43.47, r:0.00, omega:-19.18, omega_m:-0.00, u:0.00, theta1:24.840, theta2:15.711, e:-19.182
t:43.48, r:0.00, omega:-19.18, omega_m:-0.00, u:0.00, theta1:24.840, theta2:15.729, e:-19.183
t:43.49, r:0.00, omega:-19.18, omega_m:-0.00, u:0.00, theta1:24.840, theta2:15.748, e:-19.183
t:43.50, r:0.00, omega:-19.18, omega_m:-0.00, u:0.00, theta1:24.840, theta2:15.766, e:-19.183
t:43.51, r:0.00, omega:-19.18, omega_m:-0.00, u:0.00, theta1:24.840, theta2:15.785, e:-19.183
t:43.52, r:0.00, omega:0.00, omega_m:-0.00, u:0.00, theta1:24.840, theta2:15.785, e:0.001
t:43.53, r:0.00, omega:0.00, omega_m:-0.00, u:0.00, theta1:24.840, theta2:15.785, e:0.001
t:43.54, r:0.00, omega:0.00, omega_m:-0.00, u:0.00, theta1:24.840, theta2:15.785, e:0.001
t:43.55, r:0.00, omega:0.00, omega_m:-0.00, u:0.00, theta1:24.840, theta2:15.785, e:0.000
t:43.56, r:0.00, omega:0.00, omega_m:-0.00, u:0.00, theta1:24.840, theta2:15.785, e:0.000
t:43.57, r:0.00, omega:0.00, omega_m:-0.00, u:0.00, theta1:24.840, theta2:15.785, e:0.000
t:43.58, r:0.00, omega:0.00, omega_m:-0.00, u:0.00, theta1:24.840, theta2:15.785, e:0.000
t:43.59, r:0.00, omega:0.00, omega_m:-0.00, u:0.00, theta1:24.840, theta2:15.785, e:0.000
t:43.60, r:0.00, omega:0.00, omega_m:-0.00, u:0.00, theta1:24.840, theta2:15.785, e:0.000
t:43.61, r:0.00, omega:0.00, omega_m:-0.00, u:0.00, theta1:24.840, theta2:15.785, e:0.000
t:43.62, r:0.00, omega:0.00, omega_m:-0.00, u:0.00, theta1:24.840, theta2:15.785, e:0.000
t:43.63, r:0.00, omega:0.00, omega_m:-0.00, u:0.00, theta1:24.840, theta2:15.785, e:0.000
t:43.64, r:0.00, omega:0.00, omega_m:-0.00, u:0.00, theta1:24.840, theta2:15.785, e:0.000
t:43.65, r:0.00, omega:0.00, omega_m:-0.00, u:0.00, theta1:24.840, theta2:15.785, e:0.000
t:43.66, r:0.00, omega:0.00, omega_m:-0.00, u:0.00, theta1:24.840, theta2:15.785, e:0.000
t:43.67, r:0.00, omega:0.00, omega_m:-0.00, u:0.00, theta1:24.840, theta2:15.785, e:0.000
t:43.68, r:0.00, omega:0.00, omega_m:-0.00, u:0.00, theta1:24.840, theta2:15.785, e:0.000
t:43.69, r:0.00, omega:0.00, omega_m:-0.00, u:0.00, theta1:24.840, theta2:15.785, e:0.000
t:43.70, r:0.00, omega:0.00, omega_m:-0.00, u:0.00, theta1:24.840, theta2:15.785, e:0.000
t:43.71, r:0.00, omega:0.00, omega_m:-0.00, u:0.00, theta1:24.840, theta2:15.785, e:0.000
t:43.72, r:0.00, omega:0.00, omega_m:-0.00, u:0.00, theta1:24.840, theta2:15.785, e:0.000
t:43.73, r:0.00, omega:0.00, omega_m:-0.00, u:0.00, theta1:24.840, theta2:15.785, e:0.000
t:43.74, r:0.00, omega:0.00, omega_m:-0.00, u:0.00, theta1:24.840, theta2:15.785, e:0.000
t:43.75, r:0.00, omega:0.00, omega_m:-0.00, u:0.00, theta1:24.840, theta2:15.785, e:0.000
t:43.76, r:0.00, omega:0.00, omega_m:-0.00, u:0.00, theta1:24.840, theta2:15.785, e:0.000
t:43.77, r:0.00, omega:0.00, omega_m:-0.00, u:0.00, theta1:24.840, theta2:15.785, e:0.000
t:43.78, r:0.00, omega:0.00, omega_m:-0.00, u:0.00, theta1:24.840, theta2:15.785, e:0.000
t:43.79, r:0.00, omega:0.00, omega_m:-0.00, u:0.00, theta1:24.840, theta2:15.785, e:0.000
t:43.80, r:0.00, omega:0.00, omega_m:-0.00, u:0.00, theta1:24.840, theta2:15.785, e:0.000
t:43.81, r:0.00, omega:0.00, omega_m:-0.00, u:0.00, theta1:24.840, theta2:15.785, e:0.000
t:43.82, r:0.00, omega:0.00, omega_m:-0.00, u:0.00, theta1:24.840, theta2:15.785, e:0.000
t:43.83, r:0.00, omega:0.00, omega_m:-0.00, u:0.00, theta1:24.840, theta2:15.785, e:0.000
t:43.84, r:0.00, omega:0.00, omega_m:-0.00, u:0.00, theta1:24.840, theta2:15.785, e:0.000
t:43.85, r:0.00, omega:0.00, omega_m:-0.00, u:0.00, theta1:24.840, theta2:15.785, e:0.000
t:43.86, r:0.00, omega:0.00, omega_m:-0.00, u:0.00, theta1:24.840, theta2:15.785, e:0.000
t:43.87, r:0.00, omega:0.00, omega_m:-0.00, u:0.00, theta1:24.840, theta2:15.785, e:0.000
t:43.88, r:0.00, omega:0.00, omega_m:-0.00, u:0.00, theta1:24.840, theta2:15.785, e:0.000
t:43.89, r:0.00, omega:0.00, omega_m:-0.00, u:0.00, theta1:24.840, theta2:15.785, e:0.000
t:43.90, r:0.00, omega:0.00, omega_m:-0.00, u:0.00, theta1:24.840, theta2:15.785, e:0.000
t:43.91, r:0.00, omega:0.00, omega_m:-0.00, u:0.00, theta1:24.840, theta2:15.785, e:0.000
t:43.92, r:0.00, omega:0.00, omega_m:-0.00, u:0.00, theta1:24.840, theta2:15.785, e:0.000
t:43.93, r:0.00, omega:0.00, omega_m:-0.00, u:0.00, theta1:24.840, theta2:15.785, e:0.000
t:43.94, r:0.00, omega:0.00, omega_m:-0.00, u:0.00, theta1:24.840, theta2:15.785, e:0.000
t:43.95, r:0.00, omega:0.00, omega_m:-0.00, u:0.00, theta1:24.840, theta2:15.785, e:0.000
t:43.96, r:0.00, omega:0.00, omega_m:-0.00, u:0.00, theta1:24.840, theta2:15.785, e:0.000
t:43.97, r:0.00, omega:0.00, omega_m:-0.00, u:0.00, theta1:24.840, theta2:15.785, e:0.000
t:43.98, r:0.00, omega:0.00, omega_m:-0.00, u:0.00, theta1:24.840, theta2:15.785, e:0.000
t:43.99, r:0.00, omega:0.00, omega_m:-0.00, u:0.00, theta1:24.840, theta2:15.785, e:0.000
t:44.00, r:0.00, omega:0.00, omega_m:-0.00, u:0.00, theta1:24.840, theta2:15.785, e:0.000
t:44.01, r:25.00, omega:0.00, omega_m:4.53, u:621.14, theta1:24.845, theta2:15.785, e:-4.532
t:44.02, r:25.00, omega:0.52, omega_m:8.24, u:613.12, theta1:24.855, theta2:15.784, e:-7.719
t:44.03, r:25.00, omega:0.52, omega_m:11.28, u:613.45, theta1:24.869, theta2:15.784, e:-10.756
t:44.04, r:25.00, omega:0.52, omega_m:13.77, u:613.87, theta1:24.885, theta2:15.784, e:-13.243
t:44.05, r:25.00, omega:21.86, omega_m:15.80, u:276.68, theta1:24.878, theta2:15.790, e:6.062
t:44.06, r:25.00, omega:34.04, omega_m:17.47, u:82.93, theta1:24.857, theta2:15.819, e:16.572
t:44.07, r:25.00, omega:34.04, omega_m:18.84, u:81.57, theta1:24.838, theta2:15.844, e:15.207
t:44.08, r:25.00, omega:34.04, omega_m:19.95, u:80.31, theta1:24.820, theta2:15.868, e:14.089
t:44.09, r:25.00, omega:23.29, omega_m:20.87, u:250.71, theta1:24.817, theta2:15.871, e:2.427
t:44.10, r:25.00, omega:23.29, omega_m:21.62, u:250.61, theta1:24.815, theta2:15.873, e:1.678
t:44.11, r:25.00, omega:23.29, omega_m:22.23, u:250.55, theta1:24.814, theta2:15.874, e:1.065
t:44.12, r:25.00, omega:23.29, omega_m:22.73, u:250.52, theta1:24.813, theta2:15.875, e:0.563
t:44.13, r:25.00, omega:13.15, omega_m:23.14, u:411.93, theta1:24.826, theta2:15.869, e:-9.991
t:44.14, r:25.00, omega:13.15, omega_m:23.48, u:412.35, theta1:24.838, theta2:15.862, e:-10.328
t:44.15, r:25.00, omega:18.60, omega_m:23.76, u:326.11, theta1:24.845, theta2:15.857, e:-5.151
t:44.16, r:25.00, omega:18.60, omega_m:23.98, u:326.38, theta1:24.852, theta2:15.852, e:-5.377
t:44.17, r:25.00, omega:18.60, omega_m:24.17, u:326.65, theta1:24.859, theta2:15.847, e:-5.561
t:44.18, r:25.00, omega:23.47, omega_m:24.32, u:249.55, theta1:24.860, theta2:15.846, e:-0.845
t:44.19, r:25.00, omega:23.47, omega_m:24.44, u:249.61, theta1:24.861, theta2:15.845, e:-0.968
t:44.20, r:25.00, omega:23.30, omega_m:24.54, u:252.44, theta1:24.862, theta2:15.843, e:-1.244
t:44.21, r:25.00, omega:23.30, omega_m:24.63, u:252.52, theta1:24.864, theta2:15.842, e:-1.327
t:44.22, r:25.00, omega:23.30, omega_m:24.69, u:252.60, theta1:24.866, theta2:15.840, e:-1.395
t:44.23, r:25.00, omega:18.57, omega_m:24.75, u:327.87, theta1:24.874, theta2:15.834, e:-6.183
t:44.24, r:25.00, omega:18.57, omega_m:24.79, u:328.17, theta1:24.881, theta2:15.829, e:-6.229
t:44.25, r:25.00, omega:18.57, omega_m:24.83, u:328.47, theta1:24.889, theta2:15.823, e:-6.266
t:44.26, r:25.00, omega:18.87, omega_m:24.86, u:323.89, theta1:24.897, theta2:15.817, e:-5.988
t:44.27, r:25.00, omega:18.87, omega_m:24.89, u:324.18, theta1:24.904, theta2:15.811, e:-6.013
t:44.28, r:25.00, omega:21.98, omega_m:24.91, u:275.22, theta1:24.908, theta2:15.808, e:-2.927
t:44.29, r:25.00, omega:21.98, omega_m:24.92, u:275.39, theta1:24.911, theta2:15.805, e:-2.944
t:44.30, r:25.00, omega:22.12, omega_m:24.94, u:273.27, theta1:24.915, theta2:15.802, e:-2.814
t:44.31, r:25.00, omega:22.12, omega_m:24.95, u:273.42, theta1:24.919, theta2:15.799, e:-2.825
t:44.32, r:25.00, omega:22.12, omega_m:24.96, u:273.58, theta1:24.922, theta2:15.796, e:-2.834
t:44.33, r:25.00, omega:19.14, omega_m:24.97, u:321.04, theta1:24.929, theta2:15.790, e:-5.828
t:44.34, r:25.00, omega:19.14, omega_m:24.97, u:321.33, theta1:24.937, theta2:15.784, e:-5.834
t:44.35, r:25.00, omega:19.14, omega_m:24.98, u:321.62, theta1:24.944, theta2:15.779, e:-5.839
t:44.36, r:25.00, omega:20.37, omega_m:24.98, u:302.49, theta1:24.950, theta2:15.774, e:-4.616
t:44.37, r:25.00, omega:20.37, omega_m:24.98, u:302.73, theta1:24.955, theta2:15.769, e:-4.619
t:44.38, r:25.00, omega:21.38, omega_m:24.99, u:286.89, theta1:24.960, theta2:15.766, e:-3.605
t:44.39, r:25.00, omega:21.38, omega_m:24.99, u:287.08, theta1:24.964, theta2:15.762, e:-3.607
t:44.40, r:25.00, omega:21.38, omega_m:24.99, u:287.28, theta1:24.969, theta2:15.758, e:-3.609
t:44.41, r:25.00, omega:20.39, omega_m:24.99, u:303.12, theta1:24.975, theta2:15.753, e:-4.601
t:44.42, r:25.00, omega:20.39, omega_m:24.99, u:303.36, theta1:24.981, theta2:15.748, e:-4.602
t:44.43, r:25.00, omega:20.36, omega_m:25.00, u:304.15, theta1:24.986, theta2:15.744, e:-4.638
t:44.44, r:25.00, omega:20.36, omega_m:25.00, u:304.39, theta1:24.992, theta2:15.739, e:-4.639
t:44.45, r:25.00, omega:20.36, omega_m:25.00, u:304.63, theta1:24.998, theta2:15.734, e:-4.639
t:44.46, r:25.00, omega:20.34, omega_m:25.00, u:305.12, theta1:25.004, theta2:15.730, e:-4.656
t:44.47, r:25.00, omega:20.34, omega_m:25.00, u:305.37, theta1:25.010, theta2:15.725, e:-4.656
t:44.48, r:25.00, omega:21.73, omega_m:25.00, u:283.72, theta1:25.014, theta2:15.721, e:-3.269
t:44.49, r:25.00, omega:21.73, omega_m:25.00, u:283.90, theta1:25.018, theta2:15.718, e:-3.269
t:44.50, r:25.00, omega:21.73, omega_m:25.00, u:284.08, theta1:25.022, theta2:15.714, e:-3.269
t:44.51, r:25.00, omega:22.18, omega_m:25.00, u:277.11, theta1:25.025, theta2:15.711, e:-2.816
t:44.52, r:25.00, omega:22.18, omega_m:25.00, u:277.26, theta1:25.029, theta2:15.708, e:-2.816
t:44.53, r:25.00, omega:20.16, omega_m:25.00, u:309.36, theta1:25.035, theta2:15.703, e:-4.843
t:44.54, r:25.00, omega:20.16, omega_m:25.00, u:309.61, theta1:25.041, theta2:15.698, e:-4.843
t:44.55, r:25.00, omega:20.16, omega_m:25.00, u:309.86, theta1:25.047, theta2:15.693, e:-4.843
t:44.56, r:25.00, omega:19.23, omega_m:25.00, u:324.66, theta1:25.054, theta2:15.688, e:-5.768
t:44.57, r:25.00, omega:19.23, omega_m:25.00, u:324.94, theta1:25.061, theta2:15.682, e:-5.768
t:44.58, r:25.00, omega:21.44, omega_m:25.00, u:290.58, theta1:25.066, theta2:15.678, e:-3.565
t:44.59, r:25.00, omega:21.44, omega_m:25.00, u:290.77, theta1:25.070, theta2:15.675, e:-3.565
t:44.60, r:25.00, omega:21.44, omega_m:25.00, u:290.96, theta1:25.075, theta2:15.671, e:-3.565
t:44.61, r:25.00, omega:22.18, omega_m:25.00, u:279.41, theta1:25.078, theta2:15.668, e:-2.817
t:44.62, r:25.00, omega:22.18, omega_m:25.00, u:279.57, theta1:25.082, theta2:15.664, e:-2.817
t:44.63, r:25.00, omega:19.94, omega_m:25.00, u:314.98, theta1:25.088, theta2:15.659, e:-5.062
t:44.64, r:25.00, omega:19.94, omega_m:25.00, u:315.24, theta1:25.094, theta2:15.654, e:-5.062
t:44.65, r:25.00, omega:19.94, omega_m:25.00, u:315.50, theta1:25.101, theta2:15.649, e:-5.062
t:44.66, r:25.00, omega:19.50, omega_m:25.00, u:322.56, theta1:25.108, theta2:15.644, e:-5.495
t:44.67, r:25.00, omega:19.50, omega_m:25.00, u:322.84, theta1:25.115, theta2:15.639, e:-5.495
t:44.68, r:25.00, omega:23.01, omega_m:25.00, u:268.16, theta1:25.117, theta2:15.636, e:-1.992
t:44.69, r:25.00, omega:23.01, omega_m:25.00, u:268.28, theta1:25.120, theta2:15.634, e:-1.992
t:44.70, r:25.00, omega:23.01, omega_m:25.00, u:268.39, theta1:25.122, theta2:15.632, e:-1.992
t:44.71, r:25.00, omega:20.51, omega_m:25.00, u:307.72, theta1:25.128, theta2:15.627, e:-4.492
t:44.72, r:25.00, omega:20.51, omega_m:25.00, u:307.95, theta1:25.133, theta2:15.623, e:-4.492
t:44.73, r:25.00, omega:20.51, omega_m:25.00, u:308.19, theta1:25.139, theta2:15.618, e:-4.492
t:44.74, r:25.00, omega:19.14, omega_m:25.00, u:329.87, theta1:25.146, theta2:15.612, e:-5.862
t:44.75, r:25.00, omega:19.14, omega_m:25.00, u:330.16, theta1:25.154, theta2:15.607, e:-5.862
t:44.76, r:25.00, omega:22.01, omega_m:25.00, u:285.57, theta1:25.157, theta2:15.603, e:-2.994
t:44.77, r:25.00, omega:22.01, omega_m:25.00, u:285.74, theta1:25.161, theta2:15.600, e:-2.994
t:44.78, r:25.00, omega:22.13, omega_m:25.00, u:283.89, theta1:25.165, theta2:15.597, e:-2.866
t:44.79, r:25.00, omega:22.13, omega_m:25.00, u:284.05, theta1:25.168, theta2:15.594, e:-2.866
t:44.80, r:25.00, omega:22.13, omega_m:25.00, u:284.21, theta1:25.172, theta2:15.591, e:-2.866
t:44.81, r:25.00, omega:19.99, omega_m:25.00, u:317.89, theta1:25.178, theta2:15.586, e:-5.010
t:44.82, r:25.00, omega:19.99, omega_m:25.00, u:318.15, theta1:25.184, theta2:15.581, e:-5.010
t:44.83, r:25.00, omega:19.99, omega_m:25.00, u:318.41, theta1:25.191, theta2:15.576, e:-5.010
t:44.84, r:25.00, omega:20.13, omega_m:25.00, u:316.46, theta1:25.197, theta2:15.571, e:-4.869
t:44.85, r:25.00, omega:20.13, omega_m:25.00, u:316.71, theta1:25.203, theta2:15.566, e:-4.869
t:44.86, r:25.00, omega:22.62, omega_m:25.00, u:278.13, theta1:25.206, theta2:15.563, e:-2.381
t:44.87, r:25.00, omega:22.62, omega_m:25.00, u:278.26, theta1:25.209, theta2:15.560, e:-2.381
t:44.88, r:25.00, omega:20.43, omega_m:25.00, u:312.61, theta1:25.214, theta2:15.556, e:-4.573
t:44.89, r:25.00, omega:20.43, omega_m:25.00, u:312.85, theta1:25.220, theta2:15.551, e:-4.573
t:44.90, r:25.00, omega:20.43, omega_m:25.00, u:313.08, theta1:25.226, theta2:15.546, e:-4.573
t:44.91, r:25.00, omega:20.44, omega_m:25.00, u:313.12, theta1:25.232, theta2:15.542, e:-4.560
t:44.92, r:25.00, omega:20.44, omega_m:25.00, u:313.36, theta1:25.237, theta2:15.537, e:-4.560
t:44.93, r:25.00, omega:22.16, omega_m:25.00, u:286.74, theta1:25.241, theta2:15.534, e:-2.837
t:44.94, r:25.00, omega:22.16, omega_m:25.00, u:286.90, theta1:25.244, theta2:15.531, e:-2.837
t:44.95, r:25.00, omega:22.16, omega_m:25.00, u:287.06, theta1:25.248, theta2:15.528, e:-2.837
t:44.96, r:25.00, omega:20.93, omega_m:25.00, u:306.42, theta1:25.253, theta2:15.523, e:-4.070
t:44.97, r:25.00, omega:20.93, omega_m:25.00, u:306.64, theta1:25.258, theta2:15.519, e:-4.070
t:44.98, r:25.00, omega:20.13, omega_m:25.00, u:319.26, theta1:25.264, theta2:15.514, e:-4.867
t:44.99, r:25.00, omega:20.13, omega_m:25.00, u:319.51, theta1:25.270, theta2:15.509, e:-4.867
t:45.00, r:25.00, omega:20.13, omega_m:25.00, u:319.76, theta1:25.276, theta2:15.504, e:-4.867
t:45.01, r:0.00, omega:21.31, omega_m:20.47, u:0.00, theta1:25.276, theta2:15.505, e:0.846
t:45.02, r:0.00, omega:21.31, omega_m:16.76, u:0.00, theta1:25.276, theta2:15.510, e:4.556
t:45.03, r:0.00, omega:21.31, omega_m:13.72, u:0.00, theta1:25.276, theta2:15.518, e:7.594
t:45.04, r:0.00, omega:21.31, omega_m:11.23, u:0.00, theta1:25.276, theta2:15.529, e:10.081
t:45.05, r:0.00, omega:13.09, omega_m:9.20, u:0.00, theta1:25.276, theta2:15.532, e:3.890
t:45.06, r:0.00, omega:13.09, omega_m:7.53, u:0.00, theta1:25.276, theta2:15.535, e:5.557
t:45.07, r:0.00, omega:13.09, omega_m:6.16, u:0.00, theta1:25.276, theta2:15.540, e:6.922
t:45.08, r:0.00, omega:13.09, omega_m:5.05, u:0.00, theta1:25.276, theta2:15.545, e:8.039
t:45.09, r:0.00, omega:13.09, omega_m:4.13, u:0.00, theta1:25.276, theta2:15.551, e:8.954
t:45.10, r:0.00, omega:13.09, omega_m:3.38, u:0.00, theta1:25.276, theta2:15.557, e:9.703
t:45.11, r:0.00, omega:13.09, omega_m:2.77, u:0.00, theta1:25.276, theta2:15.564, e:10.317
t:45.12, r:0.00, omega:13.09, omega_m:2.27, u:0.00, theta1:25.276, theta2:15.571, e:10.819
t:45.13, r:0.00, omega:13.09, omega_m:1.86, u:0.00, theta1:25.276, theta2:15.578, e:11.230
t:45.14, r:0.00, omega:13.09, omega_m:1.52, u:0.00, theta1:25.276, theta2:15.586, e:11.566
t:45.15, r:0.00, omega:13.09, omega_m:1.24, u:0.00, theta1:25.276, theta2:15.594, e:11.842
t:45.16, r:0.00, omega:13.09, omega_m:1.02, u:0.00, theta1:25.276, theta2:15.602, e:12.068
t:45.17, r:0.00, omega:13.09, omega_m:0.83, u:0.00, theta1:25.276, theta2:15.610, e:12.252
t:45.18, r:0.00, omega:13.09, omega_m:0.68, u:0.00, theta1:25.276, theta2:15.618, e:12.404
t:45.19, r:0.00, omega:13.09, omega_m:0.56, u:0.00, theta1:25.276, theta2:15.626, e:12.527
t:45.20, r:0.00, omega:13.09, omega_m:0.46, u:0.00, theta1:25.276, theta2:15.634, e:12.629
t:45.21, r:0.00, omega:13.09, omega_m:0.37, u:0.00, theta1:25.276, theta2:15.642, e:12.712
t:45.22, r:0.00, omega:13.09, omega_m:0.31, u:0.00, theta1:25.276, theta2:15.651, e:12.780
t:45.23, r:0.00, omega:13.09, omega_m:0.25, u:0.00, theta1:25.276, theta2:15.659, e:12.835
t:45.24, r:0.00, omega:13.09, omega_m:0.21, u:0.00, theta1:25.276, theta2:15.668, e:12.881
t:45.25, r:0.00, omega:13.09, omega_m:0.17, u:0.00, theta1:25.276, theta2:15.676, e:12.918
t:45.26, r:0.00, omega:13.09, omega_m:0.14, u:0.00, theta1:25.276, theta2:15.685, e:12.949
t:45.27, r:0.00, omega:13.09, omega_m:0.11, u:0.00, theta1:25.276, theta2:15.693, e:12.974
t:45.28, r:0.00, omega:13.09, omega_m:0.09, u:0.00, theta1:25.276, theta2:15.702, e:12.994
t:45.29, r:0.00, omega:13.09, omega_m:0.08, u:0.00, theta1:25.276, theta2:15.710, e:13.011
t:45.30, r:0.00, omega:13.09, omega_m:0.06, u:0.00, theta1:25.276, theta2:15.719, e:13.025
t:45.31, r:0.00, omega:13.09, omega_m:0.05, u:0.00, theta1:25.276, theta2:15.727, e:13.036
t:45.32, r:0.00, omega:13.09, omega_m:0.04, u:0.00, theta1:25.276, theta2:15.736, e:13.045
t:45.33, r:0.00, omega:13.09, omega_m:0.03, u:0.00, theta1:25.276, theta2:15.744, e:13.053
t:45.34, r:0.00, omega:13.09, omega_m:0.03, u:0.00, theta1:25.276, theta2:15.753, e:13.059
t:45.35, r:0.00, omega:13.09, omega_m:0.02, u:0.00, theta1:25.276, theta2:15.761, e:13.064
t:45.36, r:0.00, omega:13.09, omega_m:0.02, u:0.00, theta1:25.276, theta2:15.770, e:13.068
t:45.37, r:0.00, omega:13.09, omega_m:0.02, u:0.00, theta1:25.276, theta2:15.778, e:13.071
t:45.38, r:0.00, omega:13.09, omega_m:0.01, u:0.00, theta1:25.276, theta2:15.787, e:13.074
t:45.39, r:0.00, omega:13.09, omega_m:0.01, u:0.00, theta1:25.276, theta2:15.796, e:13.076
t:45.40, r:0.00, omega:13.09, omega_m:0.01, u:0.00, theta1:25.276, theta2:15.804, e:13.078
t:45.41, r:0.00, omega:13.09, omega_m:0.01, u:0.00, theta1:25.276, theta2:15.813, e:13.080
t:45.42, r:0.00, omega:13.09, omega_m:0.01, u:0.00, theta1:25.276, theta2:15.821, e:13.081
t:45.43, r:0.00, omega:13.09, omega_m:0.00, u:0.00, theta1:25.276, theta2:15.830, e:13.082
t:45.44, r:0.00, omega:13.09, omega_m:0.00, u:0.00, theta1:25.276, theta2:15.838, e:13.083
t:45.45, r:0.00, omega:13.09, omega_m:0.00, u:0.00, theta1:25.276, theta2:15.847, e:13.084
t:45.46, r:0.00, omega:13.09, omega_m:0.00, u:0.00, theta1:25.276, theta2:15.855, e:13.084
t:45.47, r:0.00, omega:13.09, omega_m:0.00, u:0.00, theta1:25.276, theta2:15.864, e:13.085
t:45.48, r:0.00, omega:13.09, omega_m:0.00, u:0.00, theta1:25.276, theta2:15.873, e:13.085
t:45.49, r:0.00, omega:13.09, omega_m:0.00, u:0.00, theta1:25.276, theta2:15.881, e:13.085
t:45.50, r:0.00, omega:13.09, omega_m:0.00, u:0.00, theta1:25.276, theta2:15.890, e:13.086
t:45.51, r:0.00, omega:13.09, omega_m:0.00, u:0.00, theta1:25.276, theta2:15.898, e:13.086
t:45.52, r:0.00, omega:13.09, omega_m:0.00, u:0.00, theta1:25.276, theta2:15.907, e:13.086
t:45.53, r:0.00, omega:13.09, omega_m:0.00, u:0.00, theta1:25.276, theta2:15.915, e:13.086
t:45.54, r:0.00, omega:13.09, omega_m:0.00, u:0.00, theta1:25.276, theta2:15.924, e:13.086
t:45.55, r:0.00, omega:0.00, omega_m:0.00, u:0.00, theta1:25.276, theta2:15.924, e:-0.000
t:45.56, r:0.00, omega:0.00, omega_m:0.00, u:0.00, theta1:25.276, theta2:15.924, e:-0.000
t:45.57, r:0.00, omega:0.00, omega_m:0.00, u:0.00, theta1:25.276, theta2:15.924, e:-0.000
t:45.58, r:0.00, omega:0.00, omega_m:0.00, u:0.00, theta1:25.276, theta2:15.924, e:-0.000
t:45.59, r:0.00, omega:0.00, omega_m:0.00, u:0.00, theta1:25.276, theta2:15.924, e:-0.000
t:45.60, r:0.00, omega:0.00, omega_m:0.00, u:0.00, theta1:25.276, theta2:15.924, e:-0.000
t:45.61, r:0.00, omega:0.00, omega_m:0.00, u:0.00, theta1:25.276, theta2:15.924, e:-0.000
t:45.62, r:0.00, omega:0.00, omega_m:0.00, u:0.00, theta1:25.276, theta2:15.924, e:-0.000
t:45.63, r:0.00, omega:0.00, omega_m:0.00, u:0.00, theta1:25.276, theta2:15.924, e:-0.000
t:45.64, r:0.00, omega:0.00, omega_m:0.00, u:0.00, theta1:25.276, theta2:15.924, e:-0.000
t:45.65, r:0.00, omega:0.00, omega_m:0.00, u:0.00, theta1:25.276, theta2:15.924, e:-0.000
t:45.66, r:0.00, omega:0.00, omega_m:0.00, u:0.00, theta1:25.276, theta2:15.924, e:-0.000
t:45.67, r:0.00, omega:0.00, omega_m:0.00, u:0.00, theta1:25.276, theta2:15.924, e:-0.000
t:45.68, r:0.00, omega:0.00, omega_m:0.00, u:0.00, theta1:25.276, theta2:15.924, e:-0.000
t:45.69, r:0.00, omega:0.00, omega_m:0.00, u:0.00, theta1:25.276, theta2:15.924, e:-0.000
t:45.70, r:0.00, omega:0.00, omega_m:0.00, u:0.00, theta1:25.276, theta2:15.924, e:-0.000
t:45.71, r:0.00, omega:0.00, omega_m:0.00, u:0.00, theta1:25.276, theta2:15.924, e:-0.000
t:45.72, r:0.00, omega:0.00, omega_m:0.00, u:0.00, theta1:25.276, theta2:15.924, e:-0.000
t:45.73, r:0.00, omega:0.00, omega_m:0.00, u:0.00, theta1:25.276, theta2:15.924, e:-0.000
t:45.74, r:0.00, omega:0.00, omega_m:0.00, u:0.00, theta1:25.276, theta2:15.924, e:-0.000
t:45.75, r:0.00, omega:0.00, omega_m:0.00, u:0.00, theta1:25.276, theta2:15.924, e:-0.000
t:45.76, r:0.00, omega:0.00, omega_m:0.00, u:0.00, theta1:25.276, theta2:15.924, e:-0.000
t:45.77, r:0.00, omega:0.00, omega_m:0.00, u:0.00, theta1:25.276, theta2:15.924, e:-0.000
t:45.78, r:0.00, omega:0.00, omega_m:0.00, u:0.00, theta1:25.276, theta2:15.924, e:-0.000
t:45.79, r:0.00, omega:0.00, omega_m:0.00, u:0.00, theta1:25.276, theta2:15.924, e:-0.000
t:45.80, r:0.00, omega:0.00, omega_m:0.00, u:0.00, theta1:25.276, theta2:15.924, e:-0.000
t:45.81, r:0.00, omega:0.00, omega_m:0.00, u:0.00, theta1:25.276, theta2:15.924, e:-0.000
t:45.82, r:0.00, omega:0.00, omega_m:0.00, u:0.00, theta1:25.276, theta2:15.924, e:-0.000
t:45.83, r:0.00, omega:0.00, omega_m:0.00, u:0.00, theta1:25.276, theta2:15.924, e:-0.000
t:45.84, r:0.00, omega:0.00, omega_m:0.00, u:0.00, theta1:25.276, theta2:15.924, e:-0.000
t:45.85, r:0.00, omega:0.00, omega_m:0.00, u:0.00, theta1:25.276, theta2:15.924, e:-0.000
t:45.86, r:0.00, omega:0.00, omega_m:0.00, u:0.00, theta1:25.276, theta2:15.924, e:-0.000
t:45.87, r:0.00, omega:0.00, omega_m:0.00, u:0.00, theta1:25.276, theta2:15.924, e:-0.000
t:45.88, r:0.00, omega:0.00, omega_m:0.00, u:0.00, theta1:25.276, theta2:15.924, e:-0.000
t:45.89, r:0.00, omega:0.00, omega_m:0.00, u:0.00, theta1:25.276, theta2:15.924, e:-0.000
t:45.90, r:0.00, omega:0.00, omega_m:0.00, u:0.00, theta1:25.276, theta2:15.924, e:-0.000
t:45.91, r:0.00, omega:0.00, omega_m:0.00, u:0.00, theta1:25.276, theta2:15.924, e:-0.000
t:45.92, r:0.00, omega:0.00, omega_m:0.00, u:0.00, theta1:25.276, theta2:15.924, e:-0.000
t:45.93, r:0.00, omega:0.00, omega_m:0.00, u:0.00, theta1:25.276, theta2:15.924, e:-0.000
t:45.94, r:0.00, omega:0.00, omega_m:0.00, u:0.00, theta1:25.276, theta2:15.924, e:-0.000
t:45.95, r:0.00, omega:0.00, omega_m:0.00, u:0.00, theta1:25.276, theta2:15.924, e:-0.000
t:45.96, r:0.00, omega:0.00, omega_m:0.00, u:0.00, theta1:25.276, theta2:15.924, e:-0.000
t:45.97, r:0.00, omega:0.00, omega_m:0.00, u:0.00, theta1:25.276, theta2:15.924, e:-0.000
t:45.98, r:0.00, omega:0.00, omega_m:0.00, u:0.00, theta1:25.276, theta2:15.924, e:-0.000
t:45.99, r:0.00, omega:0.00, omega_m:0.00, u:0.00, theta1:25.276, theta2:15.924, e:-0.000
t:46.00, r:0.00, omega:0.00, omega_m:0.00, u:0.00, theta1:25.276, theta2:15.924, e:-0.000
t:46.01, r:-25.00, omega:0.00, omega_m:-4.53, u:-632.05, theta1:25.282, theta2:15.924, e:4.532
t:46.02, r:-25.00, omega:0.00, omega_m:-8.24, u:-632.31, theta1:25.292, theta2:15.924, e:8.242
t:46.03, r:-25.00, omega:0.00, omega_m:-11.28, u:-632.66, theta1:25.306, theta2:15.924, e:11.280
t:46.04, r:-25.00, omega:-0.53, omega_m:-13.77, u:-624.66, theta1:25.323, theta2:15.924, e:13.238
t:46.05, r:-25.00, omega:-0.53, omega_m:-15.80, u:-625.14, theta1:25.342, theta2:15.923, e:15.275
t:46.06, r:-25.00, omega:-31.45, omega_m:-17.47, u:-131.71, theta1:25.325, theta2:15.945, e:-13.975
t:46.07, r:-25.00, omega:-37.91, omega_m:-18.84, u:-26.59, theta1:25.301, theta2:15.981, e:-19.079
t:46.08, r:-25.00, omega:-37.91, omega_m:-19.95, u:-24.74, theta1:25.278, theta2:16.015, e:-17.962
t:46.09, r:-25.00, omega:-28.54, omega_m:-20.87, u:-174.32, theta1:25.269, theta2:16.026, e:-7.673
t:46.10, r:-25.00, omega:-28.54, omega_m:-21.62, u:-173.82, theta1:25.260, theta2:16.036, e:-6.924
t:46.11, r:-25.00, omega:-28.54, omega_m:-22.23, u:-173.37, theta1:25.252, theta2:16.045, e:-6.310
t:46.12, r:-25.00, omega:-28.54, omega_m:-22.73, u:-172.95, theta1:25.245, theta2:16.054, e:-5.808
t:46.13, r:-25.00, omega:-12.77, omega_m:-23.14, u:-426.52, theta1:25.258, theta2:16.047, e:10.373
t:46.14, r:-25.00, omega:-12.77, omega_m:-23.48, u:-426.94, theta1:25.271, theta2:16.040, e:10.709
t:46.15, r:-25.00, omega:-12.77, omega_m:-23.76, u:-427.37, theta1:25.285, theta2:16.033, e:10.985
t:46.16, r:-25.00, omega:-16.70, omega_m:-23.98, u:-364.75, theta1:25.294, theta2:16.027, e:7.284
t:46.17, r:-25.00, omega:-16.70, omega_m:-24.17, u:-365.09, theta1:25.303, theta2:16.021, e:7.469
t:46.18, r:-25.00, omega:-25.73, omega_m:-24.32, u:-220.35, theta1:25.302, theta2:16.023, e:-1.409
t:46.19, r:-25.00, omega:-25.73, omega_m:-24.44, u:-220.26, theta1:25.300, theta2:16.024, e:-1.285
t:46.20, r:-25.00, omega:-23.90, omega_m:-24.54, u:-249.58, theta1:25.301, theta2:16.023, e:0.643
t:46.21, r:-25.00, omega:-23.90, omega_m:-24.63, u:-249.62, theta1:25.302, theta2:16.023, e:0.726
t:46.22, r:-25.00, omega:-23.90, omega_m:-24.69, u:-249.67, theta1:25.303, theta2:16.022, e:0.794
t:46.23, r:-25.00, omega:-18.50, omega_m:-24.75, u:-336.51, theta1:25.311, theta2:16.016, e:6.251
t:46.24, r:-25.00, omega:-18.50, omega_m:-24.79, u:-336.81, theta1:25.318, theta2:16.010, e:6.296
t:46.25, r:-25.00, omega:-18.50, omega_m:-24.83, u:-337.12, theta1:25.326, theta2:16.004, e:6.334
t:46.26, r:-25.00, omega:-19.94, omega_m:-24.86, u:-314.35, theta1:25.332, theta2:15.999, e:4.926
t:46.27, r:-25.00, omega:-51.12, omega_m:-24.89, u:188.86, theta1:25.300, theta2:16.066, e:-26.236
t:46.28, r:-25.00, omega:-40.64, omega_m:-24.91, u:22.17, theta1:25.280, theta2:16.098, e:-15.729
t:46.29, r:-25.00, omega:-40.64, omega_m:-24.92, u:23.96, theta1:25.260, theta2:16.130, e:-15.712
t:46.30, r:-25.00, omega:-40.64, omega_m:-24.94, u:25.75, theta1:25.241, theta2:16.162, e:-15.698
t:46.31, r:-25.00, omega:-40.64, omega_m:-24.95, u:27.53, theta1:25.221, theta2:16.194, e:-15.687
t:46.32, r:-25.00, omega:-40.64, omega_m:-24.96, u:29.32, theta1:25.202, theta2:16.226, e:-15.678
t:46.33, r:-25.00, omega:-40.64, omega_m:-24.97, u:31.10, theta1:25.182, theta2:16.258, e:-15.670
t:46.34, r:-25.00, omega:-40.64, omega_m:-24.97, u:32.89, theta1:25.162, theta2:16.289, e:-15.664
t:46.35, r:-25.00, omega:-40.64, omega_m:-24.98, u:34.67, theta1:25.143, theta2:16.321, e:-15.659
t:46.36, r:-25.00, omega:-40.64, omega_m:-24.98, u:36.45, theta1:25.123, theta2:16.353, e:-15.655
t:46.37, r:-25.00, omega:-40.64, omega_m:-24.98, u:38.23, theta1:25.104, theta2:16.385, e:-15.652
t:46.38, r:-25.00, omega:-40.64, omega_m:-24.99, u:40.01, theta1:25.084, theta2:16.417, e:-15.649
t:46.39, r:-25.00, omega:-40.64, omega_m:-24.99, u:41.79, theta1:25.065, theta2:16.448, e:-15.647
t:46.40, r:-25.00, omega:-40.64, omega_m:-24.99, u:43.57, theta1:25.045, theta2:16.480, e:-15.645
t:46.41, r:-25.00, omega:-40.64, omega_m:-24.99, u:45.35, theta1:25.025, theta2:16.512, e:-15.643
t:46.42, r:-25.00, omega:-40.64, omega_m:-24.99, u:47.13, theta1:25.006, theta2:16.544, e:-15.642
t:46.43, r:-25.00, omega:-40.64, omega_m:-25.00, u:48.91, theta1:24.986, theta2:16.576, e:-15.641
t:46.44, r:-25.00, omega:-40.64, omega_m:-25.00, u:50.69, theta1:24.967, theta2:16.607, e:-15.640
t:46.45, r:-25.00, omega:-40.64, omega_m:-25.00, u:52.47, theta1:24.947, theta2:16.639, e:-15.639
t:46.46, r:-25.00, omega:-40.64, omega_m:-25.00, u:54.25, theta1:24.928, theta2:16.671, e:-15.639
t:46.47, r:-25.00, omega:-40.64, omega_m:-25.00, u:56.03, theta1:24.908, theta2:16.703, e:-15.638
t:46.48, r:-25.00, omega:-40.64, omega_m:-25.00, u:57.81, theta1:24.889, theta2:16.734, e:-15.638
t:46.49, r:-25.00, omega:-40.64, omega_m:-25.00, u:59.59, theta1:24.869, theta2:16.766, e:-15.638
t:46.50, r:-25.00, omega:-40.64, omega_m:-25.00, u:61.37, theta1:24.849, theta2:16.798, e:-15.637
t:46.51, r:-25.00, omega:-40.64, omega_m:-25.00, u:63.15, theta1:24.830, theta2:16.830, e:-15.637
t:46.52, r:-25.00, omega:-40.64, omega_m:-25.00, u:64.93, theta1:24.810, theta2:16.862, e:-15.637
t:46.53, r:-25.00, omega:-40.64, omega_m:-25.00, u:66.71, theta1:24.791, theta2:16.893, e:-15.637
t:46.54, r:-25.00, omega:-40.64, omega_m:-25.00, u:68.49, theta1:24.771, theta2:16.925, e:-15.637
t:46.55, r:-25.00, omega:-40.64, omega_m:-25.00, u:70.27, theta1:24.752, theta2:16.957, e:-15.637
t:46.56, r:-25.00, omega:-40.64, omega_m:-25.00, u:72.05, theta1:24.732, theta2:16.989, e:-15.637
t:46.57, r:-25.00, omega:-40.64, omega_m:-25.00, u:73.83, theta1:24.713, theta2:17.020, e:-15.637
t:46.58, r:-25.00, omega:-40.64, omega_m:-25.00, u:75.61, theta1:24.693, theta2:17.052, e:-15.637
t:46.59, r:-25.00, omega:-40.64, omega_m:-25.00, u:77.39, theta1:24.674, theta2:17.084, e:-15.636
t:46.60, r:-25.00, omega:-40.64, omega_m:-25.00, u:79.17, theta1:24.654, theta2:17.116, e:-15.636
t:46.61, r:-25.00, omega:-40.64, omega_m:-25.00, u:80.95, theta1:24.634, theta2:17.148, e:-15.636
t:46.62, r:-25.00, omega:-40.64, omega_m:-25.00, u:82.73, theta1:24.615, theta2:17.179, e:-15.636
t:46.63, r:-25.00, omega:-40.64, omega_m:-25.00, u:84.51, theta1:24.595, theta2:17.211, e:-15.636
t:46.64, r:-25.00, omega:-40.64, omega_m:-25.00, u:86.29, theta1:24.576, theta2:17.243, e:-15.636
t:46.65, r:-25.00, omega:-40.64, omega_m:-25.00, u:88.07, theta1:24.556, theta2:17.275, e:-15.636
t:46.66, r:-25.00, omega:-40.64, omega_m:-25.00, u:89.85, theta1:24.537, theta2:17.306, e:-15.636
t:46.67, r:-25.00, omega:-40.64, omega_m:-25.00, u:91.63, theta1:24.517, theta2:17.338, e:-15.636
t:46.68, r:-25.00, omega:-40.64, omega_m:-25.00, u:93.41, theta1:24.498, theta2:17.370, e:-15.636
t:46.69, r:-25.00, omega:-40.64, omega_m:-25.00, u:95.19, theta1:24.478, theta2:17.402, e:-15.636
t:46.70, r:-25.00, omega:-40.64, omega_m:-25.00, u:96.97, theta1:24.459, theta2:17.433, e:-15.636
t:46.71, r:-25.00, omega:-40.64, omega_m:-25.00, u:98.75, theta1:24.439, theta2:17.465, e:-15.636
t:46.72, r:-25.00, omega:-40.64, omega_m:-25.00, u:100.53, theta1:24.419, theta2:17.497, e:-15.636
t:46.73, r:-25.00, omega:-40.64, omega_m:-25.00, u:102.31, theta1:24.400, theta2:17.529, e:-15.636
t:46.74, r:-25.00, omega:-40.64, omega_m:-25.00, u:104.09, theta1:24.380, theta2:17.561, e:-15.636
t:46.75, r:-25.00, omega:-40.64, omega_m:-25.00, u:105.87, theta1:24.361, theta2:17.592, e:-15.636
t:46.76, r:-25.00, omega:-40.64, omega_m:-25.00, u:107.64, theta1:24.341, theta2:17.624, e:-15.636
t:46.77, r:-25.00, omega:-40.64, omega_m:-25.00, u:109.42, theta1:24.322, theta2:17.656, e:-15.636
t:46.78, r:-25.00, omega:0.00, omega_m:-25.00, u:-608.83, theta1:24.353, theta2:17.656, e:25.000
t:46.79, r:-25.00, omega:0.00, omega_m:-25.00, u:-609.61, theta1:24.384, theta2:17.656, e:25.000
t:46.80, r:-25.00, omega:0.00, omega_m:-25.00, u:-610.39, theta1:24.416, theta2:17.656, e:25.000
t:46.81, r:-25.00, omega:-0.99, omega_m:-25.00, u:-593.67, theta1:24.446, theta2:17.655, e:24.011
t:46.82, r:-25.00, omega:-0.99, omega_m:-25.00, u:-594.42, theta1:24.476, theta2:17.653, e:24.011
t:46.83, r:-25.00, omega:-29.50, omega_m:-25.00, u:-90.77, theta1:24.470, theta2:17.660, e:-4.500
t:46.84, r:-25.00, omega:-37.18, omega_m:-25.00, u:46.12, theta1:24.455, theta2:17.683, e:-12.182
t:46.85, r:-25.00, omega:-37.18, omega_m:-25.00, u:47.34, theta1:24.439, theta2:17.705, e:-12.182
t:46.86, r:-25.00, omega:-37.18, omega_m:-25.00, u:48.56, theta1:24.424, theta2:17.728, e:-12.182
t:46.87, r:-25.00, omega:-37.18, omega_m:-25.00, u:49.78, theta1:24.409, theta2:17.751, e:-12.182
t:46.88, r:-25.00, omega:-37.18, omega_m:-25.00, u:51.01, theta1:24.394, theta2:17.773, e:-12.182
t:46.89, r:-25.00, omega:-37.18, omega_m:-25.00, u:52.23, theta1:24.379, theta2:17.796, e:-12.182
t:46.90, r:-25.00, omega:-37.18, omega_m:-25.00, u:53.45, theta1:24.363, theta2:17.819, e:-12.182
t:46.91, r:-25.00, omega:-37.18, omega_m:-25.00, u:54.68, theta1:24.348, theta2:17.841, e:-12.182
t:46.92, r:-25.00, omega:-37.18, omega_m:-25.00, u:55.90, theta1:24.333, theta2:17.864, e:-12.182
t:46.93, r:-25.00, omega:-37.18, omega_m:-25.00, u:57.12, theta1:24.318, theta2:17.887, e:-12.182
t:46.94, r:-25.00, omega:-37.18, omega_m:-25.00, u:58.34, theta1:24.302, theta2:17.909, e:-12.182
t:46.95, r:-25.00, omega:-37.18, omega_m:-25.00, u:59.57, theta1:24.287, theta2:17.932, e:-12.182
t:46.96, r:-25.00, omega:-37.18, omega_m:-25.00, u:60.79, theta1:24.272, theta2:17.955, e:-12.182
t:46.97, r:-25.00, omega:-37.18, omega_m:-25.00, u:62.01, theta1:24.257, theta2:17.977, e:-12.182
t:46.98, r:-25.00, omega:-37.18, omega_m:-25.00, u:63.23, theta1:24.241, theta2:18.000, e:-12.182
t:46.99, r:-25.00, omega:-37.18, omega_m:-25.00, u:64.46, theta1:24.226, theta2:18.022, e:-12.182
t:47.00, r:-25.00, omega:-37.18, omega_m:-25.00, u:65.68, theta1:24.211, theta2:18.045, e:-12.182
t:47.01, r:0.00, omega:-37.18, omega_m:-20.47, u:0.00, theta1:24.211, theta2:18.076, e:-16.714
t:47.02, r:0.00, omega:-37.18, omega_m:-16.76, u:0.00, theta1:24.211, theta2:18.114, e:-20.424
t:47.03, r:0.00, omega:-37.18, omega_m:-13.72, u:0.00, theta1:24.211, theta2:18.158, e:-23.462
t:47.04, r:0.00, omega:-37.18, omega_m:-11.23, u:0.00, theta1:24.211, theta2:18.206, e:-25.949
t:47.05, r:0.00, omega:-37.18, omega_m:-9.20, u:0.00, theta1:24.211, theta2:18.258, e:-27.985
t:47.06, r:0.00, omega:-37.18, omega_m:-7.53, u:0.00, theta1:24.211, theta2:18.313, e:-29.652
t:47.07, r:0.00, omega:-37.18, omega_m:-6.16, u:0.00, theta1:24.211, theta2:18.371, e:-31.017
t:47.08, r:0.00, omega:-37.18, omega_m:-5.05, u:0.00, theta1:24.211, theta2:18.431, e:-32.135
t:47.09, r:0.00, omega:-37.18, omega_m:-4.13, u:0.00, theta1:24.211, theta2:18.492, e:-33.050
t:47.10, r:0.00, omega:-37.18, omega_m:-3.38, u:0.00, theta1:24.211, theta2:18.555, e:-33.799
t:47.11, r:0.00, omega:-37.18, omega_m:-2.77, u:0.00, theta1:24.211, theta2:18.619, e:-34.412
t:47.12, r:0.00, omega:-37.18, omega_m:-2.27, u:0.00, theta1:24.211, theta2:18.684, e:-34.914
t:47.13, r:0.00, omega:-37.18, omega_m:-1.86, u:0.00, theta1:24.211, theta2:18.749, e:-35.325
t:47.14, r:0.00, omega:-37.18, omega_m:-1.52, u:0.00, theta1:24.211, theta2:18.816, e:-35.662
t:47.15, r:0.00, omega:-37.18, omega_m:-1.24, u:0.00, theta1:24.211, theta2:18.883, e:-35.937
t:47.16, r:0.00, omega:-37.18, omega_m:-1.02, u:0.00, theta1:24.211, theta2:18.950, e:-36.163
t:47.17, r:0.00, omega:-37.18, omega_m:-0.83, u:0.00, theta1:24.211, theta2:19.017, e:-36.348
t:47.18, r:0.00, omega:-37.18, omega_m:-0.68, u:0.00, theta1:24.211, theta2:19.085, e:-36.499
t:47.19, r:0.00, omega:-37.18, omega_m:-0.56, u:0.00, theta1:24.211, theta2:19.153, e:-36.623
t:47.20, r:0.00, omega:-37.18, omega_m:-0.46, u:0.00, theta1:24.211, theta2:19.222, e:-36.724
t:47.21, r:0.00, omega:-37.18, omega_m:-0.37, u:0.00, theta1:24.211, theta2:19.290, e:-36.807
t:47.22, r:0.00, omega:-37.18, omega_m:-0.31, u:0.00, theta1:24.211, theta2:19.359, e:-36.875
t:47.23, r:0.00, omega:-37.18, omega_m:-0.25, u:0.00, theta1:24.211, theta2:19.427, e:-36.931
t:47.24, r:0.00, omega:-37.18, omega_m:-0.21, u:0.00, theta1:24.211, theta2:19.496, e:-36.976
t:47.25, r:0.00, omega:-37.18, omega_m:-0.17, u:0.00, theta1:24.211, theta2:19.565, e:-37.014
t:47.26, r:0.00, omega:-37.18, omega_m:-0.14, u:0.00, theta1:24.211, theta2:19.634, e:-37.044
t:47.27, r:0.00, omega:-37.18, omega_m:-0.11, u:0.00, theta1:24.211, theta2:19.703, e:-37.069
t:47.28, r:0.00, omega:-37.18, omega_m:-0.09, u:0.00, theta1:24.211, theta2:19.771, e:-37.090
t:47.29, r:0.00, omega:-37.18, omega_m:-0.08, u:0.00, theta1:24.211, theta2:19.840, e:-37.106
t:47.30, r:0.00, omega:-37.18, omega_m:-0.06, u:0.00, theta1:24.211, theta2:19.909, e:-37.120
t:47.31, r:0.00, omega:-37.18, omega_m:-0.05, u:0.00, theta1:24.211, theta2:19.979, e:-37.131
t:47.32, r:0.00, omega:-37.18, omega_m:-0.04, u:0.00, theta1:24.211, theta2:20.048, e:-37.141
t:47.33, r:0.00, omega:-37.18, omega_m:-0.03, u:0.00, theta1:24.211, theta2:20.117, e:-37.148
t:47.34, r:0.00, omega:0.00, omega_m:-0.03, u:0.00, theta1:24.211, theta2:20.117, e:0.028
t:47.35, r:0.00, omega:0.00, omega_m:-0.02, u:0.00, theta1:24.211, theta2:20.117, e:0.023
t:47.36, r:0.00, omega:0.00, omega_m:-0.02, u:0.00, theta1:24.211, theta2:20.117, e:0.019
t:47.37, r:0.00, omega:0.00, omega_m:-0.02, u:0.00, theta1:24.211, theta2:20.117, e:0.015
t:47.38, r:0.00, omega:0.00, omega_m:-0.01, u:0.00, theta1:24.211, theta2:20.117, e:0.013
t:47.39, r:0.00, omega:0.00, omega_m:-0.01, u:0.00, theta1:24.211, theta2:20.117, e:0.010
t:47.40, r:0.00, omega:0.00, omega_m:-0.01, u:0.00, theta1:24.211, theta2:20.117, e:0.008
t:47.41, r:0.00, omega:0.00, omega_m:-0.01, u:0.00, theta1:24.211, theta2:20.117, e:0.007
t:47.42, r:0.00, omega:0.00, omega_m:-0.01, u:0.00, theta1:24.211, theta2:20.117, e:0.006
t:47.43, r:0.00, omega:0.00, omega_m:-0.00, u:0.00, theta1:24.211, theta2:20.117, e:0.005
t:47.44, r:0.00, omega:0.00, omega_m:-0.00, u:0.00, theta1:24.211, theta2:20.117, e:0.004
t:47.45, r:0.00, omega:0.00, omega_m:-0.00, u:0.00, theta1:24.211, theta2:20.117, e:0.003
t:47.46, r:0.00, omega:0.00, omega_m:-0.00, u:0.00, theta1:24.211, theta2:20.117, e:0.003
t:47.47, r:0.00, omega:0.00, omega_m:-0.00, u:0.00, theta1:24.211, theta2:20.117, e:0.002
t:47.48, r:0.00, omega:0.00, omega_m:-0.00, u:0.00, theta1:24.211, theta2:20.117, e:0.002
t:47.49, r:0.00, omega:0.00, omega_m:-0.00, u:0.00, theta1:24.211, theta2:20.117, e:0.001
t:47.50, r:0.00, omega:0.00, omega_m:-0.00, u:0.00, theta1:24.211, theta2:20.117, e:0.001
t:47.51, r:0.00, omega:0.00, omega_m:-0.00, u:0.00, theta1:24.211, theta2:20.117, e:0.001
t:47.52, r:0.00, omega:0.00, omega_m:-0.00, u:0.00, theta1:24.211, theta2:20.117, e:0.001
t:47.53, r:0.00, omega:0.00, omega_m:-0.00, u:0.00, theta1:24.211, theta2:20.117, e:0.001
t:47.54, r:0.00, omega:0.00, omega_m:-0.00, u:0.00, theta1:24.211, theta2:20.117, e:0.001
t:47.55, r:0.00, omega:0.00, omega_m:-0.00, u:0.00, theta1:24.211, theta2:20.117, e:0.000
t:47.56, r:0.00, omega:0.00, omega_m:-0.00, u:0.00, theta1:24.211, theta2:20.117, e:0.000
t:47.57, r:0.00, omega:0.00, omega_m:-0.00, u:0.00, theta1:24.211, theta2:20.117, e:0.000
t:47.58, r:0.00, omega:0.00, omega_m:-0.00, u:0.00, theta1:24.211, theta2:20.117, e:0.000
t:47.59, r:0.00, omega:0.00, omega_m:-0.00, u:0.00, theta1:24.211, theta2:20.117, e:0.000
t:47.60, r:0.00, omega:0.00, omega_m:-0.00, u:0.00, theta1:24.211, theta2:20.117, e:0.000
t:47.61, r:0.00, omega:0.00, omega_m:-0.00, u:0.00, theta1:24.211, theta2:20.117, e:0.000
t:47.62, r:0.00, omega:0.00, omega_m:-0.00, u:0.00, theta1:24.211, theta2:20.117, e:0.000
t:47.63, r:0.00, omega:0.00, omega_m:-0.00, u:0.00, theta1:24.211, theta2:20.117, e:0.000
t:47.64, r:0.00, omega:0.00, omega_m:-0.00, u:0.00, theta1:24.211, theta2:20.117, e:0.000
t:47.65, r:0.00, omega:0.00, omega_m:-0.00, u:0.00, theta1:24.211, theta2:20.117, e:0.000
t:47.66, r:0.00, omega:0.00, omega_m:-0.00, u:0.00, theta1:24.211, theta2:20.117, e:0.000
t:47.67, r:0.00, omega:0.00, omega_m:-0.00, u:0.00, theta1:24.211, theta2:20.117, e:0.000
t:47.68, r:0.00, omega:0.00, omega_m:-0.00, u:0.00, theta1:24.211, theta2:20.117, e:0.000
t:47.69, r:0.00, omega:0.00, omega_m:-0.00, u:0.00, theta1:24.211, theta2:20.117, e:0.000
t:47.70, r:0.00, omega:0.00, omega_m:-0.00, u:0.00, theta1:24.211, theta2:20.117, e:0.000
t:47.71, r:0.00, omega:0.00, omega_m:-0.00, u:0.00, theta1:24.211, theta2:20.117, e:0.000
t:47.72, r:0.00, omega:0.00, omega_m:-0.00, u:0.00, theta1:24.211, theta2:20.117, e:0.000
t:47.73, r:0.00, omega:0.00, omega_m:-0.00, u:0.00, theta1:24.211, theta2:20.117, e:0.000
t:47.74, r:0.00, omega:0.00, omega_m:-0.00, u:0.00, theta1:24.211, theta2:20.117, e:0.000
t:47.75, r:0.00, omega:0.00, omega_m:-0.00, u:0.00, theta1:24.211, theta2:20.117, e:0.000
t:47.76, r:0.00, omega:0.00, omega_m:-0.00, u:0.00, theta1:24.211, theta2:20.117, e:0.000
t:47.77, r:0.00, omega:0.00, omega_m:-0.00, u:0.00, theta1:24.211, theta2:20.117, e:0.000
t:47.78, r:0.00, omega:0.00, omega_m:-0.00, u:0.00, theta1:24.211, theta2:20.117, e:0.000
t:47.79, r:0.00, omega:0.00, omega_m:-0.00, u:0.00, theta1:24.211, theta2:20.117, e:0.000
t:47.80, r:0.00, omega:0.00, omega_m:-0.00, u:0.00, theta1:24.211, theta2:20.117, e:0.000
t:47.81, r:0.00, omega:0.00, omega_m:-0.00, u:0.00, theta1:24.211, theta2:20.117, e:0.000
t:47.82, r:0.00, omega:0.00, omega_m:-0.00, u:0.00, theta1:24.211, theta2:20.117, e:0.000
t:47.83, r:0.00, omega:0.00, omega_m:-0.00, u:0.00, theta1:24.211, theta2:20.117, e:0.000
t:47.84, r:0.00, omega:0.00, omega_m:-0.00, u:0.00, theta1:24.211, theta2:20.117, e:0.000
t:47.85, r:0.00, omega:0.00, omega_m:-0.00, u:0.00, theta1:24.211, theta2:20.117, e:0.000
t:47.86, r:0.00, omega:0.00, omega_m:-0.00, u:0.00, theta1:24.211, theta2:20.117, e:0.000
t:47.87, r:0.00, omega:0.00, omega_m:-0.00, u:0.00, theta1:24.211, theta2:20.117, e:0.000
t:47.88, r:0.00, omega:0.00, omega_m:-0.00, u:0.00, theta1:24.211, theta2:20.117, e:0.000
t:47.89, r:0.00, omega:0.00, omega_m:-0.00, u:0.00, theta1:24.211, theta2:20.117, e:0.000
t:47.90, r:0.00, omega:0.00, omega_m:-0.00, u:0.00, theta1:24.211, theta2:20.117, e:0.000
t:47.91, r:0.00, omega:0.00, omega_m:-0.00, u:0.00, theta1:24.211, theta2:20.117, e:0.000
t:47.92, r:0.00, omega:0.00, omega_m:-0.00, u:0.00, theta1:24.211, theta2:20.117, e:0.000
t:47.93, r:0.00, omega:0.00, omega_m:-0.00, u:0.00, theta1:24.211, theta2:20.117, e:0.000
t:47.94, r:0.00, omega:0.00, omega_m:-0.00, u:0.00, theta1:24.211, theta2:20.117, e:0.000
t:47.95, r:0.00, omega:0.00, omega_m:-0.00, u:0.00, theta1:24.211, theta2:20.117, e:0.000
t:47.96, r:0.00, omega:0.00, omega_m:-0.00, u:0.00, theta1:24.211, theta2:20.117, e:0.000
t:47.97, r:0.00, omega:0.00, omega_m:-0.00, u:0.00, theta1:24.211, theta2:20.117, e:0.000
t:47.98, r:0.00, omega:0.00, omega_m:-0.00, u:0.00, theta1:24.211, theta2:20.117, e:0.000
t:47.99, r:0.00, omega:0.00, omega_m:-0.00, u:0.00, theta1:24.211, theta2:20.117, e:0.000
t:48.00, r:0.00, omega:0.00, omega_m:-0.00, u:0.00, theta1:24.211, theta2:20.117, e:0.000
t:48.01, r:25.00, omega:0.00, omega_m:4.53, u:605.42, theta1:24.217, theta2:20.117, e:-4.532
t:48.02, r:25.00, omega:0.00, omega_m:8.24, u:605.68, theta1:24.227, theta2:20.117, e:-8.242
t:48.03, r:25.00, omega:0.00, omega_m:11.28, u:606.03, theta1:24.241, theta2:20.117, e:-11.280
t:48.04, r:25.00, omega:0.44, omega_m:13.77, u:597.64, theta1:24.258, theta2:20.116, e:-13.329
t:48.05, r:25.00, omega:0.44, omega_m:15.80, u:598.12, theta1:24.277, theta2:20.116, e:-15.365
t:48.06, r:25.00, omega:30.36, omega_m:17.47, u:-4.74, theta1:24.261, theta2:20.136, e:12.887
t:48.07, r:25.00, omega:36.28, omega_m:18.84, u:-125.70, theta1:24.239, theta2:20.167, e:17.445
t:48.08, r:25.00, omega:36.28, omega_m:19.95, u:-127.28, theta1:24.219, theta2:20.197, e:16.328
t:48.09, r:25.00, omega:36.28, omega_m:20.87, u:-128.78, theta1:24.199, theta2:20.225, e:15.413
t:48.10, r:25.00, omega:36.28, omega_m:21.62, u:-130.20, theta1:24.181, theta2:20.251, e:14.664
t:48.11, r:25.00, omega:36.28, omega_m:22.23, u:-131.57, theta1:24.163, theta2:20.277, e:14.050
t:48.12, r:25.00, omega:36.28, omega_m:22.73, u:-132.88, theta1:24.147, theta2:20.301, e:13.548
t:48.13, r:25.00, omega:36.28, omega_m:23.14, u:-134.16, theta1:24.130, theta2:20.325, e:13.137
t:48.14, r:25.00, omega:36.28, omega_m:23.48, u:-135.40, theta1:24.114, theta2:20.348, e:12.801
t:48.15, r:25.00, omega:-6.58, omega_m:23.76, u:700.00, theta1:24.152, theta2:20.358, e:-30.335
t:48.16, r:25.00, omega:-6.58, omega_m:23.98, u:700.00, theta1:24.190, theta2:20.369, e:-30.560
t:48.17, r:25.00, omega:-6.58, omega_m:24.17, u:700.00, theta1:24.229, theta2:20.379, e:-30.745
t:48.18, r:25.00, omega:15.43, omega_m:24.32, u:291.61, theta1:24.240, theta2:20.372, e:-8.885
t:48.19, r:25.00, omega:15.43, omega_m:24.44, u:292.00, theta1:24.251, theta2:20.365, e:-9.009
t:48.20, r:25.00, omega:31.99, omega_m:24.54, u:-45.87, theta1:24.242, theta2:20.377, e:7.451
t:48.21, r:25.00, omega:31.99, omega_m:24.63, u:-46.48, theta1:24.233, theta2:20.389, e:7.368
t:48.22, r:25.00, omega:31.99, omega_m:24.69, u:-47.08, theta1:24.223, theta2:20.400, e:7.300
t:48.23, r:25.00, omega:15.26, omega_m:24.75, u:294.74, theta1:24.235, theta2:20.393, e:-9.491
t:48.24, r:25.00, omega:15.26, omega_m:24.79, u:295.15, theta1:24.247, theta2:20.386, e:-9.537
t:48.25, r:25.00, omega:15.26, omega_m:24.83, u:295.56, theta1:24.259, theta2:20.378, e:-9.574
t:48.26, r:25.00, omega:15.26, omega_m:24.86, u:295.97, theta1:24.271, theta2:20.371, e:-9.605
t:48.27, r:25.00, omega:15.26, omega_m:24.89, u:296.39, theta1:24.283, theta2:20.364, e:-9.630
t:48.28, r:25.00, omega:11.05, omega_m:24.91, u:382.52, theta1:24.301, theta2:20.356, e:-13.855
t:48.29, r:25.00, omega:11.05, omega_m:24.92, u:383.04, theta1:24.318, theta2:20.348, e:-13.871
t:48.30, r:25.00, omega:11.05, omega_m:24.94, u:383.56, theta1:24.335, theta2:20.341, e:-13.885
t:48.31, r:25.00, omega:19.61, omega_m:24.95, u:209.76, theta1:24.342, theta2:20.335, e:-5.339
t:48.32, r:25.00, omega:19.61, omega_m:24.96, u:210.03, theta1:24.349, theta2:20.330, e:-5.348
t:48.33, r:25.00, omega:23.82, omega_m:24.97, u:124.51, theta1:24.350, theta2:20.329, e:-1.145
t:48.34, r:25.00, omega:23.82, omega_m:24.97, u:124.57, theta1:24.351, theta2:20.328, e:-1.152
t:48.35, r:25.00, omega:23.82, omega_m:24.98, u:124.64, theta1:24.353, theta2:20.326, e:-1.157
t:48.36, r:25.00, omega:23.82, omega_m:24.98, u:124.71, theta1:24.354, theta2:20.325, e:-1.161
t:48.37, r:25.00, omega:14.78, omega_m:24.98, u:308.81, theta1:24.367, theta2:20.317, e:-10.201
t:48.38, r:25.00, omega:14.78, omega_m:24.99, u:309.24, theta1:24.380, theta2:20.310, e:-10.204
t:48.39, r:25.00, omega:14.78, omega_m:24.99, u:309.67, theta1:24.393, theta2:20.302, e:-10.206
t:48.40, r:25.00, omega:14.78, omega_m:24.99, u:310.10, theta1:24.405, theta2:20.295, e:-10.208
t:48.41, r:25.00, omega:12.64, omega_m:24.99, u:354.14, theta1:24.421, theta2:20.287, e:-12.355
t:48.42, r:25.00, omega:12.64, omega_m:24.99, u:354.62, theta1:24.436, theta2:20.279, e:-12.357
t:48.43, r:25.00, omega:19.98, omega_m:25.00, u:206.05, theta1:24.443, theta2:20.274, e:-5.018
t:48.44, r:25.00, omega:19.98, omega_m:25.00, u:206.31, theta1:24.449, theta2:20.269, e:-5.019
t:48.45, r:25.00, omega:19.98, omega_m:25.00, u:206.56, theta1:24.455, theta2:20.264, e:-5.020
t:48.46, r:25.00, omega:20.04, omega_m:25.00, u:205.50, theta1:24.461, theta2:20.259, e:-4.955
t:48.47, r:25.00, omega:20.04, omega_m:25.00, u:205.75, theta1:24.467, theta2:20.254, e:-4.956
t:48.48, r:25.00, omega:20.04, omega_m:25.00, u:206.01, theta1:24.474, theta2:20.249, e:-4.956
t:48.49, r:25.00, omega:15.18, omega_m:25.00, u:304.83, theta1:24.486, theta2:20.242, e:-9.816
t:48.50, r:25.00, omega:15.18, omega_m:25.00, u:305.25, theta1:24.498, theta2:20.234, e:-9.816
t:48.51, r:25.00, omega:15.18, omega_m:25.00, u:305.67, theta1:24.510, theta2:20.227, e:-9.817
t:48.52, r:25.00, omega:15.18, omega_m:25.00, u:306.09, theta1:24.523, theta2:20.219, e:-9.817
t:48.53, r:25.00, omega:16.92, omega_m:25.00, u:271.25, theta1:24.533, theta2:20.212, e:-8.076
t:48.54, r:25.00, omega:16.92, omega_m:25.00, u:271.62, theta1:24.543, theta2:20.206, e:-8.076
t:48.55, r:25.00, omega:18.83, omega_m:25.00, u:233.33, theta1:24.551, theta2:20.200, e:-6.166
t:48.56, r:25.00, omega:18.83, omega_m:25.00, u:233.63, theta1:24.558, theta2:20.194, e:-6.166
t:48.57, r:25.00, omega:18.83, omega_m:25.00, u:233.93, theta1:24.566, theta2:20.188, e:-6.166
t:48.58, r:25.00, omega:17.96, omega_m:25.00, u:251.94, theta1:24.575, theta2:20.182, e:-7.041
t:48.59, r:25.00, omega:17.96, omega_m:25.00, u:252.27, theta1:24.584, theta2:20.175, e:-7.041
t:48.60, r:25.00, omega:17.96, omega_m:25.00, u:252.60, theta1:24.592, theta2:20.169, e:-7.041
t:48.61, r:25.00, omega:17.49, omega_m:25.00, u:262.44, theta1:24.602, theta2:20.163, e:-7.512
t:48.62, r:25.00, omega:17.49, omega_m:25.00, u:262.79, theta1:24.611, theta2:20.156, e:-7.512
t:48.63, r:25.00, omega:17.49, omega_m:25.00, u:263.14, theta1:24.621, theta2:20.149, e:-7.512
t:48.64, r:25.00, omega:16.69, omega_m:25.00, u:279.50, theta1:24.631, theta2:20.143, e:-8.305
t:48.65, r:25.00, omega:16.69, omega_m:25.00, u:279.87, theta1:24.641, theta2:20.136, e:-8.305
t:48.66, r:25.00, omega:16.69, omega_m:25.00, u:280.25, theta1:24.652, theta2:20.129, e:-8.305
t:48.67, r:25.00, omega:17.73, omega_m:25.00, u:259.85, theta1:24.661, theta2:20.122, e:-7.275
t:48.68, r:25.00, omega:17.73, omega_m:25.00, u:260.20, theta1:24.670, theta2:20.116, e:-7.275
t:48.69, r:25.00, omega:17.73, omega_m:25.00, u:260.54, theta1:24.679, theta2:20.109, e:-7.275
t:48.70, r:25.00, omega:18.84, omega_m:25.00, u:238.52, theta1:24.687, theta2:20.104, e:-6.165
t:48.71, r:25.00, omega:18.84, omega_m:25.00, u:238.82, theta1:24.694, theta2:20.098, e:-6.165
t:48.72, r:25.00, omega:18.84, omega_m:25.00, u:239.12, theta1:24.702, theta2:20.092, e:-6.165
t:48.73, r:25.00, omega:18.07, omega_m:25.00, u:254.90, theta1:24.711, theta2:20.086, e:-6.934
t:48.74, r:25.00, omega:18.07, omega_m:25.00, u:255.23, theta1:24.719, theta2:20.079, e:-6.934
t:48.75, r:25.00, omega:18.07, omega_m:25.00, u:255.56, theta1:24.728, theta2:20.073, e:-6.934
t:48.76, r:25.00, omega:16.15, omega_m:25.00, u:294.40, theta1:24.739, theta2:20.066, e:-8.849
t:48.77, r:25.00, omega:16.15, omega_m:25.00, u:294.79, theta1:24.750, theta2:20.059, e:-8.849
t:48.78, r:25.00, omega:16.15, omega_m:25.00, u:295.18, theta1:24.761, theta2:20.052, e:-8.849
t:48.79, r:25.00, omega:18.03, omega_m:25.00, u:257.87, theta1:24.770, theta2:20.045, e:-6.972
t:48.80, r:25.00, omega:18.03, omega_m:25.00, u:258.20, theta1:24.779, theta2:20.039, e:-6.972
t:48.81, r:25.00, omega:18.03, omega_m:25.00, u:258.53, theta1:24.787, theta2:20.033, e:-6.972
t:48.82, r:25.00, omega:19.82, omega_m:25.00, u:222.97, theta1:24.794, theta2:20.028, e:-5.183
t:48.83, r:25.00, omega:19.82, omega_m:25.00, u:223.23, theta1:24.800, theta2:20.023, e:-5.183
t:48.84, r:25.00, omega:19.82, omega_m:25.00, u:223.49, theta1:24.807, theta2:20.017, e:-5.183
t:48.85, r:25.00, omega:17.27, omega_m:25.00, u:274.77, theta1:24.817, theta2:20.011, e:-7.727
t:48.86, r:25.00, omega:17.27, omega_m:25.00, u:275.12, theta1:24.826, theta2:20.004, e:-7.727
t:48.87, r:25.00, omega:17.27, omega_m:25.00, u:275.48, theta1:24.836, theta2:19.997, e:-7.727
t:48.88, r:25.00, omega:15.76, omega_m:25.00, u:306.17, theta1:24.847, theta2:19.990, e:-9.241
t:48.89, r:25.00, omega:15.76, omega_m:25.00, u:306.57, theta1:24.859, theta2:19.983, e:-9.241
t:48.90, r:25.00, omega:15.76, omega_m:25.00, u:306.98, theta1:24.871, theta2:19.976, e:-9.241
t:48.91, r:25.00, omega:20.72, omega_m:25.00, u:208.03, theta1:24.876, theta2:19.971, e:-4.277
t:48.92, r:25.00, omega:20.72, omega_m:25.00, u:208.25, theta1:24.881, theta2:19.967, e:-4.277
t:48.93, r:25.00, omega:19.16, omega_m:25.00, u:239.76, theta1:24.889, theta2:19.961, e:-5.840
t:48.94, r:25.00, omega:19.16, omega_m:25.00, u:240.05, theta1:24.896, theta2:19.956, e:-5.840
t:48.95, r:25.00, omega:19.16, omega_m:25.00, u:240.34, theta1:24.903, theta2:19.950, e:-5.840
t:48.96, r:25.00, omega:19.16, omega_m:25.00, u:240.63, theta1:24.910, theta2:19.944, e:-5.840
t:48.97, r:25.00, omega:16.14, omega_m:25.00, u:301.34, theta1:24.922, theta2:19.937, e:-8.864
t:48.98, r:25.00, omega:16.14, omega_m:25.00, u:301.73, theta1:24.933, theta2:19.930, e:-8.864
t:48.99, r:25.00, omega:16.14, omega_m:25.00, u:302.13, theta1:24.944, theta2:19.923, e:-8.864
t:49.00, r:25.00, omega:16.88, omega_m:25.00, u:287.70, theta1:24.954, theta2:19.916, e:-8.122
t:49.01, r:0.00, omega:16.88, omega_m:20.47, u:0.00, theta1:24.954, theta2:19.913, e:-3.590
t:49.02, r:0.00, omega:16.88, omega_m:16.76, u:0.00, theta1:24.954, theta2:19.913, e:0.120
t:49.03, r:0.00, omega:18.51, omega_m:13.72, u:0.00, theta1:24.954, theta2:19.918, e:4.792
t:49.04, r:0.00, omega:18.51, omega_m:11.23, u:0.00, theta1:24.954, theta2:19.924, e:7.279
t:49.05, r:0.00, omega:18.51, omega_m:9.20, u:0.00, theta1:24.954, theta2:19.933, e:9.315
t:49.06, r:0.00, omega:18.51, omega_m:7.53, u:0.00, theta1:24.954, theta2:19.943, e:10.982
t:49.07, r:0.00, omega:18.51, omega_m:6.16, u:0.00, theta1:24.954, theta2:19.954, e:12.347
t:49.08, r:0.00, omega:18.51, omega_m:5.05, u:0.00, theta1:24.954, theta2:19.967, e:13.465
t:49.09, r:0.00, omega:18.51, omega_m:4.13, u:0.00, theta1:24.954, theta2:19.980, e:14.380
t:49.10, r:0.00, omega:18.51, omega_m:3.38, u:0.00, theta1:24.954, theta2:19.994, e:15.129
t:49.11, r:0.00, omega:18.51, omega_m:2.77, u:0.00, theta1:24.954, theta2:20.009, e:15.742
t:49.12, r:0.00, omega:18.51, omega_m:2.27, u:0.00, theta1:24.954, theta2:20.024, e:16.244
t:49.13, r:0.00, omega:18.51, omega_m:1.86, u:0.00, theta1:24.954, theta2:20.039, e:16.655
t:49.14, r:0.00, omega:18.51, omega_m:1.52, u:0.00, theta1:24.954, theta2:20.055, e:16.992
t:49.15, r:0.00, omega:18.51, omega_m:1.24, u:0.00, theta1:24.954, theta2:20.071, e:17.268
t:49.16, r:0.00, omega:18.51, omega_m:1.02, u:0.00, theta1:24.954, theta2:20.087, e:17.493
t:49.17, r:0.00, omega:18.51, omega_m:0.83, u:0.00, theta1:24.954, theta2:20.104, e:17.678
t:49.18, r:0.00, omega:18.51, omega_m:0.68, u:0.00, theta1:24.954, theta2:20.120, e:17.829
t:49.19, r:0.00, omega:18.51, omega_m:0.56, u:0.00, theta1:24.954, theta2:20.137, e:17.953
t:49.20, r:0.00, omega:18.51, omega_m:0.46, u:0.00, theta1:24.954, theta2:20.153, e:18.054
t:49.21, r:0.00, omega:18.51, omega_m:0.37, u:0.00, theta1:24.954, theta2:20.170, e:18.137
t:49.22, r:0.00, omega:18.51, omega_m:0.31, u:0.00, theta1:24.954, theta2:20.187, e:18.205
t:49.23, r:0.00, omega:18.51, omega_m:0.25, u:0.00, theta1:24.954, theta2:20.204, e:18.261
t:49.24, r:0.00, omega:18.51, omega_m:0.21, u:0.00, theta1:24.954, theta2:20.221, e:18.306
t:49.25, r:0.00, omega:18.51, omega_m:0.17, u:0.00, theta1:24.954, theta2:20.238, e:18.344
t:49.26, r:0.00, omega:18.51, omega_m:0.14, u:0.00, theta1:24.954, theta2:20.255, e:18.374
t:49.27, r:0.00, omega:18.51, omega_m:0.11, u:0.00, theta1:24.954, theta2:20.272, e:18.399
t:49.28, r:0.00, omega:18.51, omega_m:0.09, u:0.00, theta1:24.954, theta2:20.289, e:18.420
t:49.29, r:0.00, omega:18.51, omega_m:0.08, u:0.00, theta1:24.954, theta2:20.306, e:18.437
t:49.30, r:0.00, omega:18.51, omega_m:0.06, u:0.00, theta1:24.954, theta2:20.323, e:18.450
t:49.31, r:0.00, omega:18.51, omega_m:0.05, u:0.00, theta1:24.954, theta2:20.340, e:18.461
t:49.32, r:0.00, omega:18.51, omega_m:0.04, u:0.00, theta1:24.954, theta2:20.357, e:18.471
t:49.33, r:0.00, omega:18.51, omega_m:0.03, u:0.00, theta1:24.954, theta2:20.374, e:18.478
t:49.34, r:0.00, omega:18.51, omega_m:0.03, u:0.00, theta1:24.954, theta2:20.391, e:18.484
t:49.35, r:0.00, omega:18.51, omega_m:0.02, u:0.00, theta1:24.954, theta2:20.409, e:18.489
t:49.36, r:0.00, omega:18.51, omega_m:0.02, u:0.00, theta1:24.954, theta2:20.426, e:18.494
t:49.37, r:0.00, omega:18.51, omega_m:0.02, u:0.00, theta1:24.954, theta2:20.443, e:18.497
t:49.38, r:0.00, omega:18.51, omega_m:0.01, u:0.00, theta1:24.954, theta2:20.460, e:18.500
t:49.39, r:0.00, omega:18.51, omega_m:0.01, u:0.00, theta1:24.954, theta2:20.477, e:18.502
t:49.40, r:0.00, omega:18.51, omega_m:0.01, u:0.00, theta1:24.954, theta2:20.494, e:18.504
t:49.41, r:0.00, omega:18.51, omega_m:0.01, u:0.00, theta1:24.954, theta2:20.511, e:18.505
t:49.42, r:0.00, omega:18.51, omega_m:0.01, u:0.00, theta1:24.954, theta2:20.528, e:18.507
t:49.43, r:0.00, omega:18.51, omega_m:0.00, u:0.00, theta1:24.954, theta2:20.546, e:18.508
t:49.44, r:0.00, omega:18.51, omega_m:0.00, u:0.00, theta1:24.954, theta2:20.563, e:18.508
t:49.45, r:0.00, omega:18.51, omega_m:0.00, u:0.00, theta1:24.954, theta2:20.580, e:18.509
t:49.46, r:0.00, omega:18.51, omega_m:0.00, u:0.00, theta1:24.954, theta2:20.597, e:18.510
t:49.47, r:0.00, omega:18.51, omega_m:0.00, u:0.00, theta1:24.954, theta2:20.614, e:18.510
t:49.48, r:0.00, omega:18.51, omega_m:0.00, u:0.00, theta1:24.954, theta2:20.631, e:18.510
t:49.49, r:0.00, omega:18.51, omega_m:0.00, u:0.00, theta1:24.954, theta2:20.648, e:18.511
t:49.50, r:0.00, omega:18.51, omega_m:0.00, u:0.00, theta1:24.954, theta2:20.666, e:18.511
t:49.51, r:0.00, omega:18.51, omega_m:0.00, u:0.00, theta1:24.954, theta2:20.683, e:18.511
t:49.52, r:0.00, omega:18.51, omega_m:0.00, u:0.00, theta1:24.954, theta2:20.700, e:18.511
t:49.53, r:0.00, omega:0.00, omega_m:0.00, u:0.00, theta1:24.954, theta2:20.700, e:-0.001
t:49.54, r:0.00, omega:0.00, omega_m:0.00, u:0.00, theta1:24.954, theta2:20.700, e:-0.001
t:49.55, r:0.00, omega:0.00, omega_m:0.00, u:0.00, theta1:24.954, theta2:20.700, e:-0.000
t:49.56, r:0.00, omega:0.00, omega_m:0.00, u:0.00, theta1:24.954, theta2:20.700, e:-0.000
t:49.57, r:0.00, omega:0.00, omega_m:0.00, u:0.00, theta1:24.954, theta2:20.700, e:-0.000
t:49.58, r:0.00, omega:0.00, omega_m:0.00, u:0.00, theta1:24.954, theta2:20.700, e:-0.000
t:49.59, r:0.00, omega:0.00, omega_m:0.00, u:0.00, theta1:24.954, theta2:20.700, e:-0.000
t:49.60, r:0.00, omega:0.00, omega_m:0.00, u:0.00, theta1:24.954, theta2:20.700, e:-0.000
t:49.61, r:0.00, omega:0.00, omega_m:0.00, u:0.00, theta1:24.954, theta2:20.700, e:-0.000
t:49.62, r:0.00, omega:0.00, omega_m:0.00, u:0.00, theta1:24.954, theta2:20.700, e:-0.000
t:49.63, r:0.00, omega:0.00, omega_m:0.00, u:0.00, theta1:24.954, theta2:20.700, e:-0.000
t:49.64, r:0.00, omega:0.00, omega_m:0.00, u:0.00, theta1:24.954, theta2:20.700, e:-0.000
t:49.65, r:0.00, omega:0.00, omega_m:0.00, u:0.00, theta1:24.954, theta2:20.700, e:-0.000
t:49.66, r:0.00, omega:0.00, omega_m:0.00, u:0.00, theta1:24.954, theta2:20.700, e:-0.000
t:49.67, r:0.00, omega:0.00, omega_m:0.00, u:0.00, theta1:24.954, theta2:20.700, e:-0.000
t:49.68, r:0.00, omega:0.00, omega_m:0.00, u:0.00, theta1:24.954, theta2:20.700, e:-0.000
t:49.69, r:0.00, omega:0.00, omega_m:0.00, u:0.00, theta1:24.954, theta2:20.700, e:-0.000
t:49.70, r:0.00, omega:0.00, omega_m:0.00, u:0.00, theta1:24.954, theta2:20.700, e:-0.000
t:49.71, r:0.00, omega:0.00, omega_m:0.00, u:0.00, theta1:24.954, theta2:20.700, e:-0.000
t:49.72, r:0.00, omega:0.00, omega_m:0.00, u:0.00, theta1:24.954, theta2:20.700, e:-0.000
t:49.73, r:0.00, omega:0.00, omega_m:0.00, u:0.00, theta1:24.954, theta2:20.700, e:-0.000
t:49.74, r:0.00, omega:0.00, omega_m:0.00, u:0.00, theta1:24.954, theta2:20.700, e:-0.000
t:49.75, r:0.00, omega:0.00, omega_m:0.00, u:0.00, theta1:24.954, theta2:20.700, e:-0.000
t:49.76, r:0.00, omega:0.00, omega_m:0.00, u:0.00, theta1:24.954, theta2:20.700, e:-0.000
t:49.77, r:0.00, omega:0.00, omega_m:0.00, u:0.00, theta1:24.954, theta2:20.700, e:-0.000
t:49.78, r:0.00, omega:0.00, omega_m:0.00, u:0.00, theta1:24.954, theta2:20.700, e:-0.000
t:49.79, r:0.00, omega:0.00, omega_m:0.00, u:0.00, theta1:24.954, theta2:20.700, e:-0.000
t:49.80, r:0.00, omega:0.00, omega_m:0.00, u:0.00, theta1:24.954, theta2:20.700, e:-0.000
t:49.81, r:0.00, omega:0.00, omega_m:0.00, u:0.00, theta1:24.954, theta2:20.700, e:-0.000
t:49.82, r:0.00, omega:0.00, omega_m:0.00, u:0.00, theta1:24.954, theta2:20.700, e:-0.000
t:49.83, r:0.00, omega:0.00, omega_m:0.00, u:0.00, theta1:24.954, theta2:20.700, e:-0.000
t:49.84, r:0.00, omega:0.00, omega_m:0.00, u:0.00, theta1:24.954, theta2:20.700, e:-0.000
t:49.85, r:0.00, omega:0.00, omega_m:0.00, u:0.00, theta1:24.954, theta2:20.700, e:-0.000
t:49.86, r:0.00, omega:0.00, omega_m:0.00, u:0.00, theta1:24.954, theta2:20.700, e:-0.000
t:49.87, r:0.00, omega:0.00, omega_m:0.00, u:0.00, theta1:24.954, theta2:20.700, e:-0.000
t:49.88, r:0.00, omega:0.00, omega_m:0.00, u:0.00, theta1:24.954, theta2:20.700, e:-0.000
t:49.89, r:0.00, omega:0.00, omega_m:0.00, u:0.00, theta1:24.954, theta2:20.700, e:-0.000
t:49.90, r:0.00, omega:0.00, omega_m:0.00, u:0.00, theta1:24.954, theta2:20.700, e:-0.000
t:49.91, r:0.00, omega:0.00, omega_m:0.00, u:0.00, theta1:24.954, theta2:20.700, e:-0.000
t:49.92, r:0.00, omega:0.00, omega_m:0.00, u:0.00, theta1:24.954, theta2:20.700, e:-0.000
t:49.93, r:0.00, omega:0.00, omega_m:0.00, u:0.00, theta1:24.954, theta2:20.700, e:-0.000
t:49.94, r:0.00, omega:0.00, omega_m:0.00, u:0.00, theta1:24.954, theta2:20.700, e:-0.000
t:49.95, r:0.00, omega:0.00, omega_m:0.00, u:0.00, theta1:24.954, theta2:20.700, e:-0.000
t:49.96, r:0.00, omega:0.00, omega_m:0.00, u:0.00, theta1:24.954, theta2:20.700, e:-0.000
t:49.97, r:0.00, omega:0.00, omega_m:0.00, u:0.00, theta1:24.954, theta2:20.700, e:-0.000
t:49.98, r:0.00, omega:0.00, omega_m:0.00, u:0.00, theta1:24.954, theta2:20.700, e:-0.000
t:49.99, r:0.00, omega:0.00, omega_m:0.00, u:0.00, theta1:24.954, theta2:20.700, e:-0.000
t:50.00, r:0.00, omega:0.00, omega_m:0.00, u:0.00, theta1:24.954, theta2:20.700, e:-0.000
t:50.01, r:-25.00, omega:0.00, omega_m:-4.53, u:-623.99, theta1:24.960, theta2:20.700, e:4.532
t:50.02, r:-25.00, omega:0.00, omega_m:-8.24, u:-624.25, theta1:24.970, theta2:20.700, e:8.242
t:50.03, r:-25.00, omega:0.00, omega_m:-11.28, u:-624.60, theta1:24.984, theta2:20.700, e:11.280
t:50.04, r:-25.00, omega:-0.51, omega_m:-13.77, u:-614.38, theta1:25.000, theta2:20.699, e:13.253
t:50.05, r:-25.00, omega:-0.51, omega_m:-15.80, u:-614.85, theta1:25.020, theta2:20.699, e:15.289
t:50.06, r:-25.00, omega:-33.64, omega_m:-17.47, u:72.28, theta1:24.999, theta2:20.726, e:-16.172
t:50.07, r:-25.00, omega:-35.78, omega_m:-18.84, u:118.31, theta1:24.978, theta2:20.757, e:-16.949
t:50.08, r:-25.00, omega:-35.78, omega_m:-19.95, u:119.82, theta1:24.958, theta2:20.785, e:-15.832
t:50.09, r:-25.00, omega:-35.78, omega_m:-20.87, u:121.24, theta1:24.940, theta2:20.812, e:-14.917
t:50.10, r:-25.00, omega:-35.78, omega_m:-21.62, u:122.59, theta1:24.922, theta2:20.837, e:-14.168
t:50.11, r:-25.00, omega:-35.78, omega_m:-22.23, u:123.88, theta1:24.905, theta2:20.861, e:-13.555
t:50.12, r:-25.00, omega:-35.78, omega_m:-22.73, u:125.12, theta1:24.889, theta2:20.885, e:-13.052
t:50.13, r:-25.00, omega:9.49, omega_m:-23.14, u:-700.00, theta1:24.930, theta2:20.900, e:32.629
t:50.14, r:-25.00, omega:9.49, omega_m:-23.48, u:-700.00, theta1:24.971, theta2:20.916, e:32.966
t:50.15, r:-25.00, omega:9.49, omega_m:-23.76, u:-700.00, theta1:25.012, theta2:20.931, e:33.241
t:50.16, r:-25.00, omega:-16.94, omega_m:-23.98, u:-271.13, theta1:25.021, theta2:20.925, e:7.045
t:50.17, r:-25.00, omega:-16.94, omega_m:-24.17, u:-271.46, theta1:25.030, theta2:20.919, e:7.229
t:50.18, r:-25.00, omega:-33.19, omega_m:-24.32, u:69.23, theta1:25.019, theta2:20.934, e:-8.868
t:50.19, r:-25.00, omega:-33.19, omega_m:-24.44, u:69.98, theta1:25.008, theta2:20.949, e:-8.745
t:50.20, r:-25.00, omega:-22.28, omega_m:-24.54, u:-158.56, theta1:25.011, theta2:20.946, e:2.260
t:50.21, r:-25.00, omega:-22.28, omega_m:-24.63, u:-158.69, theta1:25.014, theta2:20.943, e:2.343
t:50.22, r:-25.00, omega:-22.28, omega_m:-24.69, u:-158.83, theta1:25.017, theta2:20.941, e:2.411
t:50.23, r:-25.00, omega:-22.28, omega_m:-24.75, u:-158.97, theta1:25.020, theta2:20.938, e:2.467
t:50.24, r:-25.00, omega:-22.28, omega_m:-24.79, u:-159.11, theta1:25.023, theta2:20.935, e:2.513
t:50.25, r:-25.00, omega:-22.28, omega_m:-24.83, u:-159.25, theta1:25.026, theta2:20.932, e:2.550
t:50.26, r:-25.00, omega:-8.38, omega_m:-24.86, u:-450.91, theta1:25.047, theta2:20.925, e:16.487
t:50.27, r:-25.00, omega:-8.38, omega_m:-24.89, u:-451.48, theta1:25.068, theta2:20.919, e:16.512
t:50.28, r:-25.00, omega:-8.38, omega_m:-24.91, u:-452.06, theta1:25.088, theta2:20.912, e:16.532
t:50.29, r:-25.00, omega:-17.18, omega_m:-24.92, u:-268.26, theta1:25.098, theta2:20.905, e:7.742
t:50.30, r:-25.00, omega:-17.18, omega_m:-24.94, u:-268.62, theta1:25.108, theta2:20.898, e:7.756
t:50.31, r:-25.00, omega:-25.94, omega_m:-24.95, u:-85.61, theta1:25.106, theta2:20.900, e:-0.987
t:50.32, r:-25.00, omega:-25.94, omega_m:-24.96, u:-85.54, theta1:25.105, theta2:20.901, e:-0.978
t:50.33, r:-25.00, omega:-25.94, omega_m:-24.97, u:-85.48, theta1:25.104, theta2:20.902, e:-0.970
t:50.34, r:-25.00, omega:-25.94, omega_m:-24.97, u:-85.42, theta1:25.103, theta2:20.903, e:-0.964
t:50.35, r:-25.00, omega:-15.09, omega_m:-24.98, u:-312.66, theta1:25.115, theta2:20.896, e:9.892
t:50.36, r:-25.00, omega:-15.09, omega_m:-24.98, u:-313.08, theta1:25.127, theta2:20.888, e:9.896
t:50.37, r:-25.00, omega:-15.09, omega_m:-24.98, u:-313.50, theta1:25.140, theta2:20.881, e:9.899
t:50.38, r:-25.00, omega:-15.09, omega_m:-24.99, u:-313.92, theta1:25.152, theta2:20.873, e:9.902
t:50.39, r:-25.00, omega:-12.21, omega_m:-24.99, u:-374.45, theta1:25.168, theta2:20.866, e:12.781
t:50.40, r:-25.00, omega:-12.21, omega_m:-24.99, u:-374.95, theta1:25.184, theta2:20.858, e:12.783
t:50.41, r:-25.00, omega:-12.21, omega_m:-24.99, u:-375.44, theta1:25.200, theta2:20.850, e:12.784
t:50.42, r:-25.00, omega:-21.22, omega_m:-24.99, u:-187.81, theta1:25.205, theta2:20.846, e:3.776
t:50.43, r:-25.00, omega:-21.22, omega_m:-25.00, u:-188.01, theta1:25.210, theta2:20.842, e:3.777
t:50.44, r:-25.00, omega:-23.48, omega_m:-25.00, u:-141.05, theta1:25.212, theta2:20.840, e:1.521
t:50.45, r:-25.00, omega:-23.48, omega_m:-25.00, u:-141.14, theta1:25.213, theta2:20.838, e:1.521
t:50.46, r:-25.00, omega:-23.48, omega_m:-25.00, u:-141.23, theta1:25.215, theta2:20.837, e:1.522
t:50.47, r:-25.00, omega:-15.97, omega_m:-25.00, u:-298.10, theta1:25.227, theta2:20.829, e:9.032
t:50.48, r:-25.00, omega:-15.97, omega_m:-25.00, u:-298.49, theta1:25.238, theta2:20.822, e:9.032
t:50.49, r:-25.00, omega:-15.97, omega_m:-25.00, u:-298.89, theta1:25.249, theta2:20.815, e:9.032
t:50.50, r:-25.00, omega:-15.97, omega_m:-25.00, u:-299.29, theta1:25.260, theta2:20.808, e:9.033
t:50.51, r:-25.00, omega:-14.49, omega_m:-25.00, u:-330.54, theta1:25.274, theta2:20.800, e:10.514
t:50.52, r:-25.00, omega:-14.49, omega_m:-25.00, u:-330.98, theta1:25.287, theta2:20.793, e:10.514
t:50.53, r:-25.00, omega:-19.39, omega_m:-25.00, u:-229.33, theta1:25.294, theta2:20.787, e:5.612
t:50.54, r:-25.00, omega:-19.39, omega_m:-25.00, u:-229.61, theta1:25.301, theta2:20.782, e:5.612
t:50.55, r:-25.00, omega:-19.39, omega_m:-25.00, u:-229.89, theta1:25.308, theta2:20.776, e:5.612
t:50.56, r:-25.00, omega:-21.55, omega_m:-25.00, u:-185.10, theta1:25.312, theta2:20.773, e:3.447
t:50.57, r:-25.00, omega:-21.55, omega_m:-25.00, u:-185.29, theta1:25.316, theta2:20.769, e:3.447
t:50.58, r:-25.00, omega:-21.55, omega_m:-25.00, u:-185.47, theta1:25.321, theta2:20.765, e:3.447
t:50.59, r:-25.00, omega:-15.85, omega_m:-25.00, u:-304.33, theta1:25.332, theta2:20.758, e:9.152
t:50.60, r:-25.00, omega:-15.85, omega_m:-25.00, u:-304.74, theta1:25.344, theta2:20.751, e:9.152
t:50.61, r:-25.00, omega:-15.85, omega_m:-25.00, u:-305.14, theta1:25.355, theta2:20.743, e:9.152
t:50.62, r:-25.00, omega:-15.85, omega_m:-25.00, u:-305.54, theta1:25.366, theta2:20.736, e:9.152
t:50.63, r:-25.00, omega:-15.41, omega_m:-25.00, u:-314.96, theta1:25.378, theta2:20.729, e:9.586
t:50.64, r:-25.00, omega:-15.41, omega_m:-25.00, u:-315.37, theta1:25.390, theta2:20.721, e:9.586
t:50.65, r:-25.00, omega:-20.05, omega_m:-25.00, u:-219.57, theta1:25.397, theta2:20.716, e:4.951
t:50.66, r:-25.00, omega:-20.05, omega_m:-25.00, u:-219.83, theta1:25.403, theta2:20.711, e:4.951
t:50.67, r:-25.00, omega:-20.05, omega_m:-25.00, u:-220.08, theta1:25.409, theta2:20.707, e:4.951
t:50.68, r:-25.00, omega:-21.27, omega_m:-25.00, u:-195.08, theta1:25.414, theta2:20.703, e:3.734
t:50.69, r:-25.00, omega:-21.27, omega_m:-25.00, u:-195.28, theta1:25.418, theta2:20.699, e:3.734
t:50.70, r:-25.00, omega:-21.27, omega_m:-25.00, u:-195.48, theta1:25.423, theta2:20.695, e:3.734
t:50.71, r:-25.00, omega:-15.72, omega_m:-25.00, u:-310.60, theta1:25.435, theta2:20.687, e:9.277
t:50.72, r:-25.00, omega:-15.72, omega_m:-25.00, u:-311.01, theta1:25.446, theta2:20.680, e:9.277
t:50.73, r:-25.00, omega:-15.72, omega_m:-25.00, u:-311.41, theta1:25.458, theta2:20.673, e:9.277
t:50.74, r:-25.00, omega:-16.09, omega_m:-25.00, u:-304.14, theta1:25.469, theta2:20.666, e:8.907
t:50.75, r:-25.00, omega:-16.09, omega_m:-25.00, u:-304.54, theta1:25.480, theta2:20.658, e:8.907
t:50.76, r:-25.00, omega:-16.09, omega_m:-25.00, u:-304.93, theta1:25.491, theta2:20.651, e:8.907
t:50.77, r:-25.00, omega:-20.65, omega_m:-25.00, u:-211.10, theta1:25.497, theta2:20.647, e:4.352
t:50.78, r:-25.00, omega:-20.65, omega_m:-25.00, u:-211.33, theta1:25.502, theta2:20.642, e:4.352
t:50.79, r:-25.00, omega:-21.34, omega_m:-25.00, u:-197.24, theta1:25.507, theta2:20.638, e:3.660
t:50.80, r:-25.00, omega:-21.34, omega_m:-25.00, u:-197.44, theta1:25.511, theta2:20.634, e:3.660
t:50.81, r:-25.00, omega:-21.34, omega_m:-25.00, u:-197.64, theta1:25.516, theta2:20.631, e:3.660
t:50.82, r:-25.00, omega:-21.34, omega_m:-25.00, u:-197.84, theta1:25.520, theta2:20.627, e:3.660
t:50.83, r:-25.00, omega:-15.35, omega_m:-25.00, u:-321.80, theta1:25.532, theta2:20.619, e:9.650
t:50.84, r:-25.00, omega:-15.35, omega_m:-25.00, u:-322.22, theta1:25.545, theta2:20.612, e:9.650
t:50.85, r:-25.00, omega:-15.35, omega_m:-25.00, u:-322.63, theta1:25.557, theta2:20.604, e:9.650
t:50.86, r:-25.00, omega:-15.73, omega_m:-25.00, u:-315.31, theta1:25.568, theta2:20.597, e:9.275
t:50.87, r:-25.00, omega:-15.73, omega_m:-25.00, u:-315.72, theta1:25.580, theta2:20.590, e:9.275
t:50.88, r:-25.00, omega:-20.85, omega_m:-25.00, u:-210.44, theta1:25.585, theta2:20.585, e:4.151
t:50.89, r:-25.00, omega:-20.85, omega_m:-25.00, u:-210.66, theta1:25.590, theta2:20.581, e:4.151
t:50.90, r:-25.00, omega:-20.85, omega_m:-25.00, u:-210.88, theta1:25.595, theta2:20.577, e:4.151
t:50.91, r:-25.00, omega:-21.12, omega_m:-25.00, u:-205.52, theta1:25.600, theta2:20.573, e:3.880
t:50.92, r:-25.00, omega:-21.12, omega_m:-25.00, u:-205.72, theta1:25.605, theta2:20.569, e:3.880
t:50.93, r:-25.00, omega:-21.12, omega_m:-25.00, u:-205.93, theta1:25.610, theta2:20.565, e:3.880
t:50.94, r:-25.00, omega:-21.12, omega_m:-25.00, u:-206.14, theta1:25.615, theta2:20.560, e:3.880
t:50.95, r:-25.00, omega:-14.68, omega_m:-25.00, u:-338.91, theta1:25.628, theta2:20.553, e:10.317
t:50.96, r:-25.00, omega:-14.68, omega_m:-25.00, u:-339.35, theta1:25.641, theta2:20.545, e:10.317
t:50.97, r:-25.00, omega:-14.68, omega_m:-25.00, u:-339.78, theta1:25.653, theta2:20.538, e:10.317
t:50.98, r:-25.00, omega:-16.75, omega_m:-25.00, u:-297.61, theta1:25.664, theta2:20.531, e:8.245
t:50.99, r:-25.00, omega:-16.75, omega_m:-25.00, u:-297.98, theta1:25.674, theta2:20.524, e:8.245
t:51.00, r:-25.00, omega:-21.41, omega_m:-25.00, u:-202.60, theta1:25.679, theta2:20.520, e:3.588
t:51.01, r:0.00, omega:-21.41, omega_m:-20.47, u:0.00, theta1:25.679, theta2:20.521, e:-0.943
t:51.02, r:0.00, omega:-21.41, omega_m:-16.76, u:0.00, theta1:25.679, theta2:20.526, e:-4.654
t:51.03, r:0.00, omega:-17.22, omega_m:-13.72, u:0.00, theta1:25.679, theta2:20.529, e:-3.495
t:51.04, r:0.00, omega:-17.22, omega_m:-11.23, u:0.00, theta1:25.679, theta2:20.534, e:-5.982
t:51.05, r:0.00, omega:-17.22, omega_m:-9.20, u:0.00, theta1:25.679, theta2:20.541, e:-8.018
t:51.06, r:0.00, omega:-17.22, omega_m:-7.53, u:0.00, theta1:25.679, theta2:20.549, e:-9.685
t:51.07, r:0.00, omega:-17.22, omega_m:-6.16, u:0.00, theta1:25.679, theta2:20.559, e:-11.050
t:51.08, r:0.00, omega:-17.22, omega_m:-5.05, u:0.00, theta1:25.679, theta2:20.569, e:-12.168
t:51.09, r:0.00, omega:-17.22, omega_m:-4.13, u:0.00, theta1:25.679, theta2:20.581, e:-13.083
t:51.10, r:0.00, omega:-17.22, omega_m:-3.38, u:0.00, theta1:25.679, theta2:20.593, e:-13.832
t:51.11, r:0.00, omega:-17.22, omega_m:-2.77, u:0.00, theta1:25.679, theta2:20.605, e:-14.445
t:51.12, r:0.00, omega:-17.22, omega_m:-2.27, u:0.00, theta1:25.679, theta2:20.618, e:-14.947
t:51.13, r:0.00, omega:-17.22, omega_m:-1.86, u:0.00, theta1:25.679, theta2:20.631, e:-15.358
t:51.14, r:0.00, omega:-17.22, omega_m:-1.52, u:0.00, theta1:25.679, theta2:20.645, e:-15.695
t:51.15, r:0.00, omega:-17.22, omega_m:-1.24, u:0.00, theta1:25.679, theta2:20.658, e:-15.970
t:51.16, r:0.00, omega:-17.22, omega_m:-1.02, u:0.00, theta1:25.679, theta2:20.672, e:-16.196
t:51.17, r:0.00, omega:-17.22, omega_m:-0.83, u:0.00, theta1:25.679, theta2:20.686, e:-16.381
t:51.18, r:0.00, omega:-17.22, omega_m:-0.68, u:0.00, theta1:25.679, theta2:20.701, e:-16.532
t:51.19, r:0.00, omega:-17.22, omega_m:-0.56, u:0.00, theta1:25.679, theta2:20.715, e:-16.656
t:51.20, r:0.00, omega:-17.22, omega_m:-0.46, u:0.00, theta1:25.679, theta2:20.729, e:-16.757
t:51.21, r:0.00, omega:-17.22, omega_m:-0.37, u:0.00, theta1:25.679, theta2:20.744, e:-16.840
t:51.22, r:0.00, omega:-17.22, omega_m:-0.31, u:0.00, theta1:25.679, theta2:20.758, e:-16.908
t:51.23, r:0.00, omega:-17.22, omega_m:-0.25, u:0.00, theta1:25.679, theta2:20.773, e:-16.964
t:51.24, r:0.00, omega:-17.22, omega_m:-0.21, u:0.00, theta1:25.679, theta2:20.788, e:-17.009
t:51.25, r:0.00, omega:-17.22, omega_m:-0.17, u:0.00, theta1:25.679, theta2:20.802, e:-17.047
t:51.26, r:0.00, omega:-17.22, omega_m:-0.14, u:0.00, theta1:25.679, theta2:20.817, e:-17.077
t:51.27, r:0.00, omega:-17.22, omega_m:-0.11, u:0.00, theta1:25.679, theta2:20.832, e:-17.102
t:51.28, r:0.00, omega:-17.22, omega_m:-0.09, u:0.00, theta1:25.679, theta2:20.847, e:-17.123
t:51.29, r:0.00, omega:-17.22, omega_m:-0.08, u:0.00, theta1:25.679, theta2:20.861, e:-17.139
t:51.30, r:0.00, omega:-17.22, omega_m:-0.06, u:0.00, theta1:25.679, theta2:20.876, e:-17.153
t:51.31, r:0.00, omega:-17.22, omega_m:-0.05, u:0.00, theta1:25.679, theta2:20.891, e:-17.164
t:51.32, r:0.00, omega:-17.22, omega_m:-0.04, u:0.00, theta1:25.679, theta2:20.906, e:-17.174
t:51.33, r:0.00, omega:-17.22, omega_m:-0.03, u:0.00, theta1:25.679, theta2:20.920, e:-17.181
t:51.34, r:0.00, omega:-17.22, omega_m:-0.03, u:0.00, theta1:25.679, theta2:20.935, e:-17.187
t:51.35, r:0.00, omega:-17.22, omega_m:-0.02, u:0.00, theta1:25.679, theta2:20.950, e:-17.192
t:51.36, r:0.00, omega:-17.22, omega_m:-0.02, u:0.00, theta1:25.679, theta2:20.965, e:-17.196
t:51.37, r:0.00, omega:-17.22, omega_m:-0.02, u:0.00, theta1:25.679, theta2:20.980, e:-17.200
t:51.38, r:0.00, omega:-17.22, omega_m:-0.01, u:0.00, theta1:25.679, theta2:20.994, e:-17.203
t:51.39, r:0.00, omega:-17.22, omega_m:-0.01, u:0.00, theta1:25.679, theta2:21.009, e:-17.205
t:51.40, r:0.00, omega:-17.22, omega_m:-0.01, u:0.00, theta1:25.679, theta2:21.024, e:-17.207
t:51.41, r:0.00, omega:-17.22, omega_m:-0.01, u:0.00, theta1:25.679, theta2:21.039, e:-17.208
t:51.42, r:0.00, omega:-17.22, omega_m:-0.01, u:0.00, theta1:25.679, theta2:21.054, e:-17.210
t:51.43, r:0.00, omega:-17.22, omega_m:-0.00, u:0.00, theta1:25.679, theta2:21.068, e:-17.211
t:51.44, r:0.00, omega:-17.22, omega_m:-0.00, u:0.00, theta1:25.679, theta2:21.083, e:-17.211
t:51.45, r:0.00, omega:-17.22, omega_m:-0.00, u:0.00, theta1:25.679, theta2:21.098, e:-17.212
t:51.46, r:0.00, omega:-17.22, omega_m:-0.00, u:0.00, theta1:25.679, theta2:21.113, e:-17.213
t:51.47, r:0.00, omega:-17.22, omega_m:-0.00, u:0.00, theta1:25.679, theta2:21.128, e:-17.213
t:51.48, r:0.00, omega:-17.22, omega_m:-0.00, u:0.00, theta1:25.679, theta2:21.143, e:-17.213
t:51.49, r:0.00, omega:-17.22, omega_m:-0.00, u:0.00, theta1:25.679, theta2:21.157, e:-17.214
t:51.50, r:0.00, omega:-17.22, omega_m:-0.00, u:0.00, theta1:25.679, theta2:21.172, e:-17.214
t:51.51, r:0.00, omega:-17.22, omega_m:-0.00, u:0.00, theta1:25.679, theta2:21.187, e:-17.214
t:51.52, r:0.00, omega:-17.22, omega_m:-0.00, u:0.00, theta1:25.679, theta2:21.202, e:-17.214
t:51.53, r:0.00, omega:0.00, omega_m:-0.00, u:0.00, theta1:25.679, theta2:21.202, e:0.001
t:51.54, r:0.00, omega:0.00, omega_m:-0.00, u:0.00, theta1:25.679, theta2:21.202, e:0.001
t:51.55, r:0.00, omega:0.00, omega_m:-0.00, u:0.00, theta1:25.679, theta2:21.202, e:0.000
t:51.56, r:0.00, omega:0.00, omega_m:-0.00, u:0.00, theta1:25.679, theta2:21.202, e:0.000
t:51.57, r:0.00, omega:0.00, omega_m:-0.00, u:0.00, theta1:25.679, theta2:21.202, e:0.000
t:51.58, r:0.00, omega:0.00, omega_m:-0.00, u:0.00, theta1:25.679, theta2:21.202, e:0.000
t:51.59, r:0.00, omega:0.00, omega_m:-0.00, u:0.00, theta1:25.679, theta2:21.202, e:0.000
t:51.60, r:0.00, omega:0.00, omega_m:-0.00, u:0.00, theta1:25.679, theta2:21.202, e:0.000
t:51.61, r:0.00, omega:0.00, omega_m:-0.00, u:0.00, theta1:25.679, theta2:21.202, e:0.000
t:51.62, r:0.00, omega:0.00, omega_m:-0.00, u:0.00, theta1:25.679, theta2:21.202, e:0.000
t:51.63, r:0.00, omega:0.00, omega_m:-0.00, u:0.00, theta1:25.679, theta2:21.202, e:0.000
t:51.64, r:0.00, omega:0.00, omega_m:-0.00, u:0.00, theta1:25.679, theta2:21.202, e:0.000
t:51.65, r:0.00, omega:0.00, omega_m:-0.00, u:0.00, theta1:25.679, theta2:21.202, e:0.000
t:51.66, r:0.00, omega:0.00, omega_m:-0.00, u:0.00, theta1:25.679, theta2:21.202, e:0.000
t:51.67, r:0.00, omega:0.00, omega_m:-0.00, u:0.00, theta1:25.679, theta2:21.202, e:0.000
t:51.68, r:0.00, omega:0.00, omega_m:-0.00, u:0.00, theta1:25.679, theta2:21.202, e:0.000
t:51.69, r:0.00, omega:0.00, omega_m:-0.00, u:0.00, theta1:25.679, theta2:21.202, e:0.000
t:51.70, r:0.00, omega:0.00, omega_m:-0.00, u:0.00, theta1:25.679, theta2:21.202, e:0.000
t:51.71, r:0.00, omega:0.00, omega_m:-0.00, u:0.00, theta1:25.679, theta2:21.202, e:0.000
t:51.72, r:0.00, omega:0.00, omega_m:-0.00, u:0.00, theta1:25.679, theta2:21.202, e:0.000
t:51.73, r:0.00, omega:0.00, omega_m:-0.00, u:0.00, theta1:25.679, theta2:21.202, e:0.000
t:51.74, r:0.00, omega:0.00, omega_m:-0.00, u:0.00, theta1:25.679, theta2:21.202, e:0.000
t:51.75, r:0.00, omega:0.00, omega_m:-0.00, u:0.00, theta1:25.679, theta2:21.202, e:0.000
t:51.76, r:0.00, omega:0.00, omega_m:-0.00, u:0.00, theta1:25.679, theta2:21.202, e:0.000
t:51.77, r:0.00, omega:0.00, omega_m:-0.00, u:0.00, theta1:25.679, theta2:21.202, e:0.000
t:51.78, r:0.00, omega:0.00, omega_m:-0.00, u:0.00, theta1:25.679, theta2:21.202, e:0.000
t:51.79, r:0.00, omega:0.00, omega_m:-0.00, u:0.00, theta1:25.679, theta2:21.202, e:0.000
t:51.80, r:0.00, omega:0.00, omega_m:-0.00, u:0.00, theta1:25.679, theta2:21.202, e:0.000
t:51.81, r:0.00, omega:0.00, omega_m:-0.00, u:0.00, theta1:25.679, theta2:21.202, e:0.000
t:51.82, r:0.00, omega:0.00, omega_m:-0.00, u:0.00, theta1:25.679, theta2:21.202, e:0.000
t:51.83, r:0.00, omega:0.00, omega_m:-0.00, u:0.00, theta1:25.679, theta2:21.202, e:0.000
t:51.84, r:0.00, omega:0.00, omega_m:-0.00, u:0.00, theta1:25.679, theta2:21.202, e:0.000
t:51.85, r:0.00, omega:0.00, omega_m:-0.00, u:0.00, theta1:25.679, theta2:21.202, e:0.000
t:51.86, r:0.00, omega:0.00, omega_m:-0.00, u:0.00, theta1:25.679, theta2:21.202, e:0.000
t:51.87, r:0.00, omega:0.00, omega_m:-0.00, u:0.00, theta1:25.679, theta2:21.202, e:0.000
t:51.88, r:0.00, omega:0.00, omega_m:-0.00, u:0.00, theta1:25.679, theta2:21.202, e:0.000
t:51.89, r:0.00, omega:0.00, omega_m:-0.00, u:0.00, theta1:25.679, theta2:21.202, e:0.000
t:51.90, r:0.00, omega:0.00, omega_m:-0.00, u:0.00, theta1:25.679, theta2:21.202, e:0.000
t:51.91, r:0.00, omega:0.00, omega_m:-0.00, u:0.00, theta1:25.679, theta2:21.202, e:0.000
t:51.92, r:0.00, omega:0.00, omega_m:-0.00, u:0.00, theta1:25.679, theta2:21.202, e:0.000
t:51.93, r:0.00, omega:0.00, omega_m:-0.00, u:0.00, theta1:25.679, theta2:21.202, e:0.000
t:51.94, r:0.00, omega:0.00, omega_m:-0.00, u:0.00, theta1:25.679, theta2:21.202, e:0.000
t:51.95, r:0.00, omega:0.00, omega_m:-0.00, u:0.00, theta1:25.679, theta2:21.202, e:0.000
t:51.96, r:0.00, omega:0.00, omega_m:-0.00, u:0.00, theta1:25.679, theta2:21.202, e:0.000
t:51.97, r:0.00, omega:0.00, omega_m:-0.00, u:0.00, theta1:25.679, theta2:21.202, e:0.000
t:51.98, r:0.00, omega:0.00, omega_m:-0.00, u:0.00, theta1:25.679, theta2:21.202, e:0.000
t:51.99, r:0.00, omega:0.00, omega_m:-0.00, u:0.00, theta1:25.679, theta2:21.202, e:0.000
t:52.00, r:0.00, omega:0.00, omega_m:-0.00, u:0.00, theta1:25.679, theta2:21.202, e:0.000
t:52.01, r:25.00, omega:0.00, omega_m:4.53, u:642.10, theta1:25.684, theta2:21.202, e:-4.532
t:52.02, r:25.00, omega:0.00, omega_m:8.24, u:642.36, theta1:25.694, theta2:21.202, e:-8.242
t:52.03, r:25.00, omega:0.00, omega_m:11.28, u:642.71, theta1:25.709, theta2:21.202, e:-11.280
t:52.04, r:25.00, omega:0.52, omega_m:13.77, u:632.17, theta1:25.725, theta2:21.201, e:-13.250
t:52.05, r:25.00, omega:0.52, omega_m:15.80, u:632.64, theta1:25.744, theta2:21.201, e:-15.286
t:52.06, r:25.00, omega:33.71, omega_m:17.47, u:-72.53, theta1:25.724, theta2:21.228, e:16.241
t:52.07, r:25.00, omega:35.48, omega_m:18.84, u:-111.73, theta1:25.703, theta2:21.258, e:16.649
t:52.08, r:25.00, omega:35.48, omega_m:19.95, u:-113.20, theta1:25.684, theta2:21.286, e:15.531
t:52.09, r:25.00, omega:35.48, omega_m:20.87, u:-114.57, theta1:25.665, theta2:21.311, e:14.616
t:52.10, r:25.00, omega:35.48, omega_m:21.62, u:-115.88, theta1:25.648, theta2:21.336, e:13.867
t:52.11, r:25.00, omega:35.48, omega_m:22.23, u:-117.13, theta1:25.632, theta2:21.360, e:13.254
t:52.12, r:25.00, omega:35.48, omega_m:22.73, u:-118.33, theta1:25.616, theta2:21.382, e:12.752
t:52.13, r:25.00, omega:35.48, omega_m:23.14, u:-119.49, theta1:25.600, theta2:21.404, e:12.341
t:52.14, r:25.00, omega:-7.93, omega_m:23.48, u:700.00, theta1:25.639, theta2:21.417, e:-31.412
t:52.15, r:25.00, omega:-7.93, omega_m:23.76, u:700.00, theta1:25.679, theta2:21.429, e:-31.687
t:52.16, r:25.00, omega:-7.93, omega_m:23.98, u:700.00, theta1:25.719, theta2:21.442, e:-31.913
t:52.17, r:25.00, omega:16.55, omega_m:24.17, u:288.54, theta1:25.728, theta2:21.435, e:-7.620
t:52.18, r:25.00, omega:16.55, omega_m:24.32, u:288.89, theta1:25.738, theta2:21.429, e:-7.771
t:52.19, r:25.00, omega:29.29, omega_m:24.44, u:15.36, theta1:25.732, theta2:21.436, e:4.853
t:52.20, r:25.00, omega:29.29, omega_m:24.54, u:15.00, theta1:25.726, theta2:21.443, e:4.752
t:52.21, r:25.00, omega:23.61, omega_m:24.63, u:136.85, theta1:25.727, theta2:21.442, e:-1.011
t:52.22, r:25.00, omega:23.61, omega_m:24.69, u:136.92, theta1:25.729, theta2:21.441, e:-1.079
t:52.23, r:25.00, omega:23.61, omega_m:24.75, u:136.98, theta1:25.730, theta2:21.439, e:-1.134
t:52.24, r:25.00, omega:23.61, omega_m:24.79, u:137.05, theta1:25.732, theta2:21.438, e:-1.180
t:52.25, r:25.00, omega:23.61, omega_m:24.83, u:137.12, theta1:25.733, theta2:21.436, e:-1.217
t:52.26, r:25.00, omega:11.72, omega_m:24.86, u:392.68, theta1:25.750, theta2:21.429, e:-13.146
t:52.27, r:25.00, omega:11.72, omega_m:24.89, u:393.18, theta1:25.766, theta2:21.421, e:-13.171
t:52.28, r:25.00, omega:11.72, omega_m:24.91, u:393.68, theta1:25.783, theta2:21.413, e:-13.191
t:52.29, r:25.00, omega:11.72, omega_m:24.92, u:394.18, theta1:25.799, theta2:21.406, e:-13.208
t:52.30, r:25.00, omega:13.18, omega_m:24.94, u:363.42, theta1:25.814, theta2:21.398, e:-11.762
t:52.31, r:25.00, omega:13.18, omega_m:24.95, u:363.89, theta1:25.829, theta2:21.390, e:-11.774
t:52.32, r:25.00, omega:23.10, omega_m:24.96, u:151.67, theta1:25.831, theta2:21.388, e:-1.857
t:52.33, r:25.00, omega:23.10, omega_m:24.97, u:151.78, theta1:25.833, theta2:21.386, e:-1.864
t:52.34, r:25.00, omega:23.51, omega_m:24.97, u:143.08, theta1:25.835, theta2:21.384, e:-1.460
t:52.35, r:25.00, omega:23.51, omega_m:24.98, u:143.17, theta1:25.837, theta2:21.382, e:-1.465
t:52.36, r:25.00, omega:23.51, omega_m:24.98, u:143.26, theta1:25.839, theta2:21.381, e:-1.469
t:52.37, r:25.00, omega:23.51, omega_m:24.98, u:143.34, theta1:25.841, theta2:21.379, e:-1.472
t:52.38, r:25.00, omega:13.45, omega_m:24.99, u:358.94, theta1:25.855, theta2:21.371, e:-11.538
t:52.39, r:25.00, omega:13.45, omega_m:24.99, u:359.41, theta1:25.869, theta2:21.363, e:-11.540
t:52.40, r:25.00, omega:13.45, omega_m:24.99, u:359.87, theta1:25.884, theta2:21.356, e:-11.542
t:52.41, r:25.00, omega:13.45, omega_m:24.99, u:360.34, theta1:25.898, theta2:21.348, e:-11.544
t:52.42, r:25.00, omega:14.13, omega_m:24.99, u:346.17, theta1:25.912, theta2:21.340, e:-10.860
t:52.43, r:25.00, omega:14.13, omega_m:25.00, u:346.62, theta1:25.925, theta2:21.332, e:-10.861
t:52.44, r:25.00, omega:23.87, omega_m:25.00, u:139.03, theta1:25.927, theta2:21.331, e:-1.128
t:52.45, r:25.00, omega:23.87, omega_m:25.00, u:139.10, theta1:25.928, theta2:21.330, e:-1.129
t:52.46, r:25.00, omega:23.87, omega_m:25.00, u:139.17, theta1:25.930, theta2:21.328, e:-1.129
t:52.47, r:25.00, omega:20.25, omega_m:25.00, u:216.64, theta1:25.936, theta2:21.324, e:-4.750
t:52.48, r:25.00, omega:20.25, omega_m:25.00, u:216.89, theta1:25.941, theta2:21.319, e:-4.751
t:52.49, r:25.00, omega:20.25, omega_m:25.00, u:217.13, theta1:25.947, theta2:21.314, e:-4.751
t:52.50, r:25.00, omega:20.25, omega_m:25.00, u:217.38, theta1:25.953, theta2:21.309, e:-4.751
t:52.51, r:25.00, omega:13.00, omega_m:25.00, u:372.33, theta1:25.968, theta2:21.301, e:-12.001
t:52.52, r:25.00, omega:13.00, omega_m:25.00, u:372.80, theta1:25.983, theta2:21.294, e:-12.001
t:52.53, r:25.00, omega:13.00, omega_m:25.00, u:373.28, theta1:25.998, theta2:21.286, e:-12.001
t:52.54, r:25.00, omega:16.11, omega_m:25.00, u:307.39, theta1:26.009, theta2:21.279, e:-8.887
t:52.55, r:25.00, omega:16.11, omega_m:25.00, u:307.78, theta1:26.021, theta2:21.271, e:-8.887
t:52.56, r:25.00, omega:22.86, omega_m:25.00, u:164.46, theta1:26.023, theta2:21.269, e:-2.144
t:52.57, r:25.00, omega:22.86, omega_m:25.00, u:164.59, theta1:26.026, theta2:21.267, e:-2.144
t:52.58, r:25.00, omega:22.86, omega_m:25.00, u:164.71, theta1:26.029, theta2:21.264, e:-2.144
t:52.59, r:25.00, omega:19.59, omega_m:25.00, u:234.44, theta1:26.035, theta2:21.259, e:-5.411
t:52.60, r:25.00, omega:19.59, omega_m:25.00, u:234.71, theta1:26.042, theta2:21.254, e:-5.411
t:52.61, r:25.00, omega:19.59, omega_m:25.00, u:234.99, theta1:26.049, theta2:21.248, e:-5.411
t:52.62, r:25.00, omega:14.14, omega_m:25.00, u:351.32, theta1:26.062, theta2:21.241, e:-10.865
t:52.63, r:25.00, omega:14.14, omega_m:25.00, u:351.77, theta1:26.076, theta2:21.233, e:-10.865
t:52.64, r:25.00, omega:14.14, omega_m:25.00, u:352.22, theta1:26.090, theta2:21.225, e:-10.865
t:52.65, r:25.00, omega:18.96, omega_m:25.00, u:250.07, theta1:26.097, theta2:21.219, e:-6.038
t:52.66, r:25.00, omega:18.96, omega_m:25.00, u:250.36, theta1:26.105, theta2:21.214, e:-6.038
t:52.67, r:25.00, omega:18.96, omega_m:25.00, u:250.66, theta1:26.112, theta2:21.208, e:-6.038
t:52.68, r:25.00, omega:20.33, omega_m:25.00, u:221.99, theta1:26.118, theta2:21.203, e:-4.675
t:52.69, r:25.00, omega:20.33, omega_m:25.00, u:222.23, theta1:26.124, theta2:21.199, e:-4.675
t:52.70, r:25.00, omega:20.33, omega_m:25.00, u:222.48, theta1:26.130, theta2:21.194, e:-4.675
t:52.71, r:25.00, omega:17.66, omega_m:25.00, u:279.36, theta1:26.139, theta2:21.187, e:-7.342
t:52.72, r:25.00, omega:17.66, omega_m:25.00, u:279.70, theta1:26.148, theta2:21.181, e:-7.342
t:52.73, r:25.00, omega:17.66, omega_m:25.00, u:280.05, theta1:26.157, theta2:21.174, e:-7.342
t:52.74, r:25.00, omega:16.14, omega_m:25.00, u:312.59, theta1:26.168, theta2:21.167, e:-8.861
t:52.75, r:25.00, omega:16.14, omega_m:25.00, u:312.99, theta1:26.180, theta2:21.160, e:-8.861
t:52.76, r:25.00, omega:16.14, omega_m:25.00, u:313.38, theta1:26.191, theta2:21.153, e:-8.861
t:52.77, r:25.00, omega:19.05, omega_m:25.00, u:252.16, theta1:26.198, theta2:21.147, e:-5.953
t:52.78, r:25.00, omega:19.05, omega_m:25.00, u:252.46, theta1:26.205, theta2:21.142, e:-5.953
t:52.79, r:25.00, omega:19.79, omega_m:25.00, u:237.03, theta1:26.212, theta2:21.136, e:-5.211
t:52.80, r:25.00, omega:19.79, omega_m:25.00, u:237.30, theta1:26.219, theta2:21.131, e:-5.211
t:52.81, r:25.00, omega:19.79, omega_m:25.00, u:237.56, theta1:26.225, theta2:21.126, e:-5.211
t:52.82, r:25.00, omega:18.77, omega_m:25.00, u:259.46, theta1:26.233, theta2:21.120, e:-6.233
t:52.83, r:25.00, omega:18.77, omega_m:25.00, u:259.76, theta1:26.241, theta2:21.114, e:-6.233
t:52.84, r:25.00, omega:18.77, omega_m:25.00, u:260.07, theta1:26.248, theta2:21.109, e:-6.233
t:52.85, r:25.00, omega:16.11, omega_m:25.00, u:316.52, theta1:26.260, theta2:21.101, e:-8.889
t:52.86, r:25.00, omega:16.11, omega_m:25.00, u:316.91, theta1:26.271, theta2:21.094, e:-8.889
t:52.87, r:25.00, omega:16.11, omega_m:25.00, u:317.30, theta1:26.282, theta2:21.087, e:-8.889
t:52.88, r:25.00, omega:19.83, omega_m:25.00, u:239.21, theta1:26.288, theta2:21.082, e:-5.173
t:52.89, r:25.00, omega:19.83, omega_m:25.00, u:239.47, theta1:26.295, theta2:21.077, e:-5.173
t:52.90, r:25.00, omega:19.83, omega_m:25.00, u:239.73, theta1:26.301, theta2:21.072, e:-5.173
t:52.91, r:25.00, omega:20.42, omega_m:25.00, u:227.54, theta1:26.307, theta2:21.067, e:-4.583
t:52.92, r:25.00, omega:20.42, omega_m:25.00, u:227.78, theta1:26.313, theta2:21.062, e:-4.583
t:52.93, r:25.00, omega:20.42, omega_m:25.00, u:228.02, theta1:26.318, theta2:21.058, e:-4.583
t:52.94, r:25.00, omega:17.01, omega_m:25.00, u:300.22, theta1:26.328, theta2:21.051, e:-7.994
t:52.95, r:25.00, omega:17.01, omega_m:25.00, u:300.58, theta1:26.338, theta2:21.044, e:-7.994
t:52.96, r:25.00, omega:17.01, omega_m:25.00, u:300.95, theta1:26.348, theta2:21.037, e:-7.994
t:52.97, r:25.00, omega:16.04, omega_m:25.00, u:321.61, theta1:26.359, theta2:21.030, e:-8.957
t:52.98, r:25.00, omega:16.04, omega_m:25.00, u:322.01, theta1:26.371, theta2:21.023, e:-8.957
t:52.99, r:25.00, omega:16.04, omega_m:25.00, u:322.40, theta1:26.382, theta2:21.016, e:-8.957
t:53.00, r:25.00, omega:20.41, omega_m:25.00, u:230.91, theta1:26.388, theta2:21.011, e:-4.592
t:53.01, r:0.00, omega:20.41, omega_m:20.47, u:0.00, theta1:26.388, theta2:21.011, e:-0.061
t:53.02, r:0.00, omega:20.49, omega_m:16.76, u:0.00, theta1:26.388, theta2:21.015, e:3.735
t:53.03, r:0.00, omega:20.49, omega_m:13.72, u:0.00, theta1:26.388, theta2:21.022, e:6.773
t:53.04, r:0.00, omega:20.49, omega_m:11.23, u:0.00, theta1:26.388, theta2:21.031, e:9.260
t:53.05, r:0.00, omega:20.49, omega_m:9.20, u:0.00, theta1:26.388, theta2:21.043, e:11.296
t:53.06, r:0.00, omega:20.49, omega_m:7.53, u:0.00, theta1:26.388, theta2:21.056, e:12.963
t:53.07, r:0.00, omega:20.49, omega_m:6.16, u:0.00, theta1:26.388, theta2:21.071, e:14.328
t:53.08, r:0.00, omega:20.49, omega_m:5.05, u:0.00, theta1:26.388, theta2:21.087, e:15.446
t:53.09, r:0.00, omega:20.49, omega_m:4.13, u:0.00, theta1:26.388, theta2:21.103, e:16.361
t:53.10, r:0.00, omega:20.49, omega_m:3.38, u:0.00, theta1:26.388, theta2:21.121, e:17.110
t:53.11, r:0.00, omega:20.49, omega_m:2.77, u:0.00, theta1:26.388, theta2:21.139, e:17.723
t:53.12, r:0.00, omega:20.49, omega_m:2.27, u:0.00, theta1:26.388, theta2:21.158, e:18.225
t:53.13, r:0.00, omega:20.49, omega_m:1.86, u:0.00, theta1:26.388, theta2:21.177, e:18.636
t:53.14, r:0.00, omega:20.49, omega_m:1.52, u:0.00, theta1:26.388, theta2:21.196, e:18.973
t:53.15, r:0.00, omega:20.49, omega_m:1.24, u:0.00, theta1:26.388, theta2:21.216, e:19.248
t:53.16, r:0.00, omega:20.49, omega_m:1.02, u:0.00, theta1:26.388, theta2:21.236, e:19.474
t:53.17, r:0.00, omega:20.49, omega_m:0.83, u:0.00, theta1:26.388, theta2:21.256, e:19.659
t:53.18, r:0.00, omega:20.49, omega_m:0.68, u:0.00, theta1:26.388, theta2:21.276, e:19.810
t:53.19, r:0.00, omega:20.49, omega_m:0.56, u:0.00, theta1:26.388, theta2:21.297, e:19.934
t:53.20, r:0.00, omega:20.49, omega_m:0.46, u:0.00, theta1:26.388, theta2:21.317, e:20.035
t:53.21, r:0.00, omega:20.49, omega_m:0.37, u:0.00, theta1:26.388, theta2:21.338, e:20.118
t:53.22, r:0.00, omega:20.49, omega_m:0.31, u:0.00, theta1:26.388, theta2:21.359, e:20.186
t:53.23, r:0.00, omega:20.49, omega_m:0.25, u:0.00, theta1:26.388, theta2:21.379, e:20.242
t:53.24, r:0.00, omega:20.49, omega_m:0.21, u:0.00, theta1:26.388, theta2:21.400, e:20.287
t:53.25, r:0.00, omega:20.49, omega_m:0.17, u:0.00, theta1:26.388, theta2:21.421, e:20.325
t:53.26, r:0.00, omega:20.49, omega_m:0.14, u:0.00, theta1:26.388, theta2:21.442, e:20.355
t:53.27, r:0.00, omega:20.49, omega_m:0.11, u:0.00, theta1:26.388, theta2:21.463, e:20.380
t:53.28, r:0.00, omega:20.49, omega_m:0.09, u:0.00, theta1:26.388, theta2:21.484, e:20.401
t:53.29, r:0.00, omega:20.49, omega_m:0.08, u:0.00, theta1:26.388, theta2:21.505, e:20.417
t:53.30, r:0.00, omega:20.49, omega_m:0.06, u:0.00, theta1:26.388, theta2:21.525, e:20.431
t:53.31, r:0.00, omega:20.49, omega_m:0.05, u:0.00, theta1:26.388, theta2:21.546, e:20.442
t:53.32, r:0.00, omega:20.49, omega_m:0.04, u:0.00, theta1:26.388, theta2:21.567, e:20.452
t:53.33, r:0.00, omega:20.49, omega_m:0.03, u:0.00, theta1:26.388, theta2:21.588, e:20.459
t:53.34, r:0.00, omega:20.49, omega_m:0.03, u:0.00, theta1:26.388, theta2:21.609, e:20.465
t:53.35, r:0.00, omega:20.49, omega_m:0.02, u:0.00, theta1:26.388, theta2:21.630, e:20.470
t:53.36, r:0.00, omega:20.49, omega_m:0.02, u:0.00, theta1:26.388, theta2:21.651, e:20.474
t:53.37, r:0.00, omega:20.49, omega_m:0.02, u:0.00, theta1:26.388, theta2:21.672, e:20.478
t:53.38, r:0.00, omega:20.49, omega_m:0.01, u:0.00, theta1:26.388, theta2:21.693, e:20.481
t:53.39, r:0.00, omega:20.49, omega_m:0.01, u:0.00, theta1:26.388, theta2:21.714, e:20.483
t:53.40, r:0.00, omega:20.49, omega_m:0.01, u:0.00, theta1:26.388, theta2:21.735, e:20.485
t:53.41, r:0.00, omega:20.49, omega_m:0.01, u:0.00, theta1:26.388, theta2:21.756, e:20.486
t:53.42, r:0.00, omega:20.49, omega_m:0.01, u:0.00, theta1:26.388, theta2:21.777, e:20.487
t:53.43, r:0.00, omega:20.49, omega_m:0.00, u:0.00, theta1:26.388, theta2:21.798, e:20.489
t:53.44, r:0.00, omega:20.49, omega_m:0.00, u:0.00, theta1:26.388, theta2:21.819, e:20.489
t:53.45, r:0.00, omega:20.49, omega_m:0.00, u:0.00, theta1:26.388, theta2:21.840, e:20.490
t:53.46, r:0.00, omega:20.49, omega_m:0.00, u:0.00, theta1:26.388, theta2:21.861, e:20.491
t:53.47, r:0.00, omega:20.49, omega_m:0.00, u:0.00, theta1:26.388, theta2:21.882, e:20.491
t:53.48, r:0.00, omega:20.49, omega_m:0.00, u:0.00, theta1:26.388, theta2:21.903, e:20.491
t:53.49, r:0.00, omega:20.49, omega_m:0.00, u:0.00, theta1:26.388, theta2:21.924, e:20.492
t:53.50, r:0.00, omega:20.49, omega_m:0.00, u:0.00, theta1:26.388, theta2:21.945, e:20.492
t:53.51, r:0.00, omega:20.49, omega_m:0.00, u:0.00, theta1:26.388, theta2:21.966, e:20.492
t:53.52, r:0.00, omega:0.00, omega_m:0.00, u:0.00, theta1:26.388, theta2:21.966, e:-0.001
t:53.53, r:0.00, omega:0.00, omega_m:0.00, u:0.00, theta1:26.388, theta2:21.966, e:-0.001
t:53.54, r:0.00, omega:0.00, omega_m:0.00, u:0.00, theta1:26.388, theta2:21.966, e:-0.001
t:53.55, r:0.00, omega:0.00, omega_m:0.00, u:0.00, theta1:26.388, theta2:21.966, e:-0.000
t:53.56, r:0.00, omega:0.00, omega_m:0.00, u:0.00, theta1:26.388, theta2:21.966, e:-0.000
t:53.57, r:0.00, omega:0.00, omega_m:0.00, u:0.00, theta1:26.388, theta2:21.966, e:-0.000
t:53.58, r:0.00, omega:0.00, omega_m:0.00, u:0.00, theta1:26.388, theta2:21.966, e:-0.000
t:53.59, r:0.00, omega:0.00, omega_m:0.00, u:0.00, theta1:26.388, theta2:21.966, e:-0.000
t:53.60, r:0.00, omega:0.00, omega_m:0.00, u:0.00, theta1:26.388, theta2:21.966, e:-0.000
t:53.61, r:0.00, omega:0.00, omega_m:0.00, u:0.00, theta1:26.388, theta2:21.966, e:-0.000
t:53.62, r:0.00, omega:0.00, omega_m:0.00, u:0.00, theta1:26.388, theta2:21.966, e:-0.000
t:53.63, r:0.00, omega:0.00, omega_m:0.00, u:0.00, theta1:26.388, theta2:21.966, e:-0.000
t:53.64, r:0.00, omega:0.00, omega_m:0.00, u:0.00, theta1:26.388, theta2:21.966, e:-0.000
t:53.65, r:0.00, omega:0.00, omega_m:0.00, u:0.00, theta1:26.388, theta2:21.966, e:-0.000
t:53.66, r:0.00, omega:0.00, omega_m:0.00, u:0.00, theta1:26.388, theta2:21.966, e:-0.000
t:53.67, r:0.00, omega:0.00, omega_m:0.00, u:0.00, theta1:26.388, theta2:21.966, e:-0.000
t:53.68, r:0.00, omega:0.00, omega_m:0.00, u:0.00, theta1:26.388, theta2:21.966, e:-0.000
t:53.69, r:0.00, omega:0.00, omega_m:0.00, u:0.00, theta1:26.388, theta2:21.966, e:-0.000
t:53.70, r:0.00, omega:0.00, omega_m:0.00, u:0.00, theta1:26.388, theta2:21.966, e:-0.000
t:53.71, r:0.00, omega:0.00, omega_m:0.00, u:0.00, theta1:26.388, theta2:21.966, e:-0.000
t:53.72, r:0.00, omega:0.00, omega_m:0.00, u:0.00, theta1:26.388, theta2:21.966, e:-0.000
t:53.73, r:0.00, omega:0.00, omega_m:0.00, u:0.00, theta1:26.388, theta2:21.966, e:-0.000
t:53.74, r:0.00, omega:0.00, omega_m:0.00, u:0.00, theta1:26.388, theta2:21.966, e:-0.000
t:53.75, r:0.00, omega:0.00, omega_m:0.00, u:0.00, theta1:26.388, theta2:21.966, e:-0.000
t:53.76, r:0.00, omega:0.00, omega_m:0.00, u:0.00, theta1:26.388, theta2:21.966, e:-0.000
t:53.77, r:0.00, omega:0.00, omega_m:0.00, u:0.00, theta1:26.388, theta2:21.966, e:-0.000
t:53.78, r:0.00, omega:0.00, omega_m:0.00, u:0.00, theta1:26.388, theta2:21.966, e:-0.000
t:53.79, r:0.00, omega:0.00, omega_m:0.00, u:0.00, theta1:26.388, theta2:21.966, e:-0.000
t:53.80, r:0.00, omega:0.00, omega_m:0.00, u:0.00, theta1:26.388, theta2:21.966, e:-0.000
t:53.81, r:0.00, omega:0.00, omega_m:0.00, u:0.00, theta1:26.388, theta2:21.966, e:-0.000
t:53.82, r:0.00, omega:0.00, omega_m:0.00, u:0.00, theta1:26.388, theta2:21.966, e:-0.000
t:53.83, r:0.00, omega:0.00, omega_m:0.00, u:0.00, theta1:26.388, theta2:21.966, e:-0.000
t:53.84, r:0.00, omega:0.00, omega_m:0.00, u:0.00, theta1:26.388, theta2:21.966, e:-0.000
t:53.85, r:0.00, omega:0.00, omega_m:0.00, u:0.00, theta1:26.388, theta2:21.966, e:-0.000
t:53.86, r:0.00, omega:0.00, omega_m:0.00, u:0.00, theta1:26.388, theta2:21.966, e:-0.000
t:53.87, r:0.00, omega:0.00, omega_m:0.00, u:0.00, theta1:26.388, theta2:21.966, e:-0.000
t:53.88, r:0.00, omega:0.00, omega_m:0.00, u:0.00, theta1:26.388, theta2:21.966, e:-0.000
t:53.89, r:0.00, omega:0.00, omega_m:0.00, u:0.00, theta1:26.388, theta2:21.966, e:-0.000
t:53.90, r:0.00, omega:0.00, omega_m:0.00, u:0.00, theta1:26.388, theta2:21.966, e:-0.000
t:53.91, r:0.00, omega:0.00, omega_m:0.00, u:0.00, theta1:26.388, theta2:21.966, e:-0.000
t:53.92, r:0.00, omega:0.00, omega_m:0.00, u:0.00, theta1:26.388, theta2:21.966, e:-0.000
t:53.93, r:0.00, omega:0.00, omega_m:0.00, u:0.00, theta1:26.388, theta2:21.966, e:-0.000
t:53.94, r:0.00, omega:0.00, omega_m:0.00, u:0.00, theta1:26.388, theta2:21.966, e:-0.000
t:53.95, r:0.00, omega:0.00, omega_m:0.00, u:0.00, theta1:26.388, theta2:21.966, e:-0.000
t:53.96, r:0.00, omega:0.00, omega_m:0.00, u:0.00, theta1:26.388, theta2:21.966, e:-0.000
t:53.97, r:0.00, omega:0.00, omega_m:0.00, u:0.00, theta1:26.388, theta2:21.966, e:-0.000
t:53.98, r:0.00, omega:0.00, omega_m:0.00, u:0.00, theta1:26.388, theta2:21.966, e:-0.000
t:53.99, r:0.00, omega:0.00, omega_m:0.00, u:0.00, theta1:26.388, theta2:21.966, e:-0.000
t:54.00, r:0.00, omega:0.00, omega_m:0.00, u:0.00, theta1:26.388, theta2:21.966, e:-0.000
t:54.01, r:-25.00, omega:0.00, omega_m:-4.53, u:-659.83, theta1:26.393, theta2:21.966, e:4.532
t:54.02, r:-25.00, omega:-0.52, omega_m:-8.24, u:-648.58, theta1:26.403, theta2:21.966, e:7.719
t:54.03, r:-25.00, omega:-0.52, omega_m:-11.28, u:-648.92, theta1:26.416, theta2:21.966, e:10.757
t:54.04, r:-25.00, omega:-0.52, omega_m:-13.77, u:-649.33, theta1:26.433, theta2:21.965, e:13.244
t:54.05, r:-25.00, omega:-22.01, omega_m:-15.80, u:-177.12, theta1:26.425, theta2:21.972, e:-6.202
t:54.06, r:-25.00, omega:-35.67, omega_m:-17.47, u:124.79, theta1:26.402, theta2:22.005, e:-18.197
t:54.07, r:-25.00, omega:-35.67, omega_m:-18.84, u:126.38, theta1:26.381, theta2:22.035, e:-16.832
t:54.08, r:-25.00, omega:-21.95, omega_m:-19.95, u:-175.84, theta1:26.379, theta2:22.037, e:-1.994
t:54.09, r:-25.00, omega:-21.95, omega_m:-20.87, u:-175.78, theta1:26.378, theta2:22.038, e:-1.079
t:54.10, r:-25.00, omega:-21.95, omega_m:-21.62, u:-175.76, theta1:26.377, theta2:22.038, e:-0.330
t:54.11, r:-25.00, omega:-21.95, omega_m:-22.23, u:-175.78, theta1:26.377, theta2:22.038, e:0.283
t:54.12, r:-25.00, omega:-21.95, omega_m:-22.73, u:-175.82, theta1:26.378, theta2:22.037, e:0.786
t:54.13, r:-25.00, omega:-21.95, omega_m:-23.14, u:-175.89, theta1:26.380, theta2:22.036, e:1.197
t:54.14, r:-25.00, omega:-9.51, omega_m:-23.48, u:-450.37, theta1:26.397, theta2:22.029, e:13.967
t:54.15, r:-25.00, omega:-9.51, omega_m:-23.76, u:-450.88, theta1:26.415, theta2:22.022, e:14.242
t:54.16, r:-25.00, omega:-9.51, omega_m:-23.98, u:-451.40, theta1:26.433, theta2:22.016, e:14.468
t:54.17, r:-25.00, omega:-16.30, omega_m:-24.17, u:-302.38, theta1:26.443, theta2:22.009, e:7.868
t:54.18, r:-25.00, omega:-16.30, omega_m:-24.32, u:-302.74, theta1:26.453, theta2:22.003, e:8.019
t:54.19, r:-25.00, omega:-24.19, omega_m:-24.44, u:-129.17, theta1:26.453, theta2:22.002, e:0.254
t:54.20, r:-25.00, omega:-24.19, omega_m:-24.54, u:-129.19, theta1:26.454, theta2:22.002, e:0.355
t:54.21, r:-25.00, omega:-24.19, omega_m:-24.63, u:-129.22, theta1:26.454, theta2:22.001, e:0.438
t:54.22, r:-25.00, omega:-17.71, omega_m:-24.69, u:-272.07, theta1:26.463, theta2:21.995, e:6.984
t:54.23, r:-25.00, omega:-17.71, omega_m:-24.75, u:-272.40, theta1:26.472, theta2:21.989, e:7.040
t:54.24, r:-25.00, omega:-17.71, omega_m:-24.79, u:-272.73, theta1:26.481, theta2:21.983, e:7.085
t:54.25, r:-25.00, omega:-17.71, omega_m:-24.83, u:-273.07, theta1:26.490, theta2:21.976, e:7.123
t:54.26, r:-25.00, omega:-15.41, omega_m:-24.86, u:-323.91, theta1:26.502, theta2:21.969, e:9.448
t:54.27, r:-25.00, omega:-15.41, omega_m:-24.89, u:-324.32, theta1:26.513, theta2:21.962, e:9.473
t:54.28, r:-25.00, omega:-15.41, omega_m:-24.91, u:-324.73, theta1:26.525, theta2:21.954, e:9.494
t:54.29, r:-25.00, omega:-18.82, omega_m:-24.92, u:-250.17, theta1:26.533, theta2:21.949, e:6.101
t:54.30, r:-25.00, omega:-18.82, omega_m:-24.94, u:-250.47, theta1:26.541, theta2:21.943, e:6.114
t:54.31, r:-25.00, omega:-21.43, omega_m:-24.95, u:-193.53, theta1:26.545, theta2:21.939, e:3.522
t:54.32, r:-25.00, omega:-21.43, omega_m:-24.96, u:-193.72, theta1:26.549, theta2:21.935, e:3.531
t:54.33, r:-25.00, omega:-21.43, omega_m:-24.97, u:-193.91, theta1:26.554, theta2:21.932, e:3.539
t:54.34, r:-25.00, omega:-17.46, omega_m:-24.97, u:-281.35, theta1:26.563, theta2:21.925, e:7.516
t:54.35, r:-25.00, omega:-17.46, omega_m:-24.98, u:-281.70, theta1:26.573, theta2:21.918, e:7.521
t:54.36, r:-25.00, omega:-17.46, omega_m:-24.98, u:-282.05, theta1:26.582, theta2:21.912, e:7.525
t:54.37, r:-25.00, omega:-16.37, omega_m:-24.98, u:-306.16, theta1:26.593, theta2:21.905, e:8.611
t:54.38, r:-25.00, omega:-16.37, omega_m:-24.99, u:-306.54, theta1:26.604, theta2:21.898, e:8.614
t:54.39, r:-25.00, omega:-16.37, omega_m:-24.99, u:-306.92, theta1:26.614, theta2:21.891, e:8.616
t:54.40, r:-25.00, omega:-18.69, omega_m:-24.99, u:-256.54, theta1:26.622, theta2:21.885, e:6.302
t:54.41, r:-25.00, omega:-18.69, omega_m:-24.99, u:-256.85, theta1:26.630, theta2:21.879, e:6.304
t:54.42, r:-25.00, omega:-20.64, omega_m:-24.99, u:-214.32, theta1:26.635, theta2:21.874, e:4.351
t:54.43, r:-25.00, omega:-20.64, omega_m:-25.00, u:-214.55, theta1:26.641, theta2:21.870, e:4.352
t:54.44, r:-25.00, omega:-20.64, omega_m:-25.00, u:-214.78, theta1:26.646, theta2:21.865, e:4.353
t:54.45, r:-25.00, omega:-19.42, omega_m:-25.00, u:-241.70, theta1:26.653, theta2:21.860, e:5.572
t:54.46, r:-25.00, omega:-19.42, omega_m:-25.00, u:-241.98, theta1:26.660, theta2:21.855, e:5.573
t:54.47, r:-25.00, omega:-19.42, omega_m:-25.00, u:-242.26, theta1:26.667, theta2:21.849, e:5.573
t:54.48, r:-25.00, omega:-16.33, omega_m:-25.00, u:-310.16, theta1:26.678, theta2:21.842, e:8.663
t:54.49, r:-25.00, omega:-16.33, omega_m:-25.00, u:-310.55, theta1:26.689, theta2:21.835, e:8.664
t:54.50, r:-25.00, omega:-16.33, omega_m:-25.00, u:-310.94, theta1:26.700, theta2:21.828, e:8.664
t:54.51, r:-25.00, omega:-17.56, omega_m:-25.00, u:-284.52, theta1:26.709, theta2:21.821, e:7.438
t:54.52, r:-25.00, omega:-17.56, omega_m:-25.00, u:-284.87, theta1:26.718, theta2:21.815, e:7.438
t:54.53, r:-25.00, omega:-17.56, omega_m:-25.00, u:-285.21, theta1:26.728, theta2:21.808, e:7.438
t:54.54, r:-25.00, omega:-20.77, omega_m:-25.00, u:-215.41, theta1:26.733, theta2:21.804, e:4.228
t:54.55, r:-25.00, omega:-20.77, omega_m:-25.00, u:-215.63, theta1:26.738, theta2:21.800, e:4.228
t:54.56, r:-25.00, omega:-20.67, omega_m:-25.00, u:-218.04, theta1:26.744, theta2:21.795, e:4.328
t:54.57, r:-25.00, omega:-20.67, omega_m:-25.00, u:-218.27, theta1:26.749, theta2:21.791, e:4.328
t:54.58, r:-25.00, omega:-20.67, omega_m:-25.00, u:-218.50, theta1:26.754, theta2:21.786, e:4.328
t:54.59, r:-25.00, omega:-20.67, omega_m:-25.00, u:-218.73, theta1:26.760, theta2:21.782, e:4.328
t:54.60, r:-25.00, omega:-15.39, omega_m:-25.00, u:-334.16, theta1:26.772, theta2:21.774, e:9.608
t:54.61, r:-25.00, omega:-15.39, omega_m:-25.00, u:-334.57, theta1:26.784, theta2:21.767, e:9.609
t:54.62, r:-25.00, omega:-15.39, omega_m:-25.00, u:-334.99, theta1:26.796, theta2:21.760, e:9.609
t:54.63, r:-25.00, omega:-17.38, omega_m:-25.00, u:-292.04, theta1:26.805, theta2:21.753, e:7.618
t:54.64, r:-25.00, omega:-17.38, omega_m:-25.00, u:-292.39, theta1:26.815, theta2:21.746, e:7.618
t:54.65, r:-25.00, omega:-21.85, omega_m:-25.00, u:-195.34, theta1:26.819, theta2:21.743, e:3.148
t:54.66, r:-25.00, omega:-21.85, omega_m:-25.00, u:-195.52, theta1:26.823, theta2:21.739, e:3.148
t:54.67, r:-25.00, omega:-21.85, omega_m:-25.00, u:-195.69, theta1:26.827, theta2:21.736, e:3.148
t:54.68, r:-25.00, omega:-18.10, omega_m:-25.00, u:-277.60, theta1:26.835, theta2:21.730, e:6.901
t:54.69, r:-25.00, omega:-18.10, omega_m:-25.00, u:-277.93, theta1:26.844, theta2:21.724, e:6.901
t:54.70, r:-25.00, omega:-18.10, omega_m:-25.00, u:-278.26, theta1:26.853, theta2:21.717, e:6.901
t:54.71, r:-25.00, omega:-16.69, omega_m:-25.00, u:-309.18, theta1:26.863, theta2:21.710, e:8.308
t:54.72, r:-25.00, omega:-16.69, omega_m:-25.00, u:-309.56, theta1:26.873, theta2:21.703, e:8.308
t:54.73, r:-25.00, omega:-16.69, omega_m:-25.00, u:-309.93, theta1:26.884, theta2:21.696, e:8.308
t:54.74, r:-25.00, omega:-19.47, omega_m:-25.00, u:-249.93, theta1:26.891, theta2:21.691, e:5.530
t:54.75, r:-25.00, omega:-19.47, omega_m:-25.00, u:-250.21, theta1:26.898, theta2:21.686, e:5.530
t:54.76, r:-25.00, omega:-19.47, omega_m:-25.00, u:-250.49, theta1:26.905, theta2:21.680, e:5.530
t:54.77, r:-25.00, omega:-20.26, omega_m:-25.00, u:-233.56, theta1:26.910, theta2:21.676, e:4.738
t:54.78, r:-25.00, omega:-20.26, omega_m:-25.00, u:-233.81, theta1:26.916, theta2:21.671, e:4.738
t:54.79, r:-25.00, omega:-19.81, omega_m:-25.00, u:-243.89, theta1:26.923, theta2:21.666, e:5.191
t:54.80, r:-25.00, omega:-19.81, omega_m:-25.00, u:-244.16, theta1:26.929, theta2:21.660, e:5.191
t:54.81, r:-25.00, omega:-19.81, omega_m:-25.00, u:-244.42, theta1:26.936, theta2:21.655, e:5.191
t:54.82, r:-25.00, omega:-16.40, omega_m:-25.00, u:-318.70, theta1:26.947, theta2:21.648, e:8.603
t:54.83, r:-25.00, omega:-16.40, omega_m:-25.00, u:-319.09, theta1:26.957, theta2:21.641, e:8.603
t:54.84, r:-25.00, omega:-16.40, omega_m:-25.00, u:-319.47, theta1:26.968, theta2:21.634, e:8.603
t:54.85, r:-25.00, omega:-18.50, omega_m:-25.00, u:-274.29, theta1:26.976, theta2:21.628, e:6.500
t:54.86, r:-25.00, omega:-18.50, omega_m:-25.00, u:-274.60, theta1:26.984, theta2:21.622, e:6.500
t:54.87, r:-25.00, omega:-18.50, omega_m:-25.00, u:-274.92, theta1:26.992, theta2:21.616, e:6.500
t:54.88, r:-25.00, omega:-21.42, omega_m:-25.00, u:-212.02, theta1:26.997, theta2:21.612, e:3.581
t:54.89, r:-25.00, omega:-21.42, omega_m:-25.00, u:-212.21, theta1:27.001, theta2:21.608, e:3.581
t:54.90, r:-25.00, omega:-21.11, omega_m:-25.00, u:-219.14, theta1:27.006, theta2:21.604, e:3.892
t:54.91, r:-25.00, omega:-21.11, omega_m:-25.00, u:-219.35, theta1:27.011, theta2:21.600, e:3.892
t:54.92, r:-25.00, omega:-21.11, omega_m:-25.00, u:-219.55, theta1:27.016, theta2:21.596, e:3.892
t:54.93, r:-25.00, omega:-16.08, omega_m:-25.00, u:-328.61, theta1:27.027, theta2:21.589, e:8.924
t:54.94, r:-25.00, omega:-16.08, omega_m:-25.00, u:-329.01, theta1:27.038, theta2:21.582, e:8.924
t:54.95, r:-25.00, omega:-16.08, omega_m:-25.00, u:-329.40, theta1:27.049, theta2:21.575, e:8.924
t:54.96, r:-25.00, omega:-17.48, omega_m:-25.00, u:-299.41, theta1:27.059, theta2:21.568, e:7.518
t:54.97, r:-25.00, omega:-17.48, omega_m:-25.00, u:-299.76, theta1:27.068, theta2:21.561, e:7.518
t:54.98, r:-25.00, omega:-17.48, omega_m:-25.00, u:-300.11, theta1:27.078, theta2:21.555, e:7.518
t:54.99, r:-25.00, omega:-21.16, omega_m:-25.00, u:-220.96, theta1:27.082, theta2:21.551, e:3.836
t:55.00, r:-25.00, omega:-21.16, omega_m:-25.00, u:-221.16, theta1:27.087, theta2:21.547, e:3.836
t:55.01, r:0.00, omega:-21.24, omega_m:-20.47, u:0.00, theta1:27.087, theta2:21.548, e:-0.777
t:55.02, r:0.00, omega:-21.24, omega_m:-16.76, u:0.00, theta1:27.087, theta2:21.552, e:-4.487
t:55.03, r:0.00, omega:-21.24, omega_m:-13.72, u:0.00, theta1:27.087, theta2:21.560, e:-7.524
t:55.04, r:0.00, omega:-21.24, omega_m:-11.23, u:0.00, theta1:27.087, theta2:21.571, e:-10.012
t:55.05, r:0.00, omega:-21.24, omega_m:-9.20, u:0.00, theta1:27.087, theta2:21.584, e:-12.048
t:55.06, r:0.00, omega:-21.24, omega_m:-7.53, u:0.00, theta1:27.087, theta2:21.598, e:-13.715
t:55.07, r:0.00, omega:-21.24, omega_m:-6.16, u:0.00, theta1:27.087, theta2:21.614, e:-15.080
t:55.08, r:0.00, omega:-21.24, omega_m:-5.05, u:0.00, theta1:27.087, theta2:21.632, e:-16.197
t:55.09, r:0.00, omega:-21.24, omega_m:-4.13, u:0.00, theta1:27.087, theta2:21.650, e:-17.112
t:55.10, r:0.00, omega:-21.24, omega_m:-3.38, u:0.00, theta1:27.087, theta2:21.669, e:-17.861
t:55.11, r:0.00, omega:-21.24, omega_m:-2.77, u:0.00, theta1:27.087, theta2:21.688, e:-18.475
t:55.12, r:0.00, omega:-21.24, omega_m:-2.27, u:0.00, theta1:27.087, theta2:21.709, e:-18.977
t:55.13, r:0.00, omega:-21.24, omega_m:-1.86, u:0.00, theta1:27.087, theta2:21.729, e:-19.388
t:55.14, r:0.00, omega:-21.24, omega_m:-1.52, u:0.00, theta1:27.087, theta2:21.750, e:-19.725
t:55.15, r:0.00, omega:-21.24, omega_m:-1.24, u:0.00, theta1:27.087, theta2:21.771, e:-20.000
t:55.16, r:0.00, omega:-21.24, omega_m:-1.02, u:0.00, theta1:27.087, theta2:21.793, e:-20.226
t:55.17, r:0.00, omega:-21.24, omega_m:-0.83, u:0.00, theta1:27.087, theta2:21.814, e:-20.410
t:55.18, r:0.00, omega:-21.24, omega_m:-0.68, u:0.00, theta1:27.087, theta2:21.836, e:-20.562
t:55.19, r:0.00, omega:-21.24, omega_m:-0.56, u:0.00, theta1:27.087, theta2:21.858, e:-20.686
t:55.20, r:0.00, omega:-21.24, omega_m:-0.46, u:0.00, theta1:27.087, theta2:21.880, e:-20.787
t:55.21, r:0.00, omega:-21.24, omega_m:-0.37, u:0.00, theta1:27.087, theta2:21.903, e:-20.870
t:55.22, r:0.00, omega:-21.24, omega_m:-0.31, u:0.00, theta1:27.087, theta2:21.925, e:-20.938
t:55.23, r:0.00, omega:-21.24, omega_m:-0.25, u:0.00, theta1:27.087, theta2:21.947, e:-20.993
t:55.24, r:0.00, omega:-21.24, omega_m:-0.21, u:0.00, theta1:27.087, theta2:21.969, e:-21.039
t:55.25, r:0.00, omega:-21.24, omega_m:-0.17, u:0.00, theta1:27.087, theta2:21.992, e:-21.076
t:55.26, r:0.00, omega:-21.24, omega_m:-0.14, u:0.00, theta1:27.087, theta2:22.014, e:-21.107
t:55.27, r:0.00, omega:-21.24, omega_m:-0.11, u:0.00, theta1:27.087, theta2:22.037, e:-21.132
t:55.28, r:0.00, omega:-21.24, omega_m:-0.09, u:0.00, theta1:27.087, theta2:22.059, e:-21.152
t:55.29, r:0.00, omega:-21.24, omega_m:-0.08, u:0.00, theta1:27.087, theta2:22.082, e:-21.169
t:55.30, r:0.00, omega:-21.24, omega_m:-0.06, u:0.00, theta1:27.087, theta2:22.104, e:-21.183
t:55.31, r:0.00, omega:-21.24, omega_m:-0.05, u:0.00, theta1:27.087, theta2:22.127, e:-21.194
t:55.32, r:0.00, omega:-21.24, omega_m:-0.04, u:0.00, theta1:27.087, theta2:22.149, e:-21.203
t:55.33, r:0.00, omega:-21.24, omega_m:-0.03, u:0.00, theta1:27.087, theta2:22.172, e:-21.211
t:55.34, r:0.00, omega:-21.24, omega_m:-0.03, u:0.00, theta1:27.087, theta2:22.194, e:-21.217
t:55.35, r:0.00, omega:-21.24, omega_m:-0.02, u:0.00, theta1:27.087, theta2:22.217, e:-21.222
t:55.36, r:0.00, omega:-21.24, omega_m:-0.02, u:0.00, theta1:27.087, theta2:22.239, e:-21.226
t:55.37, r:0.00, omega:-21.24, omega_m:-0.02, u:0.00, theta1:27.087, theta2:22.262, e:-21.229
t:55.38, r:0.00, omega:-21.24, omega_m:-0.01, u:0.00, theta1:27.087, theta2:22.284, e:-21.232
t:55.39, r:0.00, omega:-21.24, omega_m:-0.01, u:0.00, theta1:27.087, theta2:22.307, e:-21.235
t:55.40, r:0.00, omega:-21.24, omega_m:-0.01, u:0.00, theta1:27.087, theta2:22.330, e:-21.236
t:55.41, r:0.00, omega:-21.24, omega_m:-0.01, u:0.00, theta1:27.087, theta2:22.352, e:-21.238
t:55.42, r:0.00, omega:-21.24, omega_m:-0.01, u:0.00, theta1:27.087, theta2:22.375, e:-21.239
t:55.43, r:0.00, omega:-21.24, omega_m:-0.00, u:0.00, theta1:27.087, theta2:22.397, e:-21.240
t:55.44, r:0.00, omega:-21.24, omega_m:-0.00, u:0.00, theta1:27.087, theta2:22.420, e:-21.241
t:55.45, r:0.00, omega:-21.24, omega_m:-0.00, u:0.00, theta1:27.087, theta2:22.442, e:-21.242
t:55.46, r:0.00, omega:-21.24, omega_m:-0.00, u:0.00, theta1:27.087, theta2:22.465, e:-21.242
t:55.47, r:0.00, omega:-21.24, omega_m:-0.00, u:0.00, theta1:27.087, theta2:22.487, e:-21.243
t:55.48, r:0.00, omega:-21.24, omega_m:-0.00, u:0.00, theta1:27.087, theta2:22.510, e:-21.243
t:55.49, r:0.00, omega:-21.24, omega_m:-0.00, u:0.00, theta1:27.087, theta2:22.533, e:-21.243
t:55.50, r:0.00, omega:-21.24, omega_m:-0.00, u:0.00, theta1:27.087, theta2:22.555, e:-21.244
t:55.51, r:0.00, omega:0.00, omega_m:-0.00, u:0.00, theta1:27.087, theta2:22.555, e:0.001
t:55.52, r:0.00, omega:0.00, omega_m:-0.00, u:0.00, theta1:27.087, theta2:22.555, e:0.001
t:55.53, r:0.00, omega:0.00, omega_m:-0.00, u:0.00, theta1:27.087, theta2:22.555, e:0.001
t:55.54, r:0.00, omega:0.00, omega_m:-0.00, u:0.00, theta1:27.087, theta2:22.555, e:0.001
t:55.55, r:0.00, omega:0.00, omega_m:-0.00, u:0.00, theta1:27.087, theta2:22.555, e:0.000
t:55.56, r:0.00, omega:0.00, omega_m:-0.00, u:0.00, theta1:27.087, theta2:22.555, e:0.000
t:55.57, r:0.00, omega:0.00, omega_m:-0.00, u:0.00, theta1:27.087, theta2:22.555, e:0.000
t:55.58, r:0.00, omega:0.00, omega_m:-0.00, u:0.00, theta1:27.087, theta2:22.555, e:0.000
t:55.59, r:0.00, omega:0.00, omega_m:-0.00, u:0.00, theta1:27.087, theta2:22.555, e:0.000
t:55.60, r:0.00, omega:0.00, omega_m:-0.00, u:0.00, theta1:27.087, theta2:22.555, e:0.000
t:55.61, r:0.00, omega:0.00, omega_m:-0.00, u:0.00, theta1:27.087, theta2:22.555, e:0.000
t:55.62, r:0.00, omega:0.00, omega_m:-0.00, u:0.00, theta1:27.087, theta2:22.555, e:0.000
t:55.63, r:0.00, omega:0.00, omega_m:-0.00, u:0.00, theta1:27.087, theta2:22.555, e:0.000
t:55.64, r:0.00, omega:0.00, omega_m:-0.00, u:0.00, theta1:27.087, theta2:22.555, e:0.000
t:55.65, r:0.00, omega:0.00, omega_m:-0.00, u:0.00, theta1:27.087, theta2:22.555, e:0.000
t:55.66, r:0.00, omega:0.00, omega_m:-0.00, u:0.00, theta1:27.087, theta2:22.555, e:0.000
t:55.67, r:0.00, omega:0.00, omega_m:-0.00, u:0.00, theta1:27.087, theta2:22.555, e:0.000
t:55.68, r:0.00, omega:0.00, omega_m:-0.00, u:0.00, theta1:27.087, theta2:22.555, e:0.000
t:55.69, r:0.00, omega:0.00, omega_m:-0.00, u:0.00, theta1:27.087, theta2:22.555, e:0.000
t:55.70, r:0.00, omega:0.00, omega_m:-0.00, u:0.00, theta1:27.087, theta2:22.555, e:0.000
t:55.71, r:0.00, omega:0.00, omega_m:-0.00, u:0.00, theta1:27.087, theta2:22.555, e:0.000
t:55.72, r:0.00, omega:0.00, omega_m:-0.00, u:0.00, theta1:27.087, theta2:22.555, e:0.000
t:55.73, r:0.00, omega:0.00, omega_m:-0.00, u:0.00, theta1:27.087, theta2:22.555, e:0.000
t:55.74, r:0.00, omega:0.00, omega_m:-0.00, u:0.00, theta1:27.087, theta2:22.555, e:0.000
t:55.75, r:0.00, omega:0.00, omega_m:-0.00, u:0.00, theta1:27.087, theta2:22.555, e:0.000
t:55.76, r:0.00, omega:0.00, omega_m:-0.00, u:0.00, theta1:27.087, theta2:22.555, e:0.000
t:55.77, r:0.00, omega:0.00, omega_m:-0.00, u:0.00, theta1:27.087, theta2:22.555, e:0.000
t:55.78, r:0.00, omega:0.00, omega_m:-0.00, u:0.00, theta1:27.087, theta2:22.555, e:0.000
t:55.79, r:0.00, omega:0.00, omega_m:-0.00, u:0.00, theta1:27.087, theta2:22.555, e:0.000
t:55.80, r:0.00, omega:0.00, omega_m:-0.00, u:0.00, theta1:27.087, theta2:22.555, e:0.000
t:55.81, r:0.00, omega:0.00, omega_m:-0.00, u:0.00, theta1:27.087, theta2:22.555, e:0.000
t:55.82, r:0.00, omega:0.00, omega_m:-0.00, u:0.00, theta1:27.087, theta2:22.555, e:0.000
t:55.83, r:0.00, omega:0.00, omega_m:-0.00, u:0.00, theta1:27.087, theta2:22.555, e:0.000
t:55.84, r:0.00, omega:0.00, omega_m:-0.00, u:0.00, theta1:27.087, theta2:22.555, e:0.000
t:55.85, r:0.00, omega:0.00, omega_m:-0.00, u:0.00, theta1:27.087, theta2:22.555, e:0.000
t:55.86, r:0.00, omega:0.00, omega_m:-0.00, u:0.00, theta1:27.087, theta2:22.555, e:0.000
t:55.87, r:0.00, omega:0.00, omega_m:-0.00, u:0.00, theta1:27.087, theta2:22.555, e:0.000
t:55.88, r:0.00, omega:0.00, omega_m:-0.00, u:0.00, theta1:27.087, theta2:22.555, e:0.000
t:55.89, r:0.00, omega:0.00, omega_m:-0.00, u:0.00, theta1:27.087, theta2:22.555, e:0.000
t:55.90, r:0.00, omega:0.00, omega_m:-0.00, u:0.00, theta1:27.087, theta2:22.555, e:0.000
t:55.91, r:0.00, omega:0.00, omega_m:-0.00, u:0.00, theta1:27.087, theta2:22.555, e:0.000
t:55.92, r:0.00, omega:0.00, omega_m:-0.00, u:0.00, theta1:27.087, theta2:22.555, e:0.000
t:55.93, r:0.00, omega:0.00, omega_m:-0.00, u:0.00, theta1:27.087, theta2:22.555, e:0.000
t:55.94, r:0.00, omega:0.00, omega_m:-0.00, u:0.00, theta1:27.087, theta2:22.555, e:0.000
t:55.95, r:0.00, omega:0.00, omega_m:-0.00, u:0.00, theta1:27.087, theta2:22.555, e:0.000
t:55.96, r:0.00, omega:0.00, omega_m:-0.00, u:0.00, theta1:27.087, theta2:22.555, e:0.000
t:55.97, r:0.00, omega:0.00, omega_m:-0.00, u:0.00, theta1:27.087, theta2:22.555, e:0.000
t:55.98, r:0.00, omega:0.00, omega_m:-0.00, u:0.00, theta1:27.087, theta2:22.555, e:0.000
t:55.99, r:0.00, omega:0.00, omega_m:-0.00, u:0.00, theta1:27.087, theta2:22.555, e:0.000
t:56.00, r:0.00, omega:0.00, omega_m:-0.00, u:0.00, theta1:27.087, theta2:22.555, e:0.000
t:56.01, r:25.00, omega:0.00, omega_m:4.53, u:677.32, theta1:27.093, theta2:22.555, e:-4.532
t:56.02, r:25.00, omega:0.00, omega_m:8.24, u:677.58, theta1:27.103, theta2:22.555, e:-8.242
t:56.03, r:25.00, omega:0.51, omega_m:11.28, u:666.32, theta1:27.117, theta2:22.555, e:-10.765
t:56.04, r:25.00, omega:0.51, omega_m:13.77, u:666.73, theta1:27.133, theta2:22.555, e:-13.253
t:56.05, r:25.00, omega:27.92, omega_m:15.80, u:47.74, theta1:27.118, theta2:22.571, e:12.118
t:56.06, r:25.00, omega:36.44, omega_m:17.47, u:-146.45, theta1:27.094, theta2:22.606, e:18.972
t:56.07, r:25.00, omega:36.44, omega_m:18.84, u:-148.17, theta1:27.072, theta2:22.638, e:17.607
t:56.08, r:25.00, omega:36.44, omega_m:19.95, u:-149.78, theta1:27.052, theta2:22.668, e:16.489
t:56.09, r:25.00, omega:36.44, omega_m:20.87, u:-151.30, theta1:27.032, theta2:22.697, e:15.574
t:56.10, r:25.00, omega:36.44, omega_m:21.62, u:-152.75, theta1:27.014, theta2:22.724, e:14.825
t:56.11, r:25.00, omega:36.44, omega_m:22.23, u:-154.14, theta1:26.996, theta2:22.749, e:14.212
t:56.12, r:25.00, omega:36.44, omega_m:22.73, u:-155.47, theta1:26.979, theta2:22.774, e:13.710
t:56.13, r:25.00, omega:-8.49, omega_m:23.14, u:700.00, theta1:27.018, theta2:22.788, e:-31.633
t:56.14, r:25.00, omega:-8.49, omega_m:23.48, u:700.00, theta1:27.058, theta2:22.801, e:-31.970
t:56.15, r:25.00, omega:-8.49, omega_m:23.76, u:700.00, theta1:27.099, theta2:22.815, e:-32.246
t:56.16, r:25.00, omega:13.81, omega_m:23.98, u:362.81, theta1:27.111, theta2:22.808, e:-10.171
t:56.17, r:25.00, omega:13.81, omega_m:24.17, u:363.23, theta1:27.124, theta2:22.801, e:-10.356
t:56.18, r:25.00, omega:30.08, omega_m:24.32, u:-8.10, theta1:27.117, theta2:22.810, e:5.759
t:56.19, r:25.00, omega:30.08, omega_m:24.44, u:-8.53, theta1:27.110, theta2:22.818, e:5.636
t:56.20, r:25.00, omega:30.08, omega_m:24.54, u:-8.96, theta1:27.103, theta2:22.826, e:5.534
t:56.21, r:25.00, omega:20.02, omega_m:24.63, u:220.85, theta1:27.109, theta2:22.822, e:-4.606
t:56.22, r:25.00, omega:20.02, omega_m:24.69, u:221.09, theta1:27.115, theta2:22.817, e:-4.674
t:56.23, r:25.00, omega:20.02, omega_m:24.75, u:221.33, theta1:27.121, theta2:22.812, e:-4.730
t:56.24, r:25.00, omega:20.02, omega_m:24.79, u:221.58, theta1:27.127, theta2:22.808, e:-4.775
t:56.25, r:25.00, omega:20.02, omega_m:24.83, u:221.83, theta1:27.133, theta2:22.803, e:-4.812
t:56.26, r:25.00, omega:10.24, omega_m:24.86, u:445.44, theta1:27.151, theta2:22.795, e:-14.626
t:56.27, r:25.00, omega:10.24, omega_m:24.89, u:445.98, theta1:27.169, theta2:22.788, e:-14.651
t:56.28, r:25.00, omega:10.24, omega_m:24.91, u:446.51, theta1:27.188, theta2:22.780, e:-14.672
t:56.29, r:25.00, omega:16.85, omega_m:24.92, u:296.23, theta1:27.198, theta2:22.773, e:-8.075
t:56.30, r:25.00, omega:16.85, omega_m:24.94, u:296.60, theta1:27.208, theta2:22.767, e:-8.089
