t:0.04, r:25.00, omega:0.00, omega_m:15.80, u:438.67, theta1:17.547, theta2:0.000, e:-15.803
t:0.05, r:25.00, omega:0.00, omega_m:21.62, u:439.26, theta1:17.570, theta2:0.000, e:-21.617
t:0.06, r:25.00, omega:20.29, omega_m:23.76, u:436.73, theta1:17.542, theta2:0.042, e:19.539
t:0.07, r:25.00, omega:20.29, omega_m:24.54, u:434.30, theta1:17.516, theta2:0.083, e:18.752
t:0.08, r:25.00, omega:19.63, omega_m:24.83, u:436.50, theta1:17.521, theta2:0.078, e:-5.200
t:0.09, r:25.00, omega:19.63, omega_m:24.94, u:436.75, theta1:17.527, theta2:0.073, e:-5.306
t:0.10, r:25.00, omega:19.63, omega_m:24.98, u:437.00, theta1:17.533, theta2:0.067, e:-5.345
t:0.11, r:25.00, omega:25.05, omega_m:24.99, u:436.63, theta1:17.533, theta2:0.067, e:0.062
t:0.12, r:25.00, omega:28.50, omega_m:25.00, u:436.13, theta1:17.528, theta2:0.072, e:3.504
t:0.13, r:25.00, omega:28.50, omega_m:25.00, u:435.86, theta1:17.523, theta2:0.077, e:3.503
t:0.14, r:25.00, omega:33.02, omega_m:25.00, u:434.79, theta1:17.511, theta2:0.091, e:8.025
t:0.15, r:25.00, omega:33.02, omega_m:25.00, u:434.06, theta1:17.500, theta2:0.104, e:8.024
t:0.16, r:25.00, omega:31.11, omega_m:25.00, u:433.75, theta1:17.491, theta2:0.113, e:6.115
t:0.17, r:25.00, omega:29.73, omega_m:25.00, u:433.53, theta1:17.484, theta2:0.120, e:4.735
t:0.18, r:25.00, omega:29.73, omega_m:25.00, u:433.15, theta1:17.478, theta2:0.127, e:4.735
t:0.19, r:25.00, omega:29.48, omega_m:25.00, u:432.83, theta1:17.471, theta2:0.134, e:4.482
t:0.20, r:25.00, omega:29.48, omega_m:25.00, u:432.47, theta1:17.465, theta2:0.141, e:4.482
t:0.21, r:25.00, omega:31.77, omega_m:25.00, u:431.57, theta1:17.455, theta2:0.151, e:6.772
t:0.22, r:25.00, omega:31.77, omega_m:25.00, u:430.99, theta1:17.445, theta2:0.162, e:6.772
t:0.23, r:25.00, omega:30.66, omega_m:25.00, u:430.70, theta1:17.437, theta2:0.171, e:5.665
t:0.24, r:25.00, omega:29.16, omega_m:25.00, u:430.63, theta1:17.431, theta2:0.177, e:4.158
t:0.25, r:25.00, omega:29.16, omega_m:25.00, u:430.30, theta1:17.426, theta2:0.183, e:4.158
t:0.26, r:25.00, omega:30.30, omega_m:25.00, u:429.66, theta1:17.418, theta2:0.191, e:5.304
t:0.27, r:25.00, omega:30.30, omega_m:25.00, u:429.23, theta1:17.410, theta2:0.199, e:5.304
t:0.28, r:25.00, omega:30.94, omega_m:25.00, u:428.61, theta1:17.402, theta2:0.208, e:5.942
t:0.29, r:25.00, omega:30.80, omega_m:25.00, u:428.16, theta1:17.394, theta2:0.217, e:5.800
t:0.30, r:25.00, omega:30.80, omega_m:25.00, u:427.68, theta1:17.385, theta2:0.226, e:5.800
t:0.31, r:25.00, omega:30.72, omega_m:25.00, u:427.22, theta1:17.377, theta2:0.235, e:5.715
t:0.32, r:25.00, omega:30.72, omega_m:25.00, u:426.75, theta1:17.369, theta2:0.244, e:5.715
t:0.33, r:25.00, omega:30.81, omega_m:25.00, u:426.24, theta1:17.361, theta2:0.252, e:5.813
t:0.34, r:25.00, omega:30.81, omega_m:25.00, u:425.76, theta1:17.353, theta2:0.261, e:5.813
t:0.35, r:25.00, omega:30.53, omega_m:25.00, u:425.38, theta1:17.345, theta2:0.270, e:5.534
t:0.36, r:25.00, omega:30.32, omega_m:25.00, u:425.00, theta1:17.337, theta2:0.278, e:5.322
t:0.37, r:25.00, omega:30.32, omega_m:25.00, u:424.57, theta1:17.330, theta2:0.286, e:5.322
t:0.38, r:25.00, omega:30.06, omega_m:25.00, u:424.24, theta1:17.322, theta2:0.294, e:5.057
t:0.39, r:25.00, omega:30.06, omega_m:25.00, u:423.83, theta1:17.315, theta2:0.301, e:5.057
t:0.40, r:25.00, omega:29.73, omega_m:25.00, u:423.55, theta1:17.308, theta2:0.308, e:4.728
t:0.41, r:25.00, omega:31.44, omega_m:25.00, u:422.48, theta1:17.299, theta2:0.318, e:6.444
t:0.42, r:25.00, omega:31.44, omega_m:25.00, u:421.93, theta1:17.290, theta2:0.328, e:6.444
t:0.43, r:25.00, omega:32.08, omega_m:25.00, u:421.10, theta1:17.280, theta2:0.340, e:7.081
t:0.44, r:25.00, omega:32.08, omega_m:25.00, u:420.49, theta1:17.270, theta2:0.351, e:7.081
t:0.45, r:25.00, omega:29.24, omega_m:25.00, u:421.15, theta1:17.264, theta2:0.357, e:4.242
t:0.46, r:25.00, omega:29.24, omega_m:25.00, u:420.82, theta1:17.258, theta2:0.363, e:4.242
t:0.47, r:25.00, omega:29.58, omega_m:25.00, u:420.33, theta1:17.251, theta2:0.370, e:4.584
t:0.48, r:25.00, omega:32.25, omega_m:25.00, u:418.71, theta1:17.241, theta2:0.382, e:7.249
t:0.49, r:25.00, omega:32.25, omega_m:25.00, u:418.08, theta1:17.231, theta2:0.393, e:7.249
t:0.50, r:25.00, omega:29.49, omega_m:25.00, u:418.81, theta1:17.224, theta2:0.400, e:4.492
t:0.51, r:25.00, omega:29.49, omega_m:25.00, u:418.46, theta1:17.218, theta2:0.407, e:4.492
t:0.52, r:25.00, omega:28.88, omega_m:25.00, u:418.41, theta1:17.212, theta2:0.412, e:3.879
t:0.53, r:25.00, omega:28.88, omega_m:25.00, u:418.11, theta1:17.207, theta2:0.418, e:3.879
t:0.54, r:25.00, omega:31.99, omega_m:25.00, u:416.20, theta1:17.197, theta2:0.429, e:6.989
t:0.55, r:25.00, omega:29.84, omega_m:25.00, u:416.74, theta1:17.190, theta2:0.436, e:4.838
t:0.56, r:25.00, omega:29.84, omega_m:25.00, u:416.35, theta1:17.183, theta2:0.443, e:4.838
t:0.57, r:25.00, omega:28.76, omega_m:25.00, u:416.54, theta1:17.178, theta2:0.449, e:3.761
t:0.58, r:25.00, omega:28.76, omega_m:25.00, u:416.25, theta1:17.173, theta2:0.454, e:3.761
t:0.59, r:25.00, omega:32.20, omega_m:25.00, u:414.06, theta1:17.162, theta2:0.466, e:7.202
t:0.60, r:25.00, omega:32.20, omega_m:25.00, u:413.43, theta1:17.152, theta2:0.477, e:7.202
t:0.61, r:25.00, omega:27.91, omega_m:25.00, u:415.26, theta1:17.148, theta2:0.481, e:2.910
t:0.62, r:25.00, omega:29.46, omega_m:25.00, u:414.17, theta1:17.142, theta2:0.488, e:4.457
t:0.63, r:25.00, omega:29.46, omega_m:25.00, u:413.82, theta1:17.135, theta2:0.494, e:4.457
t:0.64, r:25.00, omega:30.55, omega_m:25.00, u:412.82, theta1:17.127, theta2:0.503, e:5.552
t:0.65, r:25.00, omega:30.55, omega_m:25.00, u:412.36, theta1:17.119, theta2:0.511, e:5.552
t:0.66, r:25.00, omega:30.08, omega_m:25.00, u:412.20, theta1:17.112, theta2:0.519, e:5.078
t:0.67, r:25.00, omega:30.08, omega_m:25.00, u:411.79, theta1:17.105, theta2:0.527, e:5.078
t:0.68, r:25.00, omega:27.85, omega_m:25.00, u:412.75, theta1:17.101, theta2:0.531, e:2.845
t:0.69, r:25.00, omega:30.09, omega_m:25.00, u:411.15, theta1:17.094, theta2:0.538, e:5.094
t:0.70, r:25.00, omega:30.09, omega_m:25.00, u:410.74, theta1:17.087, theta2:0.546, e:5.094
t:0.71, r:25.00, omega:29.89, omega_m:25.00, u:410.46, theta1:17.080, theta2:0.553, e:4.893
t:0.72, r:25.00, omega:29.89, omega_m:25.00, u:410.07, theta1:17.073, theta2:0.560, e:4.893
t:0.73, r:25.00, omega:28.33, omega_m:25.00, u:410.69, theta1:17.068, theta2:0.565, e:3.330
t:0.74, r:25.00, omega:28.33, omega_m:25.00, u:410.44, theta1:17.063, theta2:0.570, e:3.330
t:0.75, r:25.00, omega:28.51, omega_m:25.00, u:410.07, theta1:17.058, theta2:0.575, e:3.511
t:0.76, r:25.00, omega:28.51, omega_m:25.00, u:409.80, theta1:17.053, theta2:0.580, e:3.511
t:0.77, r:25.00, omega:32.16, omega_m:25.00, u:407.06, theta1:17.043, theta2:0.591, e:7.164
t:0.78, r:25.00, omega:27.55, omega_m:25.00, u:409.60, theta1:17.039, theta2:0.595, e:2.551
t:0.79, r:25.00, omega:27.55, omega_m:25.00, u:409.41, theta1:17.036, theta2:0.598, e:2.551
t:0.80, r:25.00, omega:29.93, omega_m:25.00, u:407.60, theta1:17.029, theta2:0.606, e:4.925
t:0.81, r:25.00, omega:29.93, omega_m:25.00, u:407.20, theta1:17.022, theta2:0.613, e:4.925
t:0.82, r:25.00, omega:28.72, omega_m:25.00, u:407.66, theta1:17.016, theta2:0.618, e:3.722
t:0.83, r:25.00, omega:28.72, omega_m:25.00, u:407.37, theta1:17.011, theta2:0.624, e:3.722
t:0.84, r:25.00, omega:27.41, omega_m:25.00, u:408.01, theta1:17.008, theta2:0.627, e:2.415
t:0.85, r:25.00, omega:27.41, omega_m:25.00, u:407.83, theta1:17.004, theta2:0.630, e:2.415
t:0.86, r:25.00, omega:30.18, omega_m:25.00, u:405.68, theta1:16.997, theta2:0.638, e:5.175
t:0.87, r:25.00, omega:29.88, omega_m:25.00, u:405.47, theta1:16.990, theta2:0.645, e:4.881
t:0.88, r:25.00, omega:29.88, omega_m:25.00, u:405.08, theta1:16.983, theta2:0.652, e:4.881
t:0.89, r:25.00, omega:28.13, omega_m:25.00, u:405.99, theta1:16.979, theta2:0.657, e:3.128
t:0.90, r:25.00, omega:28.13, omega_m:25.00, u:405.76, theta1:16.974, theta2:0.661, e:3.128
t:0.91, r:25.00, omega:27.71, omega_m:25.00, u:405.84, theta1:16.970, theta2:0.665, e:2.705
t:0.92, r:25.00, omega:27.71, omega_m:25.00, u:405.64, theta1:16.967, theta2:0.669, e:2.705
t:0.93, r:25.00, omega:29.86, omega_m:25.00, u:403.81, theta1:16.960, theta2:0.676, e:4.859
t:0.94, r:25.00, omega:29.86, omega_m:25.00, u:403.42, theta1:16.953, theta2:0.683, e:4.859
t:0.95, r:25.00, omega:28.87, omega_m:25.00, u:403.80, theta1:16.947, theta2:0.689, e:3.868
t:0.96, r:25.00, omega:28.87, omega_m:25.00, u:403.51, theta1:16.942, theta2:0.694, e:3.868
t:0.97, r:25.00, omega:27.34, omega_m:25.00, u:404.40, theta1:16.938, theta2:0.697, e:2.338
t:0.98, r:25.00, omega:29.93, omega_m:25.00, u:402.20, theta1:16.931, theta2:0.705, e:4.927
t:0.99, r:25.00, omega:29.93, omega_m:25.00, u:401.80, theta1:16.925, theta2:0.712, e:4.927
t:1.00, r:25.00, omega:30.11, omega_m:25.00, u:401.26, theta1:16.917, theta2:0.720, e:5.113
t:1.01, r:0.00, omega:30.11, omega_m:9.20, u:0.00, theta1:16.914, theta2:0.751, e:20.916
t:1.02, r:0.00, omega:27.90, omega_m:3.38, u:0.00, theta1:16.910, theta2:0.785, e:24.512
t:1.03, r:0.00, omega:27.90, omega_m:1.24, u:0.00, theta1:16.905, theta2:0.822, e:26.651
t:1.04, r:0.00, omega:27.90, omega_m:0.46, u:0.00, theta1:16.900, theta2:0.860, e:27.438
t:1.05, r:0.00, omega:27.90, omega_m:0.17, u:0.00, theta1:16.896, theta2:0.898, e:27.727
t:1.06, r:0.00, omega:27.90, omega_m:0.06, u:0.00, theta1:16.891, theta2:0.937, e:27.834
t:1.07, r:0.00, omega:27.90, omega_m:0.02, u:0.00, theta1:16.886, theta2:0.976, e:27.873
t:1.08, r:0.00, omega:27.90, omega_m:0.01, u:0.00, theta1:16.882, theta2:1.014, e:27.887
t:1.09, r:0.00, omega:27.90, omega_m:0.00, u:0.00, theta1:16.877, theta2:1.053, e:27.892
t:1.10, r:0.00, omega:27.90, omega_m:0.00, u:0.00, theta1:16.872, theta2:1.092, e:27.894
t:1.11, r:0.00, omega:27.90, omega_m:0.00, u:0.00, theta1:16.867, theta2:1.130, e:27.895
t:1.12, r:0.00, omega:27.90, omega_m:0.00, u:0.00, theta1:16.863, theta2:1.169, e:27.895
t:1.13, r:0.00, omega:27.90, omega_m:0.00, u:0.00, theta1:16.858, theta2:1.207, e:27.895
t:1.14, r:0.00, omega:27.90, omega_m:0.00, u:0.00, theta1:16.853, theta2:1.246, e:27.895
t:1.15, r:0.00, omega:27.90, omega_m:0.00, u:0.00, theta1:16.849, theta2:1.284, e:27.896
t:1.16, r:0.00, omega:27.90, omega_m:0.00, u:0.00, theta1:16.844, theta2:1.323, e:27.896
t:1.17, r:0.00, omega:27.90, omega_m:0.00, u:0.00, theta1:16.839, theta2:1.362, e:27.896
t:1.18, r:0.00, omega:27.90, omega_m:0.00, u:0.00, theta1:16.835, theta2:1.400, e:27.896
t:1.19, r:0.00, omega:27.90, omega_m:0.00, u:0.00, theta1:16.830, theta2:1.439, e:27.896
t:1.20, r:0.00, omega:27.90, omega_m:0.00, u:0.00, theta1:16.825, theta2:1.477, e:27.896
t:1.21, r:0.00, omega:27.90, omega_m:0.00, u:0.00, theta1:16.820, theta2:1.516, e:27.896
t:1.22, r:0.00, omega:27.90, omega_m:0.00, u:0.00, theta1:16.816, theta2:1.554, e:27.896
t:1.23, r:0.00, omega:27.90, omega_m:0.00, u:0.00, theta1:16.811, theta2:1.593, e:27.896
t:1.24, r:0.00, omega:27.90, omega_m:0.00, u:0.00, theta1:16.806, theta2:1.631, e:27.896
t:1.25, r:0.00, omega:27.90, omega_m:0.00, u:0.00, theta1:16.802, theta2:1.669, e:27.896
t:1.26, r:0.00, omega:27.90, omega_m:0.00, u:0.00, theta1:16.797, theta2:1.708, e:27.896
t:1.27, r:0.00, omega:27.90, omega_m:0.00, u:0.00, theta1:16.792, theta2:1.746, e:27.896
t:1.28, r:0.00, omega:27.90, omega_m:0.00, u:0.00, theta1:16.788, theta2:1.785, e:27.896
t:1.29, r:0.00, omega:27.90, omega_m:0.00, u:0.00, theta1:16.783, theta2:1.823, e:27.896
t:1.30, r:0.00, omega:27.90, omega_m:0.00, u:0.00, theta1:16.778, theta2:1.862, e:27.896
t:1.31, r:0.00, omega:27.90, omega_m:0.00, u:0.00, theta1:16.774, theta2:1.900, e:27.896
t:1.32, r:0.00, omega:27.90, omega_m:0.00, u:0.00, theta1:16.769, theta2:1.938, e:27.896
t:1.33, r:0.00, omega:27.90, omega_m:0.00, u:0.00, theta1:16.764, theta2:1.977, e:27.896
t:1.34, r:0.00, omega:27.90, omega_m:0.00, u:0.00, theta1:16.760, theta2:2.015, e:27.896
t:1.35, r:0.00, omega:27.90, omega_m:0.00, u:0.00, theta1:16.755, theta2:2.053, e:27.896
t:1.36, r:0.00, omega:27.90, omega_m:0.00, u:0.00, theta1:16.750, theta2:2.092, e:27.896
t:1.37, r:0.00, omega:27.90, omega_m:0.00, u:0.00, theta1:16.746, theta2:2.130, e:27.896
t:1.38, r:0.00, omega:27.90, omega_m:0.00, u:0.00, theta1:16.741, theta2:2.168, e:27.896
t:1.39, r:0.00, omega:27.90, omega_m:0.00, u:0.00, theta1:16.736, theta2:2.207, e:27.896
t:1.40, r:0.00, omega:27.90, omega_m:0.00, u:0.00, theta1:16.732, theta2:2.245, e:27.896
t:1.41, r:0.00, omega:27.90, omega_m:0.00, u:0.00, theta1:16.727, theta2:2.283, e:27.896
t:1.42, r:0.00, omega:27.90, omega_m:0.00, u:0.00, theta1:16.722, theta2:2.322, e:27.896
t:1.43, r:0.00, omega:27.90, omega_m:0.00, u:0.00, theta1:16.718, theta2:2.360, e:27.896
t:1.44, r:0.00, omega:27.90, omega_m:0.00, u:0.00, theta1:16.713, theta2:2.398, e:27.896
t:1.45, r:0.00, omega:27.90, omega_m:0.00, u:0.00, theta1:16.708, theta2:2.436, e:27.896
t:1.46, r:0.00, omega:27.90, omega_m:0.00, u:0.00, theta1:16.704, theta2:2.474, e:27.896
t:1.47, r:0.00, omega:27.90, omega_m:0.00, u:0.00, theta1:16.699, theta2:2.513, e:27.896
t:1.48, r:0.00, omega:27.90, omega_m:0.00, u:0.00, theta1:16.694, theta2:2.551, e:27.896
t:1.49, r:0.00, omega:27.90, omega_m:0.00, u:0.00, theta1:16.690, theta2:2.589, e:27.896
t:1.50, r:0.00, omega:27.90, omega_m:0.00, u:0.00, theta1:16.685, theta2:2.627, e:27.896
t:1.51, r:0.00, omega:27.90, omega_m:0.00, u:0.00, theta1:16.680, theta2:2.665, e:27.896
t:1.52, r:0.00, omega:0.00, omega_m:0.00, u:0.00, theta1:16.680, theta2:2.665, e:-0.000
t:1.53, r:0.00, omega:0.00, omega_m:0.00, u:0.00, theta1:16.680, theta2:2.665, e:-0.000
t:1.54, r:0.00, omega:0.00, omega_m:0.00, u:0.00, theta1:16.680, theta2:2.665, e:-0.000
t:1.55, r:0.00, omega:0.00, omega_m:0.00, u:0.00, theta1:16.680, theta2:2.665, e:-0.000
t:1.56, r:0.00, omega:0.00, omega_m:0.00, u:0.00, theta1:16.680, theta2:2.665, e:-0.000
t:1.57, r:0.00, omega:0.00, omega_m:0.00, u:0.00, theta1:16.680, theta2:2.665, e:-0.000
t:1.58, r:0.00, omega:0.00, omega_m:0.00, u:0.00, theta1:16.680, theta2:2.665, e:-0.000
t:1.59, r:0.00, omega:0.00, omega_m:0.00, u:0.00, theta1:16.680, theta2:2.665, e:-0.000
t:1.60, r:0.00, omega:0.00, omega_m:0.00, u:0.00, theta1:16.680, theta2:2.665, e:-0.000
t:1.61, r:0.00, omega:0.00, omega_m:0.00, u:0.00, theta1:16.680, theta2:2.665, e:-0.000
t:1.62, r:0.00, omega:0.00, omega_m:0.00, u:0.00, theta1:16.680, theta2:2.665, e:-0.000
t:1.63, r:0.00, omega:0.00, omega_m:0.00, u:0.00, theta1:16.680, theta2:2.665, e:-0.000
t:1.64, r:0.00, omega:0.00, omega_m:0.00, u:0.00, theta1:16.680, theta2:2.665, e:-0.000
t:1.65, r:0.00, omega:0.00, omega_m:0.00, u:0.00, theta1:16.680, theta2:2.665, e:-0.000
t:1.66, r:0.00, omega:0.00, omega_m:0.00, u:0.00, theta1:16.680, theta2:2.665, e:-0.000
t:1.67, r:0.00, omega:0.00, omega_m:0.00, u:0.00, theta1:16.680, theta2:2.665, e:-0.000
t:1.68, r:0.00, omega:0.00, omega_m:0.00, u:0.00, theta1:16.680, theta2:2.665, e:-0.000
t:1.69, r:0.00, omega:0.00, omega_m:0.00, u:0.00, theta1:16.680, theta2:2.665, e:-0.000
t:1.70, r:0.00, omega:0.00, omega_m:0.00, u:0.00, theta1:16.680, theta2:2.665, e:-0.000
t:1.71, r:0.00, omega:0.00, omega_m:0.00, u:0.00, theta1:16.680, theta2:2.665, e:-0.000
t:1.72, r:0.00, omega:0.00, omega_m:0.00, u:0.00, theta1:16.680, theta2:2.665, e:-0.000
t:1.73, r:0.00, omega:0.00, omega_m:0.00, u:0.00, theta1:16.680, theta2:2.665, e:-0.000
t:1.74, r:0.00, omega:0.00, omega_m:0.00, u:0.00, theta1:16.680, theta2:2.665, e:-0.000
t:1.75, r:0.00, omega:0.00, omega_m:0.00, u:0.00, theta1:16.680, theta2:2.665, e:-0.000
t:1.76, r:0.00, omega:0.00, omega_m:0.00, u:0.00, theta1:16.680, theta2:2.665, e:-0.000
t:1.77, r:0.00, omega:0.00, omega_m:0.00, u:0.00, theta1:16.680, theta2:2.665, e:-0.000
t:1.78, r:0.00, omega:0.00, omega_m:0.00, u:0.00, theta1:16.680, theta2:2.665, e:-0.000
t:1.79, r:0.00, omega:0.00, omega_m:0.00, u:0.00, theta1:16.680, theta2:2.665, e:-0.000
t:1.80, r:0.00, omega:0.00, omega_m:0.00, u:0.00, theta1:16.680, theta2:2.665, e:-0.000
t:1.81, r:0.00, omega:0.00, omega_m:0.00, u:0.00, theta1:16.680, theta2:2.665, e:-0.000
t:1.82, r:0.00, omega:0.00, omega_m:0.00, u:0.00, theta1:16.680, theta2:2.665, e:-0.000
t:1.83, r:0.00, omega:0.00, omega_m:0.00, u:0.00, theta1:16.680, theta2:2.665, e:-0.000
t:1.84, r:0.00, omega:0.00, omega_m:0.00, u:0.00, theta1:16.680, theta2:2.665, e:-0.000
t:1.85, r:0.00, omega:0.00, omega_m:0.00, u:0.00, theta1:16.680, theta2:2.665, e:-0.000
t:1.86, r:0.00, omega:0.00, omega_m:0.00, u:0.00, theta1:16.680, theta2:2.665, e:-0.000
t:1.87, r:0.00, omega:0.00, omega_m:0.00, u:0.00, theta1:16.680, theta2:2.665, e:-0.000
t:1.88, r:0.00, omega:0.00, omega_m:0.00, u:0.00, theta1:16.680, theta2:2.665, e:-0.000
t:1.89, r:0.00, omega:0.00, omega_m:0.00, u:0.00, theta1:16.680, theta2:2.665, e:-0.000
t:1.90, r:0.00, omega:0.00, omega_m:0.00, u:0.00, theta1:16.680, theta2:2.665, e:-0.000
t:1.91, r:0.00, omega:0.00, omega_m:0.00, u:0.00, theta1:16.680, theta2:2.665, e:-0.000
t:1.92, r:0.00, omega:0.00, omega_m:0.00, u:0.00, theta1:16.680, theta2:2.665, e:-0.000
t:1.93, r:0.00, omega:0.00, omega_m:0.00, u:0.00, theta1:16.680, theta2:2.665, e:-0.000
t:1.94, r:0.00, omega:0.00, omega_m:0.00, u:0.00, theta1:16.680, theta2:2.665, e:-0.000
t:1.95, r:0.00, omega:0.00, omega_m:0.00, u:0.00, theta1:16.680, theta2:2.665, e:-0.000
t:1.96, r:0.00, omega:0.00, omega_m:0.00, u:0.00, theta1:16.680, theta2:2.665, e:-0.000
t:1.97, r:0.00, omega:0.00, omega_m:0.00, u:0.00, theta1:16.680, theta2:2.665, e:-0.000
t:1.98, r:0.00, omega:0.00, omega_m:0.00, u:0.00, theta1:16.680, theta2:2.665, e:-0.000
t:1.99, r:0.00, omega:0.00, omega_m:0.00, u:0.00, theta1:16.680, theta2:2.665, e:-0.000
t:2.00, r:0.00, omega:0.00, omega_m:0.00, u:0.00, theta1:16.680, theta2:2.665, e:-0.000
t:2.01, r:-25.00, omega:0.00, omega_m:-15.80, u:-417.44, theta1:16.697, theta2:2.665, e:15.803
t:2.02, r:-25.00, omega:0.00, omega_m:-21.62, u:-418.02, theta1:16.721, theta2:2.664, e:21.617
t:2.03, r:-25.00, omega:0.00, omega_m:-23.76, u:-418.66, theta1:16.747, theta2:2.664, e:23.755
t:2.04, r:-25.00, omega:-0.51, omega_m:-24.54, u:-417.94, theta1:16.773, theta2:2.663, e:24.028
t:2.05, r:-25.00, omega:-0.51, omega_m:-24.83, u:-418.60, theta1:16.799, theta2:2.661, e:24.317
t:2.06, r:-25.00, omega:-21.44, omega_m:-24.94, u:-363.09, theta1:16.803, theta2:2.657, e:3.499
t:2.07, r:-25.00, omega:-21.44, omega_m:-24.98, u:-363.27, theta1:16.806, theta2:2.654, e:3.538
t:2.08, r:-25.00, omega:-25.75, omega_m:-24.99, u:-351.78, theta1:16.805, theta2:2.655, e:-0.758
t:2.09, r:-25.00, omega:-25.75, omega_m:-25.00, u:-351.73, theta1:16.804, theta2:2.655, e:-0.753
t:2.10, r:-25.00, omega:-26.03, omega_m:-25.00, u:-350.91, theta1:16.803, theta2:2.657, e:-1.033
t:2.11, r:-25.00, omega:-26.03, omega_m:-25.00, u:-350.84, theta1:16.801, theta2:2.658, e:-1.032
t:2.12, r:-25.00, omega:-27.02, omega_m:-25.00, u:-348.06, theta1:16.799, theta2:2.661, e:-2.025
t:2.13, r:-25.00, omega:-27.02, omega_m:-25.00, u:-347.91, theta1:16.796, theta2:2.663, e:-2.025
t:2.14, r:-25.00, omega:-26.22, omega_m:-25.00, u:-349.97, theta1:16.794, theta2:2.665, e:-1.222
t:2.15, r:-25.00, omega:-26.22, omega_m:-25.00, u:-349.88, theta1:16.792, theta2:2.667, e:-1.222
t:2.16, r:-25.00, omega:-23.62, omega_m:-25.00, u:-356.88, theta1:16.794, theta2:2.665, e:1.375
t:2.17, r:-25.00, omega:-23.62, omega_m:-25.00, u:-356.96, theta1:16.795, theta2:2.663, e:1.375
t:2.18, r:-25.00, omega:-26.60, omega_m:-25.00, u:-348.92, theta1:16.793, theta2:2.665, e:-1.600
t:2.19, r:-25.00, omega:-26.60, omega_m:-25.00, u:-348.81, theta1:16.791, theta2:2.667, e:-1.600
t:2.20, r:-25.00, omega:-26.60, omega_m:-25.00, u:-348.70, theta1:16.788, theta2:2.670, e:-1.600
t:2.21, r:-25.00, omega:-24.10, omega_m:-25.00, u:-355.42, theta1:16.789, theta2:2.668, e:0.898
t:2.22, r:-25.00, omega:-24.10, omega_m:-25.00, u:-355.47, theta1:16.790, theta2:2.667, e:0.898
t:2.23, r:-25.00, omega:-24.05, omega_m:-25.00, u:-355.66, theta1:16.791, theta2:2.666, e:0.951
t:2.24, r:-25.00, omega:-24.05, omega_m:-25.00, u:-355.72, theta1:16.792, theta2:2.665, e:0.951
t:2.25, r:-25.00, omega:-26.10, omega_m:-25.00, u:-350.17, theta1:16.791, theta2:2.666, e:-1.104
t:2.26, r:-25.00, omega:-26.10, omega_m:-25.00, u:-350.09, theta1:16.789, theta2:2.668, e:-1.104
t:2.27, r:-25.00, omega:-26.11, omega_m:-25.00, u:-350.01, theta1:16.788, theta2:2.669, e:-1.106
t:2.28, r:-25.00, omega:-26.11, omega_m:-25.00, u:-349.93, theta1:16.786, theta2:2.671, e:-1.106
t:2.29, r:-25.00, omega:-24.17, omega_m:-25.00, u:-355.15, theta1:16.787, theta2:2.670, e:0.830
t:2.30, r:-25.00, omega:-24.17, omega_m:-25.00, u:-355.20, theta1:16.788, theta2:2.669, e:0.830
t:2.31, r:-25.00, omega:-24.99, omega_m:-25.00, u:-353.01, theta1:16.788, theta2:2.669, e:0.011
t:2.32, r:-25.00, omega:-24.99, omega_m:-25.00, u:-353.01, theta1:16.788, theta2:2.669, e:0.011
t:2.33, r:-25.00, omega:-26.95, omega_m:-25.00, u:-347.63, theta1:16.785, theta2:2.671, e:-1.954
t:2.34, r:-25.00, omega:-26.95, omega_m:-25.00, u:-347.49, theta1:16.782, theta2:2.674, e:-1.954
t:2.35, r:-25.00, omega:-24.27, omega_m:-25.00, u:-354.71, theta1:16.783, theta2:2.673, e:0.730
t:2.36, r:-25.00, omega:-24.27, omega_m:-25.00, u:-354.75, theta1:16.784, theta2:2.672, e:0.730
t:2.37, r:-25.00, omega:-24.63, omega_m:-25.00, u:-353.80, theta1:16.784, theta2:2.671, e:0.367
t:2.38, r:-25.00, omega:-24.63, omega_m:-25.00, u:-353.82, theta1:16.785, theta2:2.671, e:0.367
t:2.39, r:-25.00, omega:-26.33, omega_m:-25.00, u:-349.21, theta1:16.783, theta2:2.673, e:-1.326
t:2.40, r:-25.00, omega:-26.33, omega_m:-25.00, u:-349.12, theta1:16.781, theta2:2.674, e:-1.326
t:2.41, r:-25.00, omega:-25.62, omega_m:-25.00, u:-350.97, theta1:16.780, theta2:2.675, e:-0.619
t:2.42, r:-25.00, omega:-25.62, omega_m:-25.00, u:-350.93, theta1:16.779, theta2:2.676, e:-0.619
t:2.43, r:-25.00, omega:-23.99, omega_m:-25.00, u:-355.35, theta1:16.780, theta2:2.675, e:1.013
t:2.44, r:-25.00, omega:-23.99, omega_m:-25.00, u:-355.41, theta1:16.781, theta2:2.673, e:1.013
t:2.45, r:-25.00, omega:-23.99, omega_m:-25.00, u:-355.46, theta1:16.783, theta2:2.672, e:1.013
t:2.46, r:-25.00, omega:-24.74, omega_m:-25.00, u:-353.47, theta1:16.783, theta2:2.672, e:0.262
t:2.47, r:-25.00, omega:-24.74, omega_m:-25.00, u:-353.49, theta1:16.783, theta2:2.672, e:0.262
t:2.48, r:-25.00, omega:-25.20, omega_m:-25.00, u:-352.24, theta1:16.783, theta2:2.672, e:-0.198
t:2.49, r:-25.00, omega:-25.20, omega_m:-25.00, u:-352.23, theta1:16.783, theta2:2.672, e:-0.198
t:2.50, r:-25.00, omega:-25.07, omega_m:-25.00, u:-352.58, theta1:16.782, theta2:2.672, e:-0.066
t:2.51, r:-25.00, omega:-25.07, omega_m:-25.00, u:-352.58, theta1:16.782, theta2:2.672, e:-0.066
t:2.52, r:-25.00, omega:-25.41, omega_m:-25.00, u:-351.62, theta1:16.782, theta2:2.673, e:-0.415
t:2.53, r:-25.00, omega:-25.41, omega_m:-25.00, u:-351.59, theta1:16.781, theta2:2.673, e:-0.415
t:2.54, r:-25.00, omega:-25.56, omega_m:-25.00, u:-351.18, theta1:16.780, theta2:2.674, e:-0.555
t:2.55, r:-25.00, omega:-25.56, omega_m:-25.00, u:-351.14, theta1:16.780, theta2:2.675, e:-0.555
t:2.56, r:-25.00, omega:-25.33, omega_m:-25.00, u:-351.72, theta1:16.779, theta2:2.675, e:-0.330
t:2.57, r:-25.00, omega:-25.33, omega_m:-25.00, u:-351.70, theta1:16.779, theta2:2.675, e:-0.330
t:2.58, r:-25.00, omega:-25.30, omega_m:-25.00, u:-351.76, theta1:16.778, theta2:2.676, e:-0.300
t:2.59, r:-25.00, omega:-25.30, omega_m:-25.00, u:-351.74, theta1:16.778, theta2:2.676, e:-0.300
t:2.60, r:-25.00, omega:-25.03, omega_m:-25.00, u:-352.45, theta1:16.778, theta2:2.676, e:-0.032
t:2.61, r:-25.00, omega:-25.03, omega_m:-25.00, u:-352.45, theta1:16.778, theta2:2.676, e:-0.032
t:2.62, r:-25.00, omega:-24.94, omega_m:-25.00, u:-352.69, theta1:16.778, theta2:2.676, e:0.057
t:2.63, r:-25.00, omega:-24.94, omega_m:-25.00, u:-352.70, theta1:16.778, theta2:2.676, e:0.057
t:2.64, r:-25.00, omega:-25.04, omega_m:-25.00, u:-352.42, theta1:16.778, theta2:2.676, e:-0.044
t:2.65, r:-25.00, omega:-25.04, omega_m:-25.00, u:-352.42, theta1:16.778, theta2:2.676, e:-0.044
t:2.66, r:-25.00, omega:-25.76, omega_m:-25.00, u:-350.46, theta1:16.777, theta2:2.677, e:-0.758
t:2.67, r:-25.00, omega:-25.76, omega_m:-25.00, u:-350.41, theta1:16.776, theta2:2.678, e:-0.758
t:2.68, r:-25.00, omega:-25.28, omega_m:-25.00, u:-351.66, theta1:16.775, theta2:2.679, e:-0.282
t:2.69, r:-25.00, omega:-25.28, omega_m:-25.00, u:-351.64, theta1:16.775, theta2:2.679, e:-0.282
t:2.70, r:-25.00, omega:-25.28, omega_m:-25.00, u:-351.62, theta1:16.774, theta2:2.679, e:-0.282
t:2.71, r:-25.00, omega:-25.01, omega_m:-25.00, u:-352.36, theta1:16.774, theta2:2.679, e:-0.008
t:2.72, r:-25.00, omega:-25.01, omega_m:-25.00, u:-352.36, theta1:16.774, theta2:2.679, e:-0.008
t:2.73, r:-25.00, omega:-24.70, omega_m:-25.00, u:-353.21, theta1:16.775, theta2:2.679, e:0.304
t:2.74, r:-25.00, omega:-24.70, omega_m:-25.00, u:-353.23, theta1:16.775, theta2:2.678, e:0.304
t:2.75, r:-25.00, omega:-24.55, omega_m:-25.00, u:-353.65, theta1:16.776, theta2:2.678, e:0.451
t:2.76, r:-25.00, omega:-24.55, omega_m:-25.00, u:-353.68, theta1:16.776, theta2:2.677, e:0.451
t:2.77, r:-25.00, omega:-25.07, omega_m:-25.00, u:-352.28, theta1:16.776, theta2:2.677, e:-0.068
t:2.78, r:-25.00, omega:-25.07, omega_m:-25.00, u:-352.28, theta1:16.776, theta2:2.677, e:-0.068
t:2.79, r:-25.00, omega:-25.96, omega_m:-25.00, u:-349.81, theta1:16.774, theta2:2.679, e:-0.963
t:2.80, r:-25.00, omega:-25.96, omega_m:-25.00, u:-349.75, theta1:16.773, theta2:2.680, e:-0.963
t:2.81, r:-25.00, omega:-25.70, omega_m:-25.00, u:-350.40, theta1:16.772, theta2:2.681, e:-0.703
t:2.82, r:-25.00, omega:-25.70, omega_m:-25.00, u:-350.35, theta1:16.771, theta2:2.682, e:-0.703
t:2.83, r:-25.00, omega:-25.09, omega_m:-25.00, u:-351.99, theta1:16.771, theta2:2.682, e:-0.090
t:2.84, r:-25.00, omega:-25.09, omega_m:-25.00, u:-351.98, theta1:16.771, theta2:2.682, e:-0.090
t:2.85, r:-25.00, omega:-24.67, omega_m:-25.00, u:-353.12, theta1:16.771, theta2:2.682, e:0.328
t:2.86, r:-25.00, omega:-24.67, omega_m:-25.00, u:-353.14, theta1:16.772, theta2:2.681, e:0.328
t:2.87, r:-25.00, omega:-24.55, omega_m:-25.00, u:-353.51, theta1:16.772, theta2:2.681, e:0.455
t:2.88, r:-25.00, omega:-24.55, omega_m:-25.00, u:-353.53, theta1:16.773, theta2:2.680, e:0.455
t:2.89, r:-25.00, omega:-25.06, omega_m:-25.00, u:-352.16, theta1:16.772, theta2:2.680, e:-0.057
t:2.90, r:-25.00, omega:-25.06, omega_m:-25.00, u:-352.15, theta1:16.772, theta2:2.680, e:-0.057
t:2.91, r:-25.00, omega:-26.54, omega_m:-25.00, u:-348.08, theta1:16.770, theta2:2.682, e:-1.537
t:2.92, r:-25.00, omega:-26.54, omega_m:-25.00, u:-347.97, theta1:16.768, theta2:2.684, e:-1.537
t:2.93, r:-25.00, omega:-24.86, omega_m:-25.00, u:-352.48, theta1:16.768, theta2:2.684, e:0.139
t:2.94, r:-25.00, omega:-24.86, omega_m:-25.00, u:-352.49, theta1:16.768, theta2:2.684, e:0.139
t:2.95, r:-25.00, omega:-24.86, omega_m:-25.00, u:-352.50, theta1:16.768, theta2:2.684, e:0.139
t:2.96, r:-25.00, omega:-24.36, omega_m:-25.00, u:-353.86, theta1:16.769, theta2:2.683, e:0.635
t:2.97, r:-25.00, omega:-24.36, omega_m:-25.00, u:-353.90, theta1:16.770, theta2:2.682, e:0.635
t:2.98, r:-25.00, omega:-25.99, omega_m:-25.00, u:-349.47, theta1:16.768, theta2:2.683, e:-0.990
t:2.99, r:-25.00, omega:-25.99, omega_m:-25.00, u:-349.40, theta1:16.767, theta2:2.685, e:-0.990
t:3.00, r:-25.00, omega:-24.44, omega_m:-25.00, u:-353.61, theta1:16.768, theta2:2.684, e:0.562
t:3.01, r:0.00, omega:-24.44, omega_m:-9.20, u:0.00, theta1:16.765, theta2:2.702, e:-15.241
t:3.02, r:0.00, omega:-24.11, omega_m:-3.38, u:0.00, theta1:16.762, theta2:2.726, e:-20.731
t:3.03, r:0.00, omega:-24.11, omega_m:-1.24, u:0.00, theta1:16.758, theta2:2.753, e:-22.870
t:3.04, r:0.00, omega:-24.11, omega_m:-0.46, u:0.00, theta1:16.754, theta2:2.781, e:-23.657
t:3.05, r:0.00, omega:-24.11, omega_m:-0.17, u:0.00, theta1:16.750, theta2:2.809, e:-23.946
t:3.06, r:0.00, omega:-24.11, omega_m:-0.06, u:0.00, theta1:16.746, theta2:2.838, e:-24.053
t:3.07, r:0.00, omega:-24.11, omega_m:-0.02, u:0.00, theta1:16.742, theta2:2.866, e:-24.092
t:3.08, r:0.00, omega:-24.11, omega_m:-0.01, u:0.00, theta1:16.738, theta2:2.895, e:-24.106
t:3.09, r:0.00, omega:-24.11, omega_m:-0.00, u:0.00, theta1:16.734, theta2:2.923, e:-24.111
t:3.10, r:0.00, omega:-24.11, omega_m:-0.00, u:0.00, theta1:16.730, theta2:2.951, e:-24.113
t:3.11, r:0.00, omega:-24.11, omega_m:-0.00, u:0.00, theta1:16.726, theta2:2.980, e:-24.114
t:3.12, r:0.00, omega:-24.11, omega_m:-0.00, u:0.00, theta1:16.722, theta2:3.008, e:-24.114
t:3.13, r:0.00, omega:-24.11, omega_m:-0.00, u:0.00, theta1:16.718, theta2:3.036, e:-24.114
t:3.14, r:0.00, omega:-24.11, omega_m:-0.00, u:0.00, theta1:16.714, theta2:3.065, e:-24.115
t:3.15, r:0.00, omega:-24.11, omega_m:-0.00, u:0.00, theta1:16.709, theta2:3.093, e:-24.115
t:3.16, r:0.00, omega:-24.11, omega_m:-0.00, u:0.00, theta1:16.705, theta2:3.121, e:-24.115
t:3.17, r:0.00, omega:-24.11, omega_m:-0.00, u:0.00, theta1:16.701, theta2:3.150, e:-24.115
t:3.18, r:0.00, omega:-24.11, omega_m:-0.00, u:0.00, theta1:16.697, theta2:3.178, e:-24.115
t:3.19, r:0.00, omega:-24.11, omega_m:-0.00, u:0.00, theta1:16.693, theta2:3.206, e:-24.115
t:3.20, r:0.00, omega:-24.11, omega_m:-0.00, u:0.00, theta1:16.689, theta2:3.235, e:-24.115
t:3.21, r:0.00, omega:-24.11, omega_m:-0.00, u:0.00, theta1:16.685, theta2:3.263, e:-24.115
t:3.22, r:0.00, omega:-24.11, omega_m:-0.00, u:0.00, theta1:16.681, theta2:3.291, e:-24.115
t:3.23, r:0.00, omega:-24.11, omega_m:-0.00, u:0.00, theta1:16.677, theta2:3.319, e:-24.115
t:3.24, r:0.00, omega:-24.11, omega_m:-0.00, u:0.00, theta1:16.673, theta2:3.348, e:-24.115
t:3.25, r:0.00, omega:-24.11, omega_m:-0.00, u:0.00, theta1:16.669, theta2:3.376, e:-24.115
t:3.26, r:0.00, omega:-24.11, omega_m:-0.00, u:0.00, theta1:16.665, theta2:3.404, e:-24.115
t:3.27, r:0.00, omega:-24.11, omega_m:-0.00, u:0.00, theta1:16.661, theta2:3.433, e:-24.115
t:3.28, r:0.00, omega:-24.11, omega_m:-0.00, u:0.00, theta1:16.657, theta2:3.461, e:-24.115
t:3.29, r:0.00, omega:-24.11, omega_m:-0.00, u:0.00, theta1:16.653, theta2:3.489, e:-24.115
t:3.30, r:0.00, omega:-24.11, omega_m:-0.00, u:0.00, theta1:16.649, theta2:3.517, e:-24.115
t:3.31, r:0.00, omega:-24.11, omega_m:-0.00, u:0.00, theta1:16.645, theta2:3.545, e:-24.115
t:3.32, r:0.00, omega:-24.11, omega_m:-0.00, u:0.00, theta1:16.641, theta2:3.574, e:-24.115
t:3.33, r:0.00, omega:-24.11, omega_m:-0.00, u:0.00, theta1:16.637, theta2:3.602, e:-24.115
t:3.34, r:0.00, omega:-24.11, omega_m:-0.00, u:0.00, theta1:16.633, theta2:3.630, e:-24.115
t:3.35, r:0.00, omega:-24.11, omega_m:-0.00, u:0.00, theta1:16.629, theta2:3.658, e:-24.115
t:3.36, r:0.00, omega:-24.11, omega_m:-0.00, u:0.00, theta1:16.625, theta2:3.687, e:-24.115
t:3.37, r:0.00, omega:-24.11, omega_m:-0.00, u:0.00, theta1:16.621, theta2:3.715, e:-24.115
t:3.38, r:0.00, omega:-24.11, omega_m:-0.00, u:0.00, theta1:16.617, theta2:3.743, e:-24.115
t:3.39, r:0.00, omega:-24.11, omega_m:-0.00, u:0.00, theta1:16.613, theta2:3.771, e:-24.115
t:3.40, r:0.00, omega:-24.11, omega_m:-0.00, u:0.00, theta1:16.609, theta2:3.799, e:-24.115
t:3.41, r:0.00, omega:-24.11, omega_m:-0.00, u:0.00, theta1:16.605, theta2:3.827, e:-24.115
t:3.42, r:0.00, omega:-24.11, omega_m:-0.00, u:0.00, theta1:16.601, theta2:3.856, e:-24.115
t:3.43, r:0.00, omega:-24.11, omega_m:-0.00, u:0.00, theta1:16.597, theta2:3.884, e:-24.115
t:3.44, r:0.00, omega:-24.11, omega_m:-0.00, u:0.00, theta1:16.593, theta2:3.912, e:-24.115
t:3.45, r:0.00, omega:-24.11, omega_m:-0.00, u:0.00, theta1:16.589, theta2:3.940, e:-24.115
t:3.46, r:0.00, omega:-24.11, omega_m:-0.00, u:0.00, theta1:16.585, theta2:3.968, e:-24.115
t:3.47, r:0.00, omega:-24.11, omega_m:-0.00, u:0.00, theta1:16.581, theta2:3.996, e:-24.115
t:3.48, r:0.00, omega:-24.11, omega_m:-0.00, u:0.00, theta1:16.577, theta2:4.024, e:-24.115
t:3.49, r:0.00, omega:-24.11, omega_m:-0.00, u:0.00, theta1:16.573, theta2:4.052, e:-24.115
t:3.50, r:0.00, omega:-24.11, omega_m:-0.00, u:0.00, theta1:16.569, theta2:4.081, e:-24.115
t:3.51, r:0.00, omega:-24.11, omega_m:-0.00, u:0.00, theta1:16.565, theta2:4.109, e:-24.115
t:3.52, r:0.00, omega:0.00, omega_m:-0.00, u:0.00, theta1:16.565, theta2:4.109, e:0.000
t:3.53, r:0.00, omega:0.00, omega_m:-0.00, u:0.00, theta1:16.565, theta2:4.109, e:0.000
t:3.54, r:0.00, omega:0.00, omega_m:-0.00, u:0.00, theta1:16.565, theta2:4.109, e:0.000
t:3.55, r:0.00, omega:0.00, omega_m:-0.00, u:0.00, theta1:16.565, theta2:4.109, e:0.000
t:3.56, r:0.00, omega:0.00, omega_m:-0.00, u:0.00, theta1:16.565, theta2:4.109, e:0.000
t:3.57, r:0.00, omega:0.00, omega_m:-0.00, u:0.00, theta1:16.565, theta2:4.109, e:0.000
t:3.58, r:0.00, omega:0.00, omega_m:-0.00, u:0.00, theta1:16.565, theta2:4.109, e:0.000
t:3.59, r:0.00, omega:0.00, omega_m:-0.00, u:0.00, theta1:16.565, theta2:4.109, e:0.000
t:3.60, r:0.00, omega:0.00, omega_m:-0.00, u:0.00, theta1:16.565, theta2:4.109, e:0.000
t:3.61, r:0.00, omega:0.00, omega_m:-0.00, u:0.00, theta1:16.565, theta2:4.109, e:0.000
t:3.62, r:0.00, omega:0.00, omega_m:-0.00, u:0.00, theta1:16.565, theta2:4.109, e:0.000
t:3.63, r:0.00, omega:0.00, omega_m:-0.00, u:0.00, theta1:16.565, theta2:4.109, e:0.000
t:3.64, r:0.00, omega:0.00, omega_m:-0.00, u:0.00, theta1:16.565, theta2:4.109, e:0.000
t:3.65, r:0.00, omega:0.00, omega_m:-0.00, u:0.00, theta1:16.565, theta2:4.109, e:0.000
t:3.66, r:0.00, omega:0.00, omega_m:-0.00, u:0.00, theta1:16.565, theta2:4.109, e:0.000
t:3.67, r:0.00, omega:0.00, omega_m:-0.00, u:0.00, theta1:16.565, theta2:4.109, e:0.000
t:3.68, r:0.00, omega:0.00, omega_m:-0.00, u:0.00, theta1:16.565, theta2:4.109, e:0.000
t:3.69, r:0.00, omega:0.00, omega_m:-0.00, u:0.00, theta1:16.565, theta2:4.109, e:0.000
t:3.70, r:0.00, omega:0.00, omega_m:-0.00, u:0.00, theta1:16.565, theta2:4.109, e:0.000
t:3.71, r:0.00, omega:0.00, omega_m:-0.00, u:0.00, theta1:16.565, theta2:4.109, e:0.000
t:3.72, r:0.00, omega:0.00, omega_m:-0.00, u:0.00, theta1:16.565, theta2:4.109, e:0.000
t:3.73, r:0.00, omega:0.00, omega_m:-0.00, u:0.00, theta1:16.565, theta2:4.109, e:0.000
t:3.74, r:0.00, omega:0.00, omega_m:-0.00, u:0.00, theta1:16.565, theta2:4.109, e:0.000
t:3.75, r:0.00, omega:0.00, omega_m:-0.00, u:0.00, theta1:16.565, theta2:4.109, e:0.000
t:3.76, r:0.00, omega:0.00, omega_m:-0.00, u:0.00, theta1:16.565, theta2:4.109, e:0.000
t:3.77, r:0.00, omega:0.00, omega_m:-0.00, u:0.00, theta1:16.565, theta2:4.109, e:0.000
t:3.78, r:0.00, omega:0.00, omega_m:-0.00, u:0.00, theta1:16.565, theta2:4.109, e:0.000
t:3.79, r:0.00, omega:0.00, omega_m:-0.00, u:0.00, theta1:16.565, theta2:4.109, e:0.000
t:3.80, r:0.00, omega:0.00, omega_m:-0.00, u:0.00, theta1:16.565, theta2:4.109, e:0.000
t:3.81, r:0.00, omega:0.00, omega_m:-0.00, u:0.00, theta1:16.565, theta2:4.109, e:0.000
t:3.82, r:0.00, omega:0.00, omega_m:-0.00, u:0.00, theta1:16.565, theta2:4.109, e:0.000
t:3.83, r:0.00, omega:0.00, omega_m:-0.00, u:0.00, theta1:16.565, theta2:4.109, e:0.000
t:3.84, r:0.00, omega:0.00, omega_m:-0.00, u:0.00, theta1:16.565, theta2:4.109, e:0.000
t:3.85, r:0.00, omega:0.00, omega_m:-0.00, u:0.00, theta1:16.565, theta2:4.109, e:0.000
t:3.86, r:0.00, omega:0.00, omega_m:-0.00, u:0.00, theta1:16.565, theta2:4.109, e:0.000
t:3.87, r:0.00, omega:0.00, omega_m:-0.00, u:0.00, theta1:16.565, theta2:4.109, e:0.000
t:3.88, r:0.00, omega:0.00, omega_m:-0.00, u:0.00, theta1:16.565, theta2:4.109, e:0.000
t:3.89, r:0.00, omega:0.00, omega_m:-0.00, u:0.00, theta1:16.565, theta2:4.109, e:0.000
t:3.90, r:0.00, omega:0.00, omega_m:-0.00, u:0.00, theta1:16.565, theta2:4.109, e:0.000
t:3.91, r:0.00, omega:0.00, omega_m:-0.00, u:0.00, theta1:16.565, theta2:4.109, e:0.000
t:3.92, r:0.00, omega:0.00, omega_m:-0.00, u:0.00, theta1:16.565, theta2:4.109, e:0.000
t:3.93, r:0.00, omega:0.00, omega_m:-0.00, u:0.00, theta1:16.565, theta2:4.109, e:0.000
t:3.94, r:0.00, omega:0.00, omega_m:-0.00, u:0.00, theta1:16.565, theta2:4.109, e:0.000
t:3.95, r:0.00, omega:0.00, omega_m:-0.00, u:0.00, theta1:16.565, theta2:4.109, e:0.000
t:3.96, r:0.00, omega:0.00, omega_m:-0.00, u:0.00, theta1:16.565, theta2:4.109, e:0.000
t:3.97, r:0.00, omega:0.00, omega_m:-0.00, u:0.00, theta1:16.565, theta2:4.109, e:0.000
t:3.98, r:0.00, omega:0.00, omega_m:-0.00, u:0.00, theta1:16.565, theta2:4.109, e:0.000
t:3.99, r:0.00, omega:0.00, omega_m:-0.00, u:0.00, theta1:16.565, theta2:4.109, e:0.000
t:4.00, r:0.00, omega:0.00, omega_m:-0.00, u:0.00, theta1:16.565, theta2:4.109, e:0.000
t:4.01, r:25.00, omega:0.00, omega_m:15.80, u:414.55, theta1:16.582, theta2:4.108, e:-15.803
t:4.02, r:25.00, omega:0.00, omega_m:21.62, u:415.14, theta1:16.606, theta2:4.107, e:-21.617
t:4.03, r:25.00, omega:0.00, omega_m:23.76, u:415.78, theta1:16.631, theta2:4.106, e:-23.755
t:4.04, r:25.00, omega:0.51, omega_m:24.54, u:414.33, theta1:16.657, theta2:4.105, e:-24.029
t:4.05, r:25.00, omega:0.51, omega_m:24.83, u:414.99, theta1:16.684, theta2:4.103, e:-24.318
t:4.06, r:25.00, omega:21.64, omega_m:24.94, u:328.48, theta1:16.687, theta2:4.099, e:-3.299
t:4.07, r:25.00, omega:21.64, omega_m:24.98, u:328.65, theta1:16.691, theta2:4.095, e:-3.338
t:4.08, r:25.00, omega:24.84, omega_m:24.99, u:315.55, theta1:16.691, theta2:4.095, e:-0.152
t:4.09, r:25.00, omega:24.84, omega_m:25.00, u:315.56, theta1:16.691, theta2:4.095, e:-0.157
t:4.10, r:25.00, omega:24.84, omega_m:25.00, u:315.57, theta1:16.691, theta2:4.095, e:-0.159
t:4.11, r:25.00, omega:23.82, omega_m:25.00, u:319.79, theta1:16.693, theta2:4.093, e:-1.175
t:4.12, r:25.00, omega:23.82, omega_m:25.00, u:319.86, theta1:16.694, theta2:4.092, e:-1.175
t:4.13, r:25.00, omega:22.18, omega_m:25.00, u:326.73, theta1:16.697, theta2:4.089, e:-2.817
t:4.14, r:25.00, omega:22.18, omega_m:25.00, u:326.88, theta1:16.700, theta2:4.085, e:-2.817
t:4.15, r:25.00, omega:22.33, omega_m:25.00, u:326.42, theta1:16.703, theta2:4.082, e:-2.672
t:4.16, r:25.00, omega:22.33, omega_m:25.00, u:326.56, theta1:16.706, theta2:4.079, e:-2.672
t:4.17, r:25.00, omega:22.33, omega_m:25.00, u:326.70, theta1:16.709, theta2:4.076, e:-2.672
t:4.18, r:25.00, omega:22.29, omega_m:25.00, u:327.00, theta1:16.712, theta2:4.073, e:-2.708
t:4.19, r:25.00, omega:22.29, omega_m:25.00, u:327.14, theta1:16.715, theta2:4.070, e:-2.708
t:4.20, r:25.00, omega:23.77, omega_m:25.00, u:321.18, theta1:16.716, theta2:4.068, e:-1.227
t:4.21, r:25.00, omega:23.77, omega_m:25.00, u:321.25, theta1:16.717, theta2:4.067, e:-1.227
t:4.22, r:25.00, omega:23.51, omega_m:25.00, u:322.39, theta1:16.719, theta2:4.065, e:-1.488
t:4.23, r:25.00, omega:23.51, omega_m:25.00, u:322.47, theta1:16.721, theta2:4.063, e:-1.488
t:4.24, r:25.00, omega:23.51, omega_m:25.00, u:322.56, theta1:16.722, theta2:4.061, e:-1.488
t:4.25, r:25.00, omega:21.67, omega_m:25.00, u:330.20, theta1:16.726, theta2:4.058, e:-3.327
t:4.26, r:25.00, omega:21.67, omega_m:25.00, u:330.37, theta1:16.729, theta2:4.054, e:-3.327
t:4.27, r:25.00, omega:22.94, omega_m:25.00, u:325.36, theta1:16.732, theta2:4.052, e:-2.064
t:4.28, r:25.00, omega:22.94, omega_m:25.00, u:325.48, theta1:16.734, theta2:4.049, e:-2.064
t:4.29, r:25.00, omega:23.88, omega_m:25.00, u:321.70, theta1:16.735, theta2:4.048, e:-1.116
t:4.30, r:25.00, omega:23.88, omega_m:25.00, u:321.76, theta1:16.736, theta2:4.046, e:-1.116
t:4.31, r:25.00, omega:23.88, omega_m:25.00, u:321.83, theta1:16.737, theta2:4.045, e:-1.116
t:4.32, r:25.00, omega:21.45, omega_m:25.00, u:331.86, theta1:16.741, theta2:4.041, e:-3.552
t:4.33, r:25.00, omega:21.45, omega_m:25.00, u:332.04, theta1:16.745, theta2:4.037, e:-3.552
t:4.34, r:25.00, omega:22.26, omega_m:25.00, u:328.90, theta1:16.748, theta2:4.034, e:-2.737
t:4.35, r:25.00, omega:22.26, omega_m:25.00, u:329.04, theta1:16.751, theta2:4.031, e:-2.737
t:4.36, r:25.00, omega:23.27, omega_m:25.00, u:325.07, theta1:16.753, theta2:4.029, e:-1.728
t:4.37, r:25.00, omega:23.27, omega_m:25.00, u:325.16, theta1:16.755, theta2:4.027, e:-1.728
t:4.38, r:25.00, omega:23.17, omega_m:25.00, u:325.68, theta1:16.757, theta2:4.024, e:-1.832
t:4.39, r:25.00, omega:23.17, omega_m:25.00, u:325.78, theta1:16.759, theta2:4.022, e:-1.832
t:4.40, r:25.00, omega:23.17, omega_m:25.00, u:325.88, theta1:16.761, theta2:4.020, e:-1.832
t:4.41, r:25.00, omega:22.47, omega_m:25.00, u:328.82, theta1:16.763, theta2:4.017, e:-2.530
t:4.42, r:25.00, omega:22.47, omega_m:25.00, u:328.96, theta1:16.766, theta2:4.014, e:-2.530
t:4.43, r:25.00, omega:22.47, omega_m:25.00, u:329.10, theta1:16.769, theta2:4.011, e:-2.531
t:4.44, r:25.00, omega:22.47, omega_m:25.00, u:329.23, theta1:16.772, theta2:4.008, e:-2.531
t:4.45, r:25.00, omega:22.40, omega_m:25.00, u:329.64, theta1:16.774, theta2:4.005, e:-2.599
t:4.46, r:25.00, omega:22.40, omega_m:25.00, u:329.78, theta1:16.777, theta2:4.002, e:-2.599
t:4.47, r:25.00, omega:22.40, omega_m:25.00, u:329.92, theta1:16.780, theta2:3.999, e:-2.599
t:4.48, r:25.00, omega:22.57, omega_m:25.00, u:329.38, theta1:16.783, theta2:3.996, e:-2.433
t:4.49, r:25.00, omega:22.57, omega_m:25.00, u:329.51, theta1:16.785, theta2:3.993, e:-2.433
t:4.50, r:25.00, omega:24.84, omega_m:25.00, u:320.45, theta1:16.786, theta2:3.993, e:-0.161
t:4.51, r:25.00, omega:24.84, omega_m:25.00, u:320.46, theta1:16.786, theta2:3.993, e:-0.161
t:4.52, r:25.00, omega:22.79, omega_m:25.00, u:328.76, theta1:16.788, theta2:3.990, e:-2.211
t:4.53, r:25.00, omega:22.79, omega_m:25.00, u:328.88, theta1:16.791, theta2:3.988, e:-2.211
t:4.54, r:25.00, omega:22.79, omega_m:25.00, u:329.00, theta1:16.793, theta2:3.985, e:-2.211
t:4.55, r:25.00, omega:21.71, omega_m:25.00, u:333.49, theta1:16.796, theta2:3.982, e:-3.295
t:4.56, r:25.00, omega:21.71, omega_m:25.00, u:333.66, theta1:16.800, theta2:3.978, e:-3.295
t:4.57, r:25.00, omega:24.71, omega_m:25.00, u:321.73, theta1:16.800, theta2:3.977, e:-0.291
t:4.58, r:25.00, omega:24.71, omega_m:25.00, u:321.75, theta1:16.801, theta2:3.977, e:-0.291
t:4.59, r:25.00, omega:22.65, omega_m:25.00, u:330.06, theta1:16.803, theta2:3.974, e:-2.350
t:4.60, r:25.00, omega:22.65, omega_m:25.00, u:330.19, theta1:16.806, theta2:3.972, e:-2.350
t:4.61, r:25.00, omega:21.67, omega_m:25.00, u:334.24, theta1:16.809, theta2:3.968, e:-3.328
t:4.62, r:25.00, omega:21.67, omega_m:25.00, u:334.41, theta1:16.813, theta2:3.964, e:-3.328
t:4.63, r:25.00, omega:21.67, omega_m:25.00, u:334.58, theta1:16.817, theta2:3.960, e:-3.328
t:4.64, r:25.00, omega:23.91, omega_m:25.00, u:325.77, theta1:16.818, theta2:3.959, e:-1.086
t:4.65, r:25.00, omega:23.91, omega_m:25.00, u:325.83, theta1:16.819, theta2:3.958, e:-1.086
t:4.66, r:25.00, omega:23.16, omega_m:25.00, u:328.90, theta1:16.821, theta2:3.955, e:-1.836
t:4.67, r:25.00, omega:23.16, omega_m:25.00, u:329.00, theta1:16.823, theta2:3.953, e:-1.836
t:4.68, r:25.00, omega:21.61, omega_m:25.00, u:335.32, theta1:16.827, theta2:3.949, e:-3.391
t:4.69, r:25.00, omega:21.61, omega_m:25.00, u:335.49, theta1:16.830, theta2:3.946, e:-3.391
t:4.70, r:25.00, omega:24.37, omega_m:25.00, u:324.65, theta1:16.831, theta2:3.945, e:-0.634
t:4.71, r:25.00, omega:24.37, omega_m:25.00, u:324.69, theta1:16.832, theta2:3.944, e:-0.634
t:4.72, r:25.00, omega:24.37, omega_m:25.00, u:324.72, theta1:16.832, theta2:3.943, e:-0.634
t:4.73, r:25.00, omega:22.84, omega_m:25.00, u:330.87, theta1:16.835, theta2:3.941, e:-2.163
t:4.74, r:25.00, omega:22.84, omega_m:25.00, u:330.99, theta1:16.837, theta2:3.938, e:-2.163
t:4.75, r:25.00, omega:22.15, omega_m:25.00, u:333.84, theta1:16.840, theta2:3.935, e:-2.848
t:4.76, r:25.00, omega:22.15, omega_m:25.00, u:333.99, theta1:16.843, theta2:3.932, e:-2.848
t:4.77, r:25.00, omega:22.84, omega_m:25.00, u:331.38, theta1:16.845, theta2:3.929, e:-2.156
t:4.78, r:25.00, omega:22.84, omega_m:25.00, u:331.50, theta1:16.848, theta2:3.927, e:-2.156
t:4.79, r:25.00, omega:24.48, omega_m:25.00, u:325.09, theta1:16.848, theta2:3.926, e:-0.517
t:4.80, r:25.00, omega:24.48, omega_m:25.00, u:325.12, theta1:16.849, theta2:3.925, e:-0.517
t:4.81, r:25.00, omega:24.48, omega_m:25.00, u:325.15, theta1:16.849, theta2:3.925, e:-0.517
t:4.82, r:25.00, omega:23.04, omega_m:25.00, u:330.93, theta1:16.852, theta2:3.922, e:-1.961
t:4.83, r:25.00, omega:23.04, omega_m:25.00, u:331.03, theta1:16.854, theta2:3.920, e:-1.961
t:4.84, r:25.00, omega:21.93, omega_m:25.00, u:335.53, theta1:16.857, theta2:3.916, e:-3.068
t:4.85, r:25.00, omega:21.93, omega_m:25.00, u:335.69, theta1:16.860, theta2:3.913, e:-3.068
t:4.86, r:25.00, omega:23.87, omega_m:25.00, u:328.16, theta1:16.862, theta2:3.912, e:-1.126
t:4.87, r:25.00, omega:23.87, omega_m:25.00, u:328.22, theta1:16.863, theta2:3.910, e:-1.126
t:4.88, r:25.00, omega:23.87, omega_m:25.00, u:328.28, theta1:16.864, theta2:3.909, e:-1.126
t:4.89, r:25.00, omega:23.09, omega_m:25.00, u:331.43, theta1:16.866, theta2:3.907, e:-1.905
t:4.90, r:25.00, omega:23.09, omega_m:25.00, u:331.54, theta1:16.868, theta2:3.904, e:-1.905
t:4.91, r:25.00, omega:22.06, omega_m:25.00, u:335.71, theta1:16.871, theta2:3.901, e:-2.935
t:4.92, r:25.00, omega:22.06, omega_m:25.00, u:335.86, theta1:16.874, theta2:3.898, e:-2.935
t:4.93, r:25.00, omega:24.04, omega_m:25.00, u:328.23, theta1:16.875, theta2:3.896, e:-0.962
t:4.94, r:25.00, omega:24.04, omega_m:25.00, u:328.28, theta1:16.877, theta2:3.895, e:-0.962
t:4.95, r:25.00, omega:23.02, omega_m:25.00, u:332.36, theta1:16.879, theta2:3.893, e:-1.981
t:4.96, r:25.00, omega:23.02, omega_m:25.00, u:332.47, theta1:16.881, theta2:3.890, e:-1.981
t:4.97, r:25.00, omega:23.02, omega_m:25.00, u:332.57, theta1:16.883, theta2:3.888, e:-1.981
t:4.98, r:25.00, omega:22.05, omega_m:25.00, u:336.51, theta1:16.886, theta2:3.885, e:-2.954
t:4.99, r:25.00, omega:22.05, omega_m:25.00, u:336.66, theta1:16.889, theta2:3.881, e:-2.954
t:5.00, r:25.00, omega:24.72, omega_m:25.00, u:326.30, theta1:16.890, theta2:3.881, e:-0.279
t:5.01, r:0.00, omega:24.72, omega_m:9.20, u:0.00, theta1:16.887, theta2:3.900, e:15.524
t:5.02, r:0.00, omega:22.12, omega_m:3.38, u:0.00, theta1:16.884, theta2:3.920, e:18.740
t:5.03, r:0.00, omega:22.12, omega_m:1.24, u:0.00, theta1:16.880, theta2:3.942, e:20.879
t:5.04, r:0.00, omega:22.12, omega_m:0.46, u:0.00, theta1:16.877, theta2:3.965, e:21.666
t:5.05, r:0.00, omega:22.12, omega_m:0.17, u:0.00, theta1:16.873, theta2:3.988, e:21.955
t:5.06, r:0.00, omega:22.12, omega_m:0.06, u:0.00, theta1:16.869, theta2:4.012, e:22.062
t:5.07, r:0.00, omega:22.12, omega_m:0.02, u:0.00, theta1:16.866, theta2:4.035, e:22.101
t:5.08, r:0.00, omega:22.12, omega_m:0.01, u:0.00, theta1:16.862, theta2:4.059, e:22.115
t:5.09, r:0.00, omega:22.12, omega_m:0.00, u:0.00, theta1:16.858, theta2:4.083, e:22.120
t:5.10, r:0.00, omega:22.12, omega_m:0.00, u:0.00, theta1:16.854, theta2:4.106, e:22.122
t:5.11, r:0.00, omega:22.12, omega_m:0.00, u:0.00, theta1:16.851, theta2:4.130, e:22.123
t:5.12, r:0.00, omega:22.12, omega_m:0.00, u:0.00, theta1:16.847, theta2:4.153, e:22.123
t:5.13, r:0.00, omega:22.12, omega_m:0.00, u:0.00, theta1:16.843, theta2:4.177, e:22.124
t:5.14, r:0.00, omega:22.12, omega_m:0.00, u:0.00, theta1:16.839, theta2:4.200, e:22.124
t:5.15, r:0.00, omega:22.12, omega_m:0.00, u:0.00, theta1:16.836, theta2:4.224, e:22.124
t:5.16, r:0.00, omega:22.12, omega_m:0.00, u:0.00, theta1:16.832, theta2:4.247, e:22.124
t:5.17, r:0.00, omega:22.12, omega_m:0.00, u:0.00, theta1:16.828, theta2:4.271, e:22.124
t:5.18, r:0.00, omega:22.12, omega_m:0.00, u:0.00, theta1:16.825, theta2:4.295, e:22.124
t:5.19, r:0.00, omega:22.12, omega_m:0.00, u:0.00, theta1:16.821, theta2:4.318, e:22.124
t:5.20, r:0.00, omega:22.12, omega_m:0.00, u:0.00, theta1:16.817, theta2:4.342, e:22.124
t:5.21, r:0.00, omega:22.12, omega_m:0.00, u:0.00, theta1:16.813, theta2:4.365, e:22.124
t:5.22, r:0.00, omega:22.12, omega_m:0.00, u:0.00, theta1:16.810, theta2:4.389, e:22.124
t:5.23, r:0.00, omega:22.12, omega_m:0.00, u:0.00, theta1:16.806, theta2:4.412, e:22.124
t:5.24, r:0.00, omega:22.12, omega_m:0.00, u:0.00, theta1:16.802, theta2:4.436, e:22.124
t:5.25, r:0.00, omega:22.12, omega_m:0.00, u:0.00, theta1:16.798, theta2:4.459, e:22.124
t:5.26, r:0.00, omega:22.12, omega_m:0.00, u:0.00, theta1:16.795, theta2:4.483, e:22.124
t:5.27, r:0.00, omega:22.12, omega_m:0.00, u:0.00, theta1:16.791, theta2:4.506, e:22.124
t:5.28, r:0.00, omega:22.12, omega_m:0.00, u:0.00, theta1:16.787, theta2:4.530, e:22.124
t:5.29, r:0.00, omega:22.12, omega_m:0.00, u:0.00, theta1:16.784, theta2:4.553, e:22.124
t:5.30, r:0.00, omega:22.12, omega_m:0.00, u:0.00, theta1:16.780, theta2:4.576, e:22.124
t:5.31, r:0.00, omega:22.12, omega_m:0.00, u:0.00, theta1:16.776, theta2:4.600, e:22.124
t:5.32, r:0.00, omega:22.12, omega_m:0.00, u:0.00, theta1:16.772, theta2:4.623, e:22.124
t:5.33, r:0.00, omega:22.12, omega_m:0.00, u:0.00, theta1:16.769, theta2:4.647, e:22.124
t:5.34, r:0.00, omega:22.12, omega_m:0.00, u:0.00, theta1:16.765, theta2:4.670, e:22.124
t:5.35, r:0.00, omega:22.12, omega_m:0.00, u:0.00, theta1:16.761, theta2:4.694, e:22.124
t:5.36, r:0.00, omega:22.12, omega_m:0.00, u:0.00, theta1:16.758, theta2:4.717, e:22.124
t:5.37, r:0.00, omega:22.12, omega_m:0.00, u:0.00, theta1:16.754, theta2:4.741, e:22.124
t:5.38, r:0.00, omega:22.12, omega_m:0.00, u:0.00, theta1:16.750, theta2:4.764, e:22.124
t:5.39, r:0.00, omega:22.12, omega_m:0.00, u:0.00, theta1:16.747, theta2:4.787, e:22.124
t:5.40, r:0.00, omega:22.12, omega_m:0.00, u:0.00, theta1:16.743, theta2:4.811, e:22.124
t:5.41, r:0.00, omega:22.12, omega_m:0.00, u:0.00, theta1:16.739, theta2:4.834, e:22.124
t:5.42, r:0.00, omega:22.12, omega_m:0.00, u:0.00, theta1:16.735, theta2:4.858, e:22.124
t:5.43, r:0.00, omega:22.12, omega_m:0.00, u:0.00, theta1:16.732, theta2:4.881, e:22.124
t:5.44, r:0.00, omega:22.12, omega_m:0.00, u:0.00, theta1:16.728, theta2:4.904, e:22.124
t:5.45, r:0.00, omega:22.12, omega_m:0.00, u:0.00, theta1:16.724, theta2:4.928, e:22.124
t:5.46, r:0.00, omega:22.12, omega_m:0.00, u:0.00, theta1:16.721, theta2:4.951, e:22.124
t:5.47, r:0.00, omega:22.12, omega_m:0.00, u:0.00, theta1:16.717, theta2:4.975, e:22.124
t:5.48, r:0.00, omega:22.12, omega_m:0.00, u:0.00, theta1:16.713, theta2:4.998, e:22.124
t:5.49, r:0.00, omega:22.12, omega_m:0.00, u:0.00, theta1:16.710, theta2:5.021, e:22.124
t:5.50, r:0.00, omega:22.12, omega_m:0.00, u:0.00, theta1:16.706, theta2:5.045, e:22.124
t:5.51, r:0.00, omega:22.12, omega_m:0.00, u:0.00, theta1:16.702, theta2:5.068, e:22.124
t:5.52, r:0.00, omega:0.00, omega_m:0.00, u:0.00, theta1:16.702, theta2:5.068, e:-0.000
t:5.53, r:0.00, omega:0.00, omega_m:0.00, u:0.00, theta1:16.702, theta2:5.068, e:-0.000
t:5.54, r:0.00, omega:0.00, omega_m:0.00, u:0.00, theta1:16.702, theta2:5.068, e:-0.000
t:5.55, r:0.00, omega:0.00, omega_m:0.00, u:0.00, theta1:16.702, theta2:5.068, e:-0.000
t:5.56, r:0.00, omega:0.00, omega_m:0.00, u:0.00, theta1:16.702, theta2:5.068, e:-0.000
t:5.57, r:0.00, omega:0.00, omega_m:0.00, u:0.00, theta1:16.702, theta2:5.068, e:-0.000
t:5.58, r:0.00, omega:0.00, omega_m:0.00, u:0.00, theta1:16.702, theta2:5.068, e:-0.000
t:5.59, r:0.00, omega:0.00, omega_m:0.00, u:0.00, theta1:16.702, theta2:5.068, e:-0.000
t:5.60, r:0.00, omega:0.00, omega_m:0.00, u:0.00, theta1:16.702, theta2:5.068, e:-0.000
t:5.61, r:0.00, omega:0.00, omega_m:0.00, u:0.00, theta1:16.702, theta2:5.068, e:-0.000
t:5.62, r:0.00, omega:0.00, omega_m:0.00, u:0.00, theta1:16.702, theta2:5.068, e:-0.000
t:5.63, r:0.00, omega:0.00, omega_m:0.00, u:0.00, theta1:16.702, theta2:5.068, e:-0.000
t:5.64, r:0.00, omega:0.00, omega_m:0.00, u:0.00, theta1:16.702, theta2:5.068, e:-0.000
t:5.65, r:0.00, omega:0.00, omega_m:0.00, u:0.00, theta1:16.702, theta2:5.068, e:-0.000
t:5.66, r:0.00, omega:0.00, omega_m:0.00, u:0.00, theta1:16.702, theta2:5.068, e:-0.000
t:5.67, r:0.00, omega:0.00, omega_m:0.00, u:0.00, theta1:16.702, theta2:5.068, e:-0.000
t:5.68, r:0.00, omega:0.00, omega_m:0.00, u:0.00, theta1:16.702, theta2:5.068, e:-0.000
t:5.69, r:0.00, omega:0.00, omega_m:0.00, u:0.00, theta1:16.702, theta2:5.068, e:-0.000
t:5.70, r:0.00, omega:0.00, omega_m:0.00, u:0.00, theta1:16.702, theta2:5.068, e:-0.000
t:5.71, r:0.00, omega:0.00, omega_m:0.00, u:0.00, theta1:16.702, theta2:5.068, e:-0.000
t:5.72, r:0.00, omega:0.00, omega_m:0.00, u:0.00, theta1:16.702, theta2:5.068, e:-0.000
t:5.73, r:0.00, omega:0.00, omega_m:0.00, u:0.00, theta1:16.702, theta2:5.068, e:-0.000
t:5.74, r:0.00, omega:0.00, omega_m:0.00, u:0.00, theta1:16.702, theta2:5.068, e:-0.000
t:5.75, r:0.00, omega:0.00, omega_m:0.00, u:0.00, theta1:16.702, theta2:5.068, e:-0.000
t:5.76, r:0.00, omega:0.00, omega_m:0.00, u:0.00, theta1:16.702, theta2:5.068, e:-0.000
t:5.77, r:0.00, omega:0.00, omega_m:0.00, u:0.00, theta1:16.702, theta2:5.068, e:-0.000
t:5.78, r:0.00, omega:0.00, omega_m:0.00, u:0.00, theta1:16.702, theta2:5.068, e:-0.000
t:5.79, r:0.00, omega:0.00, omega_m:0.00, u:0.00, theta1:16.702, theta2:5.068, e:-0.000
t:5.80, r:0.00, omega:0.00, omega_m:0.00, u:0.00, theta1:16.702, theta2:5.068, e:-0.000
t:5.81, r:0.00, omega:0.00, omega_m:0.00, u:0.00, theta1:16.702, theta2:5.068, e:-0.000
t:5.82, r:0.00, omega:0.00, omega_m:0.00, u:0.00, theta1:16.702, theta2:5.068, e:-0.000
t:5.83, r:0.00, omega:0.00, omega_m:0.00, u:0.00, theta1:16.702, theta2:5.068, e:-0.000
t:5.84, r:0.00, omega:0.00, omega_m:0.00, u:0.00, theta1:16.702, theta2:5.068, e:-0.000
t:5.85, r:0.00, omega:0.00, omega_m:0.00, u:0.00, theta1:16.702, theta2:5.068, e:-0.000
t:5.86, r:0.00, omega:0.00, omega_m:0.00, u:0.00, theta1:16.702, theta2:5.068, e:-0.000
t:5.87, r:0.00, omega:0.00, omega_m:0.00, u:0.00, theta1:16.702, theta2:5.068, e:-0.000
t:5.88, r:0.00, omega:0.00, omega_m:0.00, u:0.00, theta1:16.702, theta2:5.068, e:-0.000
t:5.89, r:0.00, omega:0.00, omega_m:0.00, u:0.00, theta1:16.702, theta2:5.068, e:-0.000
t:5.90, r:0.00, omega:0.00, omega_m:0.00, u:0.00, theta1:16.702, theta2:5.068, e:-0.000
t:5.91, r:0.00, omega:0.00, omega_m:0.00, u:0.00, theta1:16.702, theta2:5.068, e:-0.000
t:5.92, r:0.00, omega:0.00, omega_m:0.00, u:0.00, theta1:16.702, theta2:5.068, e:-0.000
t:5.93, r:0.00, omega:0.00, omega_m:0.00, u:0.00, theta1:16.702, theta2:5.068, e:-0.000
t:5.94, r:0.00, omega:0.00, omega_m:0.00, u:0.00, theta1:16.702, theta2:5.068, e:-0.000
t:5.95, r:0.00, omega:0.00, omega_m:0.00, u:0.00, theta1:16.702, theta2:5.068, e:-0.000
t:5.96, r:0.00, omega:0.00, omega_m:0.00, u:0.00, theta1:16.702, theta2:5.068, e:-0.000
t:5.97, r:0.00, omega:0.00, omega_m:0.00, u:0.00, theta1:16.702, theta2:5.068, e:-0.000
t:5.98, r:0.00, omega:0.00, omega_m:0.00, u:0.00, theta1:16.702, theta2:5.068, e:-0.000
t:5.99, r:0.00, omega:0.00, omega_m:0.00, u:0.00, theta1:16.702, theta2:5.068, e:-0.000
t:6.00, r:0.00, omega:0.00, omega_m:0.00, u:0.00, theta1:16.702, theta2:5.068, e:-0.000
t:6.01, r:-25.00, omega:0.00, omega_m:-15.80, u:-417.98, theta1:16.719, theta2:5.067, e:15.803
t:6.02, r:-25.00, omega:0.00, omega_m:-21.62, u:-418.57, theta1:16.743, theta2:5.066, e:21.617
t:6.03, r:-25.00, omega:-0.52, omega_m:-23.76, u:-416.55, theta1:16.768, theta2:5.064, e:23.233
t:6.04, r:-25.00, omega:-0.52, omega_m:-24.54, u:-417.20, theta1:16.794, theta2:5.063, e:24.020
t:6.05, r:-25.00, omega:-0.52, omega_m:-24.83, u:-417.86, theta1:16.820, theta2:5.061, e:24.309
t:6.06, r:-25.00, omega:-17.34, omega_m:-24.94, u:-333.08, theta1:16.828, theta2:5.054, e:7.599
t:6.07, r:-25.00, omega:-17.34, omega_m:-24.98, u:-333.41, theta1:16.837, theta2:5.047, e:7.638
t:6.08, r:-25.00, omega:-25.65, omega_m:-24.99, u:-291.43, theta1:16.836, theta2:5.047, e:-0.657
t:6.09, r:-25.00, omega:-25.65, omega_m:-25.00, u:-291.38, theta1:16.835, theta2:5.048, e:-0.652
t:6.10, r:-25.00, omega:-25.06, omega_m:-25.00, u:-294.37, theta1:16.835, theta2:5.048, e:-0.059
t:6.11, r:-25.00, omega:-25.06, omega_m:-25.00, u:-294.36, theta1:16.835, theta2:5.048, e:-0.058
t:6.12, r:-25.00, omega:-21.56, omega_m:-25.00, u:-312.18, theta1:16.838, theta2:5.045, e:3.437
t:6.13, r:-25.00, omega:-21.56, omega_m:-25.00, u:-312.36, theta1:16.842, theta2:5.041, e:3.438
t:6.14, r:-25.00, omega:-21.56, omega_m:-25.00, u:-312.54, theta1:16.846, theta2:5.037, e:3.438
t:6.15, r:-25.00, omega:-21.92, omega_m:-25.00, u:-310.92, theta1:16.849, theta2:5.033, e:3.085
t:6.16, r:-25.00, omega:-21.92, omega_m:-25.00, u:-311.08, theta1:16.852, theta2:5.030, e:3.085
t:6.17, r:-25.00, omega:-21.81, omega_m:-25.00, u:-311.78, theta1:16.856, theta2:5.026, e:3.191
t:6.18, r:-25.00, omega:-21.81, omega_m:-25.00, u:-311.95, theta1:16.859, theta2:5.022, e:3.191
t:6.19, r:-25.00, omega:-21.84, omega_m:-25.00, u:-311.95, theta1:16.863, theta2:5.019, e:3.159
t:6.20, r:-25.00, omega:-21.84, omega_m:-25.00, u:-312.11, theta1:16.866, theta2:5.015, e:3.159
t:6.21, r:-25.00, omega:-21.84, omega_m:-25.00, u:-312.28, theta1:16.870, theta2:5.012, e:3.159
t:6.22, r:-25.00, omega:-21.79, omega_m:-25.00, u:-312.71, theta1:16.873, theta2:5.008, e:3.212
t:6.23, r:-25.00, omega:-21.79, omega_m:-25.00, u:-312.88, theta1:16.876, theta2:5.004, e:3.212
t:6.24, r:-25.00, omega:-22.74, omega_m:-25.00, u:-308.24, theta1:16.879, theta2:5.002, e:2.261
t:6.25, r:-25.00, omega:-22.74, omega_m:-25.00, u:-308.36, theta1:16.881, theta2:4.999, e:2.261
t:6.26, r:-25.00, omega:-23.26, omega_m:-25.00, u:-305.83, theta1:16.883, theta2:4.997, e:1.735
t:6.27, r:-25.00, omega:-23.26, omega_m:-25.00, u:-305.93, theta1:16.885, theta2:4.995, e:1.735
t:6.28, r:-25.00, omega:-23.26, omega_m:-25.00, u:-306.02, theta1:16.887, theta2:4.993, e:1.735
t:6.29, r:-25.00, omega:-22.65, omega_m:-25.00, u:-309.24, theta1:16.890, theta2:4.990, e:2.355
t:6.30, r:-25.00, omega:-22.65, omega_m:-25.00, u:-309.37, theta1:16.892, theta2:4.987, e:2.355
t:6.31, r:-25.00, omega:-20.74, omega_m:-25.00, u:-319.10, theta1:16.897, theta2:4.982, e:4.264
t:6.32, r:-25.00, omega:-20.74, omega_m:-25.00, u:-319.31, theta1:16.901, theta2:4.978, e:4.264
t:6.33, r:-25.00, omega:-23.48, omega_m:-25.00, u:-305.75, theta1:16.903, theta2:4.976, e:1.522
t:6.34, r:-25.00, omega:-23.48, omega_m:-25.00, u:-305.84, theta1:16.905, theta2:4.974, e:1.522
t:6.35, r:-25.00, omega:-23.48, omega_m:-25.00, u:-305.92, theta1:16.906, theta2:4.972, e:1.522
t:6.36, r:-25.00, omega:-20.29, omega_m:-25.00, u:-321.98, theta1:16.911, theta2:4.967, e:4.706
t:6.37, r:-25.00, omega:-20.29, omega_m:-25.00, u:-322.21, theta1:16.916, theta2:4.962, e:4.706
t:6.38, r:-25.00, omega:-22.21, omega_m:-25.00, u:-312.84, theta1:16.919, theta2:4.959, e:2.789
t:6.39, r:-25.00, omega:-22.21, omega_m:-25.00, u:-312.99, theta1:16.922, theta2:4.956, e:2.789
t:6.40, r:-25.00, omega:-22.21, omega_m:-25.00, u:-313.14, theta1:16.925, theta2:4.952, e:2.789
t:6.41, r:-25.00, omega:-22.44, omega_m:-25.00, u:-312.12, theta1:16.928, theta2:4.949, e:2.556
t:6.42, r:-25.00, omega:-22.44, omega_m:-25.00, u:-312.26, theta1:16.931, theta2:4.946, e:2.556
t:6.43, r:-25.00, omega:-22.24, omega_m:-25.00, u:-313.43, theta1:16.934, theta2:4.943, e:2.765
t:6.44, r:-25.00, omega:-22.24, omega_m:-25.00, u:-313.58, theta1:16.937, theta2:4.940, e:2.765
t:6.45, r:-25.00, omega:-22.09, omega_m:-25.00, u:-314.45, theta1:16.940, theta2:4.937, e:2.909
t:6.46, r:-25.00, omega:-22.09, omega_m:-25.00, u:-314.60, theta1:16.943, theta2:4.933, e:2.909
t:6.47, r:-25.00, omega:-22.09, omega_m:-25.00, u:-314.75, theta1:16.946, theta2:4.930, e:2.909
t:6.48, r:-25.00, omega:-22.03, omega_m:-25.00, u:-315.22, theta1:16.950, theta2:4.927, e:2.973
t:6.49, r:-25.00, omega:-22.03, omega_m:-25.00, u:-315.38, theta1:16.953, theta2:4.923, e:2.973
t:6.50, r:-25.00, omega:-22.08, omega_m:-25.00, u:-315.29, theta1:16.956, theta2:4.920, e:2.923
t:6.51, r:-25.00, omega:-22.08, omega_m:-25.00, u:-315.44, theta1:16.959, theta2:4.916, e:2.923
t:6.52, r:-25.00, omega:-22.08, omega_m:-25.00, u:-315.59, theta1:16.962, theta2:4.913, e:2.923
t:6.53, r:-25.00, omega:-21.95, omega_m:-25.00, u:-316.38, theta1:16.966, theta2:4.910, e:3.051
t:6.54, r:-25.00, omega:-21.95, omega_m:-25.00, u:-316.54, theta1:16.969, theta2:4.906, e:3.051
t:6.55, r:-25.00, omega:-22.97, omega_m:-25.00, u:-311.65, theta1:16.971, theta2:4.904, e:2.031
t:6.56, r:-25.00, omega:-22.97, omega_m:-25.00, u:-311.76, theta1:16.973, theta2:4.901, e:2.031
t:6.57, r:-25.00, omega:-23.02, omega_m:-25.00, u:-311.63, theta1:16.975, theta2:4.899, e:1.984
t:6.58, r:-25.00, omega:-23.02, omega_m:-25.00, u:-311.74, theta1:16.978, theta2:4.896, e:1.984
t:6.59, r:-25.00, omega:-22.60, omega_m:-25.00, u:-313.89, theta1:16.980, theta2:4.894, e:2.396
t:6.60, r:-25.00, omega:-22.60, omega_m:-25.00, u:-314.02, theta1:16.983, theta2:4.891, e:2.396
t:6.61, r:-25.00, omega:-22.60, omega_m:-25.00, u:-314.15, theta1:16.985, theta2:4.888, e:2.396
t:6.62, r:-25.00, omega:-21.62, omega_m:-25.00, u:-319.14, theta1:16.989, theta2:4.884, e:3.382
t:6.63, r:-25.00, omega:-21.62, omega_m:-25.00, u:-319.31, theta1:16.993, theta2:4.880, e:3.382
t:6.64, r:-25.00, omega:-21.56, omega_m:-25.00, u:-319.78, theta1:16.996, theta2:4.876, e:3.441
t:6.65, r:-25.00, omega:-21.56, omega_m:-25.00, u:-319.96, theta1:17.000, theta2:4.873, e:3.441
t:6.66, r:-25.00, omega:-21.56, omega_m:-25.00, u:-320.13, theta1:17.004, theta2:4.869, e:3.441
t:6.67, r:-25.00, omega:-22.18, omega_m:-25.00, u:-317.25, theta1:17.007, theta2:4.865, e:2.818
t:6.68, r:-25.00, omega:-22.18, omega_m:-25.00, u:-317.40, theta1:17.010, theta2:4.862, e:2.818
t:6.69, r:-25.00, omega:-23.05, omega_m:-25.00, u:-313.29, theta1:17.012, theta2:4.860, e:1.952
t:6.70, r:-25.00, omega:-23.05, omega_m:-25.00, u:-313.40, theta1:17.014, theta2:4.857, e:1.952
t:6.71, r:-25.00, omega:-23.16, omega_m:-25.00, u:-312.97, theta1:17.016, theta2:4.855, e:1.843
t:6.72, r:-25.00, omega:-23.16, omega_m:-25.00, u:-313.07, theta1:17.018, theta2:4.853, e:1.843
t:6.73, r:-25.00, omega:-23.16, omega_m:-25.00, u:-313.17, theta1:17.020, theta2:4.851, e:1.843
t:6.74, r:-25.00, omega:-21.64, omega_m:-25.00, u:-320.70, theta1:17.024, theta2:4.847, e:3.358
t:6.75, r:-25.00, omega:-21.64, omega_m:-25.00, u:-320.87, theta1:17.027, theta2:4.843, e:3.358
t:6.76, r:-25.00, omega:-22.16, omega_m:-25.00, u:-318.50, theta1:17.030, theta2:4.840, e:2.838
t:6.77, r:-25.00, omega:-22.16, omega_m:-25.00, u:-318.65, theta1:17.033, theta2:4.837, e:2.838
t:6.78, r:-25.00, omega:-23.52, omega_m:-25.00, u:-312.18, theta1:17.035, theta2:4.835, e:1.483
t:6.79, r:-25.00, omega:-23.52, omega_m:-25.00, u:-312.26, theta1:17.037, theta2:4.833, e:1.483
t:6.80, r:-25.00, omega:-23.52, omega_m:-25.00, u:-312.34, theta1:17.038, theta2:4.831, e:1.483
t:6.81, r:-25.00, omega:-21.89, omega_m:-25.00, u:-320.37, theta1:17.042, theta2:4.828, e:3.112
t:6.82, r:-25.00, omega:-21.89, omega_m:-25.00, u:-320.54, theta1:17.045, theta2:4.824, e:3.112
t:6.83, r:-25.00, omega:-21.44, omega_m:-25.00, u:-322.90, theta1:17.049, theta2:4.820, e:3.565
t:6.84, r:-25.00, omega:-21.44, omega_m:-25.00, u:-323.08, theta1:17.053, theta2:4.816, e:3.565
t:6.85, r:-25.00, omega:-23.49, omega_m:-25.00, u:-313.26, theta1:17.054, theta2:4.814, e:1.508
t:6.86, r:-25.00, omega:-23.49, omega_m:-25.00, u:-313.34, theta1:17.056, theta2:4.812, e:1.508
t:6.87, r:-25.00, omega:-23.40, omega_m:-25.00, u:-313.90, theta1:17.058, theta2:4.810, e:1.604
t:6.88, r:-25.00, omega:-23.40, omega_m:-25.00, u:-313.99, theta1:17.059, theta2:4.808, e:1.604
t:6.89, r:-25.00, omega:-23.40, omega_m:-25.00, u:-314.08, theta1:17.061, theta2:4.807, e:1.604
t:6.90, r:-25.00, omega:-22.10, omega_m:-25.00, u:-320.45, theta1:17.064, theta2:4.803, e:2.899
t:6.91, r:-25.00, omega:-22.10, omega_m:-25.00, u:-320.60, theta1:17.067, theta2:4.800, e:2.899
t:6.92, r:-25.00, omega:-21.84, omega_m:-25.00, u:-322.01, theta1:17.071, theta2:4.796, e:3.159
t:6.93, r:-25.00, omega:-21.84, omega_m:-25.00, u:-322.18, theta1:17.074, theta2:4.793, e:3.159
t:6.94, r:-25.00, omega:-21.84, omega_m:-25.00, u:-322.34, theta1:17.078, theta2:4.789, e:3.159
t:6.95, r:-25.00, omega:-21.69, omega_m:-25.00, u:-323.22, theta1:17.081, theta2:4.785, e:3.307
t:6.96, r:-25.00, omega:-21.69, omega_m:-25.00, u:-323.39, theta1:17.085, theta2:4.782, e:3.307
t:6.97, r:-25.00, omega:-23.09, omega_m:-25.00, u:-316.82, theta1:17.087, theta2:4.779, e:1.910
t:6.98, r:-25.00, omega:-23.09, omega_m:-25.00, u:-316.92, theta1:17.089, theta2:4.777, e:1.910
t:6.99, r:-25.00, omega:-23.28, omega_m:-25.00, u:-316.13, theta1:17.091, theta2:4.775, e:1.725
t:7.00, r:-25.00, omega:-23.28, omega_m:-25.00, u:-316.23, theta1:17.093, theta2:4.773, e:1.725
t:7.01, r:0.00, omega:-23.10, omega_m:-9.20, u:0.00, theta1:17.090, theta2:4.788, e:-13.899
t:7.02, r:0.00, omega:-23.10, omega_m:-3.38, u:0.00, theta1:17.087, theta2:4.810, e:-19.712
t:7.03, r:0.00, omega:-23.10, omega_m:-1.24, u:0.00, theta1:17.083, theta2:4.834, e:-21.851
t:7.04, r:0.00, omega:-23.10, omega_m:-0.46, u:0.00, theta1:17.079, theta2:4.859, e:-22.638
t:7.05, r:0.00, omega:-23.10, omega_m:-0.17, u:0.00, theta1:17.075, theta2:4.885, e:-22.927
t:7.06, r:0.00, omega:-23.10, omega_m:-0.06, u:0.00, theta1:17.071, theta2:4.910, e:-23.034
t:7.07, r:0.00, omega:-23.10, omega_m:-0.02, u:0.00, theta1:17.067, theta2:4.936, e:-23.073
t:7.08, r:0.00, omega:-23.10, omega_m:-0.01, u:0.00, theta1:17.064, theta2:4.961, e:-23.087
t:7.09, r:0.00, omega:-23.10, omega_m:-0.00, u:0.00, theta1:17.060, theta2:4.987, e:-23.092
t:7.10, r:0.00, omega:-23.10, omega_m:-0.00, u:0.00, theta1:17.056, theta2:5.012, e:-23.094
t:7.11, r:0.00, omega:-23.10, omega_m:-0.00, u:0.00, theta1:17.052, theta2:5.038, e:-23.095
t:7.12, r:0.00, omega:-23.10, omega_m:-0.00, u:0.00, theta1:17.048, theta2:5.063, e:-23.095
t:7.13, r:0.00, omega:-23.10, omega_m:-0.00, u:0.00, theta1:17.044, theta2:5.089, e:-23.095
t:7.14, r:0.00, omega:-23.10, omega_m:-0.00, u:0.00, theta1:17.040, theta2:5.114, e:-23.096
t:7.15, r:0.00, omega:-23.10, omega_m:-0.00, u:0.00, theta1:17.036, theta2:5.140, e:-23.096
t:7.16, r:0.00, omega:-23.10, omega_m:-0.00, u:0.00, theta1:17.032, theta2:5.165, e:-23.096
t:7.17, r:0.00, omega:-23.10, omega_m:-0.00, u:0.00, theta1:17.028, theta2:5.191, e:-23.096
t:7.18, r:0.00, omega:-23.10, omega_m:-0.00, u:0.00, theta1:17.024, theta2:5.216, e:-23.096
t:7.19, r:0.00, omega:-23.10, omega_m:-0.00, u:0.00, theta1:17.020, theta2:5.242, e:-23.096
t:7.20, r:0.00, omega:-23.10, omega_m:-0.00, u:0.00, theta1:17.016, theta2:5.267, e:-23.096
t:7.21, r:0.00, omega:-23.10, omega_m:-0.00, u:0.00, theta1:17.012, theta2:5.292, e:-23.096
t:7.22, r:0.00, omega:-23.10, omega_m:-0.00, u:0.00, theta1:17.008, theta2:5.318, e:-23.096
t:7.23, r:0.00, omega:-23.10, omega_m:-0.00, u:0.00, theta1:17.004, theta2:5.343, e:-23.096
t:7.24, r:0.00, omega:-23.10, omega_m:-0.00, u:0.00, theta1:17.001, theta2:5.369, e:-23.096
t:7.25, r:0.00, omega:-23.10, omega_m:-0.00, u:0.00, theta1:16.997, theta2:5.394, e:-23.096
t:7.26, r:0.00, omega:-23.10, omega_m:-0.00, u:0.00, theta1:16.993, theta2:5.420, e:-23.096
t:7.27, r:0.00, omega:-23.10, omega_m:-0.00, u:0.00, theta1:16.989, theta2:5.445, e:-23.096
t:7.28, r:0.00, omega:-23.10, omega_m:-0.00, u:0.00, theta1:16.985, theta2:5.470, e:-23.096
t:7.29, r:0.00, omega:-23.10, omega_m:-0.00, u:0.00, theta1:16.981, theta2:5.496, e:-23.096
t:7.30, r:0.00, omega:-23.10, omega_m:-0.00, u:0.00, theta1:16.977, theta2:5.521, e:-23.096
t:7.31, r:0.00, omega:-23.10, omega_m:-0.00, u:0.00, theta1:16.973, theta2:5.547, e:-23.096
t:7.32, r:0.00, omega:-23.10, omega_m:-0.00, u:0.00, theta1:16.969, theta2:5.572, e:-23.096
t:7.33, r:0.00, omega:-23.10, omega_m:-0.00, u:0.00, theta1:16.965, theta2:5.597, e:-23.096
t:7.34, r:0.00, omega:-23.10, omega_m:-0.00, u:0.00, theta1:16.961, theta2:5.623, e:-23.096
t:7.35, r:0.00, omega:-23.10, omega_m:-0.00, u:0.00, theta1:16.957, theta2:5.648, e:-23.096
t:7.36, r:0.00, omega:-23.10, omega_m:-0.00, u:0.00, theta1:16.954, theta2:5.674, e:-23.096
t:7.37, r:0.00, omega:-23.10, omega_m:-0.00, u:0.00, theta1:16.950, theta2:5.699, e:-23.096
t:7.38, r:0.00, omega:-23.10, omega_m:-0.00, u:0.00, theta1:16.946, theta2:5.724, e:-23.096
t:7.39, r:0.00, omega:-23.10, omega_m:-0.00, u:0.00, theta1:16.942, theta2:5.750, e:-23.096
t:7.40, r:0.00, omega:-23.10, omega_m:-0.00, u:0.00, theta1:16.938, theta2:5.775, e:-23.096
t:7.41, r:0.00, omega:-23.10, omega_m:-0.00, u:0.00, theta1:16.934, theta2:5.800, e:-23.096
t:7.42, r:0.00, omega:-23.10, omega_m:-0.00, u:0.00, theta1:16.930, theta2:5.826, e:-23.096
t:7.43, r:0.00, omega:-23.10, omega_m:-0.00, u:0.00, theta1:16.926, theta2:5.851, e:-23.096
t:7.44, r:0.00, omega:-23.10, omega_m:-0.00, u:0.00, theta1:16.922, theta2:5.876, e:-23.096
t:7.45, r:0.00, omega:-23.10, omega_m:-0.00, u:0.00, theta1:16.918, theta2:5.902, e:-23.096
t:7.46, r:0.00, omega:-23.10, omega_m:-0.00, u:0.00, theta1:16.914, theta2:5.927, e:-23.096
t:7.47, r:0.00, omega:-23.10, omega_m:-0.00, u:0.00, theta1:16.910, theta2:5.952, e:-23.096
t:7.48, r:0.00, omega:-23.10, omega_m:-0.00, u:0.00, theta1:16.907, theta2:5.977, e:-23.096
t:7.49, r:0.00, omega:-23.10, omega_m:-0.00, u:0.00, theta1:16.903, theta2:6.003, e:-23.096
t:7.50, r:0.00, omega:-23.10, omega_m:-0.00, u:0.00, theta1:16.899, theta2:6.028, e:-23.096
t:7.51, r:0.00, omega:0.00, omega_m:-0.00, u:0.00, theta1:16.899, theta2:6.028, e:0.000
t:7.52, r:0.00, omega:0.00, omega_m:-0.00, u:0.00, theta1:16.899, theta2:6.028, e:0.000
t:7.53, r:0.00, omega:0.00, omega_m:-0.00, u:0.00, theta1:16.899, theta2:6.028, e:0.000
t:7.54, r:0.00, omega:0.00, omega_m:-0.00, u:0.00, theta1:16.899, theta2:6.028, e:0.000
t:7.55, r:0.00, omega:0.00, omega_m:-0.00, u:0.00, theta1:16.899, theta2:6.028, e:0.000
t:7.56, r:0.00, omega:0.00, omega_m:-0.00, u:0.00, theta1:16.899, theta2:6.028, e:0.000
t:7.57, r:0.00, omega:0.00, omega_m:-0.00, u:0.00, theta1:16.899, theta2:6.028, e:0.000
t:7.58, r:0.00, omega:0.00, omega_m:-0.00, u:0.00, theta1:16.899, theta2:6.028, e:0.000
t:7.59, r:0.00, omega:0.00, omega_m:-0.00, u:0.00, theta1:16.899, theta2:6.028, e:0.000
t:7.60, r:0.00, omega:0.00, omega_m:-0.00, u:0.00, theta1:16.899, theta2:6.028, e:0.000
t:7.61, r:0.00, omega:0.00, omega_m:-0.00, u:0.00, theta1:16.899, theta2:6.028, e:0.000
t:7.62, r:0.00, omega:0.00, omega_m:-0.00, u:0.00, theta1:16.899, theta2:6.028, e:0.000
t:7.63, r:0.00, omega:0.00, omega_m:-0.00, u:0.00, theta1:16.899, theta2:6.028, e:0.000
t:7.64, r:0.00, omega:0.00, omega_m:-0.00, u:0.00, theta1:16.899, theta2:6.028, e:0.000
t:7.65, r:0.00, omega:0.00, omega_m:-0.00, u:0.00, theta1:16.899, theta2:6.028, e:0.000
t:7.66, r:0.00, omega:0.00, omega_m:-0.00, u:0.00, theta1:16.899, theta2:6.028, e:0.000
t:7.67, r:0.00, omega:0.00, omega_m:-0.00, u:0.00, theta1:16.899, theta2:6.028, e:0.000
t:7.68, r:0.00, omega:0.00, omega_m:-0.00, u:0.00, theta1:16.899, theta2:6.028, e:0.000
t:7.69, r:0.00, omega:0.00, omega_m:-0.00, u:0.00, theta1:16.899, theta2:6.028, e:0.000
t:7.70, r:0.00, omega:0.00, omega_m:-0.00, u:0.00, theta1:16.899, theta2:6.028, e:0.000
t:7.71, r:0.00, omega:0.00, omega_m:-0.00, u:0.00, theta1:16.899, theta2:6.028, e:0.000
t:7.72, r:0.00, omega:0.00, omega_m:-0.00, u:0.00, theta1:16.899, theta2:6.028, e:0.000
t:7.73, r:0.00, omega:0.00, omega_m:-0.00, u:0.00, theta1:16.899, theta2:6.028, e:0.000
t:7.74, r:0.00, omega:0.00, omega_m:-0.00, u:0.00, theta1:16.899, theta2:6.028, e:0.000
t:7.75, r:0.00, omega:0.00, omega_m:-0.00, u:0.00, theta1:16.899, theta2:6.028, e:0.000
t:7.76, r:0.00, omega:0.00, omega_m:-0.00, u:0.00, theta1:16.899, theta2:6.028, e:0.000
t:7.77, r:0.00, omega:0.00, omega_m:-0.00, u:0.00, theta1:16.899, theta2:6.028, e:0.000
t:7.78, r:0.00, omega:0.00, omega_m:-0.00, u:0.00, theta1:16.899, theta2:6.028, e:0.000
t:7.79, r:0.00, omega:0.00, omega_m:-0.00, u:0.00, theta1:16.899, theta2:6.028, e:0.000
t:7.80, r:0.00, omega:0.00, omega_m:-0.00, u:0.00, theta1:16.899, theta2:6.028, e:0.000
t:7.81, r:0.00, omega:0.00, omega_m:-0.00, u:0.00, theta1:16.899, theta2:6.028, e:0.000
t:7.82, r:0.00, omega:0.00, omega_m:-0.00, u:0.00, theta1:16.899, theta2:6.028, e:0.000
t:7.83, r:0.00, omega:0.00, omega_m:-0.00, u:0.00, theta1:16.899, theta2:6.028, e:0.000
t:7.84, r:0.00, omega:0.00, omega_m:-0.00, u:0.00, theta1:16.899, theta2:6.028, e:0.000
t:7.85, r:0.00, omega:0.00, omega_m:-0.00, u:0.00, theta1:16.899, theta2:6.028, e:0.000
t:7.86, r:0.00, omega:0.00, omega_m:-0.00, u:0.00, theta1:16.899, theta2:6.028, e:0.000
t:7.87, r:0.00, omega:0.00, omega_m:-0.00, u:0.00, theta1:16.899, theta2:6.028, e:0.000
t:7.88, r:0.00, omega:0.00, omega_m:-0.00, u:0.00, theta1:16.899, theta2:6.028, e:0.000
t:7.89, r:0.00, omega:0.00, omega_m:-0.00, u:0.00, theta1:16.899, theta2:6.028, e:0.000
t:7.90, r:0.00, omega:0.00, omega_m:-0.00, u:0.00, theta1:16.899, theta2:6.028, e:0.000
t:7.91, r:0.00, omega:0.00, omega_m:-0.00, u:0.00, theta1:16.899, theta2:6.028, e:0.000
t:7.92, r:0.00, omega:0.00, omega_m:-0.00, u:0.00, theta1:16.899, theta2:6.028, e:0.000
t:7.93, r:0.00, omega:0.00, omega_m:-0.00, u:0.00, theta1:16.899, theta2:6.028, e:0.000
t:7.94, r:0.00, omega:0.00, omega_m:-0.00, u:0.00, theta1:16.899, theta2:6.028, e:0.000
t:7.95, r:0.00, omega:0.00, omega_m:-0.00, u:0.00, theta1:16.899, theta2:6.028, e:0.000
t:7.96, r:0.00, omega:0.00, omega_m:-0.00, u:0.00, theta1:16.899, theta2:6.028, e:0.000
t:7.97, r:0.00, omega:0.00, omega_m:-0.00, u:0.00, theta1:16.899, theta2:6.028, e:0.000
t:7.98, r:0.00, omega:0.00, omega_m:-0.00, u:0.00, theta1:16.899, theta2:6.028, e:0.000
t:7.99, r:0.00, omega:0.00, omega_m:-0.00, u:0.00, theta1:16.899, theta2:6.028, e:0.000
t:8.00, r:0.00, omega:0.00, omega_m:-0.00, u:0.00, theta1:16.899, theta2:6.028, e:0.000
t:8.01, r:25.00, omega:0.00, omega_m:15.80, u:422.90, theta1:16.916, theta2:6.027, e:-15.803
t:8.02, r:25.00, omega:0.00, omega_m:21.62, u:423.48, theta1:16.939, theta2:6.026, e:-21.617
t:8.03, r:25.00, omega:0.00, omega_m:23.76, u:424.12, theta1:16.965, theta2:6.024, e:-23.755
t:8.04, r:25.00, omega:0.51, omega_m:24.54, u:421.70, theta1:16.991, theta2:6.022, e:-24.032
t:8.05, r:25.00, omega:0.51, omega_m:24.83, u:422.36, theta1:17.017, theta2:6.020, e:-24.321
t:8.06, r:25.00, omega:21.89, omega_m:24.94, u:293.81, theta1:17.020, theta2:6.017, e:-3.048
t:8.07, r:25.00, omega:21.89, omega_m:24.98, u:293.97, theta1:17.024, theta2:6.013, e:-3.088
t:8.08, r:25.00, omega:25.52, omega_m:24.99, u:272.13, theta1:17.023, theta2:6.014, e:0.525
t:8.09, r:25.00, omega:25.52, omega_m:25.00, u:272.09, theta1:17.022, theta2:6.014, e:0.520
t:8.10, r:25.00, omega:25.52, omega_m:25.00, u:272.06, theta1:17.022, theta2:6.015, e:0.518
t:8.11, r:25.00, omega:21.96, omega_m:25.00, u:293.61, theta1:17.025, theta2:6.011, e:-3.039
t:8.12, r:25.00, omega:21.96, omega_m:25.00, u:293.77, theta1:17.028, theta2:6.008, e:-3.040
t:8.13, r:25.00, omega:19.97, omega_m:25.00, u:305.95, theta1:17.034, theta2:6.003, e:-5.027
t:8.14, r:25.00, omega:19.97, omega_m:25.00, u:306.19, theta1:17.039, theta2:5.997, e:-5.027
t:8.15, r:25.00, omega:19.97, omega_m:25.00, u:306.43, theta1:17.044, theta2:5.992, e:-5.027
t:8.16, r:25.00, omega:19.43, omega_m:25.00, u:309.97, theta1:17.050, theta2:5.986, e:-5.574
t:8.17, r:25.00, omega:19.43, omega_m:25.00, u:310.23, theta1:17.056, theta2:5.981, e:-5.574
t:8.18, r:25.00, omega:23.12, omega_m:25.00, u:288.23, theta1:17.058, theta2:5.978, e:-1.877
t:8.19, r:25.00, omega:23.12, omega_m:25.00, u:288.33, theta1:17.060, theta2:5.976, e:-1.877
t:8.20, r:25.00, omega:23.12, omega_m:25.00, u:288.43, theta1:17.062, theta2:5.974, e:-1.877
t:8.21, r:25.00, omega:20.52, omega_m:25.00, u:304.19, theta1:17.067, theta2:5.969, e:-4.478
t:8.22, r:25.00, omega:20.52, omega_m:25.00, u:304.41, theta1:17.072, theta2:5.964, e:-4.478
t:8.23, r:25.00, omega:20.52, omega_m:25.00, u:304.63, theta1:17.077, theta2:5.959, e:-4.478
t:8.24, r:25.00, omega:19.77, omega_m:25.00, u:309.37, theta1:17.083, theta2:5.954, e:-5.232
t:8.25, r:25.00, omega:19.77, omega_m:25.00, u:309.62, theta1:17.088, theta2:5.948, e:-5.232
t:8.26, r:25.00, omega:21.43, omega_m:25.00, u:299.92, theta1:17.092, theta2:5.944, e:-3.570
t:8.27, r:25.00, omega:21.43, omega_m:25.00, u:300.10, theta1:17.096, theta2:5.940, e:-3.570
t:8.28, r:25.00, omega:22.16, omega_m:25.00, u:295.92, theta1:17.099, theta2:5.937, e:-2.840
t:8.29, r:25.00, omega:22.16, omega_m:25.00, u:296.07, theta1:17.102, theta2:5.933, e:-2.840
t:8.30, r:25.00, omega:22.16, omega_m:25.00, u:296.22, theta1:17.105, theta2:5.930, e:-2.840
t:8.31, r:25.00, omega:19.99, omega_m:25.00, u:309.36, theta1:17.111, theta2:5.925, e:-5.015
t:8.32, r:25.00, omega:19.99, omega_m:25.00, u:309.60, theta1:17.116, theta2:5.919, e:-5.015
t:8.33, r:25.00, omega:19.99, omega_m:25.00, u:309.84, theta1:17.121, theta2:5.914, e:-5.015
t:8.34, r:25.00, omega:20.36, omega_m:25.00, u:307.82, theta1:17.126, theta2:5.909, e:-4.635
t:8.35, r:25.00, omega:20.36, omega_m:25.00, u:308.05, theta1:17.131, theta2:5.904, e:-4.635
t:8.36, r:25.00, omega:21.64, omega_m:25.00, u:300.68, theta1:17.135, theta2:5.900, e:-3.357
t:8.37, r:25.00, omega:21.64, omega_m:25.00, u:300.85, theta1:17.139, theta2:5.897, e:-3.357
t:8.38, r:25.00, omega:21.64, omega_m:25.00, u:301.02, theta1:17.142, theta2:5.893, e:-3.357
t:8.39, r:25.00, omega:21.04, omega_m:25.00, u:304.79, theta1:17.147, theta2:5.888, e:-3.963
t:8.40, r:25.00, omega:21.04, omega_m:25.00, u:304.99, theta1:17.151, theta2:5.884, e:-3.963
t:8.41, r:25.00, omega:20.33, omega_m:25.00, u:309.39, theta1:17.156, theta2:5.879, e:-4.672
t:8.42, r:25.00, omega:20.33, omega_m:25.00, u:309.62, theta1:17.161, theta2:5.874, e:-4.672
t:8.43, r:25.00, omega:20.33, omega_m:25.00, u:309.84, theta1:17.166, theta2:5.869, e:-4.672
t:8.44, r:25.00, omega:20.73, omega_m:25.00, u:307.71, theta1:17.171, theta2:5.864, e:-4.272
t:8.45, r:25.00, omega:20.73, omega_m:25.00, u:307.92, theta1:17.175, theta2:5.859, e:-4.272
t:8.46, r:25.00, omega:21.97, omega_m:25.00, u:300.82, theta1:17.178, theta2:5.856, e:-3.033
t:8.47, r:25.00, omega:21.97, omega_m:25.00, u:300.98, theta1:17.182, theta2:5.852, e:-3.033
t:8.48, r:25.00, omega:21.97, omega_m:25.00, u:301.14, theta1:17.185, theta2:5.849, e:-3.033
t:8.49, r:25.00, omega:21.37, omega_m:25.00, u:304.82, theta1:17.189, theta2:5.845, e:-3.630
t:8.50, r:25.00, omega:21.37, omega_m:25.00, u:305.01, theta1:17.193, theta2:5.841, e:-3.630
t:8.51, r:25.00, omega:20.83, omega_m:25.00, u:308.35, theta1:17.197, theta2:5.836, e:-4.167
t:8.52, r:25.00, omega:20.83, omega_m:25.00, u:308.55, theta1:17.202, theta2:5.832, e:-4.167
t:8.53, r:25.00, omega:20.83, omega_m:25.00, u:308.76, theta1:17.206, theta2:5.827, e:-4.167
t:8.54, r:25.00, omega:20.44, omega_m:25.00, u:311.27, theta1:17.211, theta2:5.822, e:-4.559
t:8.55, r:25.00, omega:20.44, omega_m:25.00, u:311.49, theta1:17.216, theta2:5.817, e:-4.559
t:8.56, r:25.00, omega:21.77, omega_m:25.00, u:303.92, theta1:17.220, theta2:5.813, e:-3.228
t:8.57, r:25.00, omega:21.77, omega_m:25.00, u:304.09, theta1:17.223, theta2:5.810, e:-3.228
t:8.58, r:25.00, omega:22.19, omega_m:25.00, u:301.79, theta1:17.226, theta2:5.806, e:-2.807
t:8.59, r:25.00, omega:22.19, omega_m:25.00, u:301.94, theta1:17.229, theta2:5.803, e:-2.807
t:8.60, r:25.00, omega:22.19, omega_m:25.00, u:302.09, theta1:17.232, theta2:5.800, e:-2.807
t:8.61, r:25.00, omega:21.60, omega_m:25.00, u:305.73, theta1:17.236, theta2:5.796, e:-3.405
t:8.62, r:25.00, omega:21.60, omega_m:25.00, u:305.90, theta1:17.239, theta2:5.792, e:-3.405
t:8.63, r:25.00, omega:20.05, omega_m:25.00, u:315.08, theta1:17.245, theta2:5.787, e:-4.948
t:8.64, r:25.00, omega:20.05, omega_m:25.00, u:315.32, theta1:17.250, theta2:5.782, e:-4.948
t:8.65, r:25.00, omega:20.05, omega_m:25.00, u:315.56, theta1:17.255, theta2:5.776, e:-4.948
t:8.66, r:25.00, omega:21.87, omega_m:25.00, u:305.20, theta1:17.259, theta2:5.773, e:-3.126
t:8.67, r:25.00, omega:21.87, omega_m:25.00, u:305.36, theta1:17.262, theta2:5.769, e:-3.126
t:8.68, r:25.00, omega:21.37, omega_m:25.00, u:308.43, theta1:17.266, theta2:5.765, e:-3.626
t:8.69, r:25.00, omega:21.37, omega_m:25.00, u:308.61, theta1:17.270, theta2:5.761, e:-3.626
t:8.70, r:25.00, omega:21.37, omega_m:25.00, u:308.80, theta1:17.274, theta2:5.757, e:-3.626
t:8.71, r:25.00, omega:20.27, omega_m:25.00, u:315.38, theta1:17.279, theta2:5.752, e:-4.730
t:8.72, r:25.00, omega:20.27, omega_m:25.00, u:315.61, theta1:17.284, theta2:5.747, e:-4.730
t:8.73, r:25.00, omega:22.15, omega_m:25.00, u:304.93, theta1:17.287, theta2:5.744, e:-2.846
t:8.74, r:25.00, omega:22.15, omega_m:25.00, u:305.08, theta1:17.290, theta2:5.740, e:-2.846
t:8.75, r:25.00, omega:22.15, omega_m:25.00, u:305.23, theta1:17.293, theta2:5.737, e:-2.846
t:8.76, r:25.00, omega:20.77, omega_m:25.00, u:313.41, theta1:17.298, theta2:5.732, e:-4.234
t:8.77, r:25.00, omega:20.77, omega_m:25.00, u:313.62, theta1:17.302, theta2:5.728, e:-4.234
t:8.78, r:25.00, omega:21.14, omega_m:25.00, u:311.69, theta1:17.307, theta2:5.723, e:-3.862
t:8.79, r:25.00, omega:21.14, omega_m:25.00, u:311.88, theta1:17.311, theta2:5.719, e:-3.862
t:8.80, r:25.00, omega:22.69, omega_m:25.00, u:303.16, theta1:17.313, theta2:5.716, e:-2.315
t:8.81, r:25.00, omega:22.69, omega_m:25.00, u:303.28, theta1:17.316, theta2:5.713, e:-2.315
t:8.82, r:25.00, omega:22.69, omega_m:25.00, u:303.41, theta1:17.318, theta2:5.711, e:-2.315
t:8.83, r:25.00, omega:21.10, omega_m:25.00, u:312.66, theta1:17.322, theta2:5.706, e:-3.902
t:8.84, r:25.00, omega:21.10, omega_m:25.00, u:312.86, theta1:17.327, theta2:5.702, e:-3.902
t:8.85, r:25.00, omega:20.78, omega_m:25.00, u:314.91, theta1:17.331, theta2:5.697, e:-4.225
t:8.86, r:25.00, omega:20.78, omega_m:25.00, u:315.12, theta1:17.336, theta2:5.693, e:-4.225
t:8.87, r:25.00, omega:20.78, omega_m:25.00, u:315.33, theta1:17.340, theta2:5.688, e:-4.225
t:8.88, r:25.00, omega:22.42, omega_m:25.00, u:306.11, theta1:17.343, theta2:5.685, e:-2.579
t:8.89, r:25.00, omega:22.42, omega_m:25.00, u:306.25, theta1:17.346, theta2:5.682, e:-2.579
t:8.90, r:25.00, omega:22.03, omega_m:25.00, u:308.62, theta1:17.349, theta2:5.679, e:-2.969
t:8.91, r:25.00, omega:22.03, omega_m:25.00, u:308.77, theta1:17.352, theta2:5.675, e:-2.969
t:8.92, r:25.00, omega:22.03, omega_m:25.00, u:308.93, theta1:17.355, theta2:5.672, e:-2.969
t:8.93, r:25.00, omega:20.70, omega_m:25.00, u:316.70, theta1:17.360, theta2:5.667, e:-4.301
t:8.94, r:25.00, omega:20.70, omega_m:25.00, u:316.91, theta1:17.365, theta2:5.662, e:-4.301
t:8.95, r:25.00, omega:20.65, omega_m:25.00, u:317.42, theta1:17.369, theta2:5.658, e:-4.353
t:8.96, r:25.00, omega:20.65, omega_m:25.00, u:317.63, theta1:17.374, theta2:5.653, e:-4.353
t:8.97, r:25.00, omega:20.65, omega_m:25.00, u:317.85, theta1:17.379, theta2:5.648, e:-4.353
t:8.98, r:25.00, omega:23.16, omega_m:25.00, u:303.74, theta1:17.381, theta2:5.646, e:-1.836
t:8.99, r:25.00, omega:23.16, omega_m:25.00, u:303.84, theta1:17.383, theta2:5.644, e:-1.836
t:9.00, r:25.00, omega:20.97, omega_m:25.00, u:316.43, theta1:17.387, theta2:5.639, e:-4.033
t:9.01, r:0.00, omega:20.97, omega_m:9.20, u:0.00, theta1:17.385, theta2:5.651, e:11.770
t:9.02, r:0.00, omega:20.97, omega_m:3.38, u:0.00, theta1:17.382, theta2:5.668, e:17.584
t:9.03, r:0.00, omega:18.80, omega_m:1.24, u:0.00, theta1:17.379, theta2:5.684, e:17.557
t:9.04, r:0.00, omega:18.80, omega_m:0.46, u:0.00, theta1:17.376, theta2:5.700, e:18.344
t:9.05, r:0.00, omega:18.80, omega_m:0.17, u:0.00, theta1:17.372, theta2:5.717, e:18.634
t:9.06, r:0.00, omega:18.80, omega_m:0.06, u:0.00, theta1:17.369, theta2:5.733, e:18.740
t:9.07, r:0.00, omega:18.80, omega_m:0.02, u:0.00, theta1:17.366, theta2:5.750, e:18.779
t:9.08, r:0.00, omega:18.80, omega_m:0.01, u:0.00, theta1:17.363, theta2:5.766, e:18.794
t:9.09, r:0.00, omega:18.80, omega_m:0.00, u:0.00, theta1:17.359, theta2:5.783, e:18.799
t:9.10, r:0.00, omega:18.80, omega_m:0.00, u:0.00, theta1:17.356, theta2:5.799, e:18.801
t:9.11, r:0.00, omega:18.80, omega_m:0.00, u:0.00, theta1:17.353, theta2:5.816, e:18.802
t:9.12, r:0.00, omega:18.80, omega_m:0.00, u:0.00, theta1:17.350, theta2:5.833, e:18.802
t:9.13, r:0.00, omega:18.80, omega_m:0.00, u:0.00, theta1:17.346, theta2:5.849, e:18.802
t:9.14, r:0.00, omega:18.80, omega_m:0.00, u:0.00, theta1:17.343, theta2:5.866, e:18.802
t:9.15, r:0.00, omega:18.80, omega_m:0.00, u:0.00, theta1:17.340, theta2:5.882, e:18.802
t:9.16, r:0.00, omega:18.80, omega_m:0.00, u:0.00, theta1:17.337, theta2:5.899, e:18.802
t:9.17, r:0.00, omega:18.80, omega_m:0.00, u:0.00, theta1:17.333, theta2:5.915, e:18.802
t:9.18, r:0.00, omega:18.80, omega_m:0.00, u:0.00, theta1:17.330, theta2:5.932, e:18.802
t:9.19, r:0.00, omega:18.80, omega_m:0.00, u:0.00, theta1:17.327, theta2:5.949, e:18.802
t:9.20, r:0.00, omega:18.80, omega_m:0.00, u:0.00, theta1:17.324, theta2:5.965, e:18.802
t:9.21, r:0.00, omega:18.80, omega_m:0.00, u:0.00, theta1:17.320, theta2:5.982, e:18.802
t:9.22, r:0.00, omega:18.80, omega_m:0.00, u:0.00, theta1:17.317, theta2:5.998, e:18.802
t:9.23, r:0.00, omega:18.80, omega_m:0.00, u:0.00, theta1:17.314, theta2:6.015, e:18.802
t:9.24, r:0.00, omega:18.80, omega_m:0.00, u:0.00, theta1:17.310, theta2:6.031, e:18.802
t:9.25, r:0.00, omega:18.80, omega_m:0.00, u:0.00, theta1:17.307, theta2:6.048, e:18.802
t:9.26, r:0.00, omega:18.80, omega_m:0.00, u:0.00, theta1:17.304, theta2:6.064, e:18.802
t:9.27, r:0.00, omega:18.80, omega_m:0.00, u:0.00, theta1:17.301, theta2:6.081, e:18.802
t:9.28, r:0.00, omega:18.80, omega_m:0.00, u:0.00, theta1:17.297, theta2:6.097, e:18.802
t:9.29, r:0.00, omega:18.80, omega_m:0.00, u:0.00, theta1:17.294, theta2:6.114, e:18.802
t:9.30, r:0.00, omega:18.80, omega_m:0.00, u:0.00, theta1:17.291, theta2:6.131, e:18.802
t:9.31, r:0.00, omega:18.80, omega_m:0.00, u:0.00, theta1:17.288, theta2:6.147, e:18.802
t:9.32, r:0.00, omega:18.80, omega_m:0.00, u:0.00, theta1:17.284, theta2:6.164, e:18.802
t:9.33, r:0.00, omega:18.80, omega_m:0.00, u:0.00, theta1:17.281, theta2:6.180, e:18.802
t:9.34, r:0.00, omega:18.80, omega_m:0.00, u:0.00, theta1:17.278, theta2:6.197, e:18.802
t:9.35, r:0.00, omega:18.80, omega_m:0.00, u:0.00, theta1:17.275, theta2:6.213, e:18.802
t:9.36, r:0.00, omega:18.80, omega_m:0.00, u:0.00, theta1:17.271, theta2:6.230, e:18.802
t:9.37, r:0.00, omega:18.80, omega_m:0.00, u:0.00, theta1:17.268, theta2:6.246, e:18.802
t:9.38, r:0.00, omega:18.80, omega_m:0.00, u:0.00, theta1:17.265, theta2:6.263, e:18.802
t:9.39, r:0.00, omega:18.80, omega_m:0.00, u:0.00, theta1:17.262, theta2:6.279, e:18.802
t:9.40, r:0.00, omega:18.80, omega_m:0.00, u:0.00, theta1:17.258, theta2:6.296, e:18.802
t:9.41, r:0.00, omega:18.80, omega_m:0.00, u:0.00, theta1:17.255, theta2:6.312, e:18.802
t:9.42, r:0.00, omega:18.80, omega_m:0.00, u:0.00, theta1:17.252, theta2:6.329, e:18.802
t:9.43, r:0.00, omega:18.80, omega_m:0.00, u:0.00, theta1:17.249, theta2:6.345, e:18.802
t:9.44, r:0.00, omega:18.80, omega_m:0.00, u:0.00, theta1:17.246, theta2:6.362, e:18.802
t:9.45, r:0.00, omega:18.80, omega_m:0.00, u:0.00, theta1:17.242, theta2:6.378, e:18.802
t:9.46, r:0.00, omega:18.80, omega_m:0.00, u:0.00, theta1:17.239, theta2:6.395, e:18.802
t:9.47, r:0.00, omega:18.80, omega_m:0.00, u:0.00, theta1:17.236, theta2:6.411, e:18.802
t:9.48, r:0.00, omega:18.80, omega_m:0.00, u:0.00, theta1:17.233, theta2:6.427, e:18.802
t:9.49, r:0.00, omega:18.80, omega_m:0.00, u:0.00, theta1:17.229, theta2:6.444, e:18.802
t:9.50, r:0.00, omega:18.80, omega_m:0.00, u:0.00, theta1:17.226, theta2:6.460, e:18.802
t:9.51, r:0.00, omega:18.80, omega_m:0.00, u:0.00, theta1:17.223, theta2:6.477, e:18.802
t:9.52, r:0.00, omega:18.80, omega_m:0.00, u:0.00, theta1:17.220, theta2:6.493, e:18.802
t:9.53, r:0.00, omega:0.00, omega_m:0.00, u:0.00, theta1:17.220, theta2:6.493, e:-0.000
t:9.54, r:0.00, omega:0.00, omega_m:0.00, u:0.00, theta1:17.220, theta2:6.493, e:-0.000
t:9.55, r:0.00, omega:0.00, omega_m:0.00, u:0.00, theta1:17.220, theta2:6.493, e:-0.000
t:9.56, r:0.00, omega:0.00, omega_m:0.00, u:0.00, theta1:17.220, theta2:6.493, e:-0.000
t:9.57, r:0.00, omega:0.00, omega_m:0.00, u:0.00, theta1:17.220, theta2:6.493, e:-0.000
t:9.58, r:0.00, omega:0.00, omega_m:0.00, u:0.00, theta1:17.220, theta2:6.493, e:-0.000
t:9.59, r:0.00, omega:0.00, omega_m:0.00, u:0.00, theta1:17.220, theta2:6.493, e:-0.000
t:9.60, r:0.00, omega:0.00, omega_m:0.00, u:0.00, theta1:17.220, theta2:6.493, e:-0.000
t:9.61, r:0.00, omega:0.00, omega_m:0.00, u:0.00, theta1:17.220, theta2:6.493, e:-0.000
t:9.62, r:0.00, omega:0.00, omega_m:0.00, u:0.00, theta1:17.220, theta2:6.493, e:-0.000
t:9.63, r:0.00, omega:0.00, omega_m:0.00, u:0.00, theta1:17.220, theta2:6.493, e:-0.000
t:9.64, r:0.00, omega:0.00, omega_m:0.00, u:0.00, theta1:17.220, theta2:6.493, e:-0.000
t:9.65, r:0.00, omega:0.00, omega_m:0.00, u:0.00, theta1:17.220, theta2:6.493, e:-0.000
t:9.66, r:0.00, omega:0.00, omega_m:0.00, u:0.00, theta1:17.220, theta2:6.493, e:-0.000
t:9.67, r:0.00, omega:0.00, omega_m:0.00, u:0.00, theta1:17.220, theta2:6.493, e:-0.000
t:9.68, r:0.00, omega:0.00, omega_m:0.00, u:0.00, theta1:17.220, theta2:6.493, e:-0.000
t:9.69, r:0.00, omega:0.00, omega_m:0.00, u:0.00, theta1:17.220, theta2:6.493, e:-0.000
t:9.70, r:0.00, omega:0.00, omega_m:0.00, u:0.00, theta1:17.220, theta2:6.493, e:-0.000
t:9.71, r:0.00, omega:0.00, omega_m:0.00, u:0.00, theta1:17.220, theta2:6.493, e:-0.000
t:9.72, r:0.00, omega:0.00, omega_m:0.00, u:0.00, theta1:17.220, theta2:6.493, e:-0.000
t:9.73, r:0.00, omega:0.00, omega_m:0.00, u:0.00, theta1:17.220, theta2:6.493, e:-0.000
t:9.74, r:0.00, omega:0.00, omega_m:0.00, u:0.00, theta1:17.220, theta2:6.493, e:-0.000
t:9.75, r:0.00, omega:0.00, omega_m:0.00, u:0.00, theta1:17.220, theta2:6.493, e:-0.000
t:9.76, r:0.00, omega:0.00, omega_m:0.00, u:0.00, theta1:17.220, theta2:6.493, e:-0.000
t:9.77, r:0.00, omega:0.00, omega_m:0.00, u:0.00, theta1:17.220, theta2:6.493, e:-0.000
t:9.78, r:0.00, omega:0.00, omega_m:0.00, u:0.00, theta1:17.220, theta2:6.493, e:-0.000
t:9.79, r:0.00, omega:0.00, omega_m:0.00, u:0.00, theta1:17.220, theta2:6.493, e:-0.000
t:9.80, r:0.00, omega:0.00, omega_m:0.00, u:0.00, theta1:17.220, theta2:6.493, e:-0.000
t:9.81, r:0.00, omega:0.00, omega_m:0.00, u:0.00, theta1:17.220, theta2:6.493, e:-0.000
t:9.82, r:0.00, omega:0.00, omega_m:0.00, u:0.00, theta1:17.220, theta2:6.493, e:-0.000
t:9.83, r:0.00, omega:0.00, omega_m:0.00, u:0.00, theta1:17.220, theta2:6.493, e:-0.000
t:9.84, r:0.00, omega:0.00, omega_m:0.00, u:0.00, theta1:17.220, theta2:6.493, e:-0.000
t:9.85, r:0.00, omega:0.00, omega_m:0.00, u:0.00, theta1:17.220, theta2:6.493, e:-0.000
t:9.86, r:0.00, omega:0.00, omega_m:0.00, u:0.00, theta1:17.220, theta2:6.493, e:-0.000
t:9.87, r:0.00, omega:0.00, omega_m:0.00, u:0.00, theta1:17.220, theta2:6.493, e:-0.000
t:9.88, r:0.00, omega:0.00, omega_m:0.00, u:0.00, theta1:17.220, theta2:6.493, e:-0.000
t:9.89, r:0.00, omega:0.00, omega_m:0.00, u:0.00, theta1:17.220, theta2:6.493, e:-0.000
t:9.90, r:0.00, omega:0.00, omega_m:0.00, u:0.00, theta1:17.220, theta2:6.493, e:-0.000
t:9.91, r:0.00, omega:0.00, omega_m:0.00, u:0.00, theta1:17.220, theta2:6.493, e:-0.000
t:9.92, r:0.00, omega:0.00, omega_m:0.00, u:0.00, theta1:17.220, theta2:6.493, e:-0.000
t:9.93, r:0.00, omega:0.00, omega_m:0.00, u:0.00, theta1:17.220, theta2:6.493, e:-0.000
t:9.94, r:0.00, omega:0.00, omega_m:0.00, u:0.00, theta1:17.220, theta2:6.493, e:-0.000
t:9.95, r:0.00, omega:0.00, omega_m:0.00, u:0.00, theta1:17.220, theta2:6.493, e:-0.000
t:9.96, r:0.00, omega:0.00, omega_m:0.00, u:0.00, theta1:17.220, theta2:6.493, e:-0.000
t:9.97, r:0.00, omega:0.00, omega_m:0.00, u:0.00, theta1:17.220, theta2:6.493, e:-0.000
t:9.98, r:0.00, omega:0.00, omega_m:0.00, u:0.00, theta1:17.220, theta2:6.493, e:-0.000
t:9.99, r:0.00, omega:0.00, omega_m:0.00, u:0.00, theta1:17.220, theta2:6.493, e:-0.000
t:10.00, r:0.00, omega:0.00, omega_m:0.00, u:0.00, theta1:17.220, theta2:6.493, e:-0.000
t:10.01, r:-25.00, omega:0.00, omega_m:-15.80, u:-430.92, theta1:17.237, theta2:6.492, e:15.803
t:10.02, r:-25.00, omega:0.00, omega_m:-21.62, u:-431.50, theta1:17.260, theta2:6.491, e:21.617
t:10.03, r:-25.00, omega:0.00, omega_m:-23.76, u:-432.14, theta1:17.286, theta2:6.489, e:23.755
t:10.04, r:-25.00, omega:0.00, omega_m:-24.54, u:-432.80, theta1:17.312, theta2:6.488, e:24.542
t:10.05, r:-25.00, omega:-0.51, omega_m:-24.83, u:-430.13, theta1:17.338, theta2:6.486, e:24.320
t:10.06, r:-25.00, omega:-0.51, omega_m:-24.94, u:-430.79, theta1:17.364, theta2:6.483, e:24.426
t:10.07, r:-25.00, omega:-25.14, omega_m:-24.98, u:-271.10, theta1:17.364, theta2:6.484, e:-0.164
t:10.08, r:-25.00, omega:-25.14, omega_m:-24.99, u:-271.09, theta1:17.364, theta2:6.484, e:-0.150
t:10.09, r:-25.00, omega:-28.19, omega_m:-25.00, u:-251.10, theta1:17.359, theta2:6.488, e:-3.191
t:10.10, r:-25.00, omega:-28.19, omega_m:-25.00, u:-250.86, theta1:17.355, theta2:6.492, e:-3.189
t:10.11, r:-25.00, omega:-22.14, omega_m:-25.00, u:-290.28, theta1:17.358, theta2:6.489, e:2.858
t:10.12, r:-25.00, omega:-22.14, omega_m:-25.00, u:-290.43, theta1:17.361, theta2:6.486, e:2.858
t:10.13, r:-25.00, omega:-22.14, omega_m:-25.00, u:-290.58, theta1:17.364, theta2:6.482, e:2.859
t:10.14, r:-25.00, omega:-19.05, omega_m:-25.00, u:-310.91, theta1:17.371, theta2:6.476, e:5.952
t:10.15, r:-25.00, omega:-19.05, omega_m:-25.00, u:-311.18, theta1:17.377, theta2:6.470, e:5.952
t:10.16, r:-25.00, omega:-19.05, omega_m:-25.00, u:-311.46, theta1:17.383, theta2:6.464, e:5.952
t:10.17, r:-25.00, omega:-20.54, omega_m:-25.00, u:-302.03, theta1:17.388, theta2:6.459, e:4.460
t:10.18, r:-25.00, omega:-20.54, omega_m:-25.00, u:-302.25, theta1:17.393, theta2:6.454, e:4.460
t:10.19, r:-25.00, omega:-21.61, omega_m:-25.00, u:-295.54, theta1:17.397, theta2:6.450, e:3.393
t:10.20, r:-25.00, omega:-21.61, omega_m:-25.00, u:-295.72, theta1:17.400, theta2:6.447, e:3.393
t:10.21, r:-25.00, omega:-21.61, omega_m:-25.00, u:-295.89, theta1:17.404, theta2:6.443, e:3.393
t:10.22, r:-25.00, omega:-21.56, omega_m:-25.00, u:-296.36, theta1:17.408, theta2:6.439, e:3.439
t:10.23, r:-25.00, omega:-21.56, omega_m:-25.00, u:-296.54, theta1:17.411, theta2:6.435, e:3.439
t:10.24, r:-25.00, omega:-21.29, omega_m:-25.00, u:-298.49, theta1:17.415, theta2:6.431, e:3.713
t:10.25, r:-25.00, omega:-21.29, omega_m:-25.00, u:-298.68, theta1:17.419, theta2:6.426, e:3.713
t:10.26, r:-25.00, omega:-21.29, omega_m:-25.00, u:-298.87, theta1:17.423, theta2:6.422, e:3.713
t:10.27, r:-25.00, omega:-21.12, omega_m:-25.00, u:-300.16, theta1:17.427, theta2:6.418, e:3.884
t:10.28, r:-25.00, omega:-21.12, omega_m:-25.00, u:-300.36, theta1:17.432, theta2:6.414, e:3.884
t:10.29, r:-25.00, omega:-20.74, omega_m:-25.00, u:-302.98, theta1:17.436, theta2:6.409, e:4.259
t:10.30, r:-25.00, omega:-20.74, omega_m:-25.00, u:-303.19, theta1:17.441, theta2:6.404, e:4.259
t:10.31, r:-25.00, omega:-20.74, omega_m:-25.00, u:-303.40, theta1:17.445, theta2:6.400, e:4.259
t:10.32, r:-25.00, omega:-20.68, omega_m:-25.00, u:-304.00, theta1:17.450, theta2:6.395, e:4.318
t:10.33, r:-25.00, omega:-20.68, omega_m:-25.00, u:-304.21, theta1:17.455, theta2:6.390, e:4.318
t:10.34, r:-25.00, omega:-21.44, omega_m:-25.00, u:-299.53, theta1:17.458, theta2:6.386, e:3.558
t:10.35, r:-25.00, omega:-21.44, omega_m:-25.00, u:-299.71, theta1:17.462, theta2:6.382, e:3.558
t:10.36, r:-25.00, omega:-22.35, omega_m:-25.00, u:-294.08, theta1:17.465, theta2:6.379, e:2.653
t:10.37, r:-25.00, omega:-22.35, omega_m:-25.00, u:-294.22, theta1:17.468, theta2:6.376, e:2.653
t:10.38, r:-25.00, omega:-22.35, omega_m:-25.00, u:-294.36, theta1:17.471, theta2:6.373, e:2.653
t:10.39, r:-25.00, omega:-20.20, omega_m:-25.00, u:-308.25, theta1:17.476, theta2:6.367, e:4.796
t:10.40, r:-25.00, omega:-20.20, omega_m:-25.00, u:-308.48, theta1:17.481, theta2:6.362, e:4.796
t:10.41, r:-25.00, omega:-20.91, omega_m:-25.00, u:-304.18, theta1:17.486, theta2:6.358, e:4.086
t:10.42, r:-25.00, omega:-20.91, omega_m:-25.00, u:-304.38, theta1:17.490, theta2:6.353, e:4.086
t:10.43, r:-25.00, omega:-20.91, omega_m:-25.00, u:-304.58, theta1:17.494, theta2:6.349, e:4.086
t:10.44, r:-25.00, omega:-21.92, omega_m:-25.00, u:-298.39, theta1:17.498, theta2:6.345, e:3.085
t:10.45, r:-25.00, omega:-21.92, omega_m:-25.00, u:-298.55, theta1:17.501, theta2:6.341, e:3.085
t:10.46, r:-25.00, omega:-21.61, omega_m:-25.00, u:-300.67, theta1:17.505, theta2:6.338, e:3.391
t:10.47, r:-25.00, omega:-21.61, omega_m:-25.00, u:-300.84, theta1:17.508, theta2:6.334, e:3.391
t:10.48, r:-25.00, omega:-21.61, omega_m:-25.00, u:-301.02, theta1:17.512, theta2:6.330, e:3.391
t:10.49, r:-25.00, omega:-20.66, omega_m:-25.00, u:-307.25, theta1:17.517, theta2:6.325, e:4.342
t:10.50, r:-25.00, omega:-20.66, omega_m:-25.00, u:-307.47, theta1:17.521, theta2:6.320, e:4.342
t:10.51, r:-25.00, omega:-20.74, omega_m:-25.00, u:-307.15, theta1:17.526, theta2:6.316, e:4.258
t:10.52, r:-25.00, omega:-20.74, omega_m:-25.00, u:-307.36, theta1:17.530, theta2:6.311, e:4.258
t:10.53, r:-25.00, omega:-20.74, omega_m:-25.00, u:-307.57, theta1:17.535, theta2:6.306, e:4.258
t:10.54, r:-25.00, omega:-22.01, omega_m:-25.00, u:-299.76, theta1:17.538, theta2:6.303, e:2.995
t:10.55, r:-25.00, omega:-22.01, omega_m:-25.00, u:-299.92, theta1:17.541, theta2:6.299, e:2.995
t:10.56, r:-25.00, omega:-21.91, omega_m:-25.00, u:-300.69, theta1:17.545, theta2:6.296, e:3.092
t:10.57, r:-25.00, omega:-21.91, omega_m:-25.00, u:-300.85, theta1:17.548, theta2:6.292, e:3.092
t:10.58, r:-25.00, omega:-21.91, omega_m:-25.00, u:-301.02, theta1:17.551, theta2:6.289, e:3.092
t:10.59, r:-25.00, omega:-21.50, omega_m:-25.00, u:-303.77, theta1:17.555, theta2:6.285, e:3.501
t:10.60, r:-25.00, omega:-21.50, omega_m:-25.00, u:-303.95, theta1:17.559, theta2:6.281, e:3.501
t:10.61, r:-25.00, omega:-21.40, omega_m:-25.00, u:-304.73, theta1:17.563, theta2:6.277, e:3.597
t:10.62, r:-25.00, omega:-21.40, omega_m:-25.00, u:-304.92, theta1:17.567, theta2:6.272, e:3.597
t:10.63, r:-25.00, omega:-21.40, omega_m:-25.00, u:-305.10, theta1:17.571, theta2:6.268, e:3.597
t:10.64, r:-25.00, omega:-20.92, omega_m:-25.00, u:-308.32, theta1:17.575, theta2:6.264, e:4.078
t:10.65, r:-25.00, omega:-20.92, omega_m:-25.00, u:-308.52, theta1:17.579, theta2:6.259, e:4.078
t:10.66, r:-25.00, omega:-21.11, omega_m:-25.00, u:-307.52, theta1:17.583, theta2:6.255, e:3.886
t:10.67, r:-25.00, omega:-21.11, omega_m:-25.00, u:-307.72, theta1:17.588, theta2:6.251, e:3.886
t:10.68, r:-25.00, omega:-22.34, omega_m:-25.00, u:-300.18, theta1:17.590, theta2:6.248, e:2.657
t:10.69, r:-25.00, omega:-22.34, omega_m:-25.00, u:-300.32, theta1:17.593, theta2:6.244, e:2.657
t:10.70, r:-25.00, omega:-22.34, omega_m:-25.00, u:-300.46, theta1:17.596, theta2:6.241, e:2.657
t:10.71, r:-25.00, omega:-20.74, omega_m:-25.00, u:-310.67, theta1:17.601, theta2:6.237, e:4.259
t:10.72, r:-25.00, omega:-20.74, omega_m:-25.00, u:-310.88, theta1:17.605, theta2:6.232, e:4.259
t:10.73, r:-25.00, omega:-21.14, omega_m:-25.00, u:-308.61, theta1:17.609, theta2:6.228, e:3.863
t:10.74, r:-25.00, omega:-21.14, omega_m:-25.00, u:-308.80, theta1:17.614, theta2:6.223, e:3.863
t:10.75, r:-25.00, omega:-21.14, omega_m:-25.00, u:-309.00, theta1:17.618, theta2:6.219, e:3.863
t:10.76, r:-25.00, omega:-22.49, omega_m:-25.00, u:-300.69, theta1:17.620, theta2:6.216, e:2.506
t:10.77, r:-25.00, omega:-22.49, omega_m:-25.00, u:-300.82, theta1:17.623, theta2:6.213, e:2.506
t:10.78, r:-25.00, omega:-21.83, omega_m:-25.00, u:-305.14, theta1:17.627, theta2:6.209, e:3.173
t:10.79, r:-25.00, omega:-21.83, omega_m:-25.00, u:-305.30, theta1:17.630, theta2:6.206, e:3.173
t:10.80, r:-25.00, omega:-21.83, omega_m:-25.00, u:-305.47, theta1:17.633, theta2:6.202, e:3.173
t:10.81, r:-25.00, omega:-20.65, omega_m:-25.00, u:-312.96, theta1:17.638, theta2:6.197, e:4.348
t:10.82, r:-25.00, omega:-20.65, omega_m:-25.00, u:-313.18, theta1:17.643, theta2:6.192, e:4.348
t:10.83, r:-25.00, omega:-21.72, omega_m:-25.00, u:-306.75, theta1:17.646, theta2:6.189, e:3.281
t:10.84, r:-25.00, omega:-21.72, omega_m:-25.00, u:-306.92, theta1:17.650, theta2:6.185, e:3.281
t:10.85, r:-25.00, omega:-22.66, omega_m:-25.00, u:-301.20, theta1:17.652, theta2:6.182, e:2.336
t:10.86, r:-25.00, omega:-22.66, omega_m:-25.00, u:-301.32, theta1:17.655, theta2:6.179, e:2.336
t:10.87, r:-25.00, omega:-22.66, omega_m:-25.00, u:-301.45, theta1:17.657, theta2:6.177, e:2.336
t:10.88, r:-25.00, omega:-21.76, omega_m:-25.00, u:-307.17, theta1:17.661, theta2:6.173, e:3.236
t:10.89, r:-25.00, omega:-21.76, omega_m:-25.00, u:-307.34, theta1:17.664, theta2:6.169, e:3.236
t:10.90, r:-25.00, omega:-21.19, omega_m:-25.00, u:-311.07, theta1:17.668, theta2:6.165, e:3.809
t:10.91, r:-25.00, omega:-21.19, omega_m:-25.00, u:-311.26, theta1:17.672, theta2:6.161, e:3.809
t:10.92, r:-25.00, omega:-21.19, omega_m:-25.00, u:-311.45, theta1:17.677, theta2:6.156, e:3.809
t:10.93, r:-25.00, omega:-20.81, omega_m:-25.00, u:-314.00, theta1:17.681, theta2:6.152, e:4.188
t:10.94, r:-25.00, omega:-20.81, omega_m:-25.00, u:-314.21, theta1:17.686, theta2:6.147, e:4.188
t:10.95, r:-25.00, omega:-21.98, omega_m:-25.00, u:-307.16, theta1:17.689, theta2:6.144, e:3.017
t:10.96, r:-25.00, omega:-21.98, omega_m:-25.00, u:-307.32, theta1:17.692, theta2:6.140, e:3.017
t:10.97, r:-25.00, omega:-22.87, omega_m:-25.00, u:-301.98, theta1:17.694, theta2:6.137, e:2.128
t:10.98, r:-25.00, omega:-22.87, omega_m:-25.00, u:-302.10, theta1:17.697, theta2:6.135, e:2.128
t:10.99, r:-25.00, omega:-22.87, omega_m:-25.00, u:-302.21, theta1:17.699, theta2:6.132, e:2.128
t:11.00, r:-25.00, omega:-21.75, omega_m:-25.00, u:-309.26, theta1:17.702, theta2:6.129, e:3.250
t:11.01, r:0.00, omega:-21.75, omega_m:-9.20, u:0.00, theta1:17.700, theta2:6.142, e:-12.553
t:11.02, r:0.00, omega:-20.56, omega_m:-3.38, u:0.00, theta1:17.697, theta2:6.158, e:-17.176
t:11.03, r:0.00, omega:-20.56, omega_m:-1.24, u:0.00, theta1:17.694, theta2:6.177, e:-19.314
t:11.04, r:0.00, omega:-20.56, omega_m:-0.46, u:0.00, theta1:17.690, theta2:6.196, e:-20.101
t:11.05, r:0.00, omega:-20.56, omega_m:-0.17, u:0.00, theta1:17.686, theta2:6.216, e:-20.391
t:11.06, r:0.00, omega:-20.56, omega_m:-0.06, u:0.00, theta1:17.683, theta2:6.236, e:-20.497
t:11.07, r:0.00, omega:-20.56, omega_m:-0.02, u:0.00, theta1:17.679, theta2:6.256, e:-20.536
t:11.08, r:0.00, omega:-20.56, omega_m:-0.01, u:0.00, theta1:17.676, theta2:6.275, e:-20.551
t:11.09, r:0.00, omega:-20.56, omega_m:-0.00, u:0.00, theta1:17.672, theta2:6.295, e:-20.556
t:11.10, r:0.00, omega:-20.56, omega_m:-0.00, u:0.00, theta1:17.668, theta2:6.315, e:-20.558
t:11.11, r:0.00, omega:-20.56, omega_m:-0.00, u:0.00, theta1:17.665, theta2:6.335, e:-20.559
t:11.12, r:0.00, omega:-20.56, omega_m:-0.00, u:0.00, theta1:17.661, theta2:6.355, e:-20.559
t:11.13, r:0.00, omega:-20.56, omega_m:-0.00, u:0.00, theta1:17.657, theta2:6.375, e:-20.559
t:11.14, r:0.00, omega:-20.56, omega_m:-0.00, u:0.00, theta1:17.654, theta2:6.394, e:-20.559
t:11.15, r:0.00, omega:-20.56, omega_m:-0.00, u:0.00, theta1:17.650, theta2:6.414, e:-20.559
t:11.16, r:0.00, omega:-20.56, omega_m:-0.00, u:0.00, theta1:17.647, theta2:6.434, e:-20.559
t:11.17, r:0.00, omega:-20.56, omega_m:-0.00, u:0.00, theta1:17.643, theta2:6.454, e:-20.559
t:11.18, r:0.00, omega:-20.56, omega_m:-0.00, u:0.00, theta1:17.639, theta2:6.474, e:-20.559
t:11.19, r:0.00, omega:-20.56, omega_m:-0.00, u:0.00, theta1:17.636, theta2:6.493, e:-20.559
t:11.20, r:0.00, omega:-20.56, omega_m:-0.00, u:0.00, theta1:17.632, theta2:6.513, e:-20.559
t:11.21, r:0.00, omega:-20.56, omega_m:-0.00, u:0.00, theta1:17.628, theta2:6.533, e:-20.559
t:11.22, r:0.00, omega:-20.56, omega_m:-0.00, u:0.00, theta1:17.625, theta2:6.553, e:-20.559
t:11.23, r:0.00, omega:-20.56, omega_m:-0.00, u:0.00, theta1:17.621, theta2:6.573, e:-20.559
t:11.24, r:0.00, omega:-20.56, omega_m:-0.00, u:0.00, theta1:17.618, theta2:6.592, e:-20.559
t:11.25, r:0.00, omega:-20.56, omega_m:-0.00, u:0.00, theta1:17.614, theta2:6.612, e:-20.559
t:11.26, r:0.00, omega:-20.56, omega_m:-0.00, u:0.00, theta1:17.610, theta2:6.632, e:-20.559
t:11.27, r:0.00, omega:-20.56, omega_m:-0.00, u:0.00, theta1:17.607, theta2:6.652, e:-20.559
t:11.28, r:0.00, omega:-20.56, omega_m:-0.00, u:0.00, theta1:17.603, theta2:6.671, e:-20.559
t:11.29, r:0.00, omega:-20.56, omega_m:-0.00, u:0.00, theta1:17.599, theta2:6.691, e:-20.559
t:11.30, r:0.00, omega:-20.56, omega_m:-0.00, u:0.00, theta1:17.596, theta2:6.711, e:-20.559
t:11.31, r:0.00, omega:-20.56, omega_m:-0.00, u:0.00, theta1:17.592, theta2:6.731, e:-20.559
t:11.32, r:0.00, omega:-20.56, omega_m:-0.00, u:0.00, theta1:17.589, theta2:6.750, e:-20.559
t:11.33, r:0.00, omega:-20.56, omega_m:-0.00, u:0.00, theta1:17.585, theta2:6.770, e:-20.559
t:11.34, r:0.00, omega:-20.56, omega_m:-0.00, u:0.00, theta1:17.581, theta2:6.790, e:-20.559
t:11.35, r:0.00, omega:-20.56, omega_m:-0.00, u:0.00, theta1:17.578, theta2:6.810, e:-20.559
t:11.36, r:0.00, omega:-20.56, omega_m:-0.00, u:0.00, theta1:17.574, theta2:6.829, e:-20.559
t:11.37, r:0.00, omega:-20.56, omega_m:-0.00, u:0.00, theta1:17.571, theta2:6.849, e:-20.559
t:11.38, r:0.00, omega:-20.56, omega_m:-0.00, u:0.00, theta1:17.567, theta2:6.869, e:-20.559
t:11.39, r:0.00, omega:-20.56, omega_m:-0.00, u:0.00, theta1:17.563, theta2:6.889, e:-20.559
t:11.40, r:0.00, omega:-20.56, omega_m:-0.00, u:0.00, theta1:17.560, theta2:6.908, e:-20.559
t:11.41, r:0.00, omega:-20.56, omega_m:-0.00, u:0.00, theta1:17.556, theta2:6.928, e:-20.559
t:11.42, r:0.00, omega:-20.56, omega_m:-0.00, u:0.00, theta1:17.552, theta2:6.948, e:-20.559
t:11.43, r:0.00, omega:-20.56, omega_m:-0.00, u:0.00, theta1:17.549, theta2:6.967, e:-20.559
t:11.44, r:0.00, omega:-20.56, omega_m:-0.00, u:0.00, theta1:17.545, theta2:6.987, e:-20.559
t:11.45, r:0.00, omega:-20.56, omega_m:-0.00, u:0.00, theta1:17.542, theta2:7.007, e:-20.559
t:11.46, r:0.00, omega:-20.56, omega_m:-0.00, u:0.00, theta1:17.538, theta2:7.027, e:-20.559
t:11.47, r:0.00, omega:-20.56, omega_m:-0.00, u:0.00, theta1:17.534, theta2:7.046, e:-20.559
t:11.48, r:0.00, omega:-20.56, omega_m:-0.00, u:0.00, theta1:17.531, theta2:7.066, e:-20.559
t:11.49, r:0.00, omega:-20.56, omega_m:-0.00, u:0.00, theta1:17.527, theta2:7.086, e:-20.559
t:11.50, r:0.00, omega:-20.56, omega_m:-0.00, u:0.00, theta1:17.524, theta2:7.105, e:-20.559
t:11.51, r:0.00, omega:-20.56, omega_m:-0.00, u:0.00, theta1:17.520, theta2:7.125, e:-20.559
t:11.52, r:0.00, omega:0.00, omega_m:-0.00, u:0.00, theta1:17.520, theta2:7.125, e:0.000
t:11.53, r:0.00, omega:0.00, omega_m:-0.00, u:0.00, theta1:17.520, theta2:7.125, e:0.000
t:11.54, r:0.00, omega:0.00, omega_m:-0.00, u:0.00, theta1:17.520, theta2:7.125, e:0.000
t:11.55, r:0.00, omega:0.00, omega_m:-0.00, u:0.00, theta1:17.520, theta2:7.125, e:0.000
t:11.56, r:0.00, omega:0.00, omega_m:-0.00, u:0.00, theta1:17.520, theta2:7.125, e:0.000
t:11.57, r:0.00, omega:0.00, omega_m:-0.00, u:0.00, theta1:17.520, theta2:7.125, e:0.000
t:11.58, r:0.00, omega:0.00, omega_m:-0.00, u:0.00, theta1:17.520, theta2:7.125, e:0.000
t:11.59, r:0.00, omega:0.00, omega_m:-0.00, u:0.00, theta1:17.520, theta2:7.125, e:0.000
t:11.60, r:0.00, omega:0.00, omega_m:-0.00, u:0.00, theta1:17.520, theta2:7.125, e:0.000
t:11.61, r:0.00, omega:0.00, omega_m:-0.00, u:0.00, theta1:17.520, theta2:7.125, e:0.000
t:11.62, r:0.00, omega:0.00, omega_m:-0.00, u:0.00, theta1:17.520, theta2:7.125, e:0.000
t:11.63, r:0.00, omega:0.00, omega_m:-0.00, u:0.00, theta1:17.520, theta2:7.125, e:0.000
t:11.64, r:0.00, omega:0.00, omega_m:-0.00, u:0.00, theta1:17.520, theta2:7.125, e:0.000
t:11.65, r:0.00, omega:0.00, omega_m:-0.00, u:0.00, theta1:17.520, theta2:7.125, e:0.000
t:11.66, r:0.00, omega:0.00, omega_m:-0.00, u:0.00, theta1:17.520, theta2:7.125, e:0.000
t:11.67, r:0.00, omega:0.00, omega_m:-0.00, u:0.00, theta1:17.520, theta2:7.125, e:0.000
t:11.68, r:0.00, omega:0.00, omega_m:-0.00, u:0.00, theta1:17.520, theta2:7.125, e:0.000
t:11.69, r:0.00, omega:0.00, omega_m:-0.00, u:0.00, theta1:17.520, theta2:7.125, e:0.000
t:11.70, r:0.00, omega:0.00, omega_m:-0.00, u:0.00, theta1:17.520, theta2:7.125, e:0.000
t:11.71, r:0.00, omega:0.00, omega_m:-0.00, u:0.00, theta1:17.520, theta2:7.125, e:0.000
t:11.72, r:0.00, omega:0.00, omega_m:-0.00, u:0.00, theta1:17.520, theta2:7.125, e:0.000
t:11.73, r:0.00, omega:0.00, omega_m:-0.00, u:0.00, theta1:17.520, theta2:7.125, e:0.000
t:11.74, r:0.00, omega:0.00, omega_m:-0.00, u:0.00, theta1:17.520, theta2:7.125, e:0.000
t:11.75, r:0.00, omega:0.00, omega_m:-0.00, u:0.00, theta1:17.520, theta2:7.125, e:0.000
t:11.76, r:0.00, omega:0.00, omega_m:-0.00, u:0.00, theta1:17.520, theta2:7.125, e:0.000
t:11.77, r:0.00, omega:0.00, omega_m:-0.00, u:0.00, theta1:17.520, theta2:7.125, e:0.000
t:11.78, r:0.00, omega:0.00, omega_m:-0.00, u:0.00, theta1:17.520, theta2:7.125, e:0.000
t:11.79, r:0.00, omega:0.00, omega_m:-0.00, u:0.00, theta1:17.520, theta2:7.125, e:0.000
t:11.80, r:0.00, omega:0.00, omega_m:-0.00, u:0.00, theta1:17.520, theta2:7.125, e:0.000
t:11.81, r:0.00, omega:0.00, omega_m:-0.00, u:0.00, theta1:17.520, theta2:7.125, e:0.000
t:11.82, r:0.00, omega:0.00, omega_m:-0.00, u:0.00, theta1:17.520, theta2:7.125, e:0.000
t:11.83, r:0.00, omega:0.00, omega_m:-0.00, u:0.00, theta1:17.520, theta2:7.125, e:0.000
t:11.84, r:0.00, omega:0.00, omega_m:-0.00, u:0.00, theta1:17.520, theta2:7.125, e:0.000
t:11.85, r:0.00, omega:0.00, omega_m:-0.00, u:0.00, theta1:17.520, theta2:7.125, e:0.000
t:11.86, r:0.00, omega:0.00, omega_m:-0.00, u:0.00, theta1:17.520, theta2:7.125, e:0.000
t:11.87, r:0.00, omega:0.00, omega_m:-0.00, u:0.00, theta1:17.520, theta2:7.125, e:0.000
t:11.88, r:0.00, omega:0.00, omega_m:-0.00, u:0.00, theta1:17.520, theta2:7.125, e:0.000
t:11.89, r:0.00, omega:0.00, omega_m:-0.00, u:0.00, theta1:17.520, theta2:7.125, e:0.000
t:11.90, r:0.00, omega:0.00, omega_m:-0.00, u:0.00, theta1:17.520, theta2:7.125, e:0.000
t:11.91, r:0.00, omega:0.00, omega_m:-0.00, u:0.00, theta1:17.520, theta2:7.125, e:0.000
t:11.92, r:0.00, omega:0.00, omega_m:-0.00, u:0.00, theta1:17.520, theta2:7.125, e:0.000
t:11.93, r:0.00, omega:0.00, omega_m:-0.00, u:0.00, theta1:17.520, theta2:7.125, e:0.000
t:11.94, r:0.00, omega:0.00, omega_m:-0.00, u:0.00, theta1:17.520, theta2:7.125, e:0.000
t:11.95, r:0.00, omega:0.00, omega_m:-0.00, u:0.00, theta1:17.520, theta2:7.125, e:0.000
t:11.96, r:0.00, omega:0.00, omega_m:-0.00, u:0.00, theta1:17.520, theta2:7.125, e:0.000
t:11.97, r:0.00, omega:0.00, omega_m:-0.00, u:0.00, theta1:17.520, theta2:7.125, e:0.000
t:11.98, r:0.00, omega:0.00, omega_m:-0.00, u:0.00, theta1:17.520, theta2:7.125, e:0.000
t:11.99, r:0.00, omega:0.00, omega_m:-0.00, u:0.00, theta1:17.520, theta2:7.125, e:0.000
t:12.00, r:0.00, omega:0.00, omega_m:-0.00, u:0.00, theta1:17.520, theta2:7.125, e:0.000
t:12.01, r:25.00, omega:0.00, omega_m:15.80, u:438.42, theta1:17.537, theta2:7.124, e:-15.803
t:12.02, r:25.00, omega:0.00, omega_m:21.62, u:439.01, theta1:17.560, theta2:7.122, e:-21.617
t:12.03, r:25.00, omega:0.52, omega_m:23.76, u:435.91, theta1:17.585, theta2:7.120, e:-23.233
t:12.04, r:25.00, omega:0.52, omega_m:24.54, u:436.56, theta1:17.611, theta2:7.118, e:-24.020
t:12.05, r:25.00, omega:0.52, omega_m:24.83, u:437.21, theta1:17.637, theta2:7.115, e:-24.310
t:12.06, r:25.00, omega:18.40, omega_m:24.94, u:310.33, theta1:17.644, theta2:7.109, e:-6.543
t:12.07, r:25.00, omega:18.40, omega_m:24.98, u:310.63, theta1:17.651, theta2:7.102, e:-6.582
t:12.08, r:25.00, omega:26.22, omega_m:24.99, u:254.97, theta1:17.649, theta2:7.104, e:1.229
t:12.09, r:25.00, omega:26.22, omega_m:25.00, u:254.89, theta1:17.648, theta2:7.105, e:1.224
t:12.10, r:25.00, omega:23.98, omega_m:25.00, u:270.89, theta1:17.649, theta2:7.104, e:-1.022
t:12.11, r:25.00, omega:23.98, omega_m:25.00, u:270.95, theta1:17.650, theta2:7.103, e:-1.023
t:12.12, r:25.00, omega:20.49, omega_m:25.00, u:295.94, theta1:17.655, theta2:7.098, e:-4.511
t:12.13, r:25.00, omega:20.49, omega_m:25.00, u:296.16, theta1:17.660, theta2:7.093, e:-4.511
t:12.14, r:25.00, omega:20.49, omega_m:25.00, u:296.38, theta1:17.664, theta2:7.088, e:-4.511
t:12.15, r:25.00, omega:19.28, omega_m:25.00, u:305.19, theta1:17.671, theta2:7.082, e:-5.716
t:12.16, r:25.00, omega:19.28, omega_m:25.00, u:305.46, theta1:17.677, theta2:7.076, e:-5.716
t:12.17, r:25.00, omega:19.28, omega_m:25.00, u:305.73, theta1:17.683, theta2:7.070, e:-5.716
t:12.18, r:25.00, omega:19.11, omega_m:25.00, u:307.26, theta1:17.689, theta2:7.064, e:-5.894
t:12.19, r:25.00, omega:19.11, omega_m:25.00, u:307.53, theta1:17.695, theta2:7.058, e:-5.894
t:12.20, r:25.00, omega:22.61, omega_m:25.00, u:282.96, theta1:17.698, theta2:7.055, e:-2.394
t:12.21, r:25.00, omega:22.61, omega_m:25.00, u:283.09, theta1:17.701, theta2:7.052, e:-2.394
t:12.22, r:25.00, omega:22.61, omega_m:25.00, u:283.22, theta1:17.703, theta2:7.049, e:-2.394
t:12.23, r:25.00, omega:19.81, omega_m:25.00, u:303.15, theta1:17.709, theta2:7.044, e:-5.185
t:12.24, r:25.00, omega:19.81, omega_m:25.00, u:303.39, theta1:17.714, theta2:7.038, e:-5.185
t:12.25, r:25.00, omega:19.45, omega_m:25.00, u:306.21, theta1:17.720, theta2:7.033, e:-5.549
t:12.26, r:25.00, omega:19.45, omega_m:25.00, u:306.48, theta1:17.726, theta2:7.027, e:-5.549
t:12.27, r:25.00, omega:19.45, omega_m:25.00, u:306.74, theta1:17.732, theta2:7.021, e:-5.549
t:12.28, r:25.00, omega:22.35, omega_m:25.00, u:286.50, theta1:17.735, theta2:7.018, e:-2.647
t:12.29, r:25.00, omega:22.35, omega_m:25.00, u:286.64, theta1:17.738, theta2:7.015, e:-2.647
t:12.30, r:25.00, omega:20.62, omega_m:25.00, u:299.02, theta1:17.743, theta2:7.010, e:-4.380
t:12.31, r:25.00, omega:20.62, omega_m:25.00, u:299.24, theta1:17.747, theta2:7.005, e:-4.380
t:12.32, r:25.00, omega:20.62, omega_m:25.00, u:299.45, theta1:17.752, theta2:7.000, e:-4.380
t:12.33, r:25.00, omega:19.52, omega_m:25.00, u:307.38, theta1:17.758, theta2:6.995, e:-5.475
t:12.34, r:25.00, omega:19.52, omega_m:25.00, u:307.63, theta1:17.764, theta2:6.989, e:-5.475
t:12.35, r:25.00, omega:19.52, omega_m:25.00, u:307.89, theta1:17.770, theta2:6.983, e:-5.475
t:12.36, r:25.00, omega:20.33, omega_m:25.00, u:302.53, theta1:17.775, theta2:6.978, e:-4.674
t:12.37, r:25.00, omega:20.33, omega_m:25.00, u:302.76, theta1:17.780, theta2:6.973, e:-4.674
t:12.38, r:25.00, omega:22.03, omega_m:25.00, u:291.04, theta1:17.783, theta2:6.970, e:-2.971
t:12.39, r:25.00, omega:22.03, omega_m:25.00, u:291.20, theta1:17.786, theta2:6.966, e:-2.971
t:12.40, r:25.00, omega:22.03, omega_m:25.00, u:291.35, theta1:17.789, theta2:6.963, e:-2.971
t:12.41, r:25.00, omega:19.77, omega_m:25.00, u:307.36, theta1:17.795, theta2:6.957, e:-5.234
t:12.42, r:25.00, omega:19.77, omega_m:25.00, u:307.61, theta1:17.800, theta2:6.952, e:-5.234
t:12.43, r:25.00, omega:20.04, omega_m:25.00, u:305.93, theta1:17.806, theta2:6.946, e:-4.959
t:12.44, r:25.00, omega:20.04, omega_m:25.00, u:306.17, theta1:17.811, theta2:6.941, e:-4.959
t:12.45, r:25.00, omega:20.04, omega_m:25.00, u:306.41, theta1:17.816, theta2:6.936, e:-4.959
t:12.46, r:25.00, omega:21.89, omega_m:25.00, u:293.79, theta1:17.820, theta2:6.932, e:-3.115
t:12.47, r:25.00, omega:21.89, omega_m:25.00, u:293.95, theta1:17.823, theta2:6.928, e:-3.115
t:12.48, r:25.00, omega:20.04, omega_m:25.00, u:306.96, theta1:17.828, theta2:6.923, e:-4.958
t:12.49, r:25.00, omega:20.04, omega_m:25.00, u:307.19, theta1:17.834, theta2:6.918, e:-4.958
t:12.50, r:25.00, omega:20.04, omega_m:25.00, u:307.43, theta1:17.839, theta2:6.912, e:-4.958
t:12.51, r:25.00, omega:19.78, omega_m:25.00, u:309.46, theta1:17.844, theta2:6.907, e:-5.215
t:12.52, r:25.00, omega:19.78, omega_m:25.00, u:309.71, theta1:17.850, theta2:6.901, e:-5.215
t:12.53, r:25.00, omega:23.29, omega_m:25.00, u:285.62, theta1:17.852, theta2:6.899, e:-1.711
t:12.54, r:25.00, omega:23.29, omega_m:25.00, u:285.72, theta1:17.854, theta2:6.897, e:-1.711
t:12.55, r:25.00, omega:23.29, omega_m:25.00, u:285.81, theta1:17.856, theta2:6.895, e:-1.711
t:12.56, r:25.00, omega:20.49, omega_m:25.00, u:305.33, theta1:17.860, theta2:6.890, e:-4.510
t:12.57, r:25.00, omega:20.49, omega_m:25.00, u:305.56, theta1:17.865, theta2:6.885, e:-4.510
t:12.58, r:25.00, omega:19.83, omega_m:25.00, u:310.34, theta1:17.871, theta2:6.880, e:-5.169
t:12.59, r:25.00, omega:19.83, omega_m:25.00, u:310.59, theta1:17.876, theta2:6.874, e:-5.169
t:12.60, r:25.00, omega:19.83, omega_m:25.00, u:310.83, theta1:17.882, theta2:6.869, e:-5.169
t:12.61, r:25.00, omega:20.82, omega_m:25.00, u:304.25, theta1:17.886, theta2:6.864, e:-4.180
t:12.62, r:25.00, omega:20.82, omega_m:25.00, u:304.46, theta1:17.891, theta2:6.859, e:-4.180
t:12.63, r:25.00, omega:21.90, omega_m:25.00, u:297.21, theta1:17.894, theta2:6.856, e:-3.099
t:12.64, r:25.00, omega:21.90, omega_m:25.00, u:297.37, theta1:17.897, theta2:6.852, e:-3.099
t:12.65, r:25.00, omega:21.90, omega_m:25.00, u:297.53, theta1:17.901, theta2:6.849, e:-3.099
t:12.66, r:25.00, omega:20.19, omega_m:25.00, u:309.48, theta1:17.906, theta2:6.843, e:-4.810
t:12.67, r:25.00, omega:20.19, omega_m:25.00, u:309.72, theta1:17.911, theta2:6.838, e:-4.810
t:12.68, r:25.00, omega:20.55, omega_m:25.00, u:307.49, theta1:17.916, theta2:6.833, e:-4.452
t:12.69, r:25.00, omega:20.55, omega_m:25.00, u:307.71, theta1:17.921, theta2:6.828, e:-4.452
t:12.70, r:25.00, omega:20.55, omega_m:25.00, u:307.92, theta1:17.925, theta2:6.824, e:-4.452
t:12.71, r:25.00, omega:21.62, omega_m:25.00, u:300.75, theta1:17.929, theta2:6.820, e:-3.375
t:12.72, r:25.00, omega:21.62, omega_m:25.00, u:300.92, theta1:17.933, theta2:6.816, e:-3.375
t:12.73, r:25.00, omega:20.82, omega_m:25.00, u:306.64, theta1:17.937, theta2:6.811, e:-4.183
t:12.74, r:25.00, omega:20.82, omega_m:25.00, u:306.84, theta1:17.942, theta2:6.807, e:-4.183
t:12.75, r:25.00, omega:20.82, omega_m:25.00, u:307.05, theta1:17.946, theta2:6.802, e:-4.183
t:12.76, r:25.00, omega:20.47, omega_m:25.00, u:309.61, theta1:17.951, theta2:6.797, e:-4.526
t:12.77, r:25.00, omega:20.47, omega_m:25.00, u:309.83, theta1:17.956, theta2:6.792, e:-4.526
t:12.78, r:25.00, omega:20.83, omega_m:25.00, u:307.60, theta1:17.960, theta2:6.787, e:-4.167
t:12.79, r:25.00, omega:20.83, omega_m:25.00, u:307.81, theta1:17.965, theta2:6.783, e:-4.167
t:12.80, r:25.00, omega:20.83, omega_m:25.00, u:308.02, theta1:17.969, theta2:6.778, e:-4.167
t:12.81, r:25.00, omega:21.63, omega_m:25.00, u:302.77, theta1:17.973, theta2:6.774, e:-3.366
t:12.82, r:25.00, omega:21.63, omega_m:25.00, u:302.94, theta1:17.976, theta2:6.770, e:-3.366
t:12.83, r:25.00, omega:21.64, omega_m:25.00, u:303.04, theta1:17.980, theta2:6.767, e:-3.356
t:12.84, r:25.00, omega:21.64, omega_m:25.00, u:303.21, theta1:17.983, theta2:6.763, e:-3.356
t:12.85, r:25.00, omega:21.64, omega_m:25.00, u:303.39, theta1:17.987, theta2:6.759, e:-3.356
t:12.86, r:25.00, omega:21.21, omega_m:25.00, u:306.54, theta1:17.991, theta2:6.755, e:-3.794
t:12.87, r:25.00, omega:21.21, omega_m:25.00, u:306.73, theta1:17.995, theta2:6.750, e:-3.794
t:12.88, r:25.00, omega:20.87, omega_m:25.00, u:309.23, theta1:18.000, theta2:6.746, e:-4.133
t:12.89, r:25.00, omega:20.87, omega_m:25.00, u:309.43, theta1:18.004, theta2:6.741, e:-4.133
t:12.90, r:25.00, omega:20.87, omega_m:25.00, u:309.64, theta1:18.008, theta2:6.737, e:-4.133
t:12.91, r:25.00, omega:21.37, omega_m:25.00, u:306.46, theta1:18.012, theta2:6.732, e:-3.633
t:12.92, r:25.00, omega:21.37, omega_m:25.00, u:306.64, theta1:18.016, theta2:6.728, e:-3.633
t:12.93, r:25.00, omega:22.11, omega_m:25.00, u:301.79, theta1:18.019, theta2:6.725, e:-2.889
t:12.94, r:25.00, omega:22.11, omega_m:25.00, u:301.94, theta1:18.022, theta2:6.721, e:-2.889
t:12.95, r:25.00, omega:21.15, omega_m:25.00, u:308.56, theta1:18.027, theta2:6.717, e:-3.845
t:12.96, r:25.00, omega:21.15, omega_m:25.00, u:308.76, theta1:18.031, theta2:6.713, e:-3.845
t:12.97, r:25.00, omega:21.15, omega_m:25.00, u:308.95, theta1:18.035, theta2:6.709, e:-3.845
t:12.98, r:25.00, omega:20.28, omega_m:25.00, u:315.03, theta1:18.040, theta2:6.703, e:-4.717
t:12.99, r:25.00, omega:20.28, omega_m:25.00, u:315.26, theta1:18.045, theta2:6.698, e:-4.717
t:13.00, r:25.00, omega:22.06, omega_m:25.00, u:303.50, theta1:18.048, theta2:6.695, e:-2.939
t:13.01, r:0.00, omega:22.06, omega_m:9.20, u:0.00, theta1:18.046, theta2:6.708, e:12.864
t:13.02, r:0.00, omega:22.06, omega_m:3.38, u:0.00, theta1:18.042, theta2:6.728, e:18.678
t:13.03, r:0.00, omega:22.06, omega_m:1.24, u:0.00, theta1:18.039, theta2:6.749, e:20.816
t:13.04, r:0.00, omega:15.65, omega_m:0.46, u:0.00, theta1:18.036, theta2:6.760, e:15.192
t:13.05, r:0.00, omega:15.65, omega_m:0.17, u:0.00, theta1:18.033, theta2:6.771, e:15.481
t:13.06, r:0.00, omega:15.65, omega_m:0.06, u:0.00, theta1:18.030, theta2:6.782, e:15.588
t:13.07, r:0.00, omega:15.65, omega_m:0.02, u:0.00, theta1:18.027, theta2:6.793, e:15.627
t:13.08, r:0.00, omega:15.65, omega_m:0.01, u:0.00, theta1:18.025, theta2:6.805, e:15.642
t:13.09, r:0.00, omega:15.65, omega_m:0.00, u:0.00, theta1:18.022, theta2:6.816, e:15.647
t:13.10, r:0.00, omega:15.65, omega_m:0.00, u:0.00, theta1:18.019, theta2:6.827, e:15.649
t:13.11, r:0.00, omega:15.65, omega_m:0.00, u:0.00, theta1:18.016, theta2:6.838, e:15.649
t:13.12, r:0.00, omega:15.65, omega_m:0.00, u:0.00, theta1:18.013, theta2:6.849, e:15.650
t:13.13, r:0.00, omega:15.65, omega_m:0.00, u:0.00, theta1:18.010, theta2:6.860, e:15.650
t:13.14, r:0.00, omega:15.65, omega_m:0.00, u:0.00, theta1:18.008, theta2:6.872, e:15.650
t:13.15, r:0.00, omega:15.65, omega_m:0.00, u:0.00, theta1:18.005, theta2:6.883, e:15.650
t:13.16, r:0.00, omega:15.65, omega_m:0.00, u:0.00, theta1:18.002, theta2:6.894, e:15.650
t:13.17, r:0.00, omega:15.65, omega_m:0.00, u:0.00, theta1:17.999, theta2:6.905, e:15.650
t:13.18, r:0.00, omega:15.65, omega_m:0.00, u:0.00, theta1:17.996, theta2:6.916, e:15.650
t:13.19, r:0.00, omega:15.65, omega_m:0.00, u:0.00, theta1:17.994, theta2:6.927, e:15.650
t:13.20, r:0.00, omega:15.65, omega_m:0.00, u:0.00, theta1:17.991, theta2:6.939, e:15.650
t:13.21, r:0.00, omega:15.65, omega_m:0.00, u:0.00, theta1:17.988, theta2:6.950, e:15.650
t:13.22, r:0.00, omega:15.65, omega_m:0.00, u:0.00, theta1:17.985, theta2:6.961, e:15.650
t:13.23, r:0.00, omega:15.65, omega_m:0.00, u:0.00, theta1:17.982, theta2:6.972, e:15.650
t:13.24, r:0.00, omega:15.65, omega_m:0.00, u:0.00, theta1:17.979, theta2:6.983, e:15.650
t:13.25, r:0.00, omega:15.65, omega_m:0.00, u:0.00, theta1:17.977, theta2:6.994, e:15.650
t:13.26, r:0.00, omega:15.65, omega_m:0.00, u:0.00, theta1:17.974, theta2:7.006, e:15.650
t:13.27, r:0.00, omega:15.65, omega_m:0.00, u:0.00, theta1:17.971, theta2:7.017, e:15.650
t:13.28, r:0.00, omega:15.65, omega_m:0.00, u:0.00, theta1:17.968, theta2:7.028, e:15.650
t:13.29, r:0.00, omega:15.65, omega_m:0.00, u:0.00, theta1:17.965, theta2:7.039, e:15.650
t:13.30, r:0.00, omega:15.65, omega_m:0.00, u:0.00, theta1:17.963, theta2:7.050, e:15.650
t:13.31, r:0.00, omega:15.65, omega_m:0.00, u:0.00, theta1:17.960, theta2:7.061, e:15.650
t:13.32, r:0.00, omega:15.65, omega_m:0.00, u:0.00, theta1:17.957, theta2:7.072, e:15.650
t:13.33, r:0.00, omega:15.65, omega_m:0.00, u:0.00, theta1:17.954, theta2:7.084, e:15.650
t:13.34, r:0.00, omega:15.65, omega_m:0.00, u:0.00, theta1:17.951, theta2:7.095, e:15.650
t:13.35, r:0.00, omega:15.65, omega_m:0.00, u:0.00, theta1:17.949, theta2:7.106, e:15.650
t:13.36, r:0.00, omega:15.65, omega_m:0.00, u:0.00, theta1:17.946, theta2:7.117, e:15.650
t:13.37, r:0.00, omega:15.65, omega_m:0.00, u:0.00, theta1:17.943, theta2:7.128, e:15.650
t:13.38, r:0.00, omega:15.65, omega_m:0.00, u:0.00, theta1:17.940, theta2:7.139, e:15.650
t:13.39, r:0.00, omega:15.65, omega_m:0.00, u:0.00, theta1:17.937, theta2:7.150, e:15.650
t:13.40, r:0.00, omega:15.65, omega_m:0.00, u:0.00, theta1:17.935, theta2:7.161, e:15.650
t:13.41, r:0.00, omega:15.65, omega_m:0.00, u:0.00, theta1:17.932, theta2:7.173, e:15.650
t:13.42, r:0.00, omega:15.65, omega_m:0.00, u:0.00, theta1:17.929, theta2:7.184, e:15.650
t:13.43, r:0.00, omega:15.65, omega_m:0.00, u:0.00, theta1:17.926, theta2:7.195, e:15.650
t:13.44, r:0.00, omega:15.65, omega_m:0.00, u:0.00, theta1:17.923, theta2:7.206, e:15.650
t:13.45, r:0.00, omega:15.65, omega_m:0.00, u:0.00, theta1:17.921, theta2:7.217, e:15.650
t:13.46, r:0.00, omega:15.65, omega_m:0.00, u:0.00, theta1:17.918, theta2:7.228, e:15.650
t:13.47, r:0.00, omega:15.65, omega_m:0.00, u:0.00, theta1:17.915, theta2:7.239, e:15.650
t:13.48, r:0.00, omega:15.65, omega_m:0.00, u:0.00, theta1:17.912, theta2:7.250, e:15.650
t:13.49, r:0.00, omega:15.65, omega_m:0.00, u:0.00, theta1:17.909, theta2:7.262, e:15.650
t:13.50, r:0.00, omega:15.65, omega_m:0.00, u:0.00, theta1:17.906, theta2:7.273, e:15.650
t:13.51, r:0.00, omega:15.65, omega_m:0.00, u:0.00, theta1:17.904, theta2:7.284, e:15.650
t:13.52, r:0.00, omega:15.65, omega_m:0.00, u:0.00, theta1:17.901, theta2:7.295, e:15.650
t:13.53, r:0.00, omega:15.65, omega_m:0.00, u:0.00, theta1:17.898, theta2:7.306, e:15.650
t:13.54, r:0.00, omega:0.00, omega_m:0.00, u:0.00, theta1:17.898, theta2:7.306, e:-0.000
t:13.55, r:0.00, omega:0.00, omega_m:0.00, u:0.00, theta1:17.898, theta2:7.306, e:-0.000
t:13.56, r:0.00, omega:0.00, omega_m:0.00, u:0.00, theta1:17.898, theta2:7.306, e:-0.000
t:13.57, r:0.00, omega:0.00, omega_m:0.00, u:0.00, theta1:17.898, theta2:7.306, e:-0.000
t:13.58, r:0.00, omega:0.00, omega_m:0.00, u:0.00, theta1:17.898, theta2:7.306, e:-0.000
t:13.59, r:0.00, omega:0.00, omega_m:0.00, u:0.00, theta1:17.898, theta2:7.306, e:-0.000
t:13.60, r:0.00, omega:0.00, omega_m:0.00, u:0.00, theta1:17.898, theta2:7.306, e:-0.000
t:13.61, r:0.00, omega:0.00, omega_m:0.00, u:0.00, theta1:17.898, theta2:7.306, e:-0.000
t:13.62, r:0.00, omega:0.00, omega_m:0.00, u:0.00, theta1:17.898, theta2:7.306, e:-0.000
t:13.63, r:0.00, omega:0.00, omega_m:0.00, u:0.00, theta1:17.898, theta2:7.306, e:-0.000
t:13.64, r:0.00, omega:0.00, omega_m:0.00, u:0.00, theta1:17.898, theta2:7.306, e:-0.000
t:13.65, r:0.00, omega:0.00, omega_m:0.00, u:0.00, theta1:17.898, theta2:7.306, e:-0.000
t:13.66, r:0.00, omega:0.00, omega_m:0.00, u:0.00, theta1:17.898, theta2:7.306, e:-0.000
t:13.67, r:0.00, omega:0.00, omega_m:0.00, u:0.00, theta1:17.898, theta2:7.306, e:-0.000
t:13.68, r:0.00, omega:0.00, omega_m:0.00, u:0.00, theta1:17.898, theta2:7.306, e:-0.000
t:13.69, r:0.00, omega:0.00, omega_m:0.00, u:0.00, theta1:17.898, theta2:7.306, e:-0.000
t:13.70, r:0.00, omega:0.00, omega_m:0.00, u:0.00, theta1:17.898, theta2:7.306, e:-0.000
t:13.71, r:0.00, omega:0.00, omega_m:0.00, u:0.00, theta1:17.898, theta2:7.306, e:-0.000
t:13.72, r:0.00, omega:0.00, omega_m:0.00, u:0.00, theta1:17.898, theta2:7.306, e:-0.000
t:13.73, r:0.00, omega:0.00, omega_m:0.00, u:0.00, theta1:17.898, theta2:7.306, e:-0.000
t:13.74, r:0.00, omega:0.00, omega_m:0.00, u:0.00, theta1:17.898, theta2:7.306, e:-0.000
t:13.75, r:0.00, omega:0.00, omega_m:0.00, u:0.00, theta1:17.898, theta2:7.306, e:-0.000
t:13.76, r:0.00, omega:0.00, omega_m:0.00, u:0.00, theta1:17.898, theta2:7.306, e:-0.000
t:13.77, r:0.00, omega:0.00, omega_m:0.00, u:0.00, theta1:17.898, theta2:7.306, e:-0.000
t:13.78, r:0.00, omega:0.00, omega_m:0.00, u:0.00, theta1:17.898, theta2:7.306, e:-0.000
t:13.79, r:0.00, omega:0.00, omega_m:0.00, u:0.00, theta1:17.898, theta2:7.306, e:-0.000
t:13.80, r:0.00, omega:0.00, omega_m:0.00, u:0.00, theta1:17.898, theta2:7.306, e:-0.000
t:13.81, r:0.00, omega:0.00, omega_m:0.00, u:0.00, theta1:17.898, theta2:7.306, e:-0.000
t:13.82, r:0.00, omega:0.00, omega_m:0.00, u:0.00, theta1:17.898, theta2:7.306, e:-0.000
t:13.83, r:0.00, omega:0.00, omega_m:0.00, u:0.00, theta1:17.898, theta2:7.306, e:-0.000
t:13.84, r:0.00, omega:0.00, omega_m:0.00, u:0.00, theta1:17.898, theta2:7.306, e:-0.000
t:13.85, r:0.00, omega:0.00, omega_m:0.00, u:0.00, theta1:17.898, theta2:7.306, e:-0.000
t:13.86, r:0.00, omega:0.00, omega_m:0.00, u:0.00, theta1:17.898, theta2:7.306, e:-0.000
t:13.87, r:0.00, omega:0.00, omega_m:0.00, u:0.00, theta1:17.898, theta2:7.306, e:-0.000
t:13.88, r:0.00, omega:0.00, omega_m:0.00, u:0.00, theta1:17.898, theta2:7.306, e:-0.000
t:13.89, r:0.00, omega:0.00, omega_m:0.00, u:0.00, theta1:17.898, theta2:7.306, e:-0.000
t:13.90, r:0.00, omega:0.00, omega_m:0.00, u:0.00, theta1:17.898, theta2:7.306, e:-0.000
t:13.91, r:0.00, omega:0.00, omega_m:0.00, u:0.00, theta1:17.898, theta2:7.306, e:-0.000
t:13.92, r:0.00, omega:0.00, omega_m:0.00, u:0.00, theta1:17.898, theta2:7.306, e:-0.000
t:13.93, r:0.00, omega:0.00, omega_m:0.00, u:0.00, theta1:17.898, theta2:7.306, e:-0.000
t:13.94, r:0.00, omega:0.00, omega_m:0.00, u:0.00, theta1:17.898, theta2:7.306, e:-0.000
t:13.95, r:0.00, omega:0.00, omega_m:0.00, u:0.00, theta1:17.898, theta2:7.306, e:-0.000
t:13.96, r:0.00, omega:0.00, omega_m:0.00, u:0.00, theta1:17.898, theta2:7.306, e:-0.000
t:13.97, r:0.00, omega:0.00, omega_m:0.00, u:0.00, theta1:17.898, theta2:7.306, e:-0.000
t:13.98, r:0.00, omega:0.00, omega_m:0.00, u:0.00, theta1:17.898, theta2:7.306, e:-0.000
t:13.99, r:0.00, omega:0.00, omega_m:0.00, u:0.00, theta1:17.898, theta2:7.306, e:-0.000
t:14.00, r:0.00, omega:0.00, omega_m:0.00, u:0.00, theta1:17.898, theta2:7.306, e:-0.000
t:14.01, r:-25.00, omega:0.00, omega_m:-15.80, u:-447.88, theta1:17.915, theta2:7.305, e:15.803
t:14.02, r:-25.00, omega:0.00, omega_m:-21.62, u:-448.45, theta1:17.938, theta2:7.303, e:21.617
t:14.03, r:-25.00, omega:0.00, omega_m:-23.76, u:-449.09, theta1:17.964, theta2:7.301, e:23.755
t:14.04, r:-25.00, omega:0.00, omega_m:-24.54, u:-449.75, theta1:17.990, theta2:7.300, e:24.542
t:14.05, r:-25.00, omega:-0.52, omega_m:-24.83, u:-446.61, theta1:18.016, theta2:7.297, e:24.313
t:14.06, r:-25.00, omega:-0.52, omega_m:-24.94, u:-447.26, theta1:18.042, theta2:7.295, e:24.419
t:14.07, r:-25.00, omega:-25.08, omega_m:-24.98, u:-268.06, theta1:18.042, theta2:7.295, e:-0.107
t:14.08, r:-25.00, omega:-25.08, omega_m:-24.99, u:-268.05, theta1:18.042, theta2:7.295, e:-0.092
t:14.09, r:-25.00, omega:-29.90, omega_m:-25.00, u:-232.55, theta1:18.035, theta2:7.302, e:-4.901
t:14.10, r:-25.00, omega:-29.90, omega_m:-25.00, u:-232.17, theta1:18.028, theta2:7.309, e:-4.899
t:14.11, r:-25.00, omega:-22.29, omega_m:-25.00, u:-287.94, theta1:18.031, theta2:7.306, e:2.713
t:14.12, r:-25.00, omega:-22.29, omega_m:-25.00, u:-288.09, theta1:18.033, theta2:7.303, e:2.713
t:14.13, r:-25.00, omega:-21.14, omega_m:-25.00, u:-296.64, theta1:18.038, theta2:7.298, e:3.857
t:14.14, r:-25.00, omega:-21.14, omega_m:-25.00, u:-296.83, theta1:18.042, theta2:7.294, e:3.857
t:14.15, r:-25.00, omega:-21.14, omega_m:-25.00, u:-297.03, theta1:18.046, theta2:7.290, e:3.857
t:14.16, r:-25.00, omega:-19.79, omega_m:-25.00, u:-307.11, theta1:18.051, theta2:7.284, e:5.206
t:14.17, r:-25.00, omega:-19.79, omega_m:-25.00, u:-307.36, theta1:18.057, theta2:7.278, e:5.206
t:14.18, r:-25.00, omega:-19.79, omega_m:-25.00, u:-307.61, theta1:18.063, theta2:7.273, e:5.206
t:14.19, r:-25.00, omega:-20.50, omega_m:-25.00, u:-302.68, theta1:18.067, theta2:7.268, e:4.498
t:14.20, r:-25.00, omega:-20.50, omega_m:-25.00, u:-302.90, theta1:18.072, theta2:7.263, e:4.498
t:14.21, r:-25.00, omega:-21.83, omega_m:-25.00, u:-293.43, theta1:18.076, theta2:7.259, e:3.172
t:14.22, r:-25.00, omega:-21.83, omega_m:-25.00, u:-293.59, theta1:18.079, theta2:7.256, e:3.172
t:14.23, r:-25.00, omega:-21.87, omega_m:-25.00, u:-293.45, theta1:18.082, theta2:7.252, e:3.129
t:14.24, r:-25.00, omega:-21.87, omega_m:-25.00, u:-293.61, theta1:18.086, theta2:7.248, e:3.129
t:14.25, r:-25.00, omega:-21.87, omega_m:-25.00, u:-293.77, theta1:18.089, theta2:7.245, e:3.129
t:14.26, r:-25.00, omega:-21.51, omega_m:-25.00, u:-296.56, theta1:18.093, theta2:7.241, e:3.489
t:14.27, r:-25.00, omega:-21.51, omega_m:-25.00, u:-296.74, theta1:18.096, theta2:7.237, e:3.489
t:14.28, r:-25.00, omega:-21.15, omega_m:-25.00, u:-299.54, theta1:18.101, theta2:7.232, e:3.849
t:14.29, r:-25.00, omega:-21.15, omega_m:-25.00, u:-299.74, theta1:18.105, theta2:7.228, e:3.849
t:14.30, r:-25.00, omega:-21.15, omega_m:-25.00, u:-299.93, theta1:18.109, theta2:7.224, e:3.849
t:14.31, r:-25.00, omega:-19.86, omega_m:-25.00, u:-309.49, theta1:18.114, theta2:7.218, e:5.137
t:14.32, r:-25.00, omega:-19.86, omega_m:-25.00, u:-309.73, theta1:18.120, theta2:7.213, e:5.137
t:14.33, r:-25.00, omega:-21.34, omega_m:-25.00, u:-299.27, theta1:18.124, theta2:7.209, e:3.662
t:14.34, r:-25.00, omega:-21.34, omega_m:-25.00, u:-299.46, theta1:18.128, theta2:7.204, e:3.662
t:14.35, r:-25.00, omega:-21.34, omega_m:-25.00, u:-299.65, theta1:18.132, theta2:7.200, e:3.662
t:14.36, r:-25.00, omega:-21.41, omega_m:-25.00, u:-299.34, theta1:18.135, theta2:7.196, e:3.593
t:14.37, r:-25.00, omega:-21.41, omega_m:-25.00, u:-299.52, theta1:18.139, theta2:7.192, e:3.593
t:14.38, r:-25.00, omega:-21.15, omega_m:-25.00, u:-301.56, theta1:18.143, theta2:7.188, e:3.850
t:14.39, r:-25.00, omega:-21.15, omega_m:-25.00, u:-301.76, theta1:18.147, theta2:7.183, e:3.850
t:14.40, r:-25.00, omega:-21.15, omega_m:-25.00, u:-301.95, theta1:18.152, theta2:7.179, e:3.850
t:14.41, r:-25.00, omega:-20.88, omega_m:-25.00, u:-304.12, theta1:18.156, theta2:7.174, e:4.123
t:14.42, r:-25.00, omega:-20.88, omega_m:-25.00, u:-304.33, theta1:18.160, theta2:7.170, e:4.123
t:14.43, r:-25.00, omega:-20.71, omega_m:-25.00, u:-305.75, theta1:18.165, theta2:7.165, e:4.292
t:14.44, r:-25.00, omega:-20.71, omega_m:-25.00, u:-305.96, theta1:18.170, theta2:7.160, e:4.292
t:14.45, r:-25.00, omega:-20.71, omega_m:-25.00, u:-306.18, theta1:18.174, theta2:7.156, e:4.292
t:14.46, r:-25.00, omega:-21.52, omega_m:-25.00, u:-300.57, theta1:18.178, theta2:7.152, e:3.483
t:14.47, r:-25.00, omega:-21.52, omega_m:-25.00, u:-300.75, theta1:18.182, theta2:7.148, e:3.483
t:14.48, r:-25.00, omega:-22.33, omega_m:-25.00, u:-295.10, theta1:18.184, theta2:7.144, e:2.674
t:14.49, r:-25.00, omega:-22.33, omega_m:-25.00, u:-295.25, theta1:18.187, theta2:7.141, e:2.674
t:14.50, r:-25.00, omega:-22.04, omega_m:-25.00, u:-297.43, theta1:18.190, theta2:7.138, e:2.957
t:14.51, r:-25.00, omega:-22.04, omega_m:-25.00, u:-297.58, theta1:18.194, theta2:7.134, e:2.957
t:14.52, r:-25.00, omega:-22.04, omega_m:-25.00, u:-297.74, theta1:18.197, theta2:7.131, e:2.957
t:14.53, r:-25.00, omega:-19.97, omega_m:-25.00, u:-312.74, theta1:18.202, theta2:7.125, e:5.028
t:14.54, r:-25.00, omega:-19.97, omega_m:-25.00, u:-312.98, theta1:18.207, theta2:7.120, e:5.028
t:14.55, r:-25.00, omega:-21.79, omega_m:-25.00, u:-300.21, theta1:18.211, theta2:7.116, e:3.210
t:14.56, r:-25.00, omega:-21.79, omega_m:-25.00, u:-300.37, theta1:18.214, theta2:7.113, e:3.210
t:14.57, r:-25.00, omega:-21.79, omega_m:-25.00, u:-300.54, theta1:18.218, theta2:7.109, e:3.210
t:14.58, r:-25.00, omega:-22.05, omega_m:-25.00, u:-298.82, theta1:18.221, theta2:7.105, e:2.945
t:14.59, r:-25.00, omega:-22.05, omega_m:-25.00, u:-298.97, theta1:18.224, theta2:7.102, e:2.945
t:14.60, r:-25.00, omega:-19.85, omega_m:-25.00, u:-314.91, theta1:18.230, theta2:7.096, e:5.155
t:14.61, r:-25.00, omega:-19.85, omega_m:-25.00, u:-315.16, theta1:18.235, theta2:7.091, e:5.155
t:14.62, r:-25.00, omega:-19.85, omega_m:-25.00, u:-315.40, theta1:18.241, theta2:7.085, e:5.155
t:14.63, r:-25.00, omega:-21.53, omega_m:-25.00, u:-303.68, theta1:18.244, theta2:7.081, e:3.475
t:14.64, r:-25.00, omega:-21.53, omega_m:-25.00, u:-303.86, theta1:18.248, theta2:7.077, e:3.475
t:14.65, r:-25.00, omega:-22.45, omega_m:-25.00, u:-297.45, theta1:18.251, theta2:7.074, e:2.550
t:14.66, r:-25.00, omega:-22.45, omega_m:-25.00, u:-297.58, theta1:18.253, theta2:7.071, e:2.550
t:14.67, r:-25.00, omega:-22.45, omega_m:-25.00, u:-297.72, theta1:18.256, theta2:7.068, e:2.550
t:14.68, r:-25.00, omega:-20.80, omega_m:-25.00, u:-309.57, theta1:18.261, theta2:7.064, e:4.198
t:14.69, r:-25.00, omega:-20.80, omega_m:-25.00, u:-309.78, theta1:18.265, theta2:7.059, e:4.198
t:14.70, r:-25.00, omega:-20.88, omega_m:-25.00, u:-309.44, theta1:18.270, theta2:7.054, e:4.120
t:14.71, r:-25.00, omega:-20.88, omega_m:-25.00, u:-309.65, theta1:18.274, theta2:7.050, e:4.120
t:14.72, r:-25.00, omega:-20.88, omega_m:-25.00, u:-309.86, theta1:18.278, theta2:7.045, e:4.120
t:14.73, r:-25.00, omega:-22.21, omega_m:-25.00, u:-300.66, theta1:18.281, theta2:7.042, e:2.794
t:14.74, r:-25.00, omega:-22.21, omega_m:-25.00, u:-300.81, theta1:18.284, theta2:7.039, e:2.794
t:14.75, r:-25.00, omega:-21.97, omega_m:-25.00, u:-302.64, theta1:18.288, theta2:7.035, e:3.031
t:14.76, r:-25.00, omega:-21.97, omega_m:-25.00, u:-302.80, theta1:18.291, theta2:7.032, e:3.031
t:14.77, r:-25.00, omega:-21.80, omega_m:-25.00, u:-304.15, theta1:18.294, theta2:7.028, e:3.200
t:14.78, r:-25.00, omega:-21.80, omega_m:-25.00, u:-304.31, theta1:18.298, theta2:7.024, e:3.200
t:14.79, r:-25.00, omega:-21.80, omega_m:-25.00, u:-304.48, theta1:18.301, theta2:7.020, e:3.200
t:14.80, r:-25.00, omega:-21.48, omega_m:-25.00, u:-306.87, theta1:18.305, theta2:7.016, e:3.515
t:14.81, r:-25.00, omega:-21.48, omega_m:-25.00, u:-307.05, theta1:18.309, theta2:7.012, e:3.515
t:14.82, r:-25.00, omega:-21.37, omega_m:-25.00, u:-308.07, theta1:18.312, theta2:7.008, e:3.634
t:14.83, r:-25.00, omega:-21.37, omega_m:-25.00, u:-308.26, theta1:18.316, theta2:7.004, e:3.634
t:14.84, r:-25.00, omega:-21.37, omega_m:-25.00, u:-308.44, theta1:18.320, theta2:7.000, e:3.634
t:14.85, r:-25.00, omega:-20.97, omega_m:-25.00, u:-311.40, theta1:18.324, theta2:6.995, e:4.028
t:14.86, r:-25.00, omega:-20.97, omega_m:-25.00, u:-311.60, theta1:18.329, theta2:6.991, e:4.028
t:14.87, r:-25.00, omega:-22.72, omega_m:-25.00, u:-299.52, theta1:18.331, theta2:6.988, e:2.282
t:14.88, r:-25.00, omega:-22.72, omega_m:-25.00, u:-299.65, theta1:18.334, theta2:6.985, e:2.282
t:14.89, r:-25.00, omega:-22.72, omega_m:-25.00, u:-299.77, theta1:18.336, theta2:6.983, e:2.282
t:14.90, r:-25.00, omega:-21.41, omega_m:-25.00, u:-309.09, theta1:18.340, theta2:6.979, e:3.590
t:14.91, r:-25.00, omega:-21.41, omega_m:-25.00, u:-309.27, theta1:18.344, theta2:6.975, e:3.590
t:14.92, r:-25.00, omega:-21.06, omega_m:-25.00, u:-311.88, theta1:18.348, theta2:6.970, e:3.936
t:14.93, r:-25.00, omega:-21.06, omega_m:-25.00, u:-312.07, theta1:18.352, theta2:6.966, e:3.936
t:14.94, r:-25.00, omega:-22.49, omega_m:-25.00, u:-302.30, theta1:18.355, theta2:6.963, e:2.513
t:14.95, r:-25.00, omega:-22.49, omega_m:-25.00, u:-302.43, theta1:18.357, theta2:6.960, e:2.513
t:14.96, r:-25.00, omega:-22.49, omega_m:-25.00, u:-302.56, theta1:18.360, theta2:6.957, e:2.513
t:14.97, r:-25.00, omega:-21.38, omega_m:-25.00, u:-310.46, theta1:18.364, theta2:6.953, e:3.621
t:14.98, r:-25.00, omega:-21.38, omega_m:-25.00, u:-310.64, theta1:18.368, theta2:6.948, e:3.621
t:14.99, r:-25.00, omega:-20.88, omega_m:-25.00, u:-314.29, theta1:18.372, theta2:6.944, e:4.115
t:15.00, r:-25.00, omega:-20.88, omega_m:-25.00, u:-314.49, theta1:18.377, theta2:6.939, e:4.115
t:15.01, r:0.00, omega:-20.88, omega_m:-9.20, u:0.00, theta1:18.374, theta2:6.951, e:-11.688
t:15.02, r:0.00, omega:-22.03, omega_m:-3.38, u:0.00, theta1:18.371, theta2:6.970, e:-18.651
t:15.03, r:0.00, omega:-22.03, omega_m:-1.24, u:0.00, theta1:18.367, theta2:6.991, e:-20.790
t:15.04, r:0.00, omega:-22.03, omega_m:-0.46, u:0.00, theta1:18.363, theta2:7.014, e:-21.576
t:15.05, r:0.00, omega:-22.03, omega_m:-0.17, u:0.00, theta1:18.359, theta2:7.036, e:-21.866
t:15.06, r:0.00, omega:-22.03, omega_m:-0.06, u:0.00, theta1:18.355, theta2:7.059, e:-21.972
t:15.07, r:0.00, omega:-22.03, omega_m:-0.02, u:0.00, theta1:18.351, theta2:7.082, e:-22.011
t:15.08, r:0.00, omega:-22.03, omega_m:-0.01, u:0.00, theta1:18.347, theta2:7.104, e:-22.026
t:15.09, r:0.00, omega:-22.03, omega_m:-0.00, u:0.00, theta1:18.343, theta2:7.127, e:-22.031
t:15.10, r:0.00, omega:-22.03, omega_m:-0.00, u:0.00, theta1:18.339, theta2:7.150, e:-22.033
t:15.11, r:0.00, omega:-22.03, omega_m:-0.00, u:0.00, theta1:18.335, theta2:7.172, e:-22.034
t:15.12, r:0.00, omega:-22.03, omega_m:-0.00, u:0.00, theta1:18.331, theta2:7.195, e:-22.034
t:15.13, r:0.00, omega:-22.03, omega_m:-0.00, u:0.00, theta1:18.327, theta2:7.218, e:-22.034
t:15.14, r:0.00, omega:-22.03, omega_m:-0.00, u:0.00, theta1:18.323, theta2:7.240, e:-22.034
t:15.15, r:0.00, omega:-22.03, omega_m:-0.00, u:0.00, theta1:18.319, theta2:7.263, e:-22.034
t:15.16, r:0.00, omega:-22.03, omega_m:-0.00, u:0.00, theta1:18.315, theta2:7.286, e:-22.034
t:15.17, r:0.00, omega:-22.03, omega_m:-0.00, u:0.00, theta1:18.311, theta2:7.308, e:-22.034
t:15.18, r:0.00, omega:-22.03, omega_m:-0.00, u:0.00, theta1:18.307, theta2:7.331, e:-22.034
t:15.19, r:0.00, omega:-22.03, omega_m:-0.00, u:0.00, theta1:18.303, theta2:7.354, e:-22.034
t:15.20, r:0.00, omega:-22.03, omega_m:-0.00, u:0.00, theta1:18.299, theta2:7.376, e:-22.034
t:15.21, r:0.00, omega:-22.03, omega_m:-0.00, u:0.00, theta1:18.295, theta2:7.399, e:-22.034
t:15.22, r:0.00, omega:-22.03, omega_m:-0.00, u:0.00, theta1:18.291, theta2:7.422, e:-22.034
t:15.23, r:0.00, omega:-22.03, omega_m:-0.00, u:0.00, theta1:18.287, theta2:7.444, e:-22.034
t:15.24, r:0.00, omega:-22.03, omega_m:-0.00, u:0.00, theta1:18.283, theta2:7.467, e:-22.034
t:15.25, r:0.00, omega:-22.03, omega_m:-0.00, u:0.00, theta1:18.279, theta2:7.490, e:-22.034
t:15.26, r:0.00, omega:-22.03, omega_m:-0.00, u:0.00, theta1:18.274, theta2:7.512, e:-22.034
t:15.27, r:0.00, omega:-22.03, omega_m:-0.00, u:0.00, theta1:18.270, theta2:7.535, e:-22.034
t:15.28, r:0.00, omega:-22.03, omega_m:-0.00, u:0.00, theta1:18.266, theta2:7.557, e:-22.034
t:15.29, r:0.00, omega:-22.03, omega_m:-0.00, u:0.00, theta1:18.262, theta2:7.580, e:-22.034
t:15.30, r:0.00, omega:-22.03, omega_m:-0.00, u:0.00, theta1:18.258, theta2:7.603, e:-22.034
t:15.31, r:0.00, omega:-22.03, omega_m:-0.00, u:0.00, theta1:18.254, theta2:7.625, e:-22.034
t:15.32, r:0.00, omega:-22.03, omega_m:-0.00, u:0.00, theta1:18.250, theta2:7.648, e:-22.034
t:15.33, r:0.00, omega:-22.03, omega_m:-0.00, u:0.00, theta1:18.246, theta2:7.670, e:-22.034
t:15.34, r:0.00, omega:-22.03, omega_m:-0.00, u:0.00, theta1:18.242, theta2:7.693, e:-22.034
t:15.35, r:0.00, omega:-22.03, omega_m:-0.00, u:0.00, theta1:18.238, theta2:7.716, e:-22.034
t:15.36, r:0.00, omega:-22.03, omega_m:-0.00, u:0.00, theta1:18.234, theta2:7.738, e:-22.034
t:15.37, r:0.00, omega:-22.03, omega_m:-0.00, u:0.00, theta1:18.230, theta2:7.761, e:-22.034
t:15.38, r:0.00, omega:-22.03, omega_m:-0.00, u:0.00, theta1:18.226, theta2:7.783, e:-22.034
t:15.39, r:0.00, omega:-22.03, omega_m:-0.00, u:0.00, theta1:18.222, theta2:7.806, e:-22.034
t:15.40, r:0.00, omega:-22.03, omega_m:-0.00, u:0.00, theta1:18.218, theta2:7.828, e:-22.034
t:15.41, r:0.00, omega:-22.03, omega_m:-0.00, u:0.00, theta1:18.214, theta2:7.851, e:-22.034
t:15.42, r:0.00, omega:-22.03, omega_m:-0.00, u:0.00, theta1:18.210, theta2:7.874, e:-22.034
t:15.43, r:0.00, omega:-22.03, omega_m:-0.00, u:0.00, theta1:18.206, theta2:7.896, e:-22.034
t:15.44, r:0.00, omega:-22.03, omega_m:-0.00, u:0.00, theta1:18.202, theta2:7.919, e:-22.034
t:15.45, r:0.00, omega:-22.03, omega_m:-0.00, u:0.00, theta1:18.198, theta2:7.941, e:-22.034
t:15.46, r:0.00, omega:-22.03, omega_m:-0.00, u:0.00, theta1:18.194, theta2:7.964, e:-22.034
t:15.47, r:0.00, omega:-22.03, omega_m:-0.00, u:0.00, theta1:18.190, theta2:7.986, e:-22.034
t:15.48, r:0.00, omega:-22.03, omega_m:-0.00, u:0.00, theta1:18.186, theta2:8.009, e:-22.034
t:15.49, r:0.00, omega:-22.03, omega_m:-0.00, u:0.00, theta1:18.182, theta2:8.031, e:-22.034
t:15.50, r:0.00, omega:-22.03, omega_m:-0.00, u:0.00, theta1:18.178, theta2:8.054, e:-22.034
t:15.51, r:0.00, omega:-22.03, omega_m:-0.00, u:0.00, theta1:18.174, theta2:8.076, e:-22.034
t:15.52, r:0.00, omega:0.00, omega_m:-0.00, u:0.00, theta1:18.174, theta2:8.076, e:0.000
t:15.53, r:0.00, omega:0.00, omega_m:-0.00, u:0.00, theta1:18.174, theta2:8.076, e:0.000
t:15.54, r:0.00, omega:0.00, omega_m:-0.00, u:0.00, theta1:18.174, theta2:8.076, e:0.000
t:15.55, r:0.00, omega:0.00, omega_m:-0.00, u:0.00, theta1:18.174, theta2:8.076, e:0.000
t:15.56, r:0.00, omega:0.00, omega_m:-0.00, u:0.00, theta1:18.174, theta2:8.076, e:0.000
t:15.57, r:0.00, omega:0.00, omega_m:-0.00, u:0.00, theta1:18.174, theta2:8.076, e:0.000
t:15.58, r:0.00, omega:0.00, omega_m:-0.00, u:0.00, theta1:18.174, theta2:8.076, e:0.000
t:15.59, r:0.00, omega:0.00, omega_m:-0.00, u:0.00, theta1:18.174, theta2:8.076, e:0.000
t:15.60, r:0.00, omega:0.00, omega_m:-0.00, u:0.00, theta1:18.174, theta2:8.076, e:0.000
t:15.61, r:0.00, omega:0.00, omega_m:-0.00, u:0.00, theta1:18.174, theta2:8.076, e:0.000
t:15.62, r:0.00, omega:0.00, omega_m:-0.00, u:0.00, theta1:18.174, theta2:8.076, e:0.000
t:15.63, r:0.00, omega:0.00, omega_m:-0.00, u:0.00, theta1:18.174, theta2:8.076, e:0.000
t:15.64, r:0.00, omega:0.00, omega_m:-0.00, u:0.00, theta1:18.174, theta2:8.076, e:0.000
t:15.65, r:0.00, omega:0.00, omega_m:-0.00, u:0.00, theta1:18.174, theta2:8.076, e:0.000
t:15.66, r:0.00, omega:0.00, omega_m:-0.00, u:0.00, theta1:18.174, theta2:8.076, e:0.000
t:15.67, r:0.00, omega:0.00, omega_m:-0.00, u:0.00, theta1:18.174, theta2:8.076, e:0.000
t:15.68, r:0.00, omega:0.00, omega_m:-0.00, u:0.00, theta1:18.174, theta2:8.076, e:0.000
t:15.69, r:0.00, omega:0.00, omega_m:-0.00, u:0.00, theta1:18.174, theta2:8.076, e:0.000
t:15.70, r:0.00, omega:0.00, omega_m:-0.00, u:0.00, theta1:18.174, theta2:8.076, e:0.000
t:15.71, r:0.00, omega:0.00, omega_m:-0.00, u:0.00, theta1:18.174, theta2:8.076, e:0.000
t:15.72, r:0.00, omega:0.00, omega_m:-0.00, u:0.00, theta1:18.174, theta2:8.076, e:0.000
t:15.73, r:0.00, omega:0.00, omega_m:-0.00, u:0.00, theta1:18.174, theta2:8.076, e:0.000
t:15.74, r:0.00, omega:0.00, omega_m:-0.00, u:0.00, theta1:18.174, theta2:8.076, e:0.000
t:15.75, r:0.00, omega:0.00, omega_m:-0.00, u:0.00, theta1:18.174, theta2:8.076, e:0.000
t:15.76, r:0.00, omega:0.00, omega_m:-0.00, u:0.00, theta1:18.174, theta2:8.076, e:0.000
t:15.77, r:0.00, omega:0.00, omega_m:-0.00, u:0.00, theta1:18.174, theta2:8.076, e:0.000
t:15.78, r:0.00, omega:0.00, omega_m:-0.00, u:0.00, theta1:18.174, theta2:8.076, e:0.000
t:15.79, r:0.00, omega:0.00, omega_m:-0.00, u:0.00, theta1:18.174, theta2:8.076, e:0.000
t:15.80, r:0.00, omega:0.00, omega_m:-0.00, u:0.00, theta1:18.174, theta2:8.076, e:0.000
t:15.81, r:0.00, omega:0.00, omega_m:-0.00, u:0.00, theta1:18.174, theta2:8.076, e:0.000
t:15.82, r:0.00, omega:0.00, omega_m:-0.00, u:0.00, theta1:18.174, theta2:8.076, e:0.000
t:15.83, r:0.00, omega:0.00, omega_m:-0.00, u:0.00, theta1:18.174, theta2:8.076, e:0.000
t:15.84, r:0.00, omega:0.00, omega_m:-0.00, u:0.00, theta1:18.174, theta2:8.076, e:0.000
t:15.85, r:0.00, omega:0.00, omega_m:-0.00, u:0.00, theta1:18.174, theta2:8.076, e:0.000
t:15.86, r:0.00, omega:0.00, omega_m:-0.00, u:0.00, theta1:18.174, theta2:8.076, e:0.000
t:15.87, r:0.00, omega:0.00, omega_m:-0.00, u:0.00, theta1:18.174, theta2:8.076, e:0.000
t:15.88, r:0.00, omega:0.00, omega_m:-0.00, u:0.00, theta1:18.174, theta2:8.076, e:0.000
t:15.89, r:0.00, omega:0.00, omega_m:-0.00, u:0.00, theta1:18.174, theta2:8.076, e:0.000
t:15.90, r:0.00, omega:0.00, omega_m:-0.00, u:0.00, theta1:18.174, theta2:8.076, e:0.000
t:15.91, r:0.00, omega:0.00, omega_m:-0.00, u:0.00, theta1:18.174, theta2:8.076, e:0.000
t:15.92, r:0.00, omega:0.00, omega_m:-0.00, u:0.00, theta1:18.174, theta2:8.076, e:0.000
t:15.93, r:0.00, omega:0.00, omega_m:-0.00, u:0.00, theta1:18.174, theta2:8.076, e:0.000
t:15.94, r:0.00, omega:0.00, omega_m:-0.00, u:0.00, theta1:18.174, theta2:8.076, e:0.000
t:15.95, r:0.00, omega:0.00, omega_m:-0.00, u:0.00, theta1:18.174, theta2:8.076, e:0.000
t:15.96, r:0.00, omega:0.00, omega_m:-0.00, u:0.00, theta1:18.174, theta2:8.076, e:0.000
t:15.97, r:0.00, omega:0.00, omega_m:-0.00, u:0.00, theta1:18.174, theta2:8.076, e:0.000
t:15.98, r:0.00, omega:0.00, omega_m:-0.00, u:0.00, theta1:18.174, theta2:8.076, e:0.000
t:15.99, r:0.00, omega:0.00, omega_m:-0.00, u:0.00, theta1:18.174, theta2:8.076, e:0.000
t:16.00, r:0.00, omega:0.00, omega_m:-0.00, u:0.00, theta1:18.174, theta2:8.076, e:0.000
t:16.01, r:25.00, omega:0.00, omega_m:15.80, u:454.77, theta1:18.191, theta2:8.075, e:-15.803
t:16.02, r:25.00, omega:0.00, omega_m:21.62, u:455.35, theta1:18.214, theta2:8.073, e:-21.617
t:16.03, r:25.00, omega:0.00, omega_m:23.76, u:455.99, theta1:18.239, theta2:8.071, e:-23.755
t:16.04, r:25.00, omega:0.51, omega_m:24.54, u:452.48, theta1:18.265, theta2:8.069, e:-24.028
t:16.05, r:25.00, omega:0.51, omega_m:24.83, u:453.13, theta1:18.291, theta2:8.066, e:-24.318
t:16.06, r:25.00, omega:22.64, omega_m:24.94, u:274.78, theta1:18.293, theta2:8.063, e:-2.298
t:16.07, r:25.00, omega:22.64, omega_m:24.98, u:274.91, theta1:18.296, theta2:8.061, e:-2.337
t:16.08, r:25.00, omega:28.49, omega_m:24.99, u:227.50, theta1:18.291, theta2:8.065, e:3.497
t:16.09, r:25.00, omega:28.49, omega_m:25.00, u:227.24, theta1:18.286, theta2:8.070, e:3.492
t:16.10, r:25.00, omega:21.49, omega_m:25.00, u:283.87, theta1:18.290, theta2:8.066, e:-3.505
t:16.11, r:25.00, omega:21.49, omega_m:25.00, u:284.05, theta1:18.293, theta2:8.062, e:-3.505
t:16.12, r:25.00, omega:21.49, omega_m:25.00, u:284.23, theta1:18.297, theta2:8.058, e:-3.506
t:16.13, r:25.00, omega:17.72, omega_m:25.00, u:314.94, theta1:18.305, theta2:8.051, e:-7.277
t:16.14, r:25.00, omega:17.72, omega_m:25.00, u:315.26, theta1:18.313, theta2:8.044, e:-7.277
t:16.15, r:25.00, omega:17.72, omega_m:25.00, u:315.58, theta1:18.320, theta2:8.037, e:-7.277
t:16.16, r:25.00, omega:21.20, omega_m:25.00, u:287.84, theta1:18.325, theta2:8.032, e:-3.802
t:16.17, r:25.00, omega:21.20, omega_m:25.00, u:288.03, theta1:18.329, theta2:8.028, e:-3.802
t:16.18, r:25.00, omega:20.74, omega_m:25.00, u:291.94, theta1:18.333, theta2:8.023, e:-4.262
t:16.19, r:25.00, omega:20.74, omega_m:25.00, u:292.15, theta1:18.338, theta2:8.019, e:-4.262
t:16.20, r:25.00, omega:20.74, omega_m:25.00, u:292.36, theta1:18.342, theta2:8.014, e:-4.262
t:16.21, r:25.00, omega:20.01, omega_m:25.00, u:298.48, theta1:18.348, theta2:8.008, e:-4.995
t:16.22, r:25.00, omega:20.01, omega_m:25.00, u:298.72, theta1:18.353, theta2:8.003, e:-4.995
t:16.23, r:25.00, omega:19.93, omega_m:25.00, u:299.60, theta1:18.358, theta2:7.998, e:-5.074
t:16.24, r:25.00, omega:19.93, omega_m:25.00, u:299.84, theta1:18.364, theta2:7.992, e:-5.074
t:16.25, r:25.00, omega:19.93, omega_m:25.00, u:300.09, theta1:18.369, theta2:7.987, e:-5.074
t:16.26, r:25.00, omega:20.77, omega_m:25.00, u:293.54, theta1:18.374, theta2:7.982, e:-4.227
t:16.27, r:25.00, omega:20.77, omega_m:25.00, u:293.75, theta1:18.378, theta2:7.977, e:-4.227
t:16.28, r:25.00, omega:20.73, omega_m:25.00, u:294.33, theta1:18.383, theta2:7.972, e:-4.274
t:16.29, r:25.00, omega:20.73, omega_m:25.00, u:294.55, theta1:18.387, theta2:7.968, e:-4.274
t:16.30, r:25.00, omega:20.73, omega_m:25.00, u:294.76, theta1:18.392, theta2:7.963, e:-4.274
t:16.31, r:25.00, omega:20.40, omega_m:25.00, u:297.56, theta1:18.397, theta2:7.958, e:-4.598
t:16.32, r:25.00, omega:20.40, omega_m:25.00, u:297.79, theta1:18.402, theta2:7.953, e:-4.598
t:16.33, r:25.00, omega:20.40, omega_m:25.00, u:298.01, theta1:18.407, theta2:7.948, e:-4.598
t:16.34, r:25.00, omega:20.07, omega_m:25.00, u:300.93, theta1:18.412, theta2:7.942, e:-4.935
t:16.35, r:25.00, omega:20.07, omega_m:25.00, u:301.17, theta1:18.417, theta2:7.937, e:-4.935
t:16.36, r:25.00, omega:20.10, omega_m:25.00, u:301.10, theta1:18.422, theta2:7.932, e:-4.896
t:16.37, r:25.00, omega:20.10, omega_m:25.00, u:301.33, theta1:18.427, theta2:7.926, e:-4.896
t:16.38, r:25.00, omega:20.10, omega_m:25.00, u:301.57, theta1:18.433, theta2:7.921, e:-4.896
t:16.39, r:25.00, omega:21.45, omega_m:25.00, u:291.09, theta1:18.436, theta2:7.917, e:-3.550
t:16.40, r:25.00, omega:21.45, omega_m:25.00, u:291.27, theta1:18.440, theta2:7.913, e:-3.550
t:16.41, r:25.00, omega:21.05, omega_m:25.00, u:294.66, theta1:18.444, theta2:7.908, e:-3.952
t:16.42, r:25.00, omega:21.05, omega_m:25.00, u:294.86, theta1:18.449, theta2:7.904, e:-3.952
t:16.43, r:25.00, omega:21.05, omega_m:25.00, u:295.06, theta1:18.453, theta2:7.899, e:-3.952
t:16.44, r:25.00, omega:18.82, omega_m:25.00, u:312.97, theta1:18.459, theta2:7.893, e:-6.184
t:16.45, r:25.00, omega:18.82, omega_m:25.00, u:313.25, theta1:18.466, theta2:7.887, e:-6.184
t:16.46, r:25.00, omega:18.82, omega_m:25.00, u:313.53, theta1:18.473, theta2:7.881, e:-6.184
t:16.47, r:25.00, omega:20.85, omega_m:25.00, u:297.70, theta1:18.477, theta2:7.876, e:-4.149
t:16.48, r:25.00, omega:20.85, omega_m:25.00, u:297.91, theta1:18.481, theta2:7.871, e:-4.149
t:16.49, r:25.00, omega:21.88, omega_m:25.00, u:289.97, theta1:18.485, theta2:7.868, e:-3.119
t:16.50, r:25.00, omega:21.88, omega_m:25.00, u:290.13, theta1:18.488, theta2:7.864, e:-3.119
t:16.51, r:25.00, omega:21.88, omega_m:25.00, u:290.29, theta1:18.491, theta2:7.860, e:-3.119
t:16.52, r:25.00, omega:20.08, omega_m:25.00, u:304.72, theta1:18.497, theta2:7.855, e:-4.924
t:16.53, r:25.00, omega:20.08, omega_m:25.00, u:304.96, theta1:18.502, theta2:7.850, e:-4.924
t:16.54, r:25.00, omega:19.44, omega_m:25.00, u:310.20, theta1:18.508, theta2:7.844, e:-5.558
t:16.55, r:25.00, omega:19.44, omega_m:25.00, u:310.46, theta1:18.514, theta2:7.838, e:-5.558
t:16.56, r:25.00, omega:19.44, omega_m:25.00, u:310.73, theta1:18.520, theta2:7.832, e:-5.558
t:16.57, r:25.00, omega:21.39, omega_m:25.00, u:295.68, theta1:18.524, theta2:7.828, e:-3.614
t:16.58, r:25.00, omega:21.39, omega_m:25.00, u:295.86, theta1:18.527, theta2:7.824, e:-3.614
t:16.59, r:25.00, omega:21.17, omega_m:25.00, u:297.76, theta1:18.531, theta2:7.819, e:-3.832
t:16.60, r:25.00, omega:21.17, omega_m:25.00, u:297.96, theta1:18.536, theta2:7.815, e:-3.832
t:16.61, r:25.00, omega:21.17, omega_m:25.00, u:298.15, theta1:18.540, theta2:7.811, e:-3.832
t:16.62, r:25.00, omega:20.84, omega_m:25.00, u:300.89, theta1:18.544, theta2:7.806, e:-4.155
t:16.63, r:25.00, omega:20.84, omega_m:25.00, u:301.09, theta1:18.548, theta2:7.801, e:-4.155
t:16.64, r:25.00, omega:20.52, omega_m:25.00, u:303.82, theta1:18.553, theta2:7.796, e:-4.476
t:16.65, r:25.00, omega:20.52, omega_m:25.00, u:304.04, theta1:18.558, theta2:7.792, e:-4.476
t:16.66, r:25.00, omega:20.52, omega_m:25.00, u:304.26, theta1:18.563, theta2:7.787, e:-4.476
t:16.67, r:25.00, omega:20.38, omega_m:25.00, u:305.58, theta1:18.568, theta2:7.782, e:-4.616
t:16.68, r:25.00, omega:20.38, omega_m:25.00, u:305.80, theta1:18.573, theta2:7.776, e:-4.616
t:16.69, r:25.00, omega:20.97, omega_m:25.00, u:301.42, theta1:18.577, theta2:7.772, e:-4.027
t:16.70, r:25.00, omega:20.97, omega_m:25.00, u:301.62, theta1:18.581, theta2:7.767, e:-4.027
t:16.71, r:25.00, omega:20.97, omega_m:25.00, u:301.82, theta1:18.585, theta2:7.763, e:-4.027
t:16.72, r:25.00, omega:21.75, omega_m:25.00, u:295.97, theta1:18.589, theta2:7.759, e:-3.251
t:16.73, r:25.00, omega:21.75, omega_m:25.00, u:296.14, theta1:18.592, theta2:7.755, e:-3.251
t:16.74, r:25.00, omega:19.68, omega_m:25.00, u:312.41, theta1:18.598, theta2:7.750, e:-5.316
t:16.75, r:25.00, omega:19.68, omega_m:25.00, u:312.66, theta1:18.604, theta2:7.744, e:-5.316
t:16.76, r:25.00, omega:19.68, omega_m:25.00, u:312.91, theta1:18.609, theta2:7.738, e:-5.316
t:16.77, r:25.00, omega:20.22, omega_m:25.00, u:309.02, theta1:18.614, theta2:7.733, e:-4.783
t:16.78, r:25.00, omega:20.22, omega_m:25.00, u:309.25, theta1:18.620, theta2:7.728, e:-4.783
t:16.79, r:25.00, omega:21.95, omega_m:25.00, u:296.05, theta1:18.623, theta2:7.724, e:-3.054
t:16.80, r:25.00, omega:21.95, omega_m:25.00, u:296.21, theta1:18.626, theta2:7.721, e:-3.054
t:16.81, r:25.00, omega:21.95, omega_m:25.00, u:296.37, theta1:18.629, theta2:7.717, e:-3.054
t:16.82, r:25.00, omega:21.85, omega_m:25.00, u:297.27, theta1:18.633, theta2:7.713, e:-3.150
t:16.83, r:25.00, omega:21.85, omega_m:25.00, u:297.44, theta1:18.636, theta2:7.710, e:-3.150
t:16.84, r:25.00, omega:19.87, omega_m:25.00, u:312.93, theta1:18.641, theta2:7.704, e:-5.128
t:16.85, r:25.00, omega:19.87, omega_m:25.00, u:313.18, theta1:18.647, theta2:7.699, e:-5.128
t:16.86, r:25.00, omega:19.87, omega_m:25.00, u:313.42, theta1:18.652, theta2:7.693, e:-5.128
t:16.87, r:25.00, omega:21.32, omega_m:25.00, u:302.51, theta1:18.656, theta2:7.689, e:-3.684
t:16.88, r:25.00, omega:21.32, omega_m:25.00, u:302.70, theta1:18.660, theta2:7.685, e:-3.684
t:16.89, r:25.00, omega:22.16, omega_m:25.00, u:296.35, theta1:18.663, theta2:7.682, e:-2.839
t:16.90, r:25.00, omega:22.16, omega_m:25.00, u:296.50, theta1:18.666, theta2:7.678, e:-2.839
t:16.91, r:25.00, omega:22.16, omega_m:25.00, u:296.65, theta1:18.669, theta2:7.675, e:-2.839
t:16.92, r:25.00, omega:19.96, omega_m:25.00, u:313.75, theta1:18.675, theta2:7.669, e:-5.035
t:16.93, r:25.00, omega:19.96, omega_m:25.00, u:313.99, theta1:18.680, theta2:7.664, e:-5.035
t:16.94, r:25.00, omega:20.47, omega_m:25.00, u:310.38, theta1:18.685, theta2:7.659, e:-4.535
t:16.95, r:25.00, omega:20.47, omega_m:25.00, u:310.60, theta1:18.690, theta2:7.654, e:-4.535
t:16.96, r:25.00, omega:20.47, omega_m:25.00, u:310.82, theta1:18.694, theta2:7.649, e:-4.535
t:16.97, r:25.00, omega:22.60, omega_m:25.00, u:294.58, theta1:18.697, theta2:7.646, e:-2.395
t:16.98, r:25.00, omega:22.60, omega_m:25.00, u:294.71, theta1:18.699, theta2:7.643, e:-2.395
t:16.99, r:25.00, omega:20.18, omega_m:25.00, u:313.44, theta1:18.705, theta2:7.638, e:-4.815
t:17.00, r:25.00, omega:20.18, omega_m:25.00, u:313.68, theta1:18.710, theta2:7.633, e:-4.815
t:17.01, r:0.00, omega:20.18, omega_m:9.20, u:0.00, theta1:18.708, theta2:7.643, e:10.988
t:17.02, r:0.00, omega:20.74, omega_m:3.38, u:0.00, theta1:18.704, theta2:7.660, e:17.352
t:17.03, r:0.00, omega:20.74, omega_m:1.24, u:0.00, theta1:18.701, theta2:7.678, e:19.491
t:17.04, r:0.00, omega:20.74, omega_m:0.46, u:0.00, theta1:18.697, theta2:7.698, e:20.278
t:17.05, r:0.00, omega:20.74, omega_m:0.17, u:0.00, theta1:18.693, theta2:7.718, e:20.567
t:17.06, r:0.00, omega:20.74, omega_m:0.06, u:0.00, theta1:18.689, theta2:7.737, e:20.674
t:17.07, r:0.00, omega:20.74, omega_m:0.02, u:0.00, theta1:18.685, theta2:7.757, e:20.713
t:17.08, r:0.00, omega:20.74, omega_m:0.01, u:0.00, theta1:18.682, theta2:7.777, e:20.727
t:17.09, r:0.00, omega:20.74, omega_m:0.00, u:0.00, theta1:18.678, theta2:7.797, e:20.733
t:17.10, r:0.00, omega:20.74, omega_m:0.00, u:0.00, theta1:18.674, theta2:7.817, e:20.735
t:17.11, r:0.00, omega:20.74, omega_m:0.00, u:0.00, theta1:18.670, theta2:7.837, e:20.735
t:17.12, r:0.00, omega:20.74, omega_m:0.00, u:0.00, theta1:18.666, theta2:7.857, e:20.736
t:17.13, r:0.00, omega:20.74, omega_m:0.00, u:0.00, theta1:18.662, theta2:7.877, e:20.736
t:17.14, r:0.00, omega:20.74, omega_m:0.00, u:0.00, theta1:18.658, theta2:7.896, e:20.736
t:17.15, r:0.00, omega:20.74, omega_m:0.00, u:0.00, theta1:18.654, theta2:7.916, e:20.736
t:17.16, r:0.00, omega:20.74, omega_m:0.00, u:0.00, theta1:18.651, theta2:7.936, e:20.736
t:17.17, r:0.00, omega:20.74, omega_m:0.00, u:0.00, theta1:18.647, theta2:7.956, e:20.736
t:17.18, r:0.00, omega:20.74, omega_m:0.00, u:0.00, theta1:18.643, theta2:7.976, e:20.736
t:17.19, r:0.00, omega:20.74, omega_m:0.00, u:0.00, theta1:18.639, theta2:7.996, e:20.736
t:17.20, r:0.00, omega:20.74, omega_m:0.00, u:0.00, theta1:18.635, theta2:8.016, e:20.736
t:17.21, r:0.00, omega:20.74, omega_m:0.00, u:0.00, theta1:18.631, theta2:8.035, e:20.736
t:17.22, r:0.00, omega:20.74, omega_m:0.00, u:0.00, theta1:18.627, theta2:8.055, e:20.736
t:17.23, r:0.00, omega:20.74, omega_m:0.00, u:0.00, theta1:18.624, theta2:8.075, e:20.736
t:17.24, r:0.00, omega:20.74, omega_m:0.00, u:0.00, theta1:18.620, theta2:8.095, e:20.736
t:17.25, r:0.00, omega:20.74, omega_m:0.00, u:0.00, theta1:18.616, theta2:8.115, e:20.736
t:17.26, r:0.00, omega:20.74, omega_m:0.00, u:0.00, theta1:18.612, theta2:8.135, e:20.736
t:17.27, r:0.00, omega:20.74, omega_m:0.00, u:0.00, theta1:18.608, theta2:8.154, e:20.736
t:17.28, r:0.00, omega:20.74, omega_m:0.00, u:0.00, theta1:18.604, theta2:8.174, e:20.736
t:17.29, r:0.00, omega:20.74, omega_m:0.00, u:0.00, theta1:18.600, theta2:8.194, e:20.736
t:17.30, r:0.00, omega:20.74, omega_m:0.00, u:0.00, theta1:18.596, theta2:8.214, e:20.736
t:17.31, r:0.00, omega:20.74, omega_m:0.00, u:0.00, theta1:18.593, theta2:8.234, e:20.736
t:17.32, r:0.00, omega:20.74, omega_m:0.00, u:0.00, theta1:18.589, theta2:8.253, e:20.736
t:17.33, r:0.00, omega:20.74, omega_m:0.00, u:0.00, theta1:18.585, theta2:8.273, e:20.736
t:17.34, r:0.00, omega:20.74, omega_m:0.00, u:0.00, theta1:18.581, theta2:8.293, e:20.736
t:17.35, r:0.00, omega:20.74, omega_m:0.00, u:0.00, theta1:18.577, theta2:8.313, e:20.736
t:17.36, r:0.00, omega:20.74, omega_m:0.00, u:0.00, theta1:18.573, theta2:8.332, e:20.736
t:17.37, r:0.00, omega:20.74, omega_m:0.00, u:0.00, theta1:18.570, theta2:8.352, e:20.736
t:17.38, r:0.00, omega:20.74, omega_m:0.00, u:0.00, theta1:18.566, theta2:8.372, e:20.736
t:17.39, r:0.00, omega:20.74, omega_m:0.00, u:0.00, theta1:18.562, theta2:8.392, e:20.736
t:17.40, r:0.00, omega:20.74, omega_m:0.00, u:0.00, theta1:18.558, theta2:8.412, e:20.736
t:17.41, r:0.00, omega:20.74, omega_m:0.00, u:0.00, theta1:18.554, theta2:8.431, e:20.736
t:17.42, r:0.00, omega:20.74, omega_m:0.00, u:0.00, theta1:18.550, theta2:8.451, e:20.736
t:17.43, r:0.00, omega:20.74, omega_m:0.00, u:0.00, theta1:18.546, theta2:8.471, e:20.736
t:17.44, r:0.00, omega:20.74, omega_m:0.00, u:0.00, theta1:18.543, theta2:8.491, e:20.736
t:17.45, r:0.00, omega:20.74, omega_m:0.00, u:0.00, theta1:18.539, theta2:8.510, e:20.736
t:17.46, r:0.00, omega:20.74, omega_m:0.00, u:0.00, theta1:18.535, theta2:8.530, e:20.736
t:17.47, r:0.00, omega:20.74, omega_m:0.00, u:0.00, theta1:18.531, theta2:8.550, e:20.736
t:17.48, r:0.00, omega:20.74, omega_m:0.00, u:0.00, theta1:18.527, theta2:8.569, e:20.736
t:17.49, r:0.00, omega:20.74, omega_m:0.00, u:0.00, theta1:18.523, theta2:8.589, e:20.736
t:17.50, r:0.00, omega:20.74, omega_m:0.00, u:0.00, theta1:18.520, theta2:8.609, e:20.736
t:17.51, r:0.00, omega:20.74, omega_m:0.00, u:0.00, theta1:18.516, theta2:8.629, e:20.736
t:17.52, r:0.00, omega:0.00, omega_m:0.00, u:0.00, theta1:18.516, theta2:8.629, e:-0.000
t:17.53, r:0.00, omega:0.00, omega_m:0.00, u:0.00, theta1:18.516, theta2:8.629, e:-0.000
t:17.54, r:0.00, omega:0.00, omega_m:0.00, u:0.00, theta1:18.516, theta2:8.629, e:-0.000
t:17.55, r:0.00, omega:0.00, omega_m:0.00, u:0.00, theta1:18.516, theta2:8.629, e:-0.000
t:17.56, r:0.00, omega:0.00, omega_m:0.00, u:0.00, theta1:18.516, theta2:8.629, e:-0.000
t:17.57, r:0.00, omega:0.00, omega_m:0.00, u:0.00, theta1:18.516, theta2:8.629, e:-0.000
t:17.58, r:0.00, omega:0.00, omega_m:0.00, u:0.00, theta1:18.516, theta2:8.629, e:-0.000
t:17.59, r:0.00, omega:0.00, omega_m:0.00, u:0.00, theta1:18.516, theta2:8.629, e:-0.000
t:17.60, r:0.00, omega:0.00, omega_m:0.00, u:0.00, theta1:18.516, theta2:8.629, e:-0.000
t:17.61, r:0.00, omega:0.00, omega_m:0.00, u:0.00, theta1:18.516, theta2:8.629, e:-0.000
t:17.62, r:0.00, omega:0.00, omega_m:0.00, u:0.00, theta1:18.516, theta2:8.629, e:-0.000
t:17.63, r:0.00, omega:0.00, omega_m:0.00, u:0.00, theta1:18.516, theta2:8.629, e:-0.000
t:17.64, r:0.00, omega:0.00, omega_m:0.00, u:0.00, theta1:18.516, theta2:8.629, e:-0.000
t:17.65, r:0.00, omega:0.00, omega_m:0.00, u:0.00, theta1:18.516, theta2:8.629, e:-0.000
t:17.66, r:0.00, omega:0.00, omega_m:0.00, u:0.00, theta1:18.516, theta2:8.629, e:-0.000
t:17.67, r:0.00, omega:0.00, omega_m:0.00, u:0.00, theta1:18.516, theta2:8.629, e:-0.000
t:17.68, r:0.00, omega:0.00, omega_m:0.00, u:0.00, theta1:18.516, theta2:8.629, e:-0.000
t:17.69, r:0.00, omega:0.00, omega_m:0.00, u:0.00, theta1:18.516, theta2:8.629, e:-0.000
t:17.70, r:0.00, omega:0.00, omega_m:0.00, u:0.00, theta1:18.516, theta2:8.629, e:-0.000
t:17.71, r:0.00, omega:0.00, omega_m:0.00, u:0.00, theta1:18.516, theta2:8.629, e:-0.000
t:17.72, r:0.00, omega:0.00, omega_m:0.00, u:0.00, theta1:18.516, theta2:8.629, e:-0.000
t:17.73, r:0.00, omega:0.00, omega_m:0.00, u:0.00, theta1:18.516, theta2:8.629, e:-0.000
t:17.74, r:0.00, omega:0.00, omega_m:0.00, u:0.00, theta1:18.516, theta2:8.629, e:-0.000
t:17.75, r:0.00, omega:0.00, omega_m:0.00, u:0.00, theta1:18.516, theta2:8.629, e:-0.000
t:17.76, r:0.00, omega:0.00, omega_m:0.00, u:0.00, theta1:18.516, theta2:8.629, e:-0.000
t:17.77, r:0.00, omega:0.00, omega_m:0.00, u:0.00, theta1:18.516, theta2:8.629, e:-0.000
t:17.78, r:0.00, omega:0.00, omega_m:0.00, u:0.00, theta1:18.516, theta2:8.629, e:-0.000
t:17.79, r:0.00, omega:0.00, omega_m:0.00, u:0.00, theta1:18.516, theta2:8.629, e:-0.000
t:17.80, r:0.00, omega:0.00, omega_m:0.00, u:0.00, theta1:18.516, theta2:8.629, e:-0.000
t:17.81, r:0.00, omega:0.00, omega_m:0.00, u:0.00, theta1:18.516, theta2:8.629, e:-0.000
t:17.82, r:0.00, omega:0.00, omega_m:0.00, u:0.00, theta1:18.516, theta2:8.629, e:-0.000
t:17.83, r:0.00, omega:0.00, omega_m:0.00, u:0.00, theta1:18.516, theta2:8.629, e:-0.000
t:17.84, r:0.00, omega:0.00, omega_m:0.00, u:0.00, theta1:18.516, theta2:8.629, e:-0.000
t:17.85, r:0.00, omega:0.00, omega_m:0.00, u:0.00, theta1:18.516, theta2:8.629, e:-0.000
t:17.86, r:0.00, omega:0.00, omega_m:0.00, u:0.00, theta1:18.516, theta2:8.629, e:-0.000
t:17.87, r:0.00, omega:0.00, omega_m:0.00, u:0.00, theta1:18.516, theta2:8.629, e:-0.000
t:17.88, r:0.00, omega:0.00, omega_m:0.00, u:0.00, theta1:18.516, theta2:8.629, e:-0.000
t:17.89, r:0.00, omega:0.00, omega_m:0.00, u:0.00, theta1:18.516, theta2:8.629, e:-0.000
t:17.90, r:0.00, omega:0.00, omega_m:0.00, u:0.00, theta1:18.516, theta2:8.629, e:-0.000
t:17.91, r:0.00, omega:0.00, omega_m:0.00, u:0.00, theta1:18.516, theta2:8.629, e:-0.000
t:17.92, r:0.00, omega:0.00, omega_m:0.00, u:0.00, theta1:18.516, theta2:8.629, e:-0.000
t:17.93, r:0.00, omega:0.00, omega_m:0.00, u:0.00, theta1:18.516, theta2:8.629, e:-0.000
t:17.94, r:0.00, omega:0.00, omega_m:0.00, u:0.00, theta1:18.516, theta2:8.629, e:-0.000
t:17.95, r:0.00, omega:0.00, omega_m:0.00, u:0.00, theta1:18.516, theta2:8.629, e:-0.000
t:17.96, r:0.00, omega:0.00, omega_m:0.00, u:0.00, theta1:18.516, theta2:8.629, e:-0.000
t:17.97, r:0.00, omega:0.00, omega_m:0.00, u:0.00, theta1:18.516, theta2:8.629, e:-0.000
t:17.98, r:0.00, omega:0.00, omega_m:0.00, u:0.00, theta1:18.516, theta2:8.629, e:-0.000
t:17.99, r:0.00, omega:0.00, omega_m:0.00, u:0.00, theta1:18.516, theta2:8.629, e:-0.000
t:18.00, r:0.00, omega:0.00, omega_m:0.00, u:0.00, theta1:18.516, theta2:8.629, e:-0.000
t:18.01, r:-25.00, omega:0.00, omega_m:-15.80, u:-463.31, theta1:18.533, theta2:8.627, e:15.803
t:18.02, r:-25.00, omega:0.00, omega_m:-21.62, u:-463.89, theta1:18.556, theta2:8.625, e:21.617
t:18.03, r:-25.00, omega:-0.52, omega_m:-23.76, u:-460.05, theta1:18.580, theta2:8.623, e:23.239
t:18.04, r:-25.00, omega:-0.52, omega_m:-24.54, u:-460.69, theta1:18.606, theta2:8.620, e:24.025
t:18.05, r:-25.00, omega:-0.52, omega_m:-24.83, u:-461.34, theta1:18.632, theta2:8.617, e:24.315
t:18.06, r:-25.00, omega:-21.49, omega_m:-24.94, u:-280.75, theta1:18.635, theta2:8.613, e:3.445
t:18.07, r:-25.00, omega:-27.65, omega_m:-24.98, u:-227.52, theta1:18.632, theta2:8.617, e:-2.674
t:18.08, r:-25.00, omega:-27.65, omega_m:-24.99, u:-227.33, theta1:18.628, theta2:8.620, e:-2.659
t:18.09, r:-25.00, omega:-27.65, omega_m:-25.00, u:-227.14, theta1:18.624, theta2:8.624, e:-2.654
t:18.10, r:-25.00, omega:-22.17, omega_m:-25.00, u:-274.57, theta1:18.627, theta2:8.620, e:2.830
t:18.11, r:-25.00, omega:-22.17, omega_m:-25.00, u:-274.72, theta1:18.630, theta2:8.617, e:2.831
t:18.12, r:-25.00, omega:-22.17, omega_m:-25.00, u:-274.87, theta1:18.633, theta2:8.614, e:2.831
t:18.13, r:-25.00, omega:-19.25, omega_m:-25.00, u:-300.29, theta1:18.639, theta2:8.608, e:5.751
t:18.14, r:-25.00, omega:-19.25, omega_m:-25.00, u:-300.56, theta1:18.645, theta2:8.601, e:5.751
t:18.15, r:-25.00, omega:-19.83, omega_m:-25.00, u:-295.79, theta1:18.651, theta2:8.596, e:5.168
t:18.16, r:-25.00, omega:-19.83, omega_m:-25.00, u:-296.04, theta1:18.656, theta2:8.590, e:5.168
t:18.17, r:-25.00, omega:-19.83, omega_m:-25.00, u:-296.29, theta1:18.662, theta2:8.585, e:5.168
t:18.18, r:-25.00, omega:-19.55, omega_m:-25.00, u:-298.95, theta1:18.667, theta2:8.579, e:5.448
t:18.19, r:-25.00, omega:-19.55, omega_m:-25.00, u:-299.21, theta1:18.673, theta2:8.573, e:5.448
t:18.20, r:-25.00, omega:-22.11, omega_m:-25.00, u:-277.43, theta1:18.676, theta2:8.570, e:2.889
t:18.21, r:-25.00, omega:-22.11, omega_m:-25.00, u:-277.58, theta1:18.679, theta2:8.566, e:2.889
t:18.22, r:-25.00, omega:-22.11, omega_m:-25.00, u:-277.73, theta1:18.682, theta2:8.563, e:2.889
t:18.23, r:-25.00, omega:-21.75, omega_m:-25.00, u:-280.98, theta1:18.686, theta2:8.559, e:3.249
t:18.24, r:-25.00, omega:-21.75, omega_m:-25.00, u:-281.15, theta1:18.689, theta2:8.555, e:3.249
t:18.25, r:-25.00, omega:-19.42, omega_m:-25.00, u:-301.37, theta1:18.695, theta2:8.549, e:5.582
t:18.26, r:-25.00, omega:-19.42, omega_m:-25.00, u:-301.64, theta1:18.701, theta2:8.543, e:5.582
t:18.27, r:-25.00, omega:-19.42, omega_m:-25.00, u:-301.90, theta1:18.707, theta2:8.538, e:5.582
t:18.28, r:-25.00, omega:-19.94, omega_m:-25.00, u:-297.67, theta1:18.713, theta2:8.532, e:5.059
t:18.29, r:-25.00, omega:-19.94, omega_m:-25.00, u:-297.92, theta1:18.718, theta2:8.527, e:5.059
t:18.30, r:-25.00, omega:-21.63, omega_m:-25.00, u:-283.68, theta1:18.721, theta2:8.523, e:3.369
t:18.31, r:-25.00, omega:-21.63, omega_m:-25.00, u:-283.86, theta1:18.725, theta2:8.519, e:3.369
t:18.32, r:-25.00, omega:-21.63, omega_m:-25.00, u:-284.03, theta1:18.729, theta2:8.515, e:3.369
t:18.33, r:-25.00, omega:-19.56, omega_m:-25.00, u:-301.94, theta1:18.734, theta2:8.509, e:5.442
t:18.34, r:-25.00, omega:-19.56, omega_m:-25.00, u:-302.20, theta1:18.740, theta2:8.503, e:5.442
t:18.35, r:-25.00, omega:-19.56, omega_m:-25.00, u:-302.46, theta1:18.746, theta2:8.497, e:5.442
t:18.36, r:-25.00, omega:-19.43, omega_m:-25.00, u:-303.83, theta1:18.752, theta2:8.492, e:5.573
t:18.37, r:-25.00, omega:-19.43, omega_m:-25.00, u:-304.09, theta1:18.758, theta2:8.486, e:5.573
t:18.38, r:-25.00, omega:-21.77, omega_m:-25.00, u:-284.37, theta1:18.761, theta2:8.482, e:3.229
t:18.39, r:-25.00, omega:-21.77, omega_m:-25.00, u:-284.54, theta1:18.765, theta2:8.478, e:3.229
t:18.40, r:-25.00, omega:-21.77, omega_m:-25.00, u:-284.71, theta1:18.768, theta2:8.474, e:3.229
t:18.41, r:-25.00, omega:-21.03, omega_m:-25.00, u:-291.21, theta1:18.772, theta2:8.470, e:3.972
t:18.42, r:-25.00, omega:-21.03, omega_m:-25.00, u:-291.41, theta1:18.777, theta2:8.465, e:3.972
t:18.43, r:-25.00, omega:-19.73, omega_m:-25.00, u:-302.61, theta1:18.782, theta2:8.460, e:5.265
t:18.44, r:-25.00, omega:-19.73, omega_m:-25.00, u:-302.86, theta1:18.788, theta2:8.454, e:5.265
t:18.45, r:-25.00, omega:-19.73, omega_m:-25.00, u:-303.11, theta1:18.793, theta2:8.448, e:5.265
t:18.46, r:-25.00, omega:-20.01, omega_m:-25.00, u:-301.06, theta1:18.799, theta2:8.443, e:4.995
t:18.47, r:-25.00, omega:-20.01, omega_m:-25.00, u:-301.30, theta1:18.804, theta2:8.438, e:4.995
t:18.48, r:-25.00, omega:-20.91, omega_m:-25.00, u:-293.88, theta1:18.808, theta2:8.433, e:4.090
t:18.49, r:-25.00, omega:-20.91, omega_m:-25.00, u:-294.08, theta1:18.813, theta2:8.428, e:4.090
t:18.50, r:-25.00, omega:-20.91, omega_m:-25.00, u:-294.29, theta1:18.817, theta2:8.424, e:4.090
t:18.51, r:-25.00, omega:-20.76, omega_m:-25.00, u:-295.78, theta1:18.822, theta2:8.419, e:4.242
t:18.52, r:-25.00, omega:-20.76, omega_m:-25.00, u:-295.99, theta1:18.826, theta2:8.414, e:4.242
t:18.53, r:-25.00, omega:-20.76, omega_m:-25.00, u:-296.20, theta1:18.831, theta2:8.409, e:4.242
t:18.54, r:-25.00, omega:-20.34, omega_m:-25.00, u:-299.91, theta1:18.835, theta2:8.404, e:4.657
t:18.55, r:-25.00, omega:-20.34, omega_m:-25.00, u:-300.14, theta1:18.840, theta2:8.399, e:4.657
t:18.56, r:-25.00, omega:-20.25, omega_m:-25.00, u:-301.19, theta1:18.845, theta2:8.394, e:4.754
t:18.57, r:-25.00, omega:-20.25, omega_m:-25.00, u:-301.43, theta1:18.850, theta2:8.389, e:4.754
t:18.58, r:-25.00, omega:-20.25, omega_m:-25.00, u:-301.66, theta1:18.856, theta2:8.384, e:4.754
t:18.59, r:-25.00, omega:-19.87, omega_m:-25.00, u:-305.08, theta1:18.861, theta2:8.378, e:5.133
t:18.60, r:-25.00, omega:-19.87, omega_m:-25.00, u:-305.32, theta1:18.866, theta2:8.372, e:5.133
t:18.61, r:-25.00, omega:-20.99, omega_m:-25.00, u:-296.12, theta1:18.871, theta2:8.368, e:4.009
t:18.62, r:-25.00, omega:-20.99, omega_m:-25.00, u:-296.32, theta1:18.875, theta2:8.363, e:4.009
t:18.63, r:-25.00, omega:-20.99, omega_m:-25.00, u:-296.52, theta1:18.879, theta2:8.359, e:4.009
t:18.64, r:-25.00, omega:-20.23, omega_m:-25.00, u:-303.12, theta1:18.884, theta2:8.354, e:4.771
t:18.65, r:-25.00, omega:-20.23, omega_m:-25.00, u:-303.35, theta1:18.889, theta2:8.348, e:4.771
t:18.66, r:-25.00, omega:-20.23, omega_m:-25.00, u:-303.58, theta1:18.894, theta2:8.343, e:4.771
t:18.67, r:-25.00, omega:-19.37, omega_m:-25.00, u:-311.04, theta1:18.900, theta2:8.337, e:5.633
t:18.68, r:-25.00, omega:-19.37, omega_m:-25.00, u:-311.30, theta1:18.906, theta2:8.331, e:5.633
t:18.69, r:-25.00, omega:-20.95, omega_m:-25.00, u:-298.30, theta1:18.911, theta2:8.327, e:4.048
t:18.70, r:-25.00, omega:-20.95, omega_m:-25.00, u:-298.51, theta1:18.915, theta2:8.322, e:4.048
t:18.71, r:-25.00, omega:-20.95, omega_m:-25.00, u:-298.71, theta1:18.919, theta2:8.318, e:4.048
t:18.72, r:-25.00, omega:-20.99, omega_m:-25.00, u:-298.58, theta1:18.923, theta2:8.313, e:4.008
t:18.73, r:-25.00, omega:-20.99, omega_m:-25.00, u:-298.78, theta1:18.928, theta2:8.308, e:4.008
t:18.74, r:-25.00, omega:-20.81, omega_m:-25.00, u:-300.53, theta1:18.932, theta2:8.304, e:4.193
t:18.75, r:-25.00, omega:-20.81, omega_m:-25.00, u:-300.74, theta1:18.937, theta2:8.299, e:4.193
t:18.76, r:-25.00, omega:-21.71, omega_m:-25.00, u:-293.40, theta1:18.940, theta2:8.295, e:3.288
t:18.77, r:-25.00, omega:-21.71, omega_m:-25.00, u:-293.57, theta1:18.944, theta2:8.291, e:3.288
t:18.78, r:-25.00, omega:-21.71, omega_m:-25.00, u:-293.74, theta1:18.947, theta2:8.288, e:3.288
t:18.79, r:-25.00, omega:-22.57, omega_m:-25.00, u:-286.78, theta1:18.950, theta2:8.285, e:2.433
t:18.80, r:-25.00, omega:-22.57, omega_m:-25.00, u:-286.91, theta1:18.952, theta2:8.282, e:2.433
t:18.81, r:-25.00, omega:-20.14, omega_m:-25.00, u:-307.29, theta1:18.957, theta2:8.276, e:4.865
t:18.82, r:-25.00, omega:-20.14, omega_m:-25.00, u:-307.52, theta1:18.963, theta2:8.271, e:4.865
t:18.83, r:-25.00, omega:-20.14, omega_m:-25.00, u:-307.76, theta1:18.968, theta2:8.266, e:4.865
t:18.84, r:-25.00, omega:-19.60, omega_m:-25.00, u:-312.44, theta1:18.973, theta2:8.260, e:5.401
t:18.85, r:-25.00, omega:-19.60, omega_m:-25.00, u:-312.70, theta1:18.979, theta2:8.254, e:5.401
t:18.86, r:-25.00, omega:-22.64, omega_m:-25.00, u:-287.73, theta1:18.982, theta2:8.251, e:2.360
t:18.87, r:-25.00, omega:-22.64, omega_m:-25.00, u:-287.86, theta1:18.984, theta2:8.249, e:2.360
t:18.88, r:-25.00, omega:-22.64, omega_m:-25.00, u:-287.98, theta1:18.987, theta2:8.246, e:2.360
t:18.89, r:-25.00, omega:-20.88, omega_m:-25.00, u:-302.69, theta1:18.991, theta2:8.241, e:4.118
t:18.90, r:-25.00, omega:-20.88, omega_m:-25.00, u:-302.89, theta1:18.995, theta2:8.236, e:4.118
t:18.91, r:-25.00, omega:-20.88, omega_m:-25.00, u:-303.10, theta1:19.000, theta2:8.232, e:4.118
t:18.92, r:-25.00, omega:-19.80, omega_m:-25.00, u:-312.26, theta1:19.005, theta2:8.226, e:5.200
t:18.93, r:-25.00, omega:-19.80, omega_m:-25.00, u:-312.51, theta1:19.011, theta2:8.221, e:5.200
t:18.94, r:-25.00, omega:-21.94, omega_m:-25.00, u:-295.09, theta1:19.014, theta2:8.217, e:3.063
t:18.95, r:-25.00, omega:-21.94, omega_m:-25.00, u:-295.25, theta1:19.017, theta2:8.213, e:3.063
t:18.96, r:-25.00, omega:-21.85, omega_m:-25.00, u:-296.14, theta1:19.021, theta2:8.210, e:3.151
t:18.97, r:-25.00, omega:-21.85, omega_m:-25.00, u:-296.30, theta1:19.024, theta2:8.206, e:3.151
t:18.98, r:-25.00, omega:-21.85, omega_m:-25.00, u:-296.47, theta1:19.027, theta2:8.202, e:3.151
t:18.99, r:-25.00, omega:-19.98, omega_m:-25.00, u:-312.05, theta1:19.033, theta2:8.197, e:5.021
t:19.00, r:-25.00, omega:-19.98, omega_m:-25.00, u:-312.30, theta1:19.038, theta2:8.191, e:5.021
t:19.01, r:0.00, omega:-21.51, omega_m:-9.20, u:0.00, theta1:19.036, theta2:8.204, e:-12.313
t:19.02, r:0.00, omega:-21.51, omega_m:-3.38, u:0.00, theta1:19.032, theta2:8.222, e:-18.127
t:19.03, r:0.00, omega:-21.51, omega_m:-1.24, u:0.00, theta1:19.028, theta2:8.242, e:-20.265
t:19.04, r:0.00, omega:-21.51, omega_m:-0.46, u:0.00, theta1:19.024, theta2:8.263, e:-21.052
t:19.05, r:0.00, omega:-21.51, omega_m:-0.17, u:0.00, theta1:19.020, theta2:8.284, e:-21.342
t:19.06, r:0.00, omega:-21.51, omega_m:-0.06, u:0.00, theta1:19.016, theta2:8.305, e:-21.448
t:19.07, r:0.00, omega:-21.51, omega_m:-0.02, u:0.00, theta1:19.012, theta2:8.326, e:-21.487
t:19.08, r:0.00, omega:-21.51, omega_m:-0.01, u:0.00, theta1:19.008, theta2:8.348, e:-21.502
t:19.09, r:0.00, omega:-21.51, omega_m:-0.00, u:0.00, theta1:19.004, theta2:8.369, e:-21.507
t:19.10, r:0.00, omega:-21.51, omega_m:-0.00, u:0.00, theta1:19.000, theta2:8.391, e:-21.509
t:19.11, r:0.00, omega:-21.51, omega_m:-0.00, u:0.00, theta1:18.996, theta2:8.412, e:-21.510
t:19.12, r:0.00, omega:-21.51, omega_m:-0.00, u:0.00, theta1:18.992, theta2:8.433, e:-21.510
t:19.13, r:0.00, omega:-21.51, omega_m:-0.00, u:0.00, theta1:18.988, theta2:8.454, e:-21.510
t:19.14, r:0.00, omega:-21.51, omega_m:-0.00, u:0.00, theta1:18.983, theta2:8.476, e:-21.510
t:19.15, r:0.00, omega:-21.51, omega_m:-0.00, u:0.00, theta1:18.979, theta2:8.497, e:-21.510
t:19.16, r:0.00, omega:-21.51, omega_m:-0.00, u:0.00, theta1:18.975, theta2:8.518, e:-21.510
t:19.17, r:0.00, omega:-21.51, omega_m:-0.00, u:0.00, theta1:18.971, theta2:8.540, e:-21.510
t:19.18, r:0.00, omega:-21.51, omega_m:-0.00, u:0.00, theta1:18.967, theta2:8.561, e:-21.510
t:19.19, r:0.00, omega:-21.51, omega_m:-0.00, u:0.00, theta1:18.963, theta2:8.582, e:-21.510
t:19.20, r:0.00, omega:-21.51, omega_m:-0.00, u:0.00, theta1:18.959, theta2:8.604, e:-21.510
t:19.21, r:0.00, omega:-21.51, omega_m:-0.00, u:0.00, theta1:18.955, theta2:8.625, e:-21.510
t:19.22, r:0.00, omega:-21.51, omega_m:-0.00, u:0.00, theta1:18.951, theta2:8.646, e:-21.510
t:19.23, r:0.00, omega:-21.51, omega_m:-0.00, u:0.00, theta1:18.947, theta2:8.667, e:-21.510
t:19.24, r:0.00, omega:-21.51, omega_m:-0.00, u:0.00, theta1:18.943, theta2:8.689, e:-21.510
t:19.25, r:0.00, omega:-21.51, omega_m:-0.00, u:0.00, theta1:18.939, theta2:8.710, e:-21.510
t:19.26, r:0.00, omega:-21.51, omega_m:-0.00, u:0.00, theta1:18.935, theta2:8.731, e:-21.510
t:19.27, r:0.00, omega:-21.51, omega_m:-0.00, u:0.00, theta1:18.930, theta2:8.752, e:-21.510
t:19.28, r:0.00, omega:-21.51, omega_m:-0.00, u:0.00, theta1:18.926, theta2:8.774, e:-21.510
t:19.29, r:0.00, omega:-21.51, omega_m:-0.00, u:0.00, theta1:18.922, theta2:8.795, e:-21.510
t:19.30, r:0.00, omega:-21.51, omega_m:-0.00, u:0.00, theta1:18.918, theta2:8.816, e:-21.510
t:19.31, r:0.00, omega:-21.51, omega_m:-0.00, u:0.00, theta1:18.914, theta2:8.837, e:-21.510
t:19.32, r:0.00, omega:-21.51, omega_m:-0.00, u:0.00, theta1:18.910, theta2:8.859, e:-21.510
t:19.33, r:0.00, omega:-21.51, omega_m:-0.00, u:0.00, theta1:18.906, theta2:8.880, e:-21.510
t:19.34, r:0.00, omega:-21.51, omega_m:-0.00, u:0.00, theta1:18.902, theta2:8.901, e:-21.510
t:19.35, r:0.00, omega:-21.51, omega_m:-0.00, u:0.00, theta1:18.898, theta2:8.922, e:-21.510
t:19.36, r:0.00, omega:-21.51, omega_m:-0.00, u:0.00, theta1:18.894, theta2:8.944, e:-21.510
t:19.37, r:0.00, omega:-21.51, omega_m:-0.00, u:0.00, theta1:18.890, theta2:8.965, e:-21.510
t:19.38, r:0.00, omega:-21.51, omega_m:-0.00, u:0.00, theta1:18.886, theta2:8.986, e:-21.510
t:19.39, r:0.00, omega:-21.51, omega_m:-0.00, u:0.00, theta1:18.882, theta2:9.007, e:-21.510
t:19.40, r:0.00, omega:-21.51, omega_m:-0.00, u:0.00, theta1:18.878, theta2:9.028, e:-21.510
t:19.41, r:0.00, omega:-21.51, omega_m:-0.00, u:0.00, theta1:18.874, theta2:9.050, e:-21.510
t:19.42, r:0.00, omega:-21.51, omega_m:-0.00, u:0.00, theta1:18.869, theta2:9.071, e:-21.510
t:19.43, r:0.00, omega:-21.51, omega_m:-0.00, u:0.00, theta1:18.865, theta2:9.092, e:-21.510
t:19.44, r:0.00, omega:-21.51, omega_m:-0.00, u:0.00, theta1:18.861, theta2:9.113, e:-21.510
t:19.45, r:0.00, omega:-21.51, omega_m:-0.00, u:0.00, theta1:18.857, theta2:9.134, e:-21.510
t:19.46, r:0.00, omega:-21.51, omega_m:-0.00, u:0.00, theta1:18.853, theta2:9.155, e:-21.510
t:19.47, r:0.00, omega:-21.51, omega_m:-0.00, u:0.00, theta1:18.849, theta2:9.177, e:-21.510
t:19.48, r:0.00, omega:-21.51, omega_m:-0.00, u:0.00, theta1:18.845, theta2:9.198, e:-21.510
t:19.49, r:0.00, omega:-21.51, omega_m:-0.00, u:0.00, theta1:18.841, theta2:9.219, e:-21.510
t:19.50, r:0.00, omega:-21.51, omega_m:-0.00, u:0.00, theta1:18.837, theta2:9.240, e:-21.510
t:19.51, r:0.00, omega:0.00, omega_m:-0.00, u:0.00, theta1:18.837, theta2:9.240, e:0.000
t:19.52, r:0.00, omega:0.00, omega_m:-0.00, u:0.00, theta1:18.837, theta2:9.240, e:0.000
t:19.53, r:0.00, omega:0.00, omega_m:-0.00, u:0.00, theta1:18.837, theta2:9.240, e:0.000
t:19.54, r:0.00, omega:0.00, omega_m:-0.00, u:0.00, theta1:18.837, theta2:9.240, e:0.000
t:19.55, r:0.00, omega:0.00, omega_m:-0.00, u:0.00, theta1:18.837, theta2:9.240, e:0.000
t:19.56, r:0.00, omega:0.00, omega_m:-0.00, u:0.00, theta1:18.837, theta2:9.240, e:0.000
t:19.57, r:0.00, omega:0.00, omega_m:-0.00, u:0.00, theta1:18.837, theta2:9.240, e:0.000
t:19.58, r:0.00, omega:0.00, omega_m:-0.00, u:0.00, theta1:18.837, theta2:9.240, e:0.000
t:19.59, r:0.00, omega:0.00, omega_m:-0.00, u:0.00, theta1:18.837, theta2:9.240, e:0.000
t:19.60, r:0.00, omega:0.00, omega_m:-0.00, u:0.00, theta1:18.837, theta2:9.240, e:0.000
t:19.61, r:0.00, omega:0.00, omega_m:-0.00, u:0.00, theta1:18.837, theta2:9.240, e:0.000
t:19.62, r:0.00, omega:0.00, omega_m:-0.00, u:0.00, theta1:18.837, theta2:9.240, e:0.000
t:19.63, r:0.00, omega:0.00, omega_m:-0.00, u:0.00, theta1:18.837, theta2:9.240, e:0.000
t:19.64, r:0.00, omega:0.00, omega_m:-0.00, u:0.00, theta1:18.837, theta2:9.240, e:0.000
t:19.65, r:0.00, omega:0.00, omega_m:-0.00, u:0.00, theta1:18.837, theta2:9.240, e:0.000
t:19.66, r:0.00, omega:0.00, omega_m:-0.00, u:0.00, theta1:18.837, theta2:9.240, e:0.000
t:19.67, r:0.00, omega:0.00, omega_m:-0.00, u:0.00, theta1:18.837, theta2:9.240, e:0.000
t:19.68, r:0.00, omega:0.00, omega_m:-0.00, u:0.00, theta1:18.837, theta2:9.240, e:0.000
t:19.69, r:0.00, omega:0.00, omega_m:-0.00, u:0.00, theta1:18.837, theta2:9.240, e:0.000
t:19.70, r:0.00, omega:0.00, omega_m:-0.00, u:0.00, theta1:18.837, theta2:9.240, e:0.000
t:19.71, r:0.00, omega:0.00, omega_m:-0.00, u:0.00, theta1:18.837, theta2:9.240, e:0.000
t:19.72, r:0.00, omega:0.00, omega_m:-0.00, u:0.00, theta1:18.837, theta2:9.240, e:0.000
t:19.73, r:0.00, omega:0.00, omega_m:-0.00, u:0.00, theta1:18.837, theta2:9.240, e:0.000
t:19.74, r:0.00, omega:0.00, omega_m:-0.00, u:0.00, theta1:18.837, theta2:9.240, e:0.000
t:19.75, r:0.00, omega:0.00, omega_m:-0.00, u:0.00, theta1:18.837, theta2:9.240, e:0.000
t:19.76, r:0.00, omega:0.00, omega_m:-0.00, u:0.00, theta1:18.837, theta2:9.240, e:0.000
t:19.77, r:0.00, omega:0.00, omega_m:-0.00, u:0.00, theta1:18.837, theta2:9.240, e:0.000
t:19.78, r:0.00, omega:0.00, omega_m:-0.00, u:0.00, theta1:18.837, theta2:9.240, e:0.000
t:19.79, r:0.00, omega:0.00, omega_m:-0.00, u:0.00, theta1:18.837, theta2:9.240, e:0.000
t:19.80, r:0.00, omega:0.00, omega_m:-0.00, u:0.00, theta1:18.837, theta2:9.240, e:0.000
t:19.81, r:0.00, omega:0.00, omega_m:-0.00, u:0.00, theta1:18.837, theta2:9.240, e:0.000
t:19.82, r:0.00, omega:0.00, omega_m:-0.00, u:0.00, theta1:18.837, theta2:9.240, e:0.000
t:19.83, r:0.00, omega:0.00, omega_m:-0.00, u:0.00, theta1:18.837, theta2:9.240, e:0.000
t:19.84, r:0.00, omega:0.00, omega_m:-0.00, u:0.00, theta1:18.837, theta2:9.240, e:0.000
t:19.85, r:0.00, omega:0.00, omega_m:-0.00, u:0.00, theta1:18.837, theta2:9.240, e:0.000
t:19.86, r:0.00, omega:0.00, omega_m:-0.00, u:0.00, theta1:18.837, theta2:9.240, e:0.000
t:19.87, r:0.00, omega:0.00, omega_m:-0.00, u:0.00, theta1:18.837, theta2:9.240, e:0.000
t:19.88, r:0.00, omega:0.00, omega_m:-0.00, u:0.00, theta1:18.837, theta2:9.240, e:0.000
t:19.89, r:0.00, omega:0.00, omega_m:-0.00, u:0.00, theta1:18.837, theta2:9.240, e:0.000
t:19.90, r:0.00, omega:0.00, omega_m:-0.00, u:0.00, theta1:18.837, theta2:9.240, e:0.000
t:19.91, r:0.00, omega:0.00, omega_m:-0.00, u:0.00, theta1:18.837, theta2:9.240, e:0.000
t:19.92, r:0.00, omega:0.00, omega_m:-0.00, u:0.00, theta1:18.837, theta2:9.240, e:0.000
t:19.93, r:0.00, omega:0.00, omega_m:-0.00, u:0.00, theta1:18.837, theta2:9.240, e:0.000
t:19.94, r:0.00, omega:0.00, omega_m:-0.00, u:0.00, theta1:18.837, theta2:9.240, e:0.000
t:19.95, r:0.00, omega:0.00, omega_m:-0.00, u:0.00, theta1:18.837, theta2:9.240, e:0.000
t:19.96, r:0.00, omega:0.00, omega_m:-0.00, u:0.00, theta1:18.837, theta2:9.240, e:0.000
t:19.97, r:0.00, omega:0.00, omega_m:-0.00, u:0.00, theta1:18.837, theta2:9.240, e:0.000
t:19.98, r:0.00, omega:0.00, omega_m:-0.00, u:0.00, theta1:18.837, theta2:9.240, e:0.000
t:19.99, r:0.00, omega:0.00, omega_m:-0.00, u:0.00, theta1:18.837, theta2:9.240, e:0.000
t:20.00, r:0.00, omega:0.00, omega_m:-0.00, u:0.00, theta1:18.837, theta2:9.240, e:0.000
t:20.01, r:25.00, omega:0.00, omega_m:15.80, u:471.34, theta1:18.854, theta2:9.239, e:-15.803
t:20.02, r:25.00, omega:0.00, omega_m:21.62, u:471.92, theta1:18.877, theta2:9.237, e:-21.617
t:20.03, r:25.00, omega:0.00, omega_m:23.76, u:472.55, theta1:18.902, theta2:9.234, e:-23.755
t:20.04, r:25.00, omega:0.51, omega_m:24.54, u:468.46, theta1:18.927, theta2:9.232, e:-24.031
t:20.05, r:25.00, omega:0.51, omega_m:24.83, u:469.11, theta1:18.953, theta2:9.229, e:-24.320
t:20.06, r:25.00, omega:24.05, omega_m:24.94, u:251.91, theta1:18.954, theta2:9.228, e:-0.886
t:20.07, r:25.00, omega:24.05, omega_m:24.98, u:251.96, theta1:18.955, theta2:9.226, e:-0.925
t:20.08, r:25.00, omega:29.37, omega_m:24.99, u:202.55, theta1:18.949, theta2:9.232, e:4.379
t:20.09, r:25.00, omega:29.37, omega_m:25.00, u:202.22, theta1:18.943, theta2:9.238, e:4.374
t:20.10, r:25.00, omega:21.27, omega_m:25.00, u:277.23, theta1:18.947, theta2:9.234, e:-3.726
t:20.11, r:25.00, omega:21.27, omega_m:25.00, u:277.42, theta1:18.950, theta2:9.230, e:-3.727
t:20.12, r:25.00, omega:21.27, omega_m:25.00, u:277.61, theta1:18.954, theta2:9.226, e:-3.727
t:20.13, r:25.00, omega:16.86, omega_m:25.00, u:318.66, theta1:18.963, theta2:9.218, e:-8.140
t:20.14, r:25.00, omega:16.86, omega_m:25.00, u:319.01, theta1:18.972, theta2:9.210, e:-8.140
t:20.15, r:25.00, omega:16.86, omega_m:25.00, u:319.35, theta1:18.980, theta2:9.203, e:-8.140
t:20.16, r:25.00, omega:20.14, omega_m:25.00, u:289.40, theta1:18.985, theta2:9.197, e:-4.859
t:20.17, r:25.00, omega:20.14, omega_m:25.00, u:289.63, theta1:18.991, theta2:9.192, e:-4.859
t:20.18, r:25.00, omega:20.24, omega_m:25.00, u:288.96, theta1:18.996, theta2:9.187, e:-4.760
t:20.19, r:25.00, omega:20.24, omega_m:25.00, u:289.19, theta1:19.001, theta2:9.182, e:-4.760
t:20.20, r:25.00, omega:20.24, omega_m:25.00, u:289.42, theta1:19.006, theta2:9.176, e:-4.760
t:20.21, r:25.00, omega:20.18, omega_m:25.00, u:290.23, theta1:19.011, theta2:9.171, e:-4.824
t:20.22, r:25.00, omega:20.18, omega_m:25.00, u:290.47, theta1:19.016, theta2:9.166, e:-4.824
t:20.23, r:25.00, omega:20.18, omega_m:25.00, u:290.70, theta1:19.021, theta2:9.160, e:-4.824
t:20.24, r:25.00, omega:20.13, omega_m:25.00, u:291.38, theta1:19.026, theta2:9.155, e:-4.872
t:20.25, r:25.00, omega:20.13, omega_m:25.00, u:291.62, theta1:19.031, theta2:9.150, e:-4.872
t:20.26, r:25.00, omega:20.15, omega_m:25.00, u:291.65, theta1:19.037, theta2:9.144, e:-4.849
t:20.27, r:25.00, omega:20.15, omega_m:25.00, u:291.88, theta1:19.042, theta2:9.139, e:-4.849
t:20.28, r:25.00, omega:20.15, omega_m:25.00, u:292.12, theta1:19.047, theta2:9.134, e:-4.849
t:20.29, r:25.00, omega:20.03, omega_m:25.00, u:293.47, theta1:19.052, theta2:9.128, e:-4.970
t:20.30, r:25.00, omega:20.03, omega_m:25.00, u:293.71, theta1:19.057, theta2:9.123, e:-4.970
t:20.31, r:25.00, omega:22.31, omega_m:25.00, u:273.03, theta1:19.060, theta2:9.120, e:-2.688
t:20.32, r:25.00, omega:22.31, omega_m:25.00, u:273.17, theta1:19.063, theta2:9.116, e:-2.688
t:20.33, r:25.00, omega:22.31, omega_m:25.00, u:273.32, theta1:19.066, theta2:9.113, e:-2.688
t:20.34, r:25.00, omega:20.35, omega_m:25.00, u:291.41, theta1:19.071, theta2:9.108, e:-4.649
t:20.35, r:25.00, omega:20.35, omega_m:25.00, u:291.64, theta1:19.076, theta2:9.103, e:-4.649
t:20.36, r:25.00, omega:20.35, omega_m:25.00, u:291.87, theta1:19.081, theta2:9.098, e:-4.649
t:20.37, r:25.00, omega:18.96, omega_m:25.00, u:304.81, theta1:19.087, theta2:9.091, e:-6.041
t:20.38, r:25.00, omega:18.96, omega_m:25.00, u:305.09, theta1:19.093, theta2:9.085, e:-6.041
t:20.39, r:25.00, omega:19.92, omega_m:25.00, u:296.58, theta1:19.099, theta2:9.080, e:-5.077
t:20.40, r:25.00, omega:19.92, omega_m:25.00, u:296.82, theta1:19.104, theta2:9.074, e:-5.077
t:20.41, r:25.00, omega:19.92, omega_m:25.00, u:297.07, theta1:19.110, theta2:9.068, e:-5.077
t:20.42, r:25.00, omega:21.47, omega_m:25.00, u:283.20, theta1:19.113, theta2:9.064, e:-3.528
t:20.43, r:25.00, omega:21.47, omega_m:25.00, u:283.38, theta1:19.117, theta2:9.060, e:-3.528
t:20.44, r:25.00, omega:19.39, omega_m:25.00, u:302.53, theta1:19.123, theta2:9.054, e:-5.612
t:20.45, r:25.00, omega:19.39, omega_m:25.00, u:302.79, theta1:19.129, theta2:9.048, e:-5.612
t:20.46, r:25.00, omega:19.39, omega_m:25.00, u:303.06, theta1:19.135, theta2:9.042, e:-5.612
t:20.47, r:25.00, omega:20.30, omega_m:25.00, u:295.03, theta1:19.140, theta2:9.037, e:-4.699
t:20.48, r:25.00, omega:20.30, omega_m:25.00, u:295.26, theta1:19.145, theta2:9.032, e:-4.699
t:20.49, r:25.00, omega:21.61, omega_m:25.00, u:283.61, theta1:19.148, theta2:9.028, e:-3.390
t:20.50, r:25.00, omega:21.61, omega_m:25.00, u:283.79, theta1:19.152, theta2:9.024, e:-3.390
t:20.51, r:25.00, omega:21.61, omega_m:25.00, u:283.96, theta1:19.156, theta2:9.020, e:-3.390
t:20.52, r:25.00, omega:19.39, omega_m:25.00, u:304.24, theta1:19.162, theta2:9.014, e:-5.608
t:20.53, r:25.00, omega:19.39, omega_m:25.00, u:304.50, theta1:19.167, theta2:9.008, e:-5.608
t:20.54, r:25.00, omega:19.39, omega_m:25.00, u:304.76, theta1:19.173, theta2:9.002, e:-5.608
t:20.55, r:25.00, omega:19.04, omega_m:25.00, u:308.25, theta1:19.180, theta2:8.996, e:-5.964
t:20.56, r:25.00, omega:19.04, omega_m:25.00, u:308.52, theta1:19.186, theta2:8.990, e:-5.964
t:20.57, r:25.00, omega:22.83, omega_m:25.00, u:274.57, theta1:19.188, theta2:8.987, e:-2.174
t:20.58, r:25.00, omega:22.83, omega_m:25.00, u:274.69, theta1:19.191, theta2:8.985, e:-2.174
t:20.59, r:25.00, omega:22.83, omega_m:25.00, u:274.81, theta1:19.193, theta2:8.982, e:-2.174
t:20.60, r:25.00, omega:19.83, omega_m:25.00, u:301.92, theta1:19.198, theta2:8.976, e:-5.166
t:20.61, r:25.00, omega:19.83, omega_m:25.00, u:302.17, theta1:19.204, theta2:8.971, e:-5.166
t:20.62, r:25.00, omega:19.46, omega_m:25.00, u:305.82, theta1:19.210, theta2:8.965, e:-5.543
t:20.63, r:25.00, omega:19.46, omega_m:25.00, u:306.08, theta1:19.216, theta2:8.959, e:-5.543
t:20.64, r:25.00, omega:19.46, omega_m:25.00, u:306.34, theta1:19.221, theta2:8.953, e:-5.543
t:20.65, r:25.00, omega:20.29, omega_m:25.00, u:299.09, theta1:19.226, theta2:8.948, e:-4.708
t:20.66, r:25.00, omega:20.29, omega_m:25.00, u:299.32, theta1:19.231, theta2:8.943, e:-4.708
t:20.67, r:25.00, omega:21.48, omega_m:25.00, u:288.92, theta1:19.235, theta2:8.938, e:-3.524
t:20.68, r:25.00, omega:21.48, omega_m:25.00, u:289.10, theta1:19.239, theta2:8.934, e:-3.524
t:20.69, r:25.00, omega:21.48, omega_m:25.00, u:289.28, theta1:19.243, theta2:8.930, e:-3.524
t:20.70, r:25.00, omega:19.76, omega_m:25.00, u:304.83, theta1:19.248, theta2:8.925, e:-5.237
t:20.71, r:25.00, omega:19.76, omega_m:25.00, u:305.08, theta1:19.254, theta2:8.919, e:-5.237
t:20.72, r:25.00, omega:19.76, omega_m:25.00, u:305.33, theta1:19.259, theta2:8.913, e:-5.237
t:20.73, r:25.00, omega:19.91, omega_m:25.00, u:304.27, theta1:19.265, theta2:8.908, e:-5.091
t:20.74, r:25.00, omega:19.91, omega_m:25.00, u:304.52, theta1:19.270, theta2:8.902, e:-5.091
t:20.75, r:25.00, omega:20.67, omega_m:25.00, u:297.97, theta1:19.275, theta2:8.897, e:-4.331
t:20.76, r:25.00, omega:20.67, omega_m:25.00, u:298.18, theta1:19.279, theta2:8.893, e:-4.331
t:20.77, r:25.00, omega:20.67, omega_m:25.00, u:298.40, theta1:19.284, theta2:8.888, e:-4.331
t:20.78, r:25.00, omega:20.67, omega_m:25.00, u:298.63, theta1:19.288, theta2:8.883, e:-4.333
t:20.79, r:25.00, omega:20.67, omega_m:25.00, u:298.84, theta1:19.293, theta2:8.878, e:-4.333
t:20.80, r:25.00, omega:20.66, omega_m:25.00, u:299.11, theta1:19.297, theta2:8.873, e:-4.339
t:20.81, r:25.00, omega:20.66, omega_m:25.00, u:299.32, theta1:19.302, theta2:8.868, e:-4.339
t:20.82, r:25.00, omega:20.66, omega_m:25.00, u:299.54, theta1:19.307, theta2:8.863, e:-4.339
t:20.83, r:25.00, omega:20.61, omega_m:25.00, u:300.24, theta1:19.311, theta2:8.859, e:-4.394
t:20.84, r:25.00, omega:20.61, omega_m:25.00, u:300.46, theta1:19.316, theta2:8.854, e:-4.394
t:20.85, r:25.00, omega:20.57, omega_m:25.00, u:301.00, theta1:19.321, theta2:8.849, e:-4.430
t:20.86, r:25.00, omega:20.57, omega_m:25.00, u:301.22, theta1:19.325, theta2:8.844, e:-4.430
t:20.87, r:25.00, omega:20.57, omega_m:25.00, u:301.44, theta1:19.330, theta2:8.839, e:-4.430
t:20.88, r:25.00, omega:20.56, omega_m:25.00, u:301.79, theta1:19.335, theta2:8.834, e:-4.445
t:20.89, r:25.00, omega:20.56, omega_m:25.00, u:302.01, theta1:19.339, theta2:8.829, e:-4.445
t:20.90, r:25.00, omega:20.56, omega_m:25.00, u:302.23, theta1:19.344, theta2:8.824, e:-4.445
t:20.91, r:25.00, omega:20.34, omega_m:25.00, u:304.39, theta1:19.349, theta2:8.819, e:-4.664
t:20.92, r:25.00, omega:20.34, omega_m:25.00, u:304.62, theta1:19.354, theta2:8.814, e:-4.664
t:20.93, r:25.00, omega:20.86, omega_m:25.00, u:300.19, theta1:19.358, theta2:8.809, e:-4.139
t:20.94, r:25.00, omega:20.86, omega_m:25.00, u:300.40, theta1:19.363, theta2:8.804, e:-4.139
t:20.95, r:25.00, omega:20.86, omega_m:25.00, u:300.61, theta1:19.367, theta2:8.800, e:-4.139
t:20.96, r:25.00, omega:21.39, omega_m:25.00, u:296.14, theta1:19.371, theta2:8.795, e:-3.610
t:20.97, r:25.00, omega:21.39, omega_m:25.00, u:296.33, theta1:19.375, theta2:8.791, e:-3.610
t:20.98, r:25.00, omega:21.26, omega_m:25.00, u:297.64, theta1:19.379, theta2:8.787, e:-3.738
t:20.99, r:25.00, omega:21.26, omega_m:25.00, u:297.83, theta1:19.383, theta2:8.783, e:-3.738
t:21.00, r:25.00, omega:20.91, omega_m:25.00, u:301.11, theta1:19.387, theta2:8.778, e:-4.089
t:21.01, r:0.00, omega:20.91, omega_m:9.20, u:0.00, theta1:19.385, theta2:8.789, e:11.714
t:21.02, r:0.00, omega:20.91, omega_m:3.38, u:0.00, theta1:19.381, theta2:8.806, e:17.528
t:21.03, r:0.00, omega:20.91, omega_m:1.24, u:0.00, theta1:19.377, theta2:8.825, e:19.667
t:21.04, r:0.00, omega:13.51, omega_m:0.46, u:0.00, theta1:19.375, theta2:8.832, e:13.053
t:21.05, r:0.00, omega:13.51, omega_m:0.17, u:0.00, theta1:19.372, theta2:8.840, e:13.342
t:21.06, r:0.00, omega:13.51, omega_m:0.06, u:0.00, theta1:19.370, theta2:8.848, e:13.449
t:21.07, r:0.00, omega:13.51, omega_m:0.02, u:0.00, theta1:19.367, theta2:8.856, e:13.488
t:21.08, r:0.00, omega:13.51, omega_m:0.01, u:0.00, theta1:19.364, theta2:8.864, e:13.502
t:21.09, r:0.00, omega:13.51, omega_m:0.00, u:0.00, theta1:19.362, theta2:8.872, e:13.507
t:21.10, r:0.00, omega:13.51, omega_m:0.00, u:0.00, theta1:19.359, theta2:8.880, e:13.509
t:21.11, r:0.00, omega:13.51, omega_m:0.00, u:0.00, theta1:19.357, theta2:8.888, e:13.510
t:21.12, r:0.00, omega:13.51, omega_m:0.00, u:0.00, theta1:19.354, theta2:8.896, e:13.510
t:21.13, r:0.00, omega:13.51, omega_m:0.00, u:0.00, theta1:19.351, theta2:8.904, e:13.510
t:21.14, r:0.00, omega:13.51, omega_m:0.00, u:0.00, theta1:19.349, theta2:8.912, e:13.510
t:21.15, r:0.00, omega:13.51, omega_m:0.00, u:0.00, theta1:19.346, theta2:8.919, e:13.510
t:21.16, r:0.00, omega:13.51, omega_m:0.00, u:0.00, theta1:19.344, theta2:8.927, e:13.510
t:21.17, r:0.00, omega:13.51, omega_m:0.00, u:0.00, theta1:19.341, theta2:8.935, e:13.510
t:21.18, r:0.00, omega:13.51, omega_m:0.00, u:0.00, theta1:19.338, theta2:8.943, e:13.510
t:21.19, r:0.00, omega:13.51, omega_m:0.00, u:0.00, theta1:19.336, theta2:8.951, e:13.510
t:21.20, r:0.00, omega:13.51, omega_m:0.00, u:0.00, theta1:19.333, theta2:8.959, e:13.510
t:21.21, r:0.00, omega:13.51, omega_m:0.00, u:0.00, theta1:19.330, theta2:8.967, e:13.510
t:21.22, r:0.00, omega:13.51, omega_m:0.00, u:0.00, theta1:19.328, theta2:8.975, e:13.510
t:21.23, r:0.00, omega:13.51, omega_m:0.00, u:0.00, theta1:19.325, theta2:8.983, e:13.510
t:21.24, r:0.00, omega:13.51, omega_m:0.00, u:0.00, theta1:19.323, theta2:8.991, e:13.510
t:21.25, r:0.00, omega:13.51, omega_m:0.00, u:0.00, theta1:19.320, theta2:8.999, e:13.510
t:21.26, r:0.00, omega:13.51, omega_m:0.00, u:0.00, theta1:19.317, theta2:9.007, e:13.510
t:21.27, r:0.00, omega:13.51, omega_m:0.00, u:0.00, theta1:19.315, theta2:9.014, e:13.510
t:21.28, r:0.00, omega:13.51, omega_m:0.00, u:0.00, theta1:19.312, theta2:9.022, e:13.510
t:21.29, r:0.00, omega:13.51, omega_m:0.00, u:0.00, theta1:19.310, theta2:9.030, e:13.510
t:21.30, r:0.00, omega:13.51, omega_m:0.00, u:0.00, theta1:19.307, theta2:9.038, e:13.510
t:21.31, r:0.00, omega:13.51, omega_m:0.00, u:0.00, theta1:19.304, theta2:9.046, e:13.510
t:21.32, r:0.00, omega:13.51, omega_m:0.00, u:0.00, theta1:19.302, theta2:9.054, e:13.510
t:21.33, r:0.00, omega:13.51, omega_m:0.00, u:0.00, theta1:19.299, theta2:9.062, e:13.510
t:21.34, r:0.00, omega:13.51, omega_m:0.00, u:0.00, theta1:19.297, theta2:9.070, e:13.510
t:21.35, r:0.00, omega:13.51, omega_m:0.00, u:0.00, theta1:19.294, theta2:9.078, e:13.510
t:21.36, r:0.00, omega:13.51, omega_m:0.00, u:0.00, theta1:19.291, theta2:9.086, e:13.510
t:21.37, r:0.00, omega:13.51, omega_m:0.00, u:0.00, theta1:19.289, theta2:9.093, e:13.510
t:21.38, r:0.00, omega:13.51, omega_m:0.00, u:0.00, theta1:19.286, theta2:9.101, e:13.510
t:21.39, r:0.00, omega:13.51, omega_m:0.00, u:0.00, theta1:19.284, theta2:9.109, e:13.510
t:21.40, r:0.00, omega:13.51, omega_m:0.00, u:0.00, theta1:19.281, theta2:9.117, e:13.510
t:21.41, r:0.00, omega:13.51, omega_m:0.00, u:0.00, theta1:19.278, theta2:9.125, e:13.510
t:21.42, r:0.00, omega:13.51, omega_m:0.00, u:0.00, theta1:19.276, theta2:9.133, e:13.510
t:21.43, r:0.00, omega:13.51, omega_m:0.00, u:0.00, theta1:19.273, theta2:9.141, e:13.510
t:21.44, r:0.00, omega:13.51, omega_m:0.00, u:0.00, theta1:19.271, theta2:9.149, e:13.510
t:21.45, r:0.00, omega:13.51, omega_m:0.00, u:0.00, theta1:19.268, theta2:9.157, e:13.510
t:21.46, r:0.00, omega:13.51, omega_m:0.00, u:0.00, theta1:19.265, theta2:9.165, e:13.510
t:21.47, r:0.00, omega:13.51, omega_m:0.00, u:0.00, theta1:19.263, theta2:9.172, e:13.510
t:21.48, r:0.00, omega:13.51, omega_m:0.00, u:0.00, theta1:19.260, theta2:9.180, e:13.510
t:21.49, r:0.00, omega:13.51, omega_m:0.00, u:0.00, theta1:19.257, theta2:9.188, e:13.510
t:21.50, r:0.00, omega:13.51, omega_m:0.00, u:0.00, theta1:19.255, theta2:9.196, e:13.510
t:21.51, r:0.00, omega:13.51, omega_m:0.00, u:0.00, theta1:19.252, theta2:9.204, e:13.510
t:21.52, r:0.00, omega:13.51, omega_m:0.00, u:0.00, theta1:19.250, theta2:9.212, e:13.510
t:21.53, r:0.00, omega:13.51, omega_m:0.00, u:0.00, theta1:19.247, theta2:9.220, e:13.510
t:21.54, r:0.00, omega:0.00, omega_m:0.00, u:0.00, theta1:19.247, theta2:9.220, e:-0.000
t:21.55, r:0.00, omega:0.00, omega_m:0.00, u:0.00, theta1:19.247, theta2:9.220, e:-0.000
t:21.56, r:0.00, omega:0.00, omega_m:0.00, u:0.00, theta1:19.247, theta2:9.220, e:-0.000
t:21.57, r:0.00, omega:0.00, omega_m:0.00, u:0.00, theta1:19.247, theta2:9.220, e:-0.000
t:21.58, r:0.00, omega:0.00, omega_m:0.00, u:0.00, theta1:19.247, theta2:9.220, e:-0.000
t:21.59, r:0.00, omega:0.00, omega_m:0.00, u:0.00, theta1:19.247, theta2:9.220, e:-0.000
t:21.60, r:0.00, omega:0.00, omega_m:0.00, u:0.00, theta1:19.247, theta2:9.220, e:-0.000
t:21.61, r:0.00, omega:0.00, omega_m:0.00, u:0.00, theta1:19.247, theta2:9.220, e:-0.000
t:21.62, r:0.00, omega:0.00, omega_m:0.00, u:0.00, theta1:19.247, theta2:9.220, e:-0.000
t:21.63, r:0.00, omega:0.00, omega_m:0.00, u:0.00, theta1:19.247, theta2:9.220, e:-0.000
t:21.64, r:0.00, omega:0.00, omega_m:0.00, u:0.00, theta1:19.247, theta2:9.220, e:-0.000
t:21.65, r:0.00, omega:0.00, omega_m:0.00, u:0.00, theta1:19.247, theta2:9.220, e:-0.000
t:21.66, r:0.00, omega:0.00, omega_m:0.00, u:0.00, theta1:19.247, theta2:9.220, e:-0.000
t:21.67, r:0.00, omega:0.00, omega_m:0.00, u:0.00, theta1:19.247, theta2:9.220, e:-0.000
t:21.68, r:0.00, omega:0.00, omega_m:0.00, u:0.00, theta1:19.247, theta2:9.220, e:-0.000
t:21.69, r:0.00, omega:0.00, omega_m:0.00, u:0.00, theta1:19.247, theta2:9.220, e:-0.000
t:21.70, r:0.00, omega:0.00, omega_m:0.00, u:0.00, theta1:19.247, theta2:9.220, e:-0.000
t:21.71, r:0.00, omega:0.00, omega_m:0.00, u:0.00, theta1:19.247, theta2:9.220, e:-0.000
t:21.72, r:0.00, omega:0.00, omega_m:0.00, u:0.00, theta1:19.247, theta2:9.220, e:-0.000
t:21.73, r:0.00, omega:0.00, omega_m:0.00, u:0.00, theta1:19.247, theta2:9.220, e:-0.000
t:21.74, r:0.00, omega:0.00, omega_m:0.00, u:0.00, theta1:19.247, theta2:9.220, e:-0.000
t:21.75, r:0.00, omega:0.00, omega_m:0.00, u:0.00, theta1:19.247, theta2:9.220, e:-0.000
t:21.76, r:0.00, omega:0.00, omega_m:0.00, u:0.00, theta1:19.247, theta2:9.220, e:-0.000
t:21.77, r:0.00, omega:0.00, omega_m:0.00, u:0.00, theta1:19.247, theta2:9.220, e:-0.000
t:21.78, r:0.00, omega:0.00, omega_m:0.00, u:0.00, theta1:19.247, theta2:9.220, e:-0.000
t:21.79, r:0.00, omega:0.00, omega_m:0.00, u:0.00, theta1:19.247, theta2:9.220, e:-0.000
t:21.80, r:0.00, omega:0.00, omega_m:0.00, u:0.00, theta1:19.247, theta2:9.220, e:-0.000
t:21.81, r:0.00, omega:0.00, omega_m:0.00, u:0.00, theta1:19.247, theta2:9.220, e:-0.000
t:21.82, r:0.00, omega:0.00, omega_m:0.00, u:0.00, theta1:19.247, theta2:9.220, e:-0.000
t:21.83, r:0.00, omega:0.00, omega_m:0.00, u:0.00, theta1:19.247, theta2:9.220, e:-0.000
t:21.84, r:0.00, omega:0.00, omega_m:0.00, u:0.00, theta1:19.247, theta2:9.220, e:-0.000
t:21.85, r:0.00, omega:0.00, omega_m:0.00, u:0.00, theta1:19.247, theta2:9.220, e:-0.000
t:21.86, r:0.00, omega:0.00, omega_m:0.00, u:0.00, theta1:19.247, theta2:9.220, e:-0.000
t:21.87, r:0.00, omega:0.00, omega_m:0.00, u:0.00, theta1:19.247, theta2:9.220, e:-0.000
t:21.88, r:0.00, omega:0.00, omega_m:0.00, u:0.00, theta1:19.247, theta2:9.220, e:-0.000
t:21.89, r:0.00, omega:0.00, omega_m:0.00, u:0.00, theta1:19.247, theta2:9.220, e:-0.000
t:21.90, r:0.00, omega:0.00, omega_m:0.00, u:0.00, theta1:19.247, theta2:9.220, e:-0.000
t:21.91, r:0.00, omega:0.00, omega_m:0.00, u:0.00, theta1:19.247, theta2:9.220, e:-0.000
t:21.92, r:0.00, omega:0.00, omega_m:0.00, u:0.00, theta1:19.247, theta2:9.220, e:-0.000
t:21.93, r:0.00, omega:0.00, omega_m:0.00, u:0.00, theta1:19.247, theta2:9.220, e:-0.000
t:21.94, r:0.00, omega:0.00, omega_m:0.00, u:0.00, theta1:19.247, theta2:9.220, e:-0.000
t:21.95, r:0.00, omega:0.00, omega_m:0.00, u:0.00, theta1:19.247, theta2:9.220, e:-0.000
t:21.96, r:0.00, omega:0.00, omega_m:0.00, u:0.00, theta1:19.247, theta2:9.220, e:-0.000
t:21.97, r:0.00, omega:0.00, omega_m:0.00, u:0.00, theta1:19.247, theta2:9.220, e:-0.000
t:21.98, r:0.00, omega:0.00, omega_m:0.00, u:0.00, theta1:19.247, theta2:9.220, e:-0.000
t:21.99, r:0.00, omega:0.00, omega_m:0.00, u:0.00, theta1:19.247, theta2:9.220, e:-0.000
t:22.00, r:0.00, omega:0.00, omega_m:0.00, u:0.00, theta1:19.247, theta2:9.220, e:-0.000
t:22.01, r:-25.00, omega:0.00, omega_m:-15.80, u:-481.59, theta1:19.264, theta2:9.218, e:15.803
t:22.02, r:-25.00, omega:0.00, omega_m:-21.62, u:-482.17, theta1:19.287, theta2:9.216, e:21.617
t:22.03, r:-25.00, omega:0.00, omega_m:-23.76, u:-482.79, theta1:19.312, theta2:9.214, e:23.755
t:22.04, r:-25.00, omega:-0.52, omega_m:-24.54, u:-478.60, theta1:19.337, theta2:9.211, e:24.018
t:22.05, r:-25.00, omega:-0.52, omega_m:-24.83, u:-479.25, theta1:19.363, theta2:9.208, e:24.308
t:22.06, r:-25.00, omega:-25.63, omega_m:-24.94, u:-248.02, theta1:19.362, theta2:9.209, e:-0.691
t:22.07, r:-25.00, omega:-25.63, omega_m:-24.98, u:-247.98, theta1:19.361, theta2:9.210, e:-0.652
t:22.08, r:-25.00, omega:-29.02, omega_m:-24.99, u:-216.46, theta1:19.355, theta2:9.215, e:-4.026
t:22.09, r:-25.00, omega:-29.02, omega_m:-25.00, u:-216.16, theta1:19.349, theta2:9.221, e:-4.021
t:22.10, r:-25.00, omega:-29.02, omega_m:-25.00, u:-215.86, theta1:19.343, theta2:9.226, e:-4.019
t:22.11, r:-25.00, omega:-20.50, omega_m:-25.00, u:-294.70, theta1:19.348, theta2:9.221, e:4.503
t:22.12, r:-25.00, omega:-20.50, omega_m:-25.00, u:-294.92, theta1:19.353, theta2:9.216, e:4.504
t:22.13, r:-25.00, omega:-19.21, omega_m:-25.00, u:-307.04, theta1:19.359, theta2:9.210, e:5.789
t:22.14, r:-25.00, omega:-19.21, omega_m:-25.00, u:-307.31, theta1:19.365, theta2:9.204, e:5.789
t:22.15, r:-25.00, omega:-19.21, omega_m:-25.00, u:-307.58, theta1:19.371, theta2:9.198, e:5.789
t:22.16, r:-25.00, omega:-18.85, omega_m:-25.00, u:-311.18, theta1:19.378, theta2:9.192, e:6.149
t:22.17, r:-25.00, omega:-18.85, omega_m:-25.00, u:-311.46, theta1:19.384, theta2:9.185, e:6.149
t:22.18, r:-25.00, omega:-18.85, omega_m:-25.00, u:-311.74, theta1:19.391, theta2:9.179, e:6.149
t:22.19, r:-25.00, omega:-22.14, omega_m:-25.00, u:-281.70, theta1:19.394, theta2:9.176, e:2.860
t:22.20, r:-25.00, omega:-22.14, omega_m:-25.00, u:-281.85, theta1:19.397, theta2:9.172, e:2.860
t:22.21, r:-25.00, omega:-22.23, omega_m:-25.00, u:-281.17, theta1:19.400, theta2:9.169, e:2.769
t:22.22, r:-25.00, omega:-22.23, omega_m:-25.00, u:-281.31, theta1:19.403, theta2:9.165, e:2.769
t:22.23, r:-25.00, omega:-20.41, omega_m:-25.00, u:-298.26, theta1:19.408, theta2:9.160, e:4.593
t:22.24, r:-25.00, omega:-20.41, omega_m:-25.00, u:-298.48, theta1:19.412, theta2:9.155, e:4.593
t:22.25, r:-25.00, omega:-20.41, omega_m:-25.00, u:-298.71, theta1:19.417, theta2:9.150, e:4.593
t:22.26, r:-25.00, omega:-20.12, omega_m:-25.00, u:-301.61, theta1:19.422, theta2:9.145, e:4.884
t:22.27, r:-25.00, omega:-20.12, omega_m:-25.00, u:-301.84, theta1:19.428, theta2:9.139, e:4.884
t:22.28, r:-25.00, omega:-20.12, omega_m:-25.00, u:-302.08, theta1:19.433, theta2:9.134, e:4.884
t:22.29, r:-25.00, omega:-21.39, omega_m:-25.00, u:-290.62, theta1:19.437, theta2:9.130, e:3.609
t:22.30, r:-25.00, omega:-21.39, omega_m:-25.00, u:-290.81, theta1:19.440, theta2:9.126, e:3.609
t:22.31, r:-25.00, omega:-19.63, omega_m:-25.00, u:-307.10, theta1:19.446, theta2:9.120, e:5.368
t:22.32, r:-25.00, omega:-19.63, omega_m:-25.00, u:-307.36, theta1:19.452, theta2:9.114, e:5.368
t:22.33, r:-25.00, omega:-19.63, omega_m:-25.00, u:-307.61, theta1:19.457, theta2:9.108, e:5.368
t:22.34, r:-25.00, omega:-20.10, omega_m:-25.00, u:-303.57, theta1:19.463, theta2:9.103, e:4.897
t:22.35, r:-25.00, omega:-20.10, omega_m:-25.00, u:-303.80, theta1:19.468, theta2:9.098, e:4.897
t:22.36, r:-25.00, omega:-21.41, omega_m:-25.00, u:-292.12, theta1:19.471, theta2:9.093, e:3.593
t:22.37, r:-25.00, omega:-21.41, omega_m:-25.00, u:-292.31, theta1:19.475, theta2:9.089, e:3.593
t:22.38, r:-25.00, omega:-21.41, omega_m:-25.00, u:-292.49, theta1:19.479, theta2:9.085, e:3.593
t:22.39, r:-25.00, omega:-20.84, omega_m:-25.00, u:-297.81, theta1:19.483, theta2:9.080, e:4.155
t:22.40, r:-25.00, omega:-20.84, omega_m:-25.00, u:-298.02, theta1:19.488, theta2:9.076, e:4.155
t:22.41, r:-25.00, omega:-20.20, omega_m:-25.00, u:-304.06, theta1:19.493, theta2:9.070, e:4.796
t:22.42, r:-25.00, omega:-20.20, omega_m:-25.00, u:-304.29, theta1:19.498, theta2:9.065, e:4.796
t:22.43, r:-25.00, omega:-20.20, omega_m:-25.00, u:-304.53, theta1:19.503, theta2:9.060, e:4.796
t:22.44, r:-25.00, omega:-20.49, omega_m:-25.00, u:-302.21, theta1:19.508, theta2:9.055, e:4.515
t:22.45, r:-25.00, omega:-20.49, omega_m:-25.00, u:-302.43, theta1:19.513, theta2:9.050, e:4.515
t:22.46, r:-25.00, omega:-21.80, omega_m:-25.00, u:-290.68, theta1:19.516, theta2:9.046, e:3.198
t:22.47, r:-25.00, omega:-21.80, omega_m:-25.00, u:-290.84, theta1:19.519, theta2:9.042, e:3.198
t:22.48, r:-25.00, omega:-21.80, omega_m:-25.00, u:-291.01, theta1:19.523, theta2:9.038, e:3.198
t:22.49, r:-25.00, omega:-21.66, omega_m:-25.00, u:-292.46, theta1:19.526, theta2:9.035, e:3.340
t:22.50, r:-25.00, omega:-21.66, omega_m:-25.00, u:-292.63, theta1:19.530, theta2:9.031, e:3.340
t:22.51, r:-25.00, omega:-21.14, omega_m:-25.00, u:-297.56, theta1:19.534, theta2:9.026, e:3.863
t:22.52, r:-25.00, omega:-21.14, omega_m:-25.00, u:-297.76, theta1:19.538, theta2:9.022, e:3.863
t:22.53, r:-25.00, omega:-21.14, omega_m:-25.00, u:-297.95, theta1:19.542, theta2:9.017, e:3.863
t:22.54, r:-25.00, omega:-20.08, omega_m:-25.00, u:-307.73, theta1:19.547, theta2:9.012, e:4.921
t:22.55, r:-25.00, omega:-20.08, omega_m:-25.00, u:-307.97, theta1:19.552, theta2:9.007, e:4.921
t:22.56, r:-25.00, omega:-20.08, omega_m:-25.00, u:-308.20, theta1:19.557, theta2:9.001, e:4.921
t:22.57, r:-25.00, omega:-19.34, omega_m:-25.00, u:-315.10, theta1:19.563, theta2:8.995, e:5.658
t:22.58, r:-25.00, omega:-19.34, omega_m:-25.00, u:-315.36, theta1:19.569, theta2:8.989, e:5.658
t:22.59, r:-25.00, omega:-21.05, omega_m:-25.00, u:-300.25, theta1:19.574, theta2:8.985, e:3.954
t:22.60, r:-25.00, omega:-21.05, omega_m:-25.00, u:-300.45, theta1:19.578, theta2:8.980, e:3.954
t:22.61, r:-25.00, omega:-22.05, omega_m:-25.00, u:-291.60, theta1:19.581, theta2:8.977, e:2.952
t:22.62, r:-25.00, omega:-22.05, omega_m:-25.00, u:-291.76, theta1:19.584, theta2:8.973, e:2.952
t:22.63, r:-25.00, omega:-22.05, omega_m:-25.00, u:-291.91, theta1:19.587, theta2:8.970, e:2.952
t:22.64, r:-25.00, omega:-20.91, omega_m:-25.00, u:-302.35, theta1:19.591, theta2:8.965, e:4.093
t:22.65, r:-25.00, omega:-20.91, omega_m:-25.00, u:-302.56, theta1:19.596, theta2:8.960, e:4.093
t:22.66, r:-25.00, omega:-20.91, omega_m:-25.00, u:-302.76, theta1:19.600, theta2:8.956, e:4.093
t:22.67, r:-25.00, omega:-20.23, omega_m:-25.00, u:-309.10, theta1:19.605, theta2:8.950, e:4.774
t:22.68, r:-25.00, omega:-20.23, omega_m:-25.00, u:-309.33, theta1:19.610, theta2:8.945, e:4.774
t:22.69, r:-25.00, omega:-22.43, omega_m:-25.00, u:-289.77, theta1:19.613, theta2:8.942, e:2.572
t:22.70, r:-25.00, omega:-22.43, omega_m:-25.00, u:-289.91, theta1:19.616, theta2:8.939, e:2.572
t:22.71, r:-25.00, omega:-20.82, omega_m:-25.00, u:-304.47, theta1:19.620, theta2:8.934, e:4.178
t:22.72, r:-25.00, omega:-20.82, omega_m:-25.00, u:-304.68, theta1:19.624, theta2:8.930, e:4.178
t:22.73, r:-25.00, omega:-20.82, omega_m:-25.00, u:-304.89, theta1:19.629, theta2:8.925, e:4.178
t:22.74, r:-25.00, omega:-20.30, omega_m:-25.00, u:-309.81, theta1:19.634, theta2:8.920, e:4.704
t:22.75, r:-25.00, omega:-20.30, omega_m:-25.00, u:-310.04, theta1:19.639, theta2:8.914, e:4.704
t:22.76, r:-25.00, omega:-22.46, omega_m:-25.00, u:-290.85, theta1:19.641, theta2:8.911, e:2.536
t:22.77, r:-25.00, omega:-22.46, omega_m:-25.00, u:-290.98, theta1:19.644, theta2:8.908, e:2.536
t:22.78, r:-25.00, omega:-22.46, omega_m:-25.00, u:-291.12, theta1:19.647, theta2:8.905, e:2.536
t:22.79, r:-25.00, omega:-22.05, omega_m:-25.00, u:-294.99, theta1:19.650, theta2:8.902, e:2.953
t:22.80, r:-25.00, omega:-22.05, omega_m:-25.00, u:-295.14, theta1:19.653, theta2:8.898, e:2.953
t:22.81, r:-25.00, omega:-19.54, omega_m:-25.00, u:-317.71, theta1:19.659, theta2:8.892, e:5.461
t:22.82, r:-25.00, omega:-19.54, omega_m:-25.00, u:-317.97, theta1:19.664, theta2:8.886, e:5.461
t:22.83, r:-25.00, omega:-19.54, omega_m:-25.00, u:-318.23, theta1:19.670, theta2:8.881, e:5.461
t:22.84, r:-25.00, omega:-22.95, omega_m:-25.00, u:-288.02, theta1:19.672, theta2:8.878, e:2.046
t:22.85, r:-25.00, omega:-22.95, omega_m:-25.00, u:-288.13, theta1:19.674, theta2:8.876, e:2.046
t:22.86, r:-25.00, omega:-20.53, omega_m:-25.00, u:-309.85, theta1:19.679, theta2:8.871, e:4.468
t:22.87, r:-25.00, omega:-20.53, omega_m:-25.00, u:-310.07, theta1:19.684, theta2:8.866, e:4.468
t:22.88, r:-25.00, omega:-20.53, omega_m:-25.00, u:-310.29, theta1:19.689, theta2:8.861, e:4.468
t:22.89, r:-25.00, omega:-20.73, omega_m:-25.00, u:-308.74, theta1:19.693, theta2:8.856, e:4.269
t:22.90, r:-25.00, omega:-20.73, omega_m:-25.00, u:-308.95, theta1:19.698, theta2:8.851, e:4.269
t:22.91, r:-25.00, omega:-22.28, omega_m:-25.00, u:-295.36, theta1:19.700, theta2:8.848, e:2.717
t:22.92, r:-25.00, omega:-22.28, omega_m:-25.00, u:-295.50, theta1:19.703, theta2:8.845, e:2.717
t:22.93, r:-25.00, omega:-22.15, omega_m:-25.00, u:-296.85, theta1:19.706, theta2:8.841, e:2.853
t:22.94, r:-25.00, omega:-22.15, omega_m:-25.00, u:-297.00, theta1:19.709, theta2:8.838, e:2.853
t:22.95, r:-25.00, omega:-22.15, omega_m:-25.00, u:-297.15, theta1:19.712, theta2:8.834, e:2.853
t:22.96, r:-25.00, omega:-20.41, omega_m:-25.00, u:-312.69, theta1:19.717, theta2:8.829, e:4.586
t:22.97, r:-25.00, omega:-20.41, omega_m:-25.00, u:-312.91, theta1:19.722, theta2:8.824, e:4.586
t:22.98, r:-25.00, omega:-20.84, omega_m:-25.00, u:-309.35, theta1:19.726, theta2:8.819, e:4.159
t:22.99, r:-25.00, omega:-20.84, omega_m:-25.00, u:-309.56, theta1:19.731, theta2:8.815, e:4.159
t:23.00, r:-25.00, omega:-20.84, omega_m:-25.00, u:-309.76, theta1:19.735, theta2:8.810, e:4.159
t:23.01, r:0.00, omega:-21.92, omega_m:-9.20, u:0.00, theta1:19.733, theta2:8.823, e:-12.719
t:23.02, r:0.00, omega:-21.92, omega_m:-3.38, u:0.00, theta1:19.729, theta2:8.842, e:-18.533
t:23.03, r:0.00, omega:-21.92, omega_m:-1.24, u:0.00, theta1:19.725, theta2:8.862, e:-20.671
t:23.04, r:0.00, omega:-21.92, omega_m:-0.46, u:0.00, theta1:19.721, theta2:8.884, e:-21.458
t:23.05, r:0.00, omega:-13.96, omega_m:-0.17, u:0.00, theta1:19.718, theta2:8.892, e:-13.796
t:23.06, r:0.00, omega:-13.96, omega_m:-0.06, u:0.00, theta1:19.715, theta2:8.901, e:-13.902
t:23.07, r:0.00, omega:-13.96, omega_m:-0.02, u:0.00, theta1:19.712, theta2:8.909, e:-13.941
t:23.08, r:0.00, omega:-13.96, omega_m:-0.01, u:0.00, theta1:19.710, theta2:8.918, e:-13.956
t:23.09, r:0.00, omega:-13.96, omega_m:-0.00, u:0.00, theta1:19.707, theta2:8.926, e:-13.961
t:23.10, r:0.00, omega:-13.96, omega_m:-0.00, u:0.00, theta1:19.704, theta2:8.935, e:-13.963
t:23.11, r:0.00, omega:-13.96, omega_m:-0.00, u:0.00, theta1:19.701, theta2:8.943, e:-13.964
t:23.12, r:0.00, omega:-13.96, omega_m:-0.00, u:0.00, theta1:19.699, theta2:8.952, e:-13.964
t:23.13, r:0.00, omega:-13.96, omega_m:-0.00, u:0.00, theta1:19.696, theta2:8.960, e:-13.964
t:23.14, r:0.00, omega:-13.96, omega_m:-0.00, u:0.00, theta1:19.693, theta2:8.969, e:-13.964
t:23.15, r:0.00, omega:-13.96, omega_m:-0.00, u:0.00, theta1:19.690, theta2:8.977, e:-13.964
t:23.16, r:0.00, omega:-13.96, omega_m:-0.00, u:0.00, theta1:19.688, theta2:8.986, e:-13.964
t:23.17, r:0.00, omega:-13.96, omega_m:-0.00, u:0.00, theta1:19.685, theta2:8.994, e:-13.964
t:23.18, r:0.00, omega:-13.96, omega_m:-0.00, u:0.00, theta1:19.682, theta2:9.003, e:-13.964
t:23.19, r:0.00, omega:-13.96, omega_m:-0.00, u:0.00, theta1:19.679, theta2:9.011, e:-13.964
t:23.20, r:0.00, omega:-13.96, omega_m:-0.00, u:0.00, theta1:19.677, theta2:9.020, e:-13.964
t:23.21, r:0.00, omega:-13.96, omega_m:-0.00, u:0.00, theta1:19.674, theta2:9.028, e:-13.964
t:23.22, r:0.00, omega:-13.96, omega_m:-0.00, u:0.00, theta1:19.671, theta2:9.037, e:-13.964
t:23.23, r:0.00, omega:-13.96, omega_m:-0.00, u:0.00, theta1:19.668, theta2:9.045, e:-13.964
t:23.24, r:0.00, omega:-13.96, omega_m:-0.00, u:0.00, theta1:19.666, theta2:9.054, e:-13.964
t:23.25, r:0.00, omega:-13.96, omega_m:-0.00, u:0.00, theta1:19.663, theta2:9.062, e:-13.964
t:23.26, r:0.00, omega:-13.96, omega_m:-0.00, u:0.00, theta1:19.660, theta2:9.071, e:-13.964
t:23.27, r:0.00, omega:-13.96, omega_m:-0.00, u:0.00, theta1:19.657, theta2:9.079, e:-13.964
t:23.28, r:0.00, omega:-13.96, omega_m:-0.00, u:0.00, theta1:19.655, theta2:9.088, e:-13.964
t:23.29, r:0.00, omega:-13.96, omega_m:-0.00, u:0.00, theta1:19.652, theta2:9.096, e:-13.964
t:23.30, r:0.00, omega:-13.96, omega_m:-0.00, u:0.00, theta1:19.649, theta2:9.105, e:-13.964
t:23.31, r:0.00, omega:-13.96, omega_m:-0.00, u:0.00, theta1:19.646, theta2:9.113, e:-13.964
t:23.32, r:0.00, omega:-13.96, omega_m:-0.00, u:0.00, theta1:19.644, theta2:9.122, e:-13.964
t:23.33, r:0.00, omega:-13.96, omega_m:-0.00, u:0.00, theta1:19.641, theta2:9.130, e:-13.964
t:23.34, r:0.00, omega:-13.96, omega_m:-0.00, u:0.00, theta1:19.638, theta2:9.139, e:-13.964
t:23.35, r:0.00, omega:-13.96, omega_m:-0.00, u:0.00, theta1:19.635, theta2:9.147, e:-13.964
t:23.36, r:0.00, omega:-13.96, omega_m:-0.00, u:0.00, theta1:19.633, theta2:9.155, e:-13.964
t:23.37, r:0.00, omega:-13.96, omega_m:-0.00, u:0.00, theta1:19.630, theta2:9.164, e:-13.964
t:23.38, r:0.00, omega:-13.96, omega_m:-0.00, u:0.00, theta1:19.627, theta2:9.172, e:-13.964
t:23.39, r:0.00, omega:-13.96, omega_m:-0.00, u:0.00, theta1:19.625, theta2:9.181, e:-13.964
t:23.40, r:0.00, omega:-13.96, omega_m:-0.00, u:0.00, theta1:19.622, theta2:9.189, e:-13.964
t:23.41, r:0.00, omega:-13.96, omega_m:-0.00, u:0.00, theta1:19.619, theta2:9.198, e:-13.964
t:23.42, r:0.00, omega:-13.96, omega_m:-0.00, u:0.00, theta1:19.616, theta2:9.206, e:-13.964
t:23.43, r:0.00, omega:-13.96, omega_m:-0.00, u:0.00, theta1:19.614, theta2:9.215, e:-13.964
t:23.44, r:0.00, omega:-13.96, omega_m:-0.00, u:0.00, theta1:19.611, theta2:9.223, e:-13.964
t:23.45, r:0.00, omega:-13.96, omega_m:-0.00, u:0.00, theta1:19.608, theta2:9.232, e:-13.964
t:23.46, r:0.00, omega:-13.96, omega_m:-0.00, u:0.00, theta1:19.605, theta2:9.240, e:-13.964
t:23.47, r:0.00, omega:-13.96, omega_m:-0.00, u:0.00, theta1:19.603, theta2:9.249, e:-13.964
t:23.48, r:0.00, omega:-13.96, omega_m:-0.00, u:0.00, theta1:19.600, theta2:9.257, e:-13.964
t:23.49, r:0.00, omega:-13.96, omega_m:-0.00, u:0.00, theta1:19.597, theta2:9.266, e:-13.964
t:23.50, r:0.00, omega:-13.96, omega_m:-0.00, u:0.00, theta1:19.594, theta2:9.274, e:-13.964
t:23.51, r:0.00, omega:-13.96, omega_m:-0.00, u:0.00, theta1:19.592, theta2:9.282, e:-13.964
t:23.52, r:0.00, omega:-13.96, omega_m:-0.00, u:0.00, theta1:19.589, theta2:9.291, e:-13.964
t:23.53, r:0.00, omega:-13.96, omega_m:-0.00, u:0.00, theta1:19.586, theta2:9.299, e:-13.964
t:23.54, r:0.00, omega:-13.96, omega_m:-0.00, u:0.00, theta1:19.583, theta2:9.308, e:-13.964
t:23.55, r:0.00, omega:0.00, omega_m:-0.00, u:0.00, theta1:19.583, theta2:9.308, e:0.000
t:23.56, r:0.00, omega:0.00, omega_m:-0.00, u:0.00, theta1:19.583, theta2:9.308, e:0.000
t:23.57, r:0.00, omega:0.00, omega_m:-0.00, u:0.00, theta1:19.583, theta2:9.308, e:0.000
t:23.58, r:0.00, omega:0.00, omega_m:-0.00, u:0.00, theta1:19.583, theta2:9.308, e:0.000
t:23.59, r:0.00, omega:0.00, omega_m:-0.00, u:0.00, theta1:19.583, theta2:9.308, e:0.000
t:23.60, r:0.00, omega:0.00, omega_m:-0.00, u:0.00, theta1:19.583, theta2:9.308, e:0.000
t:23.61, r:0.00, omega:0.00, omega_m:-0.00, u:0.00, theta1:19.583, theta2:9.308, e:0.000
t:23.62, r:0.00, omega:0.00, omega_m:-0.00, u:0.00, theta1:19.583, theta2:9.308, e:0.000
t:23.63, r:0.00, omega:0.00, omega_m:-0.00, u:0.00, theta1:19.583, theta2:9.308, e:0.000
t:23.64, r:0.00, omega:0.00, omega_m:-0.00, u:0.00, theta1:19.583, theta2:9.308, e:0.000
t:23.65, r:0.00, omega:0.00, omega_m:-0.00, u:0.00, theta1:19.583, theta2:9.308, e:0.000
t:23.66, r:0.00, omega:0.00, omega_m:-0.00, u:0.00, theta1:19.583, theta2:9.308, e:0.000
t:23.67, r:0.00, omega:0.00, omega_m:-0.00, u:0.00, theta1:19.583, theta2:9.308, e:0.000
t:23.68, r:0.00, omega:0.00, omega_m:-0.00, u:0.00, theta1:19.583, theta2:9.308, e:0.000
t:23.69, r:0.00, omega:0.00, omega_m:-0.00, u:0.00, theta1:19.583, theta2:9.308, e:0.000
t:23.70, r:0.00, omega:0.00, omega_m:-0.00, u:0.00, theta1:19.583, theta2:9.308, e:0.000
t:23.71, r:0.00, omega:0.00, omega_m:-0.00, u:0.00, theta1:19.583, theta2:9.308, e:0.000
t:23.72, r:0.00, omega:0.00, omega_m:-0.00, u:0.00, theta1:19.583, theta2:9.308, e:0.000
t:23.73, r:0.00, omega:0.00, omega_m:-0.00, u:0.00, theta1:19.583, theta2:9.308, e:0.000
t:23.74, r:0.00, omega:0.00, omega_m:-0.00, u:0.00, theta1:19.583, theta2:9.308, e:0.000
t:23.75, r:0.00, omega:0.00, omega_m:-0.00, u:0.00, theta1:19.583, theta2:9.308, e:0.000
t:23.76, r:0.00, omega:0.00, omega_m:-0.00, u:0.00, theta1:19.583, theta2:9.308, e:0.000
t:23.77, r:0.00, omega:0.00, omega_m:-0.00, u:0.00, theta1:19.583, theta2:9.308, e:0.000
t:23.78, r:0.00, omega:0.00, omega_m:-0.00, u:0.00, theta1:19.583, theta2:9.308, e:0.000
t:23.79, r:0.00, omega:0.00, omega_m:-0.00, u:0.00, theta1:19.583, theta2:9.308, e:0.000
t:23.80, r:0.00, omega:0.00, omega_m:-0.00, u:0.00, theta1:19.583, theta2:9.308, e:0.000
t:23.81, r:0.00, omega:0.00, omega_m:-0.00, u:0.00, theta1:19.583, theta2:9.308, e:0.000
t:23.82, r:0.00, omega:0.00, omega_m:-0.00, u:0.00, theta1:19.583, theta2:9.308, e:0.000
t:23.83, r:0.00, omega:0.00, omega_m:-0.00, u:0.00, theta1:19.583, theta2:9.308, e:0.000
t:23.84, r:0.00, omega:0.00, omega_m:-0.00, u:0.00, theta1:19.583, theta2:9.308, e:0.000
t:23.85, r:0.00, omega:0.00, omega_m:-0.00, u:0.00, theta1:19.583, theta2:9.308, e:0.000
t:23.86, r:0.00, omega:0.00, omega_m:-0.00, u:0.00, theta1:19.583, theta2:9.308, e:0.000
t:23.87, r:0.00, omega:0.00, omega_m:-0.00, u:0.00, theta1:19.583, theta2:9.308, e:0.000
t:23.88, r:0.00, omega:0.00, omega_m:-0.00, u:0.00, theta1:19.583, theta2:9.308, e:0.000
t:23.89, r:0.00, omega:0.00, omega_m:-0.00, u:0.00, theta1:19.583, theta2:9.308, e:0.000
t:23.90, r:0.00, omega:0.00, omega_m:-0.00, u:0.00, theta1:19.583, theta2:9.308, e:0.000
t:23.91, r:0.00, omega:0.00, omega_m:-0.00, u:0.00, theta1:19.583, theta2:9.308, e:0.000
t:23.92, r:0.00, omega:0.00, omega_m:-0.00, u:0.00, theta1:19.583, theta2:9.308, e:0.000
t:23.93, r:0.00, omega:0.00, omega_m:-0.00, u:0.00, theta1:19.583, theta2:9.308, e:0.000
t:23.94, r:0.00, omega:0.00, omega_m:-0.00, u:0.00, theta1:19.583, theta2:9.308, e:0.000
t:23.95, r:0.00, omega:0.00, omega_m:-0.00, u:0.00, theta1:19.583, theta2:9.308, e:0.000
t:23.96, r:0.00, omega:0.00, omega_m:-0.00, u:0.00, theta1:19.583, theta2:9.308, e:0.000
t:23.97, r:0.00, omega:0.00, omega_m:-0.00, u:0.00, theta1:19.583, theta2:9.308, e:0.000
t:23.98, r:0.00, omega:0.00, omega_m:-0.00, u:0.00, theta1:19.583, theta2:9.308, e:0.000
t:23.99, r:0.00, omega:0.00, omega_m:-0.00, u:0.00, theta1:19.583, theta2:9.308, e:0.000
t:24.00, r:0.00, omega:0.00, omega_m:-0.00, u:0.00, theta1:19.583, theta2:9.308, e:0.000
t:24.01, r:25.00, omega:0.00, omega_m:15.80, u:490.00, theta1:19.600, theta2:9.306, e:-15.803
t:24.02, r:25.00, omega:0.00, omega_m:21.62, u:490.57, theta1:19.623, theta2:9.304, e:-21.617
t:24.03, r:25.00, omega:0.00, omega_m:23.76, u:491.20, theta1:19.648, theta2:9.302, e:-23.755
t:24.04, r:25.00, omega:0.52, omega_m:24.54, u:486.95, theta1:19.673, theta2:9.299, e:-24.017
t:24.05, r:25.00, omega:0.52, omega_m:24.83, u:487.59, theta1:19.699, theta2:9.296, e:-24.307
t:24.06, r:25.00, omega:26.11, omega_m:24.94, u:249.64, theta1:19.697, theta2:9.298, e:1.174
t:24.07, r:25.00, omega:26.11, omega_m:24.98, u:249.57, theta1:19.695, theta2:9.299, e:1.135
t:24.08, r:25.00, omega:27.38, omega_m:24.99, u:237.57, theta1:19.692, theta2:9.302, e:2.392
t:24.09, r:25.00, omega:27.38, omega_m:25.00, u:237.40, theta1:19.689, theta2:9.305, e:2.387
t:24.10, r:25.00, omega:27.38, omega_m:25.00, u:237.24, theta1:19.685, theta2:9.308, e:2.385
t:24.11, r:25.00, omega:22.11, omega_m:25.00, u:286.48, theta1:19.688, theta2:9.305, e:-2.890
t:24.12, r:25.00, omega:22.11, omega_m:25.00, u:286.63, theta1:19.691, theta2:9.301, e:-2.890
t:24.13, r:25.00, omega:22.11, omega_m:25.00, u:286.78, theta1:19.694, theta2:9.298, e:-2.890
t:24.14, r:25.00, omega:17.41, omega_m:25.00, u:330.79, theta1:19.702, theta2:9.291, e:-7.588
t:24.15, r:25.00, omega:17.41, omega_m:25.00, u:331.12, theta1:19.710, theta2:9.283, e:-7.588
t:24.16, r:25.00, omega:19.37, omega_m:25.00, u:313.22, theta1:19.716, theta2:9.277, e:-5.632
t:24.17, r:25.00, omega:19.37, omega_m:25.00, u:313.48, theta1:19.722, theta2:9.271, e:-5.632
t:24.18, r:25.00, omega:19.37, omega_m:25.00, u:313.75, theta1:19.728, theta2:9.265, e:-5.632
t:24.19, r:25.00, omega:22.98, omega_m:25.00, u:280.37, theta1:19.730, theta2:9.263, e:-2.017
t:24.20, r:25.00, omega:22.98, omega_m:25.00, u:280.48, theta1:19.732, theta2:9.260, e:-2.017
t:24.21, r:25.00, omega:21.00, omega_m:25.00, u:299.02, theta1:19.736, theta2:9.256, e:-3.997
t:24.22, r:25.00, omega:21.00, omega_m:25.00, u:299.22, theta1:19.741, theta2:9.251, e:-3.997
t:24.23, r:25.00, omega:21.00, omega_m:25.00, u:299.42, theta1:19.745, theta2:9.247, e:-3.997
t:24.24, r:25.00, omega:19.79, omega_m:25.00, u:310.90, theta1:19.750, theta2:9.241, e:-5.212
t:24.25, r:25.00, omega:19.79, omega_m:25.00, u:311.14, theta1:19.756, theta2:9.235, e:-5.212
t:24.26, r:25.00, omega:19.67, omega_m:25.00, u:312.53, theta1:19.761, theta2:9.230, e:-5.334
t:24.27, r:25.00, omega:19.67, omega_m:25.00, u:312.78, theta1:19.767, theta2:9.224, e:-5.334
t:24.28, r:25.00, omega:19.67, omega_m:25.00, u:313.04, theta1:19.773, theta2:9.218, e:-5.334
t:24.29, r:25.00, omega:21.42, omega_m:25.00, u:297.08, theta1:19.776, theta2:9.214, e:-3.583
t:24.30, r:25.00, omega:21.42, omega_m:25.00, u:297.26, theta1:19.780, theta2:9.210, e:-3.583
t:24.31, r:25.00, omega:21.16, omega_m:25.00, u:299.82, theta1:19.784, theta2:9.205, e:-3.840
t:24.32, r:25.00, omega:21.16, omega_m:25.00, u:300.02, theta1:19.788, theta2:9.201, e:-3.840
t:24.33, r:25.00, omega:21.16, omega_m:25.00, u:300.21, theta1:19.792, theta2:9.197, e:-3.840
t:24.34, r:25.00, omega:21.06, omega_m:25.00, u:301.37, theta1:19.797, theta2:9.192, e:-3.945
t:24.35, r:25.00, omega:21.06, omega_m:25.00, u:301.57, theta1:19.801, theta2:9.188, e:-3.945
t:24.36, r:25.00, omega:21.55, omega_m:25.00, u:297.21, theta1:19.804, theta2:9.183, e:-3.451
t:24.37, r:25.00, omega:21.55, omega_m:25.00, u:297.39, theta1:19.808, theta2:9.179, e:-3.451
t:24.38, r:25.00, omega:21.55, omega_m:25.00, u:297.57, theta1:19.812, theta2:9.175, e:-3.451
t:24.39, r:25.00, omega:21.08, omega_m:25.00, u:302.08, theta1:19.816, theta2:9.171, e:-3.921
t:24.40, r:25.00, omega:21.08, omega_m:25.00, u:302.28, theta1:19.820, theta2:9.166, e:-3.921
t:24.41, r:25.00, omega:20.24, omega_m:25.00, u:310.17, theta1:19.825, theta2:9.161, e:-4.757
t:24.42, r:25.00, omega:20.24, omega_m:25.00, u:310.40, theta1:19.830, theta2:9.156, e:-4.757
t:24.43, r:25.00, omega:20.24, omega_m:25.00, u:310.64, theta1:19.835, theta2:9.151, e:-4.757
t:24.44, r:25.00, omega:20.33, omega_m:25.00, u:310.07, theta1:19.840, theta2:9.146, e:-4.670
t:24.45, r:25.00, omega:20.33, omega_m:25.00, u:310.29, theta1:19.845, theta2:9.140, e:-4.670
t:24.46, r:25.00, omega:20.94, omega_m:25.00, u:304.92, theta1:19.849, theta2:9.136, e:-4.060
t:24.47, r:25.00, omega:20.94, omega_m:25.00, u:305.13, theta1:19.853, theta2:9.131, e:-4.060
t:24.48, r:25.00, omega:20.94, omega_m:25.00, u:305.33, theta1:19.857, theta2:9.126, e:-4.060
t:24.49, r:25.00, omega:21.50, omega_m:25.00, u:300.38, theta1:19.861, theta2:9.122, e:-3.498
t:24.50, r:25.00, omega:21.50, omega_m:25.00, u:300.56, theta1:19.865, theta2:9.118, e:-3.498
t:24.51, r:25.00, omega:21.86, omega_m:25.00, u:297.43, theta1:19.868, theta2:9.115, e:-3.137
t:24.52, r:25.00, omega:21.86, omega_m:25.00, u:297.59, theta1:19.871, theta2:9.111, e:-3.137
t:24.53, r:25.00, omega:21.86, omega_m:25.00, u:297.76, theta1:19.875, theta2:9.107, e:-3.137
t:24.54, r:25.00, omega:20.77, omega_m:25.00, u:307.95, theta1:19.879, theta2:9.102, e:-4.233
t:24.55, r:25.00, omega:20.77, omega_m:25.00, u:308.16, theta1:19.884, theta2:9.098, e:-4.233
t:24.56, r:25.00, omega:19.65, omega_m:25.00, u:318.57, theta1:19.889, theta2:9.092, e:-5.349
t:24.57, r:25.00, omega:19.65, omega_m:25.00, u:318.82, theta1:19.895, theta2:9.086, e:-5.349
t:24.58, r:25.00, omega:19.65, omega_m:25.00, u:319.07, theta1:19.900, theta2:9.080, e:-5.349
t:24.59, r:25.00, omega:23.57, omega_m:25.00, u:283.60, theta1:19.902, theta2:9.079, e:-1.434
t:24.60, r:25.00, omega:23.57, omega_m:25.00, u:283.68, theta1:19.903, theta2:9.077, e:-1.434
t:24.61, r:25.00, omega:20.18, omega_m:25.00, u:314.64, theta1:19.909, theta2:9.071, e:-4.819
t:24.62, r:25.00, omega:20.18, omega_m:25.00, u:314.88, theta1:19.914, theta2:9.066, e:-4.819
t:24.63, r:25.00, omega:20.18, omega_m:25.00, u:315.11, theta1:19.919, theta2:9.061, e:-4.819
t:24.64, r:25.00, omega:20.46, omega_m:25.00, u:312.80, theta1:19.923, theta2:9.056, e:-4.540
t:24.65, r:25.00, omega:20.46, omega_m:25.00, u:313.02, theta1:19.928, theta2:9.051, e:-4.540
t:24.66, r:25.00, omega:23.44, omega_m:25.00, u:286.17, theta1:19.930, theta2:9.049, e:-1.563
t:24.67, r:25.00, omega:23.44, omega_m:25.00, u:286.26, theta1:19.931, theta2:9.047, e:-1.563
t:24.68, r:25.00, omega:23.44, omega_m:25.00, u:286.35, theta1:19.933, theta2:9.045, e:-1.563
t:24.69, r:25.00, omega:20.50, omega_m:25.00, u:313.13, theta1:19.938, theta2:9.040, e:-4.500
t:24.70, r:25.00, omega:20.50, omega_m:25.00, u:313.35, theta1:19.943, theta2:9.035, e:-4.500
t:24.71, r:25.00, omega:19.56, omega_m:25.00, u:322.06, theta1:19.948, theta2:9.029, e:-5.436
t:24.72, r:25.00, omega:19.56, omega_m:25.00, u:322.32, theta1:19.954, theta2:9.023, e:-5.436
t:24.73, r:25.00, omega:19.56, omega_m:25.00, u:322.58, theta1:19.960, theta2:9.017, e:-5.436
t:24.74, r:25.00, omega:21.58, omega_m:25.00, u:304.53, theta1:19.963, theta2:9.013, e:-3.415
t:24.75, r:25.00, omega:21.58, omega_m:25.00, u:304.71, theta1:19.967, theta2:9.009, e:-3.415
t:24.76, r:25.00, omega:21.76, omega_m:25.00, u:303.32, theta1:19.970, theta2:9.006, e:-3.242
t:24.77, r:25.00, omega:21.76, omega_m:25.00, u:303.49, theta1:19.974, theta2:9.002, e:-3.242
t:24.78, r:25.00, omega:21.76, omega_m:25.00, u:303.65, theta1:19.977, theta2:8.998, e:-3.242
t:24.79, r:25.00, omega:20.26, omega_m:25.00, u:317.40, theta1:19.982, theta2:8.993, e:-4.744
t:24.80, r:25.00, omega:20.26, omega_m:25.00, u:317.63, theta1:19.987, theta2:8.987, e:-4.744
t:24.81, r:25.00, omega:21.67, omega_m:25.00, u:305.06, theta1:19.991, theta2:8.984, e:-3.327
t:24.82, r:25.00, omega:21.67, omega_m:25.00, u:305.24, theta1:19.994, theta2:8.980, e:-3.327
t:24.83, r:25.00, omega:21.67, omega_m:25.00, u:305.41, theta1:19.998, theta2:8.976, e:-3.327
t:24.84, r:25.00, omega:21.67, omega_m:25.00, u:305.64, theta1:20.001, theta2:8.972, e:-3.333
t:24.85, r:25.00, omega:21.67, omega_m:25.00, u:305.81, theta1:20.005, theta2:8.968, e:-3.333
t:24.86, r:25.00, omega:20.10, omega_m:25.00, u:320.07, theta1:20.010, theta2:8.963, e:-4.897
t:24.87, r:25.00, omega:20.10, omega_m:25.00, u:320.31, theta1:20.015, theta2:8.957, e:-4.897
t:24.88, r:25.00, omega:20.10, omega_m:25.00, u:320.54, theta1:20.020, theta2:8.952, e:-4.897
t:24.89, r:25.00, omega:22.04, omega_m:25.00, u:303.39, theta1:20.023, theta2:8.948, e:-2.964
t:24.90, r:25.00, omega:22.04, omega_m:25.00, u:303.55, theta1:20.026, theta2:8.945, e:-2.964
t:24.91, r:25.00, omega:21.67, omega_m:25.00, u:306.95, theta1:20.030, theta2:8.941, e:-3.325
t:24.92, r:25.00, omega:21.67, omega_m:25.00, u:307.12, theta1:20.033, theta2:8.937, e:-3.325
t:24.93, r:25.00, omega:21.36, omega_m:25.00, u:310.09, theta1:20.037, theta2:8.933, e:-3.636
t:24.94, r:25.00, omega:21.36, omega_m:25.00, u:310.28, theta1:20.041, theta2:8.929, e:-3.636
t:24.95, r:25.00, omega:21.36, omega_m:25.00, u:310.46, theta1:20.045, theta2:8.924, e:-3.636
t:24.96, r:25.00, omega:22.03, omega_m:25.00, u:304.66, theta1:20.048, theta2:8.921, e:-2.969
t:24.97, r:25.00, omega:22.03, omega_m:25.00, u:304.81, theta1:20.051, theta2:8.917, e:-2.969
t:24.98, r:25.00, omega:22.49, omega_m:25.00, u:300.90, theta1:20.053, theta2:8.914, e:-2.514
t:24.99, r:25.00, omega:22.49, omega_m:25.00, u:301.03, theta1:20.056, theta2:8.911, e:-2.514
t:25.00, r:25.00, omega:22.49, omega_m:25.00, u:301.17, theta1:20.059, theta2:8.908, e:-2.514
t:25.01, r:0.00, omega:20.45, omega_m:9.20, u:0.00, theta1:20.057, theta2:8.919, e:11.251
t:25.02, r:0.00, omega:20.45, omega_m:3.38, u:0.00, theta1:20.053, theta2:8.935, e:17.064
t:25.03, r:0.00, omega:20.45, omega_m:1.24, u:0.00, theta1:20.049, theta2:8.952, e:19.203
t:25.04, r:0.00, omega:20.45, omega_m:0.46, u:0.00, theta1:20.045, theta2:8.971, e:19.990
t:25.05, r:0.00, omega:12.64, omega_m:0.17, u:0.00, theta1:20.043, theta2:8.978, e:12.471
t:25.06, r:0.00, omega:12.64, omega_m:0.06, u:0.00, theta1:20.040, theta2:8.985, e:12.578
t:25.07, r:0.00, omega:12.64, omega_m:0.02, u:0.00, theta1:20.038, theta2:8.992, e:12.617
t:25.08, r:0.00, omega:12.64, omega_m:0.01, u:0.00, theta1:20.035, theta2:8.998, e:12.631
t:25.09, r:0.00, omega:12.64, omega_m:0.00, u:0.00, theta1:20.033, theta2:9.005, e:12.637
t:25.10, r:0.00, omega:12.64, omega_m:0.00, u:0.00, theta1:20.030, theta2:9.012, e:12.639
t:25.11, r:0.00, omega:12.64, omega_m:0.00, u:0.00, theta1:20.028, theta2:9.019, e:12.639
t:25.12, r:0.00, omega:12.64, omega_m:0.00, u:0.00, theta1:20.025, theta2:9.026, e:12.640
t:25.13, r:0.00, omega:12.64, omega_m:0.00, u:0.00, theta1:20.023, theta2:9.033, e:12.640
t:25.14, r:0.00, omega:12.64, omega_m:0.00, u:0.00, theta1:20.020, theta2:9.039, e:12.640
t:25.15, r:0.00, omega:12.64, omega_m:0.00, u:0.00, theta1:20.017, theta2:9.046, e:12.640
t:25.16, r:0.00, omega:12.64, omega_m:0.00, u:0.00, theta1:20.015, theta2:9.053, e:12.640
t:25.17, r:0.00, omega:12.64, omega_m:0.00, u:0.00, theta1:20.012, theta2:9.060, e:12.640
t:25.18, r:0.00, omega:12.64, omega_m:0.00, u:0.00, theta1:20.010, theta2:9.067, e:12.640
t:25.19, r:0.00, omega:12.64, omega_m:0.00, u:0.00, theta1:20.007, theta2:9.074, e:12.640
t:25.20, r:0.00, omega:12.64, omega_m:0.00, u:0.00, theta1:20.005, theta2:9.081, e:12.640
t:25.21, r:0.00, omega:12.64, omega_m:0.00, u:0.00, theta1:20.002, theta2:9.087, e:12.640
t:25.22, r:0.00, omega:12.64, omega_m:0.00, u:0.00, theta1:20.000, theta2:9.094, e:12.640
t:25.23, r:0.00, omega:12.64, omega_m:0.00, u:0.00, theta1:19.997, theta2:9.101, e:12.640
t:25.24, r:0.00, omega:12.64, omega_m:0.00, u:0.00, theta1:19.995, theta2:9.108, e:12.640
t:25.25, r:0.00, omega:12.64, omega_m:0.00, u:0.00, theta1:19.992, theta2:9.115, e:12.640
t:25.26, r:0.00, omega:12.64, omega_m:0.00, u:0.00, theta1:19.990, theta2:9.122, e:12.640
t:25.27, r:0.00, omega:12.64, omega_m:0.00, u:0.00, theta1:19.987, theta2:9.128, e:12.640
t:25.28, r:0.00, omega:12.64, omega_m:0.00, u:0.00, theta1:19.985, theta2:9.135, e:12.640
t:25.29, r:0.00, omega:12.64, omega_m:0.00, u:0.00, theta1:19.982, theta2:9.142, e:12.640
t:25.30, r:0.00, omega:12.64, omega_m:0.00, u:0.00, theta1:19.980, theta2:9.149, e:12.640
t:25.31, r:0.00, omega:12.64, omega_m:0.00, u:0.00, theta1:19.977, theta2:9.156, e:12.640
t:25.32, r:0.00, omega:12.64, omega_m:0.00, u:0.00, theta1:19.974, theta2:9.163, e:12.640
t:25.33, r:0.00, omega:12.64, omega_m:0.00, u:0.00, theta1:19.972, theta2:9.169, e:12.640
t:25.34, r:0.00, omega:12.64, omega_m:0.00, u:0.00, theta1:19.969, theta2:9.176, e:12.640
t:25.35, r:0.00, omega:12.64, omega_m:0.00, u:0.00, theta1:19.967, theta2:9.183, e:12.640
t:25.36, r:0.00, omega:12.64, omega_m:0.00, u:0.00, theta1:19.964, theta2:9.190, e:12.640
t:25.37, r:0.00, omega:12.64, omega_m:0.00, u:0.00, theta1:19.962, theta2:9.197, e:12.640
t:25.38, r:0.00, omega:12.64, omega_m:0.00, u:0.00, theta1:19.959, theta2:9.203, e:12.640
t:25.39, r:0.00, omega:12.64, omega_m:0.00, u:0.00, theta1:19.957, theta2:9.210, e:12.640
t:25.40, r:0.00, omega:12.64, omega_m:0.00, u:0.00, theta1:19.954, theta2:9.217, e:12.640
t:25.41, r:0.00, omega:12.64, omega_m:0.00, u:0.00, theta1:19.952, theta2:9.224, e:12.640
t:25.42, r:0.00, omega:12.64, omega_m:0.00, u:0.00, theta1:19.949, theta2:9.231, e:12.640
t:25.43, r:0.00, omega:12.64, omega_m:0.00, u:0.00, theta1:19.947, theta2:9.238, e:12.640
t:25.44, r:0.00, omega:12.64, omega_m:0.00, u:0.00, theta1:19.944, theta2:9.244, e:12.640
t:25.45, r:0.00, omega:12.64, omega_m:0.00, u:0.00, theta1:19.942, theta2:9.251, e:12.640
t:25.46, r:0.00, omega:12.64, omega_m:0.00, u:0.00, theta1:19.939, theta2:9.258, e:12.640
t:25.47, r:0.00, omega:12.64, omega_m:0.00, u:0.00, theta1:19.937, theta2:9.265, e:12.640
t:25.48, r:0.00, omega:12.64, omega_m:0.00, u:0.00, theta1:19.934, theta2:9.272, e:12.640
t:25.49, r:0.00, omega:12.64, omega_m:0.00, u:0.00, theta1:19.932, theta2:9.279, e:12.640
t:25.50, r:0.00, omega:12.64, omega_m:0.00, u:0.00, theta1:19.929, theta2:9.285, e:12.640
t:25.51, r:0.00, omega:12.64, omega_m:0.00, u:0.00, theta1:19.927, theta2:9.292, e:12.640
t:25.52, r:0.00, omega:12.64, omega_m:0.00, u:0.00, theta1:19.924, theta2:9.299, e:12.640
t:25.53, r:0.00, omega:12.64, omega_m:0.00, u:0.00, theta1:19.922, theta2:9.306, e:12.640
t:25.54, r:0.00, omega:12.64, omega_m:0.00, u:0.00, theta1:19.919, theta2:9.313, e:12.640
t:25.55, r:0.00, omega:0.00, omega_m:0.00, u:0.00, theta1:19.919, theta2:9.313, e:-0.000
t:25.56, r:0.00, omega:0.00, omega_m:0.00, u:0.00, theta1:19.919, theta2:9.313, e:-0.000
t:25.57, r:0.00, omega:0.00, omega_m:0.00, u:0.00, theta1:19.919, theta2:9.313, e:-0.000
t:25.58, r:0.00, omega:0.00, omega_m:0.00, u:0.00, theta1:19.919, theta2:9.313, e:-0.000
t:25.59, r:0.00, omega:0.00, omega_m:0.00, u:0.00, theta1:19.919, theta2:9.313, e:-0.000
t:25.60, r:0.00, omega:0.00, omega_m:0.00, u:0.00, theta1:19.919, theta2:9.313, e:-0.000
t:25.61, r:0.00, omega:0.00, omega_m:0.00, u:0.00, theta1:19.919, theta2:9.313, e:-0.000
t:25.62, r:0.00, omega:0.00, omega_m:0.00, u:0.00, theta1:19.919, theta2:9.313, e:-0.000
t:25.63, r:0.00, omega:0.00, omega_m:0.00, u:0.00, theta1:19.919, theta2:9.313, e:-0.000
t:25.64, r:0.00, omega:0.00, omega_m:0.00, u:0.00, theta1:19.919, theta2:9.313, e:-0.000
t:25.65, r:0.00, omega:0.00, omega_m:0.00, u:0.00, theta1:19.919, theta2:9.313, e:-0.000
t:25.66, r:0.00, omega:0.00, omega_m:0.00, u:0.00, theta1:19.919, theta2:9.313, e:-0.000
t:25.67, r:0.00, omega:0.00, omega_m:0.00, u:0.00, theta1:19.919, theta2:9.313, e:-0.000
t:25.68, r:0.00, omega:0.00, omega_m:0.00, u:0.00, theta1:19.919, theta2:9.313, e:-0.000
t:25.69, r:0.00, omega:0.00, omega_m:0.00, u:0.00, theta1:19.919, theta2:9.313, e:-0.000
t:25.70, r:0.00, omega:0.00, omega_m:0.00, u:0.00, theta1:19.919, theta2:9.313, e:-0.000
t:25.71, r:0.00, omega:0.00, omega_m:0.00, u:0.00, theta1:19.919, theta2:9.313, e:-0.000
t:25.72, r:0.00, omega:0.00, omega_m:0.00, u:0.00, theta1:19.919, theta2:9.313, e:-0.000
t:25.73, r:0.00, omega:0.00, omega_m:0.00, u:0.00, theta1:19.919, theta2:9.313, e:-0.000
t:25.74, r:0.00, omega:0.00, omega_m:0.00, u:0.00, theta1:19.919, theta2:9.313, e:-0.000
t:25.75, r:0.00, omega:0.00, omega_m:0.00, u:0.00, theta1:19.919, theta2:9.313, e:-0.000
t:25.76, r:0.00, omega:0.00, omega_m:0.00, u:0.00, theta1:19.919, theta2:9.313, e:-0.000
t:25.77, r:0.00, omega:0.00, omega_m:0.00, u:0.00, theta1:19.919, theta2:9.313, e:-0.000
t:25.78, r:0.00, omega:0.00, omega_m:0.00, u:0.00, theta1:19.919, theta2:9.313, e:-0.000
t:25.79, r:0.00, omega:0.00, omega_m:0.00, u:0.00, theta1:19.919, theta2:9.313, e:-0.000
t:25.80, r:0.00, omega:0.00, omega_m:0.00, u:0.00, theta1:19.919, theta2:9.313, e:-0.000
t:25.81, r:0.00, omega:0.00, omega_m:0.00, u:0.00, theta1:19.919, theta2:9.313, e:-0.000
t:25.82, r:0.00, omega:0.00, omega_m:0.00, u:0.00, theta1:19.919, theta2:9.313, e:-0.000
t:25.83, r:0.00, omega:0.00, omega_m:0.00, u:0.00, theta1:19.919, theta2:9.313, e:-0.000
t:25.84, r:0.00, omega:0.00, omega_m:0.00, u:0.00, theta1:19.919, theta2:9.313, e:-0.000
t:25.85, r:0.00, omega:0.00, omega_m:0.00, u:0.00, theta1:19.919, theta2:9.313, e:-0.000
t:25.86, r:0.00, omega:0.00, omega_m:0.00, u:0.00, theta1:19.919, theta2:9.313, e:-0.000
t:25.87, r:0.00, omega:0.00, omega_m:0.00, u:0.00, theta1:19.919, theta2:9.313, e:-0.000
t:25.88, r:0.00, omega:0.00, omega_m:0.00, u:0.00, theta1:19.919, theta2:9.313, e:-0.000
t:25.89, r:0.00, omega:0.00, omega_m:0.00, u:0.00, theta1:19.919, theta2:9.313, e:-0.000
t:25.90, r:0.00, omega:0.00, omega_m:0.00, u:0.00, theta1:19.919, theta2:9.313, e:-0.000
t:25.91, r:0.00, omega:0.00, omega_m:0.00, u:0.00, theta1:19.919, theta2:9.313, e:-0.000
t:25.92, r:0.00, omega:0.00, omega_m:0.00, u:0.00, theta1:19.919, theta2:9.313, e:-0.000
t:25.93, r:0.00, omega:0.00, omega_m:0.00, u:0.00, theta1:19.919, theta2:9.313, e:-0.000
t:25.94, r:0.00, omega:0.00, omega_m:0.00, u:0.00, theta1:19.919, theta2:9.313, e:-0.000
t:25.95, r:0.00, omega:0.00, omega_m:0.00, u:0.00, theta1:19.919, theta2:9.313, e:-0.000
t:25.96, r:0.00, omega:0.00, omega_m:0.00, u:0.00, theta1:19.919, theta2:9.313, e:-0.000
t:25.97, r:0.00, omega:0.00, omega_m:0.00, u:0.00, theta1:19.919, theta2:9.313, e:-0.000
t:25.98, r:0.00, omega:0.00, omega_m:0.00, u:0.00, theta1:19.919, theta2:9.313, e:-0.000
t:25.99, r:0.00, omega:0.00, omega_m:0.00, u:0.00, theta1:19.919, theta2:9.313, e:-0.000
t:26.00, r:0.00, omega:0.00, omega_m:0.00, u:0.00, theta1:19.919, theta2:9.313, e:-0.000
t:26.01, r:-25.00, omega:0.00, omega_m:-15.80, u:-498.39, theta1:19.936, theta2:9.311, e:15.803
t:26.02, r:-25.00, omega:0.00, omega_m:-21.62, u:-498.96, theta1:19.958, theta2:9.309, e:21.617
t:26.03, r:-25.00, omega:0.00, omega_m:-23.76, u:-499.58, theta1:19.983, theta2:9.307, e:23.755
t:26.04, r:-25.00, omega:-0.53, omega_m:-24.54, u:-495.31, theta1:20.008, theta2:9.304, e:24.015
t:26.05, r:-25.00, omega:-0.53, omega_m:-24.83, u:-495.95, theta1:20.034, theta2:9.301, e:24.305
t:26.06, r:-25.00, omega:-26.02, omega_m:-24.94, u:-258.73, theta1:20.032, theta2:9.302, e:-1.086
t:26.07, r:-25.00, omega:-26.02, omega_m:-24.98, u:-258.66, theta1:20.031, theta2:9.304, e:-1.047
t:26.08, r:-25.00, omega:-29.94, omega_m:-24.99, u:-221.81, theta1:20.024, theta2:9.311, e:-4.951
t:26.09, r:-25.00, omega:-29.94, omega_m:-25.00, u:-221.43, theta1:20.017, theta2:9.318, e:-4.945
t:26.10, r:-25.00, omega:-22.83, omega_m:-25.00, u:-287.81, theta1:20.019, theta2:9.315, e:2.168
t:26.11, r:-25.00, omega:-22.83, omega_m:-25.00, u:-287.92, theta1:20.021, theta2:9.312, e:2.169
t:26.12, r:-25.00, omega:-22.83, omega_m:-25.00, u:-288.04, theta1:20.023, theta2:9.310, e:2.169
t:26.13, r:-25.00, omega:-19.88, omega_m:-25.00, u:-315.80, theta1:20.029, theta2:9.304, e:5.124
t:26.14, r:-25.00, omega:-19.88, omega_m:-25.00, u:-316.04, theta1:20.034, theta2:9.298, e:5.125
t:26.15, r:-25.00, omega:-19.88, omega_m:-25.00, u:-316.29, theta1:20.040, theta2:9.293, e:5.125
t:26.16, r:-25.00, omega:-19.60, omega_m:-25.00, u:-319.09, theta1:20.045, theta2:9.287, e:5.398
t:26.17, r:-25.00, omega:-19.60, omega_m:-25.00, u:-319.34, theta1:20.051, theta2:9.281, e:5.398
t:26.18, r:-25.00, omega:-22.26, omega_m:-25.00, u:-294.83, theta1:20.054, theta2:9.278, e:2.741
t:26.19, r:-25.00, omega:-22.26, omega_m:-25.00, u:-294.97, theta1:20.057, theta2:9.275, e:2.741
t:26.20, r:-25.00, omega:-22.52, omega_m:-25.00, u:-292.68, theta1:20.059, theta2:9.272, e:2.480
t:26.21, r:-25.00, omega:-22.52, omega_m:-25.00, u:-292.81, theta1:20.062, theta2:9.269, e:2.480
t:26.22, r:-25.00, omega:-22.52, omega_m:-25.00, u:-292.95, theta1:20.064, theta2:9.266, e:2.480
t:26.23, r:-25.00, omega:-21.76, omega_m:-25.00, u:-300.12, theta1:20.068, theta2:9.262, e:3.236
t:26.24, r:-25.00, omega:-21.76, omega_m:-25.00, u:-300.29, theta1:20.071, theta2:9.258, e:3.236
t:26.25, r:-25.00, omega:-19.88, omega_m:-25.00, u:-318.02, theta1:20.077, theta2:9.252, e:5.125
t:26.26, r:-25.00, omega:-19.88, omega_m:-25.00, u:-318.26, theta1:20.082, theta2:9.247, e:5.125
t:26.27, r:-25.00, omega:-19.88, omega_m:-25.00, u:-318.51, theta1:20.087, theta2:9.241, e:5.125
t:26.28, r:-25.00, omega:-21.46, omega_m:-25.00, u:-304.06, theta1:20.091, theta2:9.237, e:3.541
t:26.29, r:-25.00, omega:-21.46, omega_m:-25.00, u:-304.24, theta1:20.095, theta2:9.233, e:3.541
t:26.30, r:-25.00, omega:-21.44, omega_m:-25.00, u:-304.59, theta1:20.099, theta2:9.229, e:3.559
t:26.31, r:-25.00, omega:-21.44, omega_m:-25.00, u:-304.77, theta1:20.102, theta2:9.225, e:3.559
t:26.32, r:-25.00, omega:-22.42, omega_m:-25.00, u:-295.86, theta1:20.105, theta2:9.222, e:2.578
t:26.33, r:-25.00, omega:-22.42, omega_m:-25.00, u:-296.00, theta1:20.108, theta2:9.218, e:2.578
t:26.34, r:-25.00, omega:-22.42, omega_m:-25.00, u:-296.13, theta1:20.110, theta2:9.215, e:2.578
t:26.35, r:-25.00, omega:-22.36, omega_m:-25.00, u:-296.85, theta1:20.113, theta2:9.212, e:2.640
t:26.36, r:-25.00, omega:-22.36, omega_m:-25.00, u:-296.99, theta1:20.116, theta2:9.209, e:2.640
t:26.37, r:-25.00, omega:-21.12, omega_m:-25.00, u:-308.57, theta1:20.120, theta2:9.204, e:3.877
t:26.38, r:-25.00, omega:-21.12, omega_m:-25.00, u:-308.77, theta1:20.124, theta2:9.200, e:3.877
t:26.39, r:-25.00, omega:-21.12, omega_m:-25.00, u:-308.96, theta1:20.128, theta2:9.196, e:3.877
t:26.40, r:-25.00, omega:-20.07, omega_m:-25.00, u:-318.84, theta1:20.133, theta2:9.190, e:4.926
t:26.41, r:-25.00, omega:-20.07, omega_m:-25.00, u:-319.08, theta1:20.138, theta2:9.185, e:4.926
t:26.42, r:-25.00, omega:-22.26, omega_m:-25.00, u:-299.14, theta1:20.141, theta2:9.181, e:2.739
t:26.43, r:-25.00, omega:-22.26, omega_m:-25.00, u:-299.29, theta1:20.144, theta2:9.178, e:2.739
t:26.44, r:-25.00, omega:-22.26, omega_m:-25.00, u:-299.43, theta1:20.147, theta2:9.175, e:2.739
t:26.45, r:-25.00, omega:-22.89, omega_m:-25.00, u:-293.74, theta1:20.149, theta2:9.172, e:2.105
t:26.46, r:-25.00, omega:-22.89, omega_m:-25.00, u:-293.85, theta1:20.151, theta2:9.170, e:2.105
t:26.47, r:-25.00, omega:-21.42, omega_m:-25.00, u:-307.58, theta1:20.155, theta2:9.166, e:3.582
t:26.48, r:-25.00, omega:-21.42, omega_m:-25.00, u:-307.76, theta1:20.159, theta2:9.161, e:3.582
t:26.49, r:-25.00, omega:-21.42, omega_m:-25.00, u:-307.94, theta1:20.163, theta2:9.157, e:3.582
t:26.50, r:-25.00, omega:-20.31, omega_m:-25.00, u:-318.28, theta1:20.168, theta2:9.152, e:4.687
t:26.51, r:-25.00, omega:-20.31, omega_m:-25.00, u:-318.51, theta1:20.173, theta2:9.147, e:4.687
t:26.52, r:-25.00, omega:-21.43, omega_m:-25.00, u:-308.51, theta1:20.176, theta2:9.143, e:3.574
t:26.53, r:-25.00, omega:-21.43, omega_m:-25.00, u:-308.70, theta1:20.180, theta2:9.138, e:3.574
t:26.54, r:-25.00, omega:-21.75, omega_m:-25.00, u:-305.91, theta1:20.183, theta2:9.135, e:3.250
t:26.55, r:-25.00, omega:-21.75, omega_m:-25.00, u:-306.08, theta1:20.187, theta2:9.131, e:3.250
t:26.56, r:-25.00, omega:-21.75, omega_m:-25.00, u:-306.25, theta1:20.190, theta2:9.127, e:3.250
t:26.57, r:-25.00, omega:-22.46, omega_m:-25.00, u:-299.91, theta1:20.193, theta2:9.124, e:2.541
t:26.58, r:-25.00, omega:-22.46, omega_m:-25.00, u:-300.05, theta1:20.196, theta2:9.121, e:2.541
t:26.59, r:-25.00, omega:-22.16, omega_m:-25.00, u:-302.91, theta1:20.199, theta2:9.117, e:2.839
t:26.60, r:-25.00, omega:-22.16, omega_m:-25.00, u:-303.06, theta1:20.202, theta2:9.114, e:2.839
t:26.61, r:-25.00, omega:-22.16, omega_m:-25.00, u:-303.21, theta1:20.205, theta2:9.111, e:2.839
t:26.62, r:-25.00, omega:-20.39, omega_m:-25.00, u:-319.55, theta1:20.209, theta2:9.106, e:4.607
t:26.63, r:-25.00, omega:-20.39, omega_m:-25.00, u:-319.77, theta1:20.214, theta2:9.100, e:4.607
t:26.64, r:-25.00, omega:-21.38, omega_m:-25.00, u:-310.97, theta1:20.218, theta2:9.096, e:3.620
t:26.65, r:-25.00, omega:-21.38, omega_m:-25.00, u:-311.16, theta1:20.222, theta2:9.092, e:3.620
t:26.66, r:-25.00, omega:-22.44, omega_m:-25.00, u:-301.69, theta1:20.224, theta2:9.089, e:2.564
t:26.67, r:-25.00, omega:-22.44, omega_m:-25.00, u:-301.83, theta1:20.227, theta2:9.086, e:2.564
t:26.68, r:-25.00, omega:-22.44, omega_m:-25.00, u:-301.96, theta1:20.230, theta2:9.083, e:2.564
t:26.69, r:-25.00, omega:-22.26, omega_m:-25.00, u:-303.75, theta1:20.233, theta2:9.079, e:2.745
t:26.70, r:-25.00, omega:-22.26, omega_m:-25.00, u:-303.90, theta1:20.236, theta2:9.076, e:2.745
t:26.71, r:-25.00, omega:-22.08, omega_m:-25.00, u:-305.61, theta1:20.239, theta2:9.073, e:2.917
t:26.72, r:-25.00, omega:-22.08, omega_m:-25.00, u:-305.77, theta1:20.242, theta2:9.069, e:2.917
t:26.73, r:-25.00, omega:-22.08, omega_m:-25.00, u:-305.92, theta1:20.245, theta2:9.066, e:2.917
t:26.74, r:-25.00, omega:-21.74, omega_m:-25.00, u:-309.22, theta1:20.248, theta2:9.062, e:3.262
t:26.75, r:-25.00, omega:-21.74, omega_m:-25.00, u:-309.39, theta1:20.252, theta2:9.058, e:3.262
t:26.76, r:-25.00, omega:-21.58, omega_m:-25.00, u:-311.02, theta1:20.255, theta2:9.054, e:3.423
t:26.77, r:-25.00, omega:-21.58, omega_m:-25.00, u:-311.19, theta1:20.259, theta2:9.050, e:3.423
t:26.78, r:-25.00, omega:-21.58, omega_m:-25.00, u:-311.37, theta1:20.262, theta2:9.046, e:3.423
t:26.79, r:-25.00, omega:-21.15, omega_m:-25.00, u:-315.46, theta1:20.266, theta2:9.041, e:3.853
t:26.80, r:-25.00, omega:-21.15, omega_m:-25.00, u:-315.65, theta1:20.270, theta2:9.037, e:3.853
t:26.81, r:-25.00, omega:-21.62, omega_m:-25.00, u:-311.53, theta1:20.274, theta2:9.033, e:3.377
t:26.82, r:-25.00, omega:-21.62, omega_m:-25.00, u:-311.70, theta1:20.277, theta2:9.029, e:3.377
t:26.83, r:-25.00, omega:-22.09, omega_m:-25.00, u:-307.60, theta1:20.281, theta2:9.026, e:2.906
t:26.84, r:-25.00, omega:-22.09, omega_m:-25.00, u:-307.75, theta1:20.284, theta2:9.022, e:2.906
t:26.85, r:-25.00, omega:-22.09, omega_m:-25.00, u:-307.91, theta1:20.287, theta2:9.019, e:2.906
t:26.86, r:-25.00, omega:-22.13, omega_m:-25.00, u:-307.77, theta1:20.290, theta2:9.015, e:2.875
t:26.87, r:-25.00, omega:-22.13, omega_m:-25.00, u:-307.92, theta1:20.293, theta2:9.012, e:2.875
t:26.88, r:-25.00, omega:-21.83, omega_m:-25.00, u:-310.73, theta1:20.296, theta2:9.008, e:3.168
t:26.89, r:-25.00, omega:-21.83, omega_m:-25.00, u:-310.90, theta1:20.299, theta2:9.004, e:3.168
t:26.90, r:-25.00, omega:-21.83, omega_m:-25.00, u:-311.06, theta1:20.303, theta2:9.001, e:3.168
t:26.91, r:-25.00, omega:-21.66, omega_m:-25.00, u:-312.75, theta1:20.306, theta2:8.997, e:3.336
t:26.92, r:-25.00, omega:-21.66, omega_m:-25.00, u:-312.92, theta1:20.310, theta2:8.993, e:3.336
t:26.93, r:-25.00, omega:-21.44, omega_m:-25.00, u:-315.10, theta1:20.313, theta2:8.989, e:3.559
t:26.94, r:-25.00, omega:-21.44, omega_m:-25.00, u:-315.28, theta1:20.317, theta2:8.985, e:3.559
t:26.95, r:-25.00, omega:-22.94, omega_m:-25.00, u:-301.94, theta1:20.319, theta2:8.982, e:2.060
t:26.96, r:-25.00, omega:-22.94, omega_m:-25.00, u:-302.05, theta1:20.321, theta2:8.979, e:2.060
t:26.97, r:-25.00, omega:-22.94, omega_m:-25.00, u:-302.16, theta1:20.323, theta2:8.977, e:2.060
t:26.98, r:-25.00, omega:-22.29, omega_m:-25.00, u:-308.14, theta1:20.326, theta2:8.974, e:2.711
t:26.99, r:-25.00, omega:-22.29, omega_m:-25.00, u:-308.29, theta1:20.329, theta2:8.970, e:2.711
t:27.00, r:-25.00, omega:-20.42, omega_m:-25.00, u:-325.30, theta1:20.334, theta2:8.965, e:4.582
t:27.01, r:0.00, omega:-20.42, omega_m:-9.20, u:0.00, theta1:20.332, theta2:8.976, e:-11.221
t:27.02, r:0.00, omega:-20.42, omega_m:-3.38, u:0.00, theta1:20.328, theta2:8.992, e:-17.035
t:27.03, r:0.00, omega:-22.37, omega_m:-1.24, u:0.00, theta1:20.324, theta2:9.013, e:-21.123
t:27.04, r:0.00, omega:-22.37, omega_m:-0.46, u:0.00, theta1:20.319, theta2:9.036, e:-21.910
t:27.05, r:0.00, omega:-22.37, omega_m:-0.17, u:0.00, theta1:20.315, theta2:9.059, e:-22.199
t:27.06, r:0.00, omega:-22.37, omega_m:-0.06, u:0.00, theta1:20.310, theta2:9.082, e:-22.305
t:27.07, r:0.00, omega:-22.37, omega_m:-0.02, u:0.00, theta1:20.306, theta2:9.105, e:-22.345
t:27.08, r:0.00, omega:-22.37, omega_m:-0.01, u:0.00, theta1:20.301, theta2:9.128, e:-22.359
t:27.09, r:0.00, omega:-22.37, omega_m:-0.00, u:0.00, theta1:20.297, theta2:9.150, e:-22.364
t:27.10, r:0.00, omega:-22.37, omega_m:-0.00, u:0.00, theta1:20.292, theta2:9.173, e:-22.366
t:27.11, r:0.00, omega:-22.37, omega_m:-0.00, u:0.00, theta1:20.288, theta2:9.196, e:-22.367
t:27.12, r:0.00, omega:-22.37, omega_m:-0.00, u:0.00, theta1:20.283, theta2:9.219, e:-22.367
t:27.13, r:0.00, omega:-22.37, omega_m:-0.00, u:0.00, theta1:20.279, theta2:9.242, e:-22.367
t:27.14, r:0.00, omega:-22.37, omega_m:-0.00, u:0.00, theta1:20.274, theta2:9.265, e:-22.367
t:27.15, r:0.00, omega:-22.37, omega_m:-0.00, u:0.00, theta1:20.270, theta2:9.288, e:-22.367
t:27.16, r:0.00, omega:-22.37, omega_m:-0.00, u:0.00, theta1:20.265, theta2:9.311, e:-22.367
t:27.17, r:0.00, omega:-22.37, omega_m:-0.00, u:0.00, theta1:20.261, theta2:9.334, e:-22.367
t:27.18, r:0.00, omega:-22.37, omega_m:-0.00, u:0.00, theta1:20.256, theta2:9.357, e:-22.367
t:27.19, r:0.00, omega:-22.37, omega_m:-0.00, u:0.00, theta1:20.251, theta2:9.380, e:-22.367
t:27.20, r:0.00, omega:-22.37, omega_m:-0.00, u:0.00, theta1:20.247, theta2:9.403, e:-22.367
t:27.21, r:0.00, omega:-22.37, omega_m:-0.00, u:0.00, theta1:20.242, theta2:9.426, e:-22.367
t:27.22, r:0.00, omega:-22.37, omega_m:-0.00, u:0.00, theta1:20.238, theta2:9.449, e:-22.367
t:27.23, r:0.00, omega:-22.37, omega_m:-0.00, u:0.00, theta1:20.233, theta2:9.472, e:-22.367
t:27.24, r:0.00, omega:-22.37, omega_m:-0.00, u:0.00, theta1:20.229, theta2:9.494, e:-22.367
t:27.25, r:0.00, omega:-22.37, omega_m:-0.00, u:0.00, theta1:20.224, theta2:9.517, e:-22.367
t:27.26, r:0.00, omega:-22.37, omega_m:-0.00, u:0.00, theta1:20.220, theta2:9.540, e:-22.367
t:27.27, r:0.00, omega:-22.37, omega_m:-0.00, u:0.00, theta1:20.215, theta2:9.563, e:-22.367
t:27.28, r:0.00, omega:-22.37, omega_m:-0.00, u:0.00, theta1:20.211, theta2:9.586, e:-22.367
t:27.29, r:0.00, omega:-22.37, omega_m:-0.00, u:0.00, theta1:20.206, theta2:9.609, e:-22.367
t:27.30, r:0.00, omega:-22.37, omega_m:-0.00, u:0.00, theta1:20.202, theta2:9.632, e:-22.367
t:27.31, r:0.00, omega:-22.37, omega_m:-0.00, u:0.00, theta1:20.197, theta2:9.655, e:-22.367
t:27.32, r:0.00, omega:-22.37, omega_m:-0.00, u:0.00, theta1:20.193, theta2:9.677, e:-22.367
t:27.33, r:0.00, omega:-22.37, omega_m:-0.00, u:0.00, theta1:20.188, theta2:9.700, e:-22.367
t:27.34, r:0.00, omega:-22.37, omega_m:-0.00, u:0.00, theta1:20.184, theta2:9.723, e:-22.367
t:27.35, r:0.00, omega:-22.37, omega_m:-0.00, u:0.00, theta1:20.179, theta2:9.746, e:-22.367
t:27.36, r:0.00, omega:-22.37, omega_m:-0.00, u:0.00, theta1:20.175, theta2:9.769, e:-22.367
t:27.37, r:0.00, omega:-22.37, omega_m:-0.00, u:0.00, theta1:20.170, theta2:9.792, e:-22.367
t:27.38, r:0.00, omega:-22.37, omega_m:-0.00, u:0.00, theta1:20.166, theta2:9.814, e:-22.367
t:27.39, r:0.00, omega:-22.37, omega_m:-0.00, u:0.00, theta1:20.161, theta2:9.837, e:-22.367
t:27.40, r:0.00, omega:-22.37, omega_m:-0.00, u:0.00, theta1:20.157, theta2:9.860, e:-22.367
t:27.41, r:0.00, omega:-22.37, omega_m:-0.00, u:0.00, theta1:20.152, theta2:9.883, e:-22.367
t:27.42, r:0.00, omega:-22.37, omega_m:-0.00, u:0.00, theta1:20.148, theta2:9.906, e:-22.367
t:27.43, r:0.00, omega:-22.37, omega_m:-0.00, u:0.00, theta1:20.143, theta2:9.929, e:-22.367
t:27.44, r:0.00, omega:-22.37, omega_m:-0.00, u:0.00, theta1:20.139, theta2:9.951, e:-22.367
t:27.45, r:0.00, omega:-22.37, omega_m:-0.00, u:0.00, theta1:20.134, theta2:9.974, e:-22.367
t:27.46, r:0.00, omega:-22.37, omega_m:-0.00, u:0.00, theta1:20.129, theta2:9.997, e:-22.367
t:27.47, r:0.00, omega:-22.37, omega_m:-0.00, u:0.00, theta1:20.125, theta2:10.020, e:-22.367
t:27.48, r:0.00, omega:-22.37, omega_m:-0.00, u:0.00, theta1:20.120, theta2:10.042, e:-22.367
t:27.49, r:0.00, omega:-22.37, omega_m:-0.00, u:0.00, theta1:20.116, theta2:10.065, e:-22.367
t:27.50, r:0.00, omega:-22.37, omega_m:-0.00, u:0.00, theta1:20.111, theta2:10.088, e:-22.367
t:27.51, r:0.00, omega:-22.37, omega_m:-0.00, u:0.00, theta1:20.107, theta2:10.111, e:-22.367
t:27.52, r:0.00, omega:-22.37, omega_m:-0.00, u:0.00, theta1:20.102, theta2:10.133, e:-22.367
t:27.53, r:0.00, omega:0.00, omega_m:-0.00, u:0.00, theta1:20.102, theta2:10.133, e:0.000
t:27.54, r:0.00, omega:0.00, omega_m:-0.00, u:0.00, theta1:20.102, theta2:10.133, e:0.000
t:27.55, r:0.00, omega:0.00, omega_m:-0.00, u:0.00, theta1:20.102, theta2:10.133, e:0.000
t:27.56, r:0.00, omega:0.00, omega_m:-0.00, u:0.00, theta1:20.102, theta2:10.133, e:0.000
t:27.57, r:0.00, omega:0.00, omega_m:-0.00, u:0.00, theta1:20.102, theta2:10.133, e:0.000
t:27.58, r:0.00, omega:0.00, omega_m:-0.00, u:0.00, theta1:20.102, theta2:10.133, e:0.000
t:27.59, r:0.00, omega:0.00, omega_m:-0.00, u:0.00, theta1:20.102, theta2:10.133, e:0.000
t:27.60, r:0.00, omega:0.00, omega_m:-0.00, u:0.00, theta1:20.102, theta2:10.133, e:0.000
t:27.61, r:0.00, omega:0.00, omega_m:-0.00, u:0.00, theta1:20.102, theta2:10.133, e:0.000
t:27.62, r:0.00, omega:0.00, omega_m:-0.00, u:0.00, theta1:20.102, theta2:10.133, e:0.000
t:27.63, r:0.00, omega:0.00, omega_m:-0.00, u:0.00, theta1:20.102, theta2:10.133, e:0.000
t:27.64, r:0.00, omega:0.00, omega_m:-0.00, u:0.00, theta1:20.102, theta2:10.133, e:0.000
t:27.65, r:0.00, omega:0.00, omega_m:-0.00, u:0.00, theta1:20.102, theta2:10.133, e:0.000
t:27.66, r:0.00, omega:0.00, omega_m:-0.00, u:0.00, theta1:20.102, theta2:10.133, e:0.000
t:27.67, r:0.00, omega:0.00, omega_m:-0.00, u:0.00, theta1:20.102, theta2:10.133, e:0.000
t:27.68, r:0.00, omega:0.00, omega_m:-0.00, u:0.00, theta1:20.102, theta2:10.133, e:0.000
t:27.69, r:0.00, omega:0.00, omega_m:-0.00, u:0.00, theta1:20.102, theta2:10.133, e:0.000
t:27.70, r:0.00, omega:0.00, omega_m:-0.00, u:0.00, theta1:20.102, theta2:10.133, e:0.000
t:27.71, r:0.00, omega:0.00, omega_m:-0.00, u:0.00, theta1:20.102, theta2:10.133, e:0.000
t:27.72, r:0.00, omega:0.00, omega_m:-0.00, u:0.00, theta1:20.102, theta2:10.133, e:0.000
t:27.73, r:0.00, omega:0.00, omega_m:-0.00, u:0.00, theta1:20.102, theta2:10.133, e:0.000
t:27.74, r:0.00, omega:0.00, omega_m:-0.00, u:0.00, theta1:20.102, theta2:10.133, e:0.000
t:27.75, r:0.00, omega:0.00, omega_m:-0.00, u:0.00, theta1:20.102, theta2:10.133, e:0.000
t:27.76, r:0.00, omega:0.00, omega_m:-0.00, u:0.00, theta1:20.102, theta2:10.133, e:0.000
t:27.77, r:0.00, omega:0.00, omega_m:-0.00, u:0.00, theta1:20.102, theta2:10.133, e:0.000
t:27.78, r:0.00, omega:0.00, omega_m:-0.00, u:0.00, theta1:20.102, theta2:10.133, e:0.000
t:27.79, r:0.00, omega:0.00, omega_m:-0.00, u:0.00, theta1:20.102, theta2:10.133, e:0.000
t:27.80, r:0.00, omega:0.00, omega_m:-0.00, u:0.00, theta1:20.102, theta2:10.133, e:0.000
t:27.81, r:0.00, omega:0.00, omega_m:-0.00, u:0.00, theta1:20.102, theta2:10.133, e:0.000
t:27.82, r:0.00, omega:0.00, omega_m:-0.00, u:0.00, theta1:20.102, theta2:10.133, e:0.000
t:27.83, r:0.00, omega:0.00, omega_m:-0.00, u:0.00, theta1:20.102, theta2:10.133, e:0.000
t:27.84, r:0.00, omega:0.00, omega_m:-0.00, u:0.00, theta1:20.102, theta2:10.133, e:0.000
t:27.85, r:0.00, omega:0.00, omega_m:-0.00, u:0.00, theta1:20.102, theta2:10.133, e:0.000
t:27.86, r:0.00, omega:0.00, omega_m:-0.00, u:0.00, theta1:20.102, theta2:10.133, e:0.000
t:27.87, r:0.00, omega:0.00, omega_m:-0.00, u:0.00, theta1:20.102, theta2:10.133, e:0.000
t:27.88, r:0.00, omega:0.00, omega_m:-0.00, u:0.00, theta1:20.102, theta2:10.133, e:0.000
t:27.89, r:0.00, omega:0.00, omega_m:-0.00, u:0.00, theta1:20.102, theta2:10.133, e:0.000
t:27.90, r:0.00, omega:0.00, omega_m:-0.00, u:0.00, theta1:20.102, theta2:10.133, e:0.000
t:27.91, r:0.00, omega:0.00, omega_m:-0.00, u:0.00, theta1:20.102, theta2:10.133, e:0.000
t:27.92, r:0.00, omega:0.00, omega_m:-0.00, u:0.00, theta1:20.102, theta2:10.133, e:0.000
t:27.93, r:0.00, omega:0.00, omega_m:-0.00, u:0.00, theta1:20.102, theta2:10.133, e:0.000
t:27.94, r:0.00, omega:0.00, omega_m:-0.00, u:0.00, theta1:20.102, theta2:10.133, e:0.000
t:27.95, r:0.00, omega:0.00, omega_m:-0.00, u:0.00, theta1:20.102, theta2:10.133, e:0.000
t:27.96, r:0.00, omega:0.00, omega_m:-0.00, u:0.00, theta1:20.102, theta2:10.133, e:0.000
t:27.97, r:0.00, omega:0.00, omega_m:-0.00, u:0.00, theta1:20.102, theta2:10.133, e:0.000
t:27.98, r:0.00, omega:0.00, omega_m:-0.00, u:0.00, theta1:20.102, theta2:10.133, e:0.000
t:27.99, r:0.00, omega:0.00, omega_m:-0.00, u:0.00, theta1:20.102, theta2:10.133, e:0.000
t:28.00, r:0.00, omega:0.00, omega_m:-0.00, u:0.00, theta1:20.102, theta2:10.133, e:0.000
t:28.01, r:25.00, omega:0.00, omega_m:15.80, u:502.98, theta1:20.119, theta2:10.132, e:-15.803
t:28.02, r:25.00, omega:0.52, omega_m:21.62, u:498.22, theta1:20.141, theta2:10.129, e:-21.092
t:28.03, r:25.00, omega:0.52, omega_m:23.76, u:498.83, theta1:20.166, theta2:10.126, e:-23.231
t:28.04, r:25.00, omega:0.52, omega_m:24.54, u:499.46, theta1:20.191, theta2:10.123, e:-24.018
t:28.05, r:25.00, omega:19.52, omega_m:24.83, u:307.45, theta1:20.196, theta2:10.117, e:-5.315
t:28.06, r:25.00, omega:19.52, omega_m:24.94, u:307.71, theta1:20.202, theta2:10.112, e:-5.422
t:28.07, r:25.00, omega:29.64, omega_m:24.98, u:204.94, theta1:20.195, theta2:10.118, e:4.667
t:28.08, r:25.00, omega:29.64, omega_m:24.99, u:204.58, theta1:20.188, theta2:10.124, e:4.652
t:28.09, r:25.00, omega:22.54, omega_m:25.00, u:276.66, theta1:20.191, theta2:10.121, e:-2.459
t:28.10, r:25.00, omega:22.54, omega_m:25.00, u:276.79, theta1:20.194, theta2:10.118, e:-2.461
t:28.11, r:25.00, omega:22.54, omega_m:25.00, u:276.93, theta1:20.196, theta2:10.115, e:-2.462
t:28.12, r:25.00, omega:18.41, omega_m:25.00, u:318.96, theta1:20.203, theta2:10.109, e:-6.588
t:28.13, r:25.00, omega:18.41, omega_m:25.00, u:319.25, theta1:20.210, theta2:10.102, e:-6.588
t:28.14, r:25.00, omega:18.41, omega_m:25.00, u:319.55, theta1:20.217, theta2:10.095, e:-6.588
t:28.15, r:25.00, omega:19.34, omega_m:25.00, u:310.41, theta1:20.223, theta2:10.089, e:-5.656
t:28.16, r:25.00, omega:19.34, omega_m:25.00, u:310.67, theta1:20.229, theta2:10.083, e:-5.656
t:28.17, r:25.00, omega:20.96, omega_m:25.00, u:294.53, theta1:20.233, theta2:10.078, e:-4.035
t:28.18, r:25.00, omega:20.96, omega_m:25.00, u:294.73, theta1:20.237, theta2:10.074, e:-4.035
t:28.19, r:25.00, omega:20.96, omega_m:25.00, u:294.94, theta1:20.241, theta2:10.069, e:-4.035
t:28.20, r:25.00, omega:20.81, omega_m:25.00, u:296.66, theta1:20.246, theta2:10.064, e:-4.185
t:28.21, r:25.00, omega:20.81, omega_m:25.00, u:296.86, theta1:20.250, theta2:10.060, e:-4.185
t:28.22, r:25.00, omega:20.82, omega_m:25.00, u:297.05, theta1:20.255, theta2:10.055, e:-4.183
t:28.23, r:25.00, omega:20.82, omega_m:25.00, u:297.26, theta1:20.259, theta2:10.050, e:-4.183
t:28.24, r:25.00, omega:20.82, omega_m:25.00, u:297.47, theta1:20.263, theta2:10.045, e:-4.183
t:28.25, r:25.00, omega:19.73, omega_m:25.00, u:308.65, theta1:20.269, theta2:10.040, e:-5.271
t:28.26, r:25.00, omega:19.73, omega_m:25.00, u:308.90, theta1:20.274, theta2:10.034, e:-5.271
t:28.27, r:25.00, omega:20.48, omega_m:25.00, u:301.54, theta1:20.279, theta2:10.029, e:-4.516
t:28.28, r:25.00, omega:20.48, omega_m:25.00, u:301.77, theta1:20.284, theta2:10.024, e:-4.516
t:28.29, r:25.00, omega:20.48, omega_m:25.00, u:301.99, theta1:20.289, theta2:10.019, e:-4.516
t:28.30, r:25.00, omega:22.47, omega_m:25.00, u:282.23, theta1:20.291, theta2:10.016, e:-2.530
t:28.31, r:25.00, omega:22.47, omega_m:25.00, u:282.37, theta1:20.294, theta2:10.012, e:-2.530
t:28.32, r:25.00, omega:19.91, omega_m:25.00, u:308.26, theta1:20.299, theta2:10.007, e:-5.092
t:28.33, r:25.00, omega:19.91, omega_m:25.00, u:308.51, theta1:20.305, theta2:10.001, e:-5.092
t:28.34, r:25.00, omega:19.91, omega_m:25.00, u:308.75, theta1:20.310, theta2:9.996, e:-5.092
t:28.35, r:25.00, omega:19.63, omega_m:25.00, u:311.74, theta1:20.315, theta2:9.990, e:-5.365
t:28.36, r:25.00, omega:19.63, omega_m:25.00, u:311.99, theta1:20.321, theta2:9.984, e:-5.365
t:28.37, r:25.00, omega:22.73, omega_m:25.00, u:281.23, theta1:20.323, theta2:9.981, e:-2.271
t:28.38, r:25.00, omega:22.73, omega_m:25.00, u:281.35, theta1:20.326, theta2:9.979, e:-2.271
t:28.39, r:25.00, omega:22.73, omega_m:25.00, u:281.47, theta1:20.328, theta2:9.976, e:-2.271
t:28.40, r:25.00, omega:20.36, omega_m:25.00, u:305.32, theta1:20.333, theta2:9.971, e:-4.639
t:28.41, r:25.00, omega:20.36, omega_m:25.00, u:305.55, theta1:20.338, theta2:9.965, e:-4.639
t:28.42, r:25.00, omega:20.36, omega_m:25.00, u:305.77, theta1:20.343, theta2:9.960, e:-4.639
t:28.43, r:25.00, omega:19.00, omega_m:25.00, u:319.63, theta1:20.349, theta2:9.954, e:-6.003
t:28.44, r:25.00, omega:19.00, omega_m:25.00, u:319.91, theta1:20.355, theta2:9.948, e:-6.003
t:28.45, r:25.00, omega:21.69, omega_m:25.00, u:293.33, theta1:20.359, theta2:9.944, e:-3.314
t:28.46, r:25.00, omega:21.69, omega_m:25.00, u:293.50, theta1:20.362, theta2:9.940, e:-3.314
t:28.47, r:25.00, omega:21.69, omega_m:25.00, u:293.67, theta1:20.366, theta2:9.936, e:-3.314
t:28.48, r:25.00, omega:21.57, omega_m:25.00, u:294.99, theta1:20.369, theta2:9.932, e:-3.429
t:28.49, r:25.00, omega:21.57, omega_m:25.00, u:295.17, theta1:20.373, theta2:9.928, e:-3.429
t:28.50, r:25.00, omega:19.89, omega_m:25.00, u:312.15, theta1:20.378, theta2:9.922, e:-5.114
t:28.51, r:25.00, omega:19.89, omega_m:25.00, u:312.39, theta1:20.384, theta2:9.917, e:-5.114
t:28.52, r:25.00, omega:19.89, omega_m:25.00, u:312.64, theta1:20.389, theta2:9.911, e:-5.114
t:28.53, r:25.00, omega:19.78, omega_m:25.00, u:313.98, theta1:20.394, theta2:9.905, e:-5.224
t:28.54, r:25.00, omega:19.78, omega_m:25.00, u:314.23, theta1:20.400, theta2:9.900, e:-5.224
t:28.55, r:25.00, omega:22.37, omega_m:25.00, u:288.70, theta1:20.403, theta2:9.896, e:-2.632
t:28.56, r:25.00, omega:22.37, omega_m:25.00, u:288.84, theta1:20.405, theta2:9.893, e:-2.632
t:28.57, r:25.00, omega:22.37, omega_m:25.00, u:288.98, theta1:20.408, theta2:9.890, e:-2.632
t:28.58, r:25.00, omega:20.38, omega_m:25.00, u:308.85, theta1:20.413, theta2:9.885, e:-4.618
t:28.59, r:25.00, omega:20.38, omega_m:25.00, u:309.08, theta1:20.418, theta2:9.880, e:-4.618
t:28.60, r:25.00, omega:19.73, omega_m:25.00, u:315.76, theta1:20.423, theta2:9.874, e:-5.268
t:28.61, r:25.00, omega:19.73, omega_m:25.00, u:316.01, theta1:20.429, theta2:9.868, e:-5.268
t:28.62, r:25.00, omega:19.73, omega_m:25.00, u:316.26, theta1:20.434, theta2:9.862, e:-5.268
t:28.63, r:25.00, omega:22.61, omega_m:25.00, u:288.00, theta1:20.437, theta2:9.860, e:-2.390
t:28.64, r:25.00, omega:22.61, omega_m:25.00, u:288.13, theta1:20.439, theta2:9.857, e:-2.390
t:28.65, r:25.00, omega:21.37, omega_m:25.00, u:300.54, theta1:20.443, theta2:9.852, e:-3.630
t:28.66, r:25.00, omega:21.37, omega_m:25.00, u:300.72, theta1:20.447, theta2:9.848, e:-3.630
t:28.67, r:25.00, omega:21.37, omega_m:25.00, u:300.91, theta1:20.451, theta2:9.844, e:-3.630
t:28.68, r:25.00, omega:20.17, omega_m:25.00, u:312.90, theta1:20.456, theta2:9.839, e:-4.825
t:28.69, r:25.00, omega:20.17, omega_m:25.00, u:313.14, theta1:20.461, theta2:9.833, e:-4.825
t:28.70, r:25.00, omega:20.31, omega_m:25.00, u:312.02, theta1:20.466, theta2:9.828, e:-4.688
t:28.71, r:25.00, omega:20.31, omega_m:25.00, u:312.25, theta1:20.471, theta2:9.823, e:-4.688
t:28.72, r:25.00, omega:20.31, omega_m:25.00, u:312.48, theta1:20.476, theta2:9.818, e:-4.688
t:28.73, r:25.00, omega:22.42, omega_m:25.00, u:291.93, theta1:20.478, theta2:9.814, e:-2.581
t:28.74, r:25.00, omega:22.42, omega_m:25.00, u:292.06, theta1:20.481, theta2:9.811, e:-2.581
t:28.75, r:25.00, omega:20.13, omega_m:25.00, u:314.73, theta1:20.486, theta2:9.806, e:-4.867
t:28.76, r:25.00, omega:20.13, omega_m:25.00, u:314.96, theta1:20.491, theta2:9.800, e:-4.867
t:28.77, r:25.00, omega:20.13, omega_m:25.00, u:315.20, theta1:20.496, theta2:9.795, e:-4.867
t:28.78, r:25.00, omega:21.36, omega_m:25.00, u:303.41, theta1:20.500, theta2:9.791, e:-3.644
t:28.79, r:25.00, omega:21.36, omega_m:25.00, u:303.60, theta1:20.504, theta2:9.787, e:-3.644
t:28.80, r:25.00, omega:21.63, omega_m:25.00, u:301.13, theta1:20.507, theta2:9.783, e:-3.374
t:28.81, r:25.00, omega:21.63, omega_m:25.00, u:301.30, theta1:20.511, theta2:9.779, e:-3.374
t:28.82, r:25.00, omega:21.63, omega_m:25.00, u:301.48, theta1:20.514, theta2:9.775, e:-3.374
t:28.83, r:25.00, omega:19.83, omega_m:25.00, u:319.32, theta1:20.520, theta2:9.769, e:-5.175
t:28.84, r:25.00, omega:19.83, omega_m:25.00, u:319.57, theta1:20.525, theta2:9.763, e:-5.175
t:28.85, r:25.00, omega:21.86, omega_m:25.00, u:299.82, theta1:20.528, theta2:9.760, e:-3.135
t:28.86, r:25.00, omega:21.86, omega_m:25.00, u:299.98, theta1:20.532, theta2:9.756, e:-3.135
t:28.87, r:25.00, omega:21.86, omega_m:25.00, u:300.15, theta1:20.535, theta2:9.752, e:-3.135
t:28.88, r:25.00, omega:21.99, omega_m:25.00, u:299.08, theta1:20.538, theta2:9.749, e:-3.010
t:28.89, r:25.00, omega:21.99, omega_m:25.00, u:299.24, theta1:20.541, theta2:9.745, e:-3.010
t:28.90, r:25.00, omega:20.01, omega_m:25.00, u:318.80, theta1:20.547, theta2:9.740, e:-4.992
t:28.91, r:25.00, omega:20.01, omega_m:25.00, u:319.04, theta1:20.552, theta2:9.734, e:-4.992
t:28.92, r:25.00, omega:20.01, omega_m:25.00, u:319.28, theta1:20.557, theta2:9.729, e:-4.992
t:28.93, r:25.00, omega:21.26, omega_m:25.00, u:307.33, theta1:20.561, theta2:9.724, e:-3.745
t:28.94, r:25.00, omega:21.26, omega_m:25.00, u:307.52, theta1:20.565, theta2:9.720, e:-3.745
t:28.95, r:25.00, omega:22.90, omega_m:25.00, u:291.63, theta1:20.567, theta2:9.717, e:-2.098
t:28.96, r:25.00, omega:22.90, omega_m:25.00, u:291.75, theta1:20.569, theta2:9.715, e:-2.098
t:28.97, r:25.00, omega:22.90, omega_m:25.00, u:291.86, theta1:20.571, theta2:9.712, e:-2.098
t:28.98, r:25.00, omega:20.46, omega_m:25.00, u:315.80, theta1:20.576, theta2:9.707, e:-4.540
t:28.99, r:25.00, omega:20.46, omega_m:25.00, u:316.02, theta1:20.581, theta2:9.702, e:-4.540
t:29.00, r:25.00, omega:20.14, omega_m:25.00, u:319.39, theta1:20.586, theta2:9.697, e:-4.863
t:29.01, r:0.00, omega:20.14, omega_m:9.20, u:0.00, theta1:20.584, theta2:9.706, e:10.940
t:29.02, r:0.00, omega:20.14, omega_m:3.38, u:0.00, theta1:20.580, theta2:9.722, e:16.753
t:29.03, r:0.00, omega:20.46, omega_m:1.24, u:0.00, theta1:20.576, theta2:9.739, e:19.217
t:29.04, r:0.00, omega:20.46, omega_m:0.46, u:0.00, theta1:20.572, theta2:9.758, e:20.004
t:29.05, r:0.00, omega:20.46, omega_m:0.17, u:0.00, theta1:20.568, theta2:9.777, e:20.293
t:29.06, r:0.00, omega:20.46, omega_m:0.06, u:0.00, theta1:20.564, theta2:9.796, e:20.400
t:29.07, r:0.00, omega:20.46, omega_m:0.02, u:0.00, theta1:20.560, theta2:9.815, e:20.439
t:29.08, r:0.00, omega:20.46, omega_m:0.01, u:0.00, theta1:20.555, theta2:9.834, e:20.453
t:29.09, r:0.00, omega:20.46, omega_m:0.00, u:0.00, theta1:20.551, theta2:9.852, e:20.459
t:29.10, r:0.00, omega:20.46, omega_m:0.00, u:0.00, theta1:20.547, theta2:9.871, e:20.461
t:29.11, r:0.00, omega:20.46, omega_m:0.00, u:0.00, theta1:20.543, theta2:9.890, e:20.461
t:29.12, r:0.00, omega:20.46, omega_m:0.00, u:0.00, theta1:20.539, theta2:9.909, e:20.462
t:29.13, r:0.00, omega:20.46, omega_m:0.00, u:0.00, theta1:20.534, theta2:9.928, e:20.462
t:29.14, r:0.00, omega:20.46, omega_m:0.00, u:0.00, theta1:20.530, theta2:9.947, e:20.462
t:29.15, r:0.00, omega:20.46, omega_m:0.00, u:0.00, theta1:20.526, theta2:9.966, e:20.462
t:29.16, r:0.00, omega:20.46, omega_m:0.00, u:0.00, theta1:20.522, theta2:9.985, e:20.462
t:29.17, r:0.00, omega:20.46, omega_m:0.00, u:0.00, theta1:20.518, theta2:10.004, e:20.462
t:29.18, r:0.00, omega:20.46, omega_m:0.00, u:0.00, theta1:20.513, theta2:10.023, e:20.462
t:29.19, r:0.00, omega:20.46, omega_m:0.00, u:0.00, theta1:20.509, theta2:10.041, e:20.462
t:29.20, r:0.00, omega:20.46, omega_m:0.00, u:0.00, theta1:20.505, theta2:10.060, e:20.462
t:29.21, r:0.00, omega:20.46, omega_m:0.00, u:0.00, theta1:20.501, theta2:10.079, e:20.462
t:29.22, r:0.00, omega:20.46, omega_m:0.00, u:0.00, theta1:20.497, theta2:10.098, e:20.462
t:29.23, r:0.00, omega:20.46, omega_m:0.00, u:0.00, theta1:20.492, theta2:10.117, e:20.462
t:29.24, r:0.00, omega:20.46, omega_m:0.00, u:0.00, theta1:20.488, theta2:10.136, e:20.462
t:29.25, r:0.00, omega:20.46, omega_m:0.00, u:0.00, theta1:20.484, theta2:10.155, e:20.462
t:29.26, r:0.00, omega:20.46, omega_m:0.00, u:0.00, theta1:20.480, theta2:10.174, e:20.462
t:29.27, r:0.00, omega:20.46, omega_m:0.00, u:0.00, theta1:20.476, theta2:10.192, e:20.462
t:29.28, r:0.00, omega:20.46, omega_m:0.00, u:0.00, theta1:20.471, theta2:10.211, e:20.462
t:29.29, r:0.00, omega:20.46, omega_m:0.00, u:0.00, theta1:20.467, theta2:10.230, e:20.462
t:29.30, r:0.00, omega:20.46, omega_m:0.00, u:0.00, theta1:20.463, theta2:10.249, e:20.462
t:29.31, r:0.00, omega:20.46, omega_m:0.00, u:0.00, theta1:20.459, theta2:10.268, e:20.462
t:29.32, r:0.00, omega:20.46, omega_m:0.00, u:0.00, theta1:20.455, theta2:10.287, e:20.462
t:29.33, r:0.00, omega:20.46, omega_m:0.00, u:0.00, theta1:20.450, theta2:10.305, e:20.462
t:29.34, r:0.00, omega:20.46, omega_m:0.00, u:0.00, theta1:20.446, theta2:10.324, e:20.462
t:29.35, r:0.00, omega:20.46, omega_m:0.00, u:0.00, theta1:20.442, theta2:10.343, e:20.462
t:29.36, r:0.00, omega:20.46, omega_m:0.00, u:0.00, theta1:20.438, theta2:10.362, e:20.462
t:29.37, r:0.00, omega:20.46, omega_m:0.00, u:0.00, theta1:20.434, theta2:10.381, e:20.462
t:29.38, r:0.00, omega:20.46, omega_m:0.00, u:0.00, theta1:20.430, theta2:10.399, e:20.462
t:29.39, r:0.00, omega:20.46, omega_m:0.00, u:0.00, theta1:20.425, theta2:10.418, e:20.462
t:29.40, r:0.00, omega:20.46, omega_m:0.00, u:0.00, theta1:20.421, theta2:10.437, e:20.462
t:29.41, r:0.00, omega:20.46, omega_m:0.00, u:0.00, theta1:20.417, theta2:10.456, e:20.462
t:29.42, r:0.00, omega:20.46, omega_m:0.00, u:0.00, theta1:20.413, theta2:10.475, e:20.462
t:29.43, r:0.00, omega:20.46, omega_m:0.00, u:0.00, theta1:20.409, theta2:10.493, e:20.462
t:29.44, r:0.00, omega:20.46, omega_m:0.00, u:0.00, theta1:20.405, theta2:10.512, e:20.462
t:29.45, r:0.00, omega:20.46, omega_m:0.00, u:0.00, theta1:20.400, theta2:10.531, e:20.462
t:29.46, r:0.00, omega:20.46, omega_m:0.00, u:0.00, theta1:20.396, theta2:10.550, e:20.462
t:29.47, r:0.00, omega:20.46, omega_m:0.00, u:0.00, theta1:20.392, theta2:10.569, e:20.462
t:29.48, r:0.00, omega:20.46, omega_m:0.00, u:0.00, theta1:20.388, theta2:10.587, e:20.462
t:29.49, r:0.00, omega:20.46, omega_m:0.00, u:0.00, theta1:20.384, theta2:10.606, e:20.462
t:29.50, r:0.00, omega:20.46, omega_m:0.00, u:0.00, theta1:20.379, theta2:10.625, e:20.462
t:29.51, r:0.00, omega:20.46, omega_m:0.00, u:0.00, theta1:20.375, theta2:10.644, e:20.462
t:29.52, r:0.00, omega:20.46, omega_m:0.00, u:0.00, theta1:20.371, theta2:10.662, e:20.462
t:29.53, r:0.00, omega:0.00, omega_m:0.00, u:0.00, theta1:20.371, theta2:10.662, e:-0.000
t:29.54, r:0.00, omega:0.00, omega_m:0.00, u:0.00, theta1:20.371, theta2:10.662, e:-0.000
t:29.55, r:0.00, omega:0.00, omega_m:0.00, u:0.00, theta1:20.371, theta2:10.662, e:-0.000
t:29.56, r:0.00, omega:0.00, omega_m:0.00, u:0.00, theta1:20.371, theta2:10.662, e:-0.000
t:29.57, r:0.00, omega:0.00, omega_m:0.00, u:0.00, theta1:20.371, theta2:10.662, e:-0.000
t:29.58, r:0.00, omega:0.00, omega_m:0.00, u:0.00, theta1:20.371, theta2:10.662, e:-0.000
t:29.59, r:0.00, omega:0.00, omega_m:0.00, u:0.00, theta1:20.371, theta2:10.662, e:-0.000
t:29.60, r:0.00, omega:0.00, omega_m:0.00, u:0.00, theta1:20.371, theta2:10.662, e:-0.000
t:29.61, r:0.00, omega:0.00, omega_m:0.00, u:0.00, theta1:20.371, theta2:10.662, e:-0.000
t:29.62, r:0.00, omega:0.00, omega_m:0.00, u:0.00, theta1:20.371, theta2:10.662, e:-0.000
t:29.63, r:0.00, omega:0.00, omega_m:0.00, u:0.00, theta1:20.371, theta2:10.662, e:-0.000
t:29.64, r:0.00, omega:0.00, omega_m:0.00, u:0.00, theta1:20.371, theta2:10.662, e:-0.000
t:29.65, r:0.00, omega:0.00, omega_m:0.00, u:0.00, theta1:20.371, theta2:10.662, e:-0.000
t:29.66, r:0.00, omega:0.00, omega_m:0.00, u:0.00, theta1:20.371, theta2:10.662, e:-0.000
t:29.67, r:0.00, omega:0.00, omega_m:0.00, u:0.00, theta1:20.371, theta2:10.662, e:-0.000
t:29.68, r:0.00, omega:0.00, omega_m:0.00, u:0.00, theta1:20.371, theta2:10.662, e:-0.000
t:29.69, r:0.00, omega:0.00, omega_m:0.00, u:0.00, theta1:20.371, theta2:10.662, e:-0.000
t:29.70, r:0.00, omega:0.00, omega_m:0.00, u:0.00, theta1:20.371, theta2:10.662, e:-0.000
t:29.71, r:0.00, omega:0.00, omega_m:0.00, u:0.00, theta1:20.371, theta2:10.662, e:-0.000
t:29.72, r:0.00, omega:0.00, omega_m:0.00, u:0.00, theta1:20.371, theta2:10.662, e:-0.000
t:29.73, r:0.00, omega:0.00, omega_m:0.00, u:0.00, theta1:20.371, theta2:10.662, e:-0.000
t:29.74, r:0.00, omega:0.00, omega_m:0.00, u:0.00, theta1:20.371, theta2:10.662, e:-0.000
t:29.75, r:0.00, omega:0.00, omega_m:0.00, u:0.00, theta1:20.371, theta2:10.662, e:-0.000
t:29.76, r:0.00, omega:0.00, omega_m:0.00, u:0.00, theta1:20.371, theta2:10.662, e:-0.000
t:29.77, r:0.00, omega:0.00, omega_m:0.00, u:0.00, theta1:20.371, theta2:10.662, e:-0.000
t:29.78, r:0.00, omega:0.00, omega_m:0.00, u:0.00, theta1:20.371, theta2:10.662, e:-0.000
t:29.79, r:0.00, omega:0.00, omega_m:0.00, u:0.00, theta1:20.371, theta2:10.662, e:-0.000
t:29.80, r:0.00, omega:0.00, omega_m:0.00, u:0.00, theta1:20.371, theta2:10.662, e:-0.000
t:29.81, r:0.00, omega:0.00, omega_m:0.00, u:0.00, theta1:20.371, theta2:10.662, e:-0.000
t:29.82, r:0.00, omega:0.00, omega_m:0.00, u:0.00, theta1:20.371, theta2:10.662, e:-0.000
t:29.83, r:0.00, omega:0.00, omega_m:0.00, u:0.00, theta1:20.371, theta2:10.662, e:-0.000
t:29.84, r:0.00, omega:0.00, omega_m:0.00, u:0.00, theta1:20.371, theta2:10.662, e:-0.000
t:29.85, r:0.00, omega:0.00, omega_m:0.00, u:0.00, theta1:20.371, theta2:10.662, e:-0.000
t:29.86, r:0.00, omega:0.00, omega_m:0.00, u:0.00, theta1:20.371, theta2:10.662, e:-0.000
t:29.87, r:0.00, omega:0.00, omega_m:0.00, u:0.00, theta1:20.371, theta2:10.662, e:-0.000
t:29.88, r:0.00, omega:0.00, omega_m:0.00, u:0.00, theta1:20.371, theta2:10.662, e:-0.000
t:29.89, r:0.00, omega:0.00, omega_m:0.00, u:0.00, theta1:20.371, theta2:10.662, e:-0.000
t:29.90, r:0.00, omega:0.00, omega_m:0.00, u:0.00, theta1:20.371, theta2:10.662, e:-0.000
t:29.91, r:0.00, omega:0.00, omega_m:0.00, u:0.00, theta1:20.371, theta2:10.662, e:-0.000
t:29.92, r:0.00, omega:0.00, omega_m:0.00, u:0.00, theta1:20.371, theta2:10.662, e:-0.000
t:29.93, r:0.00, omega:0.00, omega_m:0.00, u:0.00, theta1:20.371, theta2:10.662, e:-0.000
t:29.94, r:0.00, omega:0.00, omega_m:0.00, u:0.00, theta1:20.371, theta2:10.662, e:-0.000
t:29.95, r:0.00, omega:0.00, omega_m:0.00, u:0.00, theta1:20.371, theta2:10.662, e:-0.000
t:29.96, r:0.00, omega:0.00, omega_m:0.00, u:0.00, theta1:20.371, theta2:10.662, e:-0.000
t:29.97, r:0.00, omega:0.00, omega_m:0.00, u:0.00, theta1:20.371, theta2:10.662, e:-0.000
t:29.98, r:0.00, omega:0.00, omega_m:0.00, u:0.00, theta1:20.371, theta2:10.662, e:-0.000
t:29.99, r:0.00, omega:0.00, omega_m:0.00, u:0.00, theta1:20.371, theta2:10.662, e:-0.000
t:30.00, r:0.00, omega:0.00, omega_m:0.00, u:0.00, theta1:20.371, theta2:10.662, e:-0.000
t:30.01, r:-25.00, omega:0.00, omega_m:-15.80, u:-509.69, theta1:20.388, theta2:10.661, e:15.803
t:30.02, r:-25.00, omega:0.00, omega_m:-21.62, u:-510.26, theta1:20.410, theta2:10.658, e:21.617
t:30.03, r:-25.00, omega:0.00, omega_m:-23.76, u:-510.88, theta1:20.435, theta2:10.656, e:23.755
t:30.04, r:-25.00, omega:0.00, omega_m:-24.54, u:-511.52, theta1:20.461, theta2:10.653, e:24.542
t:30.05, r:-25.00, omega:-0.51, omega_m:-24.83, u:-506.69, theta1:20.486, theta2:10.650, e:24.318
t:30.06, r:-25.00, omega:-29.81, omega_m:-24.94, u:-194.31, theta1:20.479, theta2:10.657, e:-4.871
t:30.07, r:-25.00, omega:-29.81, omega_m:-24.98, u:-193.93, theta1:20.472, theta2:10.664, e:-4.832
t:30.08, r:-25.00, omega:-30.65, omega_m:-24.99, u:-184.53, theta1:20.464, theta2:10.672, e:-5.657
t:30.09, r:-25.00, omega:-30.65, omega_m:-25.00, u:-184.08, theta1:20.456, theta2:10.680, e:-5.652
t:30.10, r:-25.00, omega:-30.65, omega_m:-25.00, u:-183.62, theta1:20.447, theta2:10.688, e:-5.650
t:30.11, r:-25.00, omega:-19.32, omega_m:-25.00, u:-305.00, theta1:20.453, theta2:10.682, e:5.683
t:30.12, r:-25.00, omega:-19.32, omega_m:-25.00, u:-305.27, theta1:20.459, theta2:10.675, e:5.683
t:30.13, r:-25.00, omega:-19.32, omega_m:-25.00, u:-305.53, theta1:20.465, theta2:10.669, e:5.683
t:30.14, r:-25.00, omega:-16.07, omega_m:-25.00, u:-340.50, theta1:20.475, theta2:10.661, e:8.926
t:30.15, r:-25.00, omega:-16.07, omega_m:-25.00, u:-340.86, theta1:20.484, theta2:10.653, e:8.926
t:30.16, r:-25.00, omega:-16.07, omega_m:-25.00, u:-341.23, theta1:20.493, theta2:10.645, e:8.926
t:30.17, r:-25.00, omega:-20.43, omega_m:-25.00, u:-295.07, theta1:20.498, theta2:10.640, e:4.569
t:30.18, r:-25.00, omega:-20.43, omega_m:-25.00, u:-295.29, theta1:20.503, theta2:10.635, e:4.569
t:30.19, r:-25.00, omega:-22.59, omega_m:-25.00, u:-272.50, theta1:20.505, theta2:10.632, e:2.414
t:30.20, r:-25.00, omega:-22.59, omega_m:-25.00, u:-272.63, theta1:20.508, theta2:10.629, e:2.414
t:30.21, r:-25.00, omega:-22.15, omega_m:-25.00, u:-277.44, theta1:20.511, theta2:10.625, e:2.852
t:30.22, r:-25.00, omega:-22.15, omega_m:-25.00, u:-277.59, theta1:20.514, theta2:10.622, e:2.852
t:30.23, r:-25.00, omega:-22.15, omega_m:-25.00, u:-277.74, theta1:20.517, theta2:10.618, e:2.852
t:30.24, r:-25.00, omega:-20.18, omega_m:-25.00, u:-298.92, theta1:20.522, theta2:10.613, e:4.824
t:30.25, r:-25.00, omega:-20.18, omega_m:-25.00, u:-299.16, theta1:20.527, theta2:10.608, e:4.824
t:30.26, r:-25.00, omega:-20.18, omega_m:-25.00, u:-299.39, theta1:20.532, theta2:10.602, e:4.824
t:30.27, r:-25.00, omega:-19.92, omega_m:-25.00, u:-302.33, theta1:20.537, theta2:10.597, e:5.078
t:30.28, r:-25.00, omega:-19.92, omega_m:-25.00, u:-302.57, theta1:20.543, theta2:10.591, e:5.078
t:30.29, r:-25.00, omega:-19.95, omega_m:-25.00, u:-302.56, theta1:20.548, theta2:10.585, e:5.054
t:30.30, r:-25.00, omega:-19.95, omega_m:-25.00, u:-302.80, theta1:20.553, theta2:10.580, e:5.054
t:30.31, r:-25.00, omega:-19.95, omega_m:-25.00, u:-303.04, theta1:20.558, theta2:10.574, e:5.054
t:30.32, r:-25.00, omega:-21.99, omega_m:-25.00, u:-281.55, theta1:20.561, theta2:10.571, e:3.007
t:30.33, r:-25.00, omega:-21.99, omega_m:-25.00, u:-281.71, theta1:20.565, theta2:10.567, e:3.007
t:30.34, r:-25.00, omega:-21.69, omega_m:-25.00, u:-285.12, theta1:20.568, theta2:10.563, e:3.313
t:30.35, r:-25.00, omega:-21.69, omega_m:-25.00, u:-285.29, theta1:20.572, theta2:10.559, e:3.313
t:30.36, r:-25.00, omega:-21.69, omega_m:-25.00, u:-285.46, theta1:20.575, theta2:10.555, e:3.313
t:30.37, r:-25.00, omega:-19.59, omega_m:-25.00, u:-307.89, theta1:20.581, theta2:10.549, e:5.413
t:30.38, r:-25.00, omega:-19.59, omega_m:-25.00, u:-308.14, theta1:20.586, theta2:10.543, e:5.413
t:30.39, r:-25.00, omega:-20.08, omega_m:-25.00, u:-303.14, theta1:20.591, theta2:10.538, e:4.916
t:30.40, r:-25.00, omega:-20.08, omega_m:-25.00, u:-303.38, theta1:20.597, theta2:10.533, e:4.916
t:30.41, r:-25.00, omega:-20.08, omega_m:-25.00, u:-303.62, theta1:20.602, theta2:10.527, e:4.916
t:30.42, r:-25.00, omega:-21.24, omega_m:-25.00, u:-291.62, theta1:20.606, theta2:10.523, e:3.759
t:30.43, r:-25.00, omega:-21.24, omega_m:-25.00, u:-291.82, theta1:20.610, theta2:10.518, e:3.759
t:30.44, r:-25.00, omega:-21.13, omega_m:-25.00, u:-293.18, theta1:20.614, theta2:10.514, e:3.870
t:30.45, r:-25.00, omega:-21.13, omega_m:-25.00, u:-293.38, theta1:20.618, theta2:10.509, e:3.870
t:30.46, r:-25.00, omega:-21.13, omega_m:-25.00, u:-293.58, theta1:20.622, theta2:10.505, e:3.870
t:30.47, r:-25.00, omega:-20.98, omega_m:-25.00, u:-295.33, theta1:20.626, theta2:10.500, e:4.017
t:30.48, r:-25.00, omega:-20.98, omega_m:-25.00, u:-295.53, theta1:20.630, theta2:10.496, e:4.017
t:30.49, r:-25.00, omega:-21.10, omega_m:-25.00, u:-294.54, theta1:20.634, theta2:10.491, e:3.904
t:30.50, r:-25.00, omega:-21.10, omega_m:-25.00, u:-294.73, theta1:20.638, theta2:10.487, e:3.904
t:30.51, r:-25.00, omega:-21.10, omega_m:-25.00, u:-294.93, theta1:20.642, theta2:10.482, e:3.904
t:30.52, r:-25.00, omega:-19.06, omega_m:-25.00, u:-316.50, theta1:20.648, theta2:10.476, e:5.936
t:30.53, r:-25.00, omega:-19.06, omega_m:-25.00, u:-316.78, theta1:20.655, theta2:10.469, e:5.936
t:30.54, r:-25.00, omega:-21.18, omega_m:-25.00, u:-294.77, theta1:20.659, theta2:10.465, e:3.815
t:30.55, r:-25.00, omega:-21.18, omega_m:-25.00, u:-294.96, theta1:20.663, theta2:10.461, e:3.815
t:30.56, r:-25.00, omega:-21.18, omega_m:-25.00, u:-295.16, theta1:20.667, theta2:10.456, e:3.815
t:30.57, r:-25.00, omega:-20.67, omega_m:-25.00, u:-300.73, theta1:20.671, theta2:10.451, e:4.328
t:30.58, r:-25.00, omega:-20.67, omega_m:-25.00, u:-300.95, theta1:20.676, theta2:10.446, e:4.328
t:30.59, r:-25.00, omega:-20.67, omega_m:-25.00, u:-301.16, theta1:20.680, theta2:10.441, e:4.328
t:30.60, r:-25.00, omega:-20.30, omega_m:-25.00, u:-305.29, theta1:20.685, theta2:10.436, e:4.702
t:30.61, r:-25.00, omega:-20.30, omega_m:-25.00, u:-305.52, theta1:20.690, theta2:10.431, e:4.702
t:30.62, r:-25.00, omega:-21.07, omega_m:-25.00, u:-297.68, theta1:20.694, theta2:10.426, e:3.931
t:30.63, r:-25.00, omega:-21.07, omega_m:-25.00, u:-297.88, theta1:20.698, theta2:10.422, e:3.931
t:30.64, r:-25.00, omega:-21.07, omega_m:-25.00, u:-298.08, theta1:20.702, theta2:10.417, e:3.931
t:30.65, r:-25.00, omega:-20.90, omega_m:-25.00, u:-300.06, theta1:20.707, theta2:10.412, e:4.101
t:30.66, r:-25.00, omega:-20.90, omega_m:-25.00, u:-300.26, theta1:20.711, theta2:10.408, e:4.101
t:30.67, r:-25.00, omega:-20.64, omega_m:-25.00, u:-303.19, theta1:20.715, theta2:10.403, e:4.361
t:30.68, r:-25.00, omega:-20.64, omega_m:-25.00, u:-303.40, theta1:20.720, theta2:10.398, e:4.361
t:30.69, r:-25.00, omega:-20.64, omega_m:-25.00, u:-303.62, theta1:20.724, theta2:10.393, e:4.361
t:30.70, r:-25.00, omega:-21.72, omega_m:-25.00, u:-292.57, theta1:20.728, theta2:10.389, e:3.282
t:30.71, r:-25.00, omega:-21.72, omega_m:-25.00, u:-292.74, theta1:20.731, theta2:10.385, e:3.282
t:30.72, r:-25.00, omega:-22.47, omega_m:-25.00, u:-285.11, theta1:20.734, theta2:10.382, e:2.534
t:30.73, r:-25.00, omega:-22.47, omega_m:-25.00, u:-285.24, theta1:20.737, theta2:10.379, e:2.534
t:30.74, r:-25.00, omega:-20.40, omega_m:-25.00, u:-306.93, theta1:20.741, theta2:10.374, e:4.602
t:30.75, r:-25.00, omega:-20.40, omega_m:-25.00, u:-307.16, theta1:20.746, theta2:10.369, e:4.602
t:30.76, r:-25.00, omega:-20.40, omega_m:-25.00, u:-307.38, theta1:20.751, theta2:10.363, e:4.602
t:30.77, r:-25.00, omega:-19.79, omega_m:-25.00, u:-313.96, theta1:20.756, theta2:10.358, e:5.212
t:30.78, r:-25.00, omega:-19.79, omega_m:-25.00, u:-314.21, theta1:20.762, theta2:10.352, e:5.212
t:30.79, r:-25.00, omega:-22.13, omega_m:-25.00, u:-290.10, theta1:20.765, theta2:10.348, e:2.869
t:30.80, r:-25.00, omega:-22.13, omega_m:-25.00, u:-290.25, theta1:20.768, theta2:10.345, e:2.869
t:30.81, r:-25.00, omega:-22.13, omega_m:-25.00, u:-290.40, theta1:20.771, theta2:10.342, e:2.869
t:30.82, r:-25.00, omega:-21.70, omega_m:-25.00, u:-294.99, theta1:20.774, theta2:10.338, e:3.296
t:30.83, r:-25.00, omega:-21.70, omega_m:-25.00, u:-295.16, theta1:20.778, theta2:10.334, e:3.296
t:30.84, r:-25.00, omega:-21.70, omega_m:-25.00, u:-295.34, theta1:20.781, theta2:10.330, e:3.296
t:30.85, r:-25.00, omega:-19.79, omega_m:-25.00, u:-315.34, theta1:20.787, theta2:10.324, e:5.209
t:30.86, r:-25.00, omega:-19.79, omega_m:-25.00, u:-315.59, theta1:20.792, theta2:10.318, e:5.209
t:30.87, r:-25.00, omega:-21.78, omega_m:-25.00, u:-295.22, theta1:20.795, theta2:10.315, e:3.219
t:30.88, r:-25.00, omega:-21.78, omega_m:-25.00, u:-295.39, theta1:20.799, theta2:10.311, e:3.219
t:30.89, r:-25.00, omega:-20.28, omega_m:-25.00, u:-311.05, theta1:20.804, theta2:10.305, e:4.716
t:30.90, r:-25.00, omega:-20.28, omega_m:-25.00, u:-311.28, theta1:20.809, theta2:10.300, e:4.716
t:30.91, r:-25.00, omega:-20.28, omega_m:-25.00, u:-311.51, theta1:20.813, theta2:10.295, e:4.716
t:30.92, r:-25.00, omega:-20.33, omega_m:-25.00, u:-311.29, theta1:20.818, theta2:10.290, e:4.672
t:30.93, r:-25.00, omega:-20.33, omega_m:-25.00, u:-311.52, theta1:20.823, theta2:10.284, e:4.672
t:30.94, r:-25.00, omega:-22.36, omega_m:-25.00, u:-290.76, theta1:20.826, theta2:10.281, e:2.640
t:30.95, r:-25.00, omega:-22.36, omega_m:-25.00, u:-290.90, theta1:20.829, theta2:10.278, e:2.640
t:30.96, r:-25.00, omega:-22.36, omega_m:-25.00, u:-291.04, theta1:20.831, theta2:10.275, e:2.640
t:30.97, r:-25.00, omega:-22.16, omega_m:-25.00, u:-293.29, theta1:20.834, theta2:10.271, e:2.845
t:30.98, r:-25.00, omega:-22.16, omega_m:-25.00, u:-293.44, theta1:20.837, theta2:10.268, e:2.845
t:30.99, r:-25.00, omega:-20.75, omega_m:-25.00, u:-308.05, theta1:20.842, theta2:10.263, e:4.246
t:31.00, r:-25.00, omega:-20.75, omega_m:-25.00, u:-308.26, theta1:20.846, theta2:10.258, e:4.246
t:31.01, r:0.00, omega:-20.75, omega_m:-9.20, u:0.00, theta1:20.844, theta2:10.269, e:-11.557
t:31.02, r:0.00, omega:-20.53, omega_m:-3.38, u:0.00, theta1:20.840, theta2:10.285, e:-17.152
t:31.03, r:0.00, omega:-20.53, omega_m:-1.24, u:0.00, theta1:20.836, theta2:10.303, e:-19.290
t:31.04, r:0.00, omega:-20.53, omega_m:-0.46, u:0.00, theta1:20.832, theta2:10.321, e:-20.077
t:31.05, r:0.00, omega:-20.53, omega_m:-0.17, u:0.00, theta1:20.828, theta2:10.340, e:-20.366
t:31.06, r:0.00, omega:-20.53, omega_m:-0.06, u:0.00, theta1:20.824, theta2:10.359, e:-20.473
t:31.07, r:0.00, omega:-20.53, omega_m:-0.02, u:0.00, theta1:20.819, theta2:10.378, e:-20.512
t:31.08, r:0.00, omega:-20.53, omega_m:-0.01, u:0.00, theta1:20.815, theta2:10.397, e:-20.527
t:31.09, r:0.00, omega:-20.53, omega_m:-0.00, u:0.00, theta1:20.811, theta2:10.416, e:-20.532
t:31.10, r:0.00, omega:-20.53, omega_m:-0.00, u:0.00, theta1:20.806, theta2:10.435, e:-20.534
t:31.11, r:0.00, omega:-20.53, omega_m:-0.00, u:0.00, theta1:20.802, theta2:10.454, e:-20.534
t:31.12, r:0.00, omega:-20.53, omega_m:-0.00, u:0.00, theta1:20.798, theta2:10.473, e:-20.535
t:31.13, r:0.00, omega:-20.53, omega_m:-0.00, u:0.00, theta1:20.794, theta2:10.492, e:-20.535
t:31.14, r:0.00, omega:-20.53, omega_m:-0.00, u:0.00, theta1:20.789, theta2:10.510, e:-20.535
t:31.15, r:0.00, omega:-20.53, omega_m:-0.00, u:0.00, theta1:20.785, theta2:10.529, e:-20.535
t:31.16, r:0.00, omega:-20.53, omega_m:-0.00, u:0.00, theta1:20.781, theta2:10.548, e:-20.535
t:31.17, r:0.00, omega:-20.53, omega_m:-0.00, u:0.00, theta1:20.777, theta2:10.567, e:-20.535
t:31.18, r:0.00, omega:-20.53, omega_m:-0.00, u:0.00, theta1:20.772, theta2:10.586, e:-20.535
t:31.19, r:0.00, omega:-20.53, omega_m:-0.00, u:0.00, theta1:20.768, theta2:10.605, e:-20.535
t:31.20, r:0.00, omega:-20.53, omega_m:-0.00, u:0.00, theta1:20.764, theta2:10.624, e:-20.535
t:31.21, r:0.00, omega:-20.53, omega_m:-0.00, u:0.00, theta1:20.759, theta2:10.643, e:-20.535
t:31.22, r:0.00, omega:-20.53, omega_m:-0.00, u:0.00, theta1:20.755, theta2:10.662, e:-20.535
t:31.23, r:0.00, omega:-20.53, omega_m:-0.00, u:0.00, theta1:20.751, theta2:10.681, e:-20.535
t:31.24, r:0.00, omega:-20.53, omega_m:-0.00, u:0.00, theta1:20.747, theta2:10.700, e:-20.535
t:31.25, r:0.00, omega:-20.53, omega_m:-0.00, u:0.00, theta1:20.742, theta2:10.718, e:-20.535
t:31.26, r:0.00, omega:-20.53, omega_m:-0.00, u:0.00, theta1:20.738, theta2:10.737, e:-20.535
t:31.27, r:0.00, omega:-20.53, omega_m:-0.00, u:0.00, theta1:20.734, theta2:10.756, e:-20.535
t:31.28, r:0.00, omega:-20.53, omega_m:-0.00, u:0.00, theta1:20.730, theta2:10.775, e:-20.535
t:31.29, r:0.00, omega:-20.53, omega_m:-0.00, u:0.00, theta1:20.725, theta2:10.794, e:-20.535
t:31.30, r:0.00, omega:-20.53, omega_m:-0.00, u:0.00, theta1:20.721, theta2:10.813, e:-20.535
t:31.31, r:0.00, omega:-20.53, omega_m:-0.00, u:0.00, theta1:20.717, theta2:10.832, e:-20.535
t:31.32, r:0.00, omega:-20.53, omega_m:-0.00, u:0.00, theta1:20.713, theta2:10.851, e:-20.535
t:31.33, r:0.00, omega:-20.53, omega_m:-0.00, u:0.00, theta1:20.708, theta2:10.869, e:-20.535
t:31.34, r:0.00, omega:-20.53, omega_m:-0.00, u:0.00, theta1:20.704, theta2:10.888, e:-20.535
t:31.35, r:0.00, omega:-20.53, omega_m:-0.00, u:0.00, theta1:20.700, theta2:10.907, e:-20.535
t:31.36, r:0.00, omega:-20.53, omega_m:-0.00, u:0.00, theta1:20.696, theta2:10.926, e:-20.535
t:31.37, r:0.00, omega:-20.53, omega_m:-0.00, u:0.00, theta1:20.691, theta2:10.945, e:-20.535
t:31.38, r:0.00, omega:-20.53, omega_m:-0.00, u:0.00, theta1:20.687, theta2:10.964, e:-20.535
t:31.39, r:0.00, omega:-20.53, omega_m:-0.00, u:0.00, theta1:20.683, theta2:10.982, e:-20.535
t:31.40, r:0.00, omega:-20.53, omega_m:-0.00, u:0.00, theta1:20.679, theta2:11.001, e:-20.535
t:31.41, r:0.00, omega:-20.53, omega_m:-0.00, u:0.00, theta1:20.674, theta2:11.020, e:-20.535
t:31.42, r:0.00, omega:-20.53, omega_m:-0.00, u:0.00, theta1:20.670, theta2:11.039, e:-20.535
t:31.43, r:0.00, omega:-20.53, omega_m:-0.00, u:0.00, theta1:20.666, theta2:11.058, e:-20.535
t:31.44, r:0.00, omega:-20.53, omega_m:-0.00, u:0.00, theta1:20.662, theta2:11.077, e:-20.535
t:31.45, r:0.00, omega:-20.53, omega_m:-0.00, u:0.00, theta1:20.657, theta2:11.095, e:-20.535
t:31.46, r:0.00, omega:-20.53, omega_m:-0.00, u:0.00, theta1:20.653, theta2:11.114, e:-20.535
t:31.47, r:0.00, omega:-20.53, omega_m:-0.00, u:0.00, theta1:20.649, theta2:11.133, e:-20.535
t:31.48, r:0.00, omega:-20.53, omega_m:-0.00, u:0.00, theta1:20.645, theta2:11.152, e:-20.535
t:31.49, r:0.00, omega:-20.53, omega_m:-0.00, u:0.00, theta1:20.640, theta2:11.171, e:-20.535
t:31.50, r:0.00, omega:-20.53, omega_m:-0.00, u:0.00, theta1:20.636, theta2:11.189, e:-20.535
t:31.51, r:0.00, omega:-20.53, omega_m:-0.00, u:0.00, theta1:20.632, theta2:11.208, e:-20.535
t:31.52, r:0.00, omega:0.00, omega_m:-0.00, u:0.00, theta1:20.632, theta2:11.208, e:0.000
t:31.53, r:0.00, omega:0.00, omega_m:-0.00, u:0.00, theta1:20.632, theta2:11.208, e:0.000
t:31.54, r:0.00, omega:0.00, omega_m:-0.00, u:0.00, theta1:20.632, theta2:11.208, e:0.000
t:31.55, r:0.00, omega:0.00, omega_m:-0.00, u:0.00, theta1:20.632, theta2:11.208, e:0.000
t:31.56, r:0.00, omega:0.00, omega_m:-0.00, u:0.00, theta1:20.632, theta2:11.208, e:0.000
t:31.57, r:0.00, omega:0.00, omega_m:-0.00, u:0.00, theta1:20.632, theta2:11.208, e:0.000
t:31.58, r:0.00, omega:0.00, omega_m:-0.00, u:0.00, theta1:20.632, theta2:11.208, e:0.000
t:31.59, r:0.00, omega:0.00, omega_m:-0.00, u:0.00, theta1:20.632, theta2:11.208, e:0.000
t:31.60, r:0.00, omega:0.00, omega_m:-0.00, u:0.00, theta1:20.632, theta2:11.208, e:0.000
t:31.61, r:0.00, omega:0.00, omega_m:-0.00, u:0.00, theta1:20.632, theta2:11.208, e:0.000
t:31.62, r:0.00, omega:0.00, omega_m:-0.00, u:0.00, theta1:20.632, theta2:11.208, e:0.000
t:31.63, r:0.00, omega:0.00, omega_m:-0.00, u:0.00, theta1:20.632, theta2:11.208, e:0.000
t:31.64, r:0.00, omega:0.00, omega_m:-0.00, u:0.00, theta1:20.632, theta2:11.208, e:0.000
t:31.65, r:0.00, omega:0.00, omega_m:-0.00, u:0.00, theta1:20.632, theta2:11.208, e:0.000
t:31.66, r:0.00, omega:0.00, omega_m:-0.00, u:0.00, theta1:20.632, theta2:11.208, e:0.000
t:31.67, r:0.00, omega:0.00, omega_m:-0.00, u:0.00, theta1:20.632, theta2:11.208, e:0.000
t:31.68, r:0.00, omega:0.00, omega_m:-0.00, u:0.00, theta1:20.632, theta2:11.208, e:0.000
t:31.69, r:0.00, omega:0.00, omega_m:-0.00, u:0.00, theta1:20.632, theta2:11.208, e:0.000
t:31.70, r:0.00, omega:0.00, omega_m:-0.00, u:0.00, theta1:20.632, theta2:11.208, e:0.000
t:31.71, r:0.00, omega:0.00, omega_m:-0.00, u:0.00, theta1:20.632, theta2:11.208, e:0.000
t:31.72, r:0.00, omega:0.00, omega_m:-0.00, u:0.00, theta1:20.632, theta2:11.208, e:0.000
t:31.73, r:0.00, omega:0.00, omega_m:-0.00, u:0.00, theta1:20.632, theta2:11.208, e:0.000
t:31.74, r:0.00, omega:0.00, omega_m:-0.00, u:0.00, theta1:20.632, theta2:11.208, e:0.000
t:31.75, r:0.00, omega:0.00, omega_m:-0.00, u:0.00, theta1:20.632, theta2:11.208, e:0.000
t:31.76, r:0.00, omega:0.00, omega_m:-0.00, u:0.00, theta1:20.632, theta2:11.208, e:0.000
t:31.77, r:0.00, omega:0.00, omega_m:-0.00, u:0.00, theta1:20.632, theta2:11.208, e:0.000
t:31.78, r:0.00, omega:0.00, omega_m:-0.00, u:0.00, theta1:20.632, theta2:11.208, e:0.000
t:31.79, r:0.00, omega:0.00, omega_m:-0.00, u:0.00, theta1:20.632, theta2:11.208, e:0.000
t:31.80, r:0.00, omega:0.00, omega_m:-0.00, u:0.00, theta1:20.632, theta2:11.208, e:0.000
t:31.81, r:0.00, omega:0.00, omega_m:-0.00, u:0.00, theta1:20.632, theta2:11.208, e:0.000
t:31.82, r:0.00, omega:0.00, omega_m:-0.00, u:0.00, theta1:20.632, theta2:11.208, e:0.000
t:31.83, r:0.00, omega:0.00, omega_m:-0.00, u:0.00, theta1:20.632, theta2:11.208, e:0.000
t:31.84, r:0.00, omega:0.00, omega_m:-0.00, u:0.00, theta1:20.632, theta2:11.208, e:0.000
t:31.85, r:0.00, omega:0.00, omega_m:-0.00, u:0.00, theta1:20.632, theta2:11.208, e:0.000
t:31.86, r:0.00, omega:0.00, omega_m:-0.00, u:0.00, theta1:20.632, theta2:11.208, e:0.000
t:31.87, r:0.00, omega:0.00, omega_m:-0.00, u:0.00, theta1:20.632, theta2:11.208, e:0.000
t:31.88, r:0.00, omega:0.00, omega_m:-0.00, u:0.00, theta1:20.632, theta2:11.208, e:0.000
t:31.89, r:0.00, omega:0.00, omega_m:-0.00, u:0.00, theta1:20.632, theta2:11.208, e:0.000
t:31.90, r:0.00, omega:0.00, omega_m:-0.00, u:0.00, theta1:20.632, theta2:11.208, e:0.000
t:31.91, r:0.00, omega:0.00, omega_m:-0.00, u:0.00, theta1:20.632, theta2:11.208, e:0.000
t:31.92, r:0.00, omega:0.00, omega_m:-0.00, u:0.00, theta1:20.632, theta2:11.208, e:0.000
t:31.93, r:0.00, omega:0.00, omega_m:-0.00, u:0.00, theta1:20.632, theta2:11.208, e:0.000
t:31.94, r:0.00, omega:0.00, omega_m:-0.00, u:0.00, theta1:20.632, theta2:11.208, e:0.000
t:31.95, r:0.00, omega:0.00, omega_m:-0.00, u:0.00, theta1:20.632, theta2:11.208, e:0.000
t:31.96, r:0.00, omega:0.00, omega_m:-0.00, u:0.00, theta1:20.632, theta2:11.208, e:0.000
t:31.97, r:0.00, omega:0.00, omega_m:-0.00, u:0.00, theta1:20.632, theta2:11.208, e:0.000
t:31.98, r:0.00, omega:0.00, omega_m:-0.00, u:0.00, theta1:20.632, theta2:11.208, e:0.000
t:31.99, r:0.00, omega:0.00, omega_m:-0.00, u:0.00, theta1:20.632, theta2:11.208, e:0.000
t:32.00, r:0.00, omega:0.00, omega_m:-0.00, u:0.00, theta1:20.632, theta2:11.208, e:0.000
t:32.01, r:25.00, omega:0.00, omega_m:15.80, u:516.21, theta1:20.648, theta2:11.206, e:-15.803
t:32.02, r:25.00, omega:0.00, omega_m:21.62, u:516.78, theta1:20.671, theta2:11.204, e:-21.617
t:32.03, r:25.00, omega:0.52, omega_m:23.76, u:511.59, theta1:20.695, theta2:11.201, e:-23.238
t:32.04, r:25.00, omega:0.52, omega_m:24.54, u:512.22, theta1:20.720, theta2:11.197, e:-24.025
t:32.05, r:25.00, omega:23.01, omega_m:24.83, u:260.45, theta1:20.722, theta2:11.195, e:-1.821
t:32.06, r:25.00, omega:23.01, omega_m:24.94, u:260.56, theta1:20.724, theta2:11.193, e:-1.928
t:32.07, r:25.00, omega:28.44, omega_m:24.98, u:199.57, theta1:20.719, theta2:11.197, e:3.459
t:32.08, r:25.00, omega:28.44, omega_m:24.99, u:199.32, theta1:20.714, theta2:11.202, e:3.445
t:32.09, r:25.00, omega:28.44, omega_m:25.00, u:199.06, theta1:20.709, theta2:11.206, e:3.439
t:32.10, r:25.00, omega:20.07, omega_m:25.00, u:293.07, theta1:20.714, theta2:11.201, e:-4.930
t:32.11, r:25.00, omega:20.07, omega_m:25.00, u:293.31, theta1:20.719, theta2:11.195, e:-4.931
t:32.12, r:25.00, omega:20.07, omega_m:25.00, u:293.55, theta1:20.725, theta2:11.190, e:-4.931
t:32.13, r:25.00, omega:16.31, omega_m:25.00, u:336.00, theta1:20.734, theta2:11.182, e:-8.693
t:32.14, r:25.00, omega:16.31, omega_m:25.00, u:336.35, theta1:20.743, theta2:11.174, e:-8.693
t:32.15, r:25.00, omega:16.31, omega_m:25.00, u:336.71, theta1:20.752, theta2:11.166, e:-8.693
t:32.16, r:25.00, omega:20.62, omega_m:25.00, u:288.76, theta1:20.756, theta2:11.161, e:-4.379
t:32.17, r:25.00, omega:20.62, omega_m:25.00, u:288.98, theta1:20.761, theta2:11.156, e:-4.379
t:32.18, r:25.00, omega:21.09, omega_m:25.00, u:283.91, theta1:20.765, theta2:11.151, e:-3.907
t:32.19, r:25.00, omega:21.09, omega_m:25.00, u:284.11, theta1:20.769, theta2:11.146, e:-3.907
t:32.20, r:25.00, omega:21.09, omega_m:25.00, u:284.31, theta1:20.773, theta2:11.142, e:-3.907
t:32.21, r:25.00, omega:21.59, omega_m:25.00, u:278.93, theta1:20.777, theta2:11.138, e:-3.408
t:32.22, r:25.00, omega:21.59, omega_m:25.00, u:279.11, theta1:20.780, theta2:11.134, e:-3.408
t:32.23, r:25.00, omega:20.46, omega_m:25.00, u:291.90, theta1:20.785, theta2:11.129, e:-4.537
t:32.24, r:25.00, omega:20.46, omega_m:25.00, u:292.13, theta1:20.790, theta2:11.123, e:-4.537
t:32.25, r:25.00, omega:20.46, omega_m:25.00, u:292.35, theta1:20.794, theta2:11.118, e:-4.537
t:32.26, r:25.00, omega:19.82, omega_m:25.00, u:299.71, theta1:20.800, theta2:11.113, e:-5.177
t:32.27, r:25.00, omega:19.82, omega_m:25.00, u:299.96, theta1:20.805, theta2:11.107, e:-5.177
t:32.28, r:25.00, omega:19.65, omega_m:25.00, u:302.18, theta1:20.811, theta2:11.101, e:-5.354
t:32.29, r:25.00, omega:19.65, omega_m:25.00, u:302.44, theta1:20.816, theta2:11.095, e:-5.354
t:32.30, r:25.00, omega:19.65, omega_m:25.00, u:302.69, theta1:20.822, theta2:11.089, e:-5.354
t:32.31, r:25.00, omega:19.96, omega_m:25.00, u:299.46, theta1:20.827, theta2:11.084, e:-5.041
t:32.32, r:25.00, omega:19.96, omega_m:25.00, u:299.70, theta1:20.832, theta2:11.078, e:-5.041
t:32.33, r:25.00, omega:19.96, omega_m:25.00, u:299.95, theta1:20.838, theta2:11.073, e:-5.041
t:32.34, r:25.00, omega:21.04, omega_m:25.00, u:288.18, theta1:20.842, theta2:11.068, e:-3.960
t:32.35, r:25.00, omega:21.04, omega_m:25.00, u:288.38, theta1:20.846, theta2:11.063, e:-3.960
t:32.36, r:25.00, omega:20.71, omega_m:25.00, u:292.19, theta1:20.850, theta2:11.058, e:-4.286
t:32.37, r:25.00, omega:20.71, omega_m:25.00, u:292.40, theta1:20.855, theta2:11.054, e:-4.286
t:32.38, r:25.00, omega:20.71, omega_m:25.00, u:292.62, theta1:20.859, theta2:11.049, e:-4.286
t:32.39, r:25.00, omega:20.41, omega_m:25.00, u:296.21, theta1:20.864, theta2:11.043, e:-4.590
t:32.40, r:25.00, omega:20.41, omega_m:25.00, u:296.43, theta1:20.869, theta2:11.038, e:-4.590
t:32.41, r:25.00, omega:20.25, omega_m:25.00, u:298.44, theta1:20.874, theta2:11.033, e:-4.751
t:32.42, r:25.00, omega:20.25, omega_m:25.00, u:298.67, theta1:20.879, theta2:11.028, e:-4.751
t:32.43, r:25.00, omega:20.25, omega_m:25.00, u:298.90, theta1:20.884, theta2:11.022, e:-4.751
t:32.44, r:25.00, omega:20.28, omega_m:25.00, u:298.74, theta1:20.889, theta2:11.017, e:-4.716
t:32.45, r:25.00, omega:20.28, omega_m:25.00, u:298.98, theta1:20.894, theta2:11.012, e:-4.716
t:32.46, r:25.00, omega:20.94, omega_m:25.00, u:291.96, theta1:20.898, theta2:11.007, e:-4.060
t:32.47, r:25.00, omega:20.94, omega_m:25.00, u:292.17, theta1:20.902, theta2:11.002, e:-4.060
t:32.48, r:25.00, omega:20.94, omega_m:25.00, u:292.37, theta1:20.906, theta2:10.998, e:-4.060
t:32.49, r:25.00, omega:21.28, omega_m:25.00, u:288.78, theta1:20.910, theta2:10.993, e:-3.716
t:32.50, r:25.00, omega:21.28, omega_m:25.00, u:288.97, theta1:20.914, theta2:10.989, e:-3.716
t:32.51, r:25.00, omega:19.16, omega_m:25.00, u:312.61, theta1:20.920, theta2:10.983, e:-5.843
t:32.52, r:25.00, omega:19.16, omega_m:25.00, u:312.88, theta1:20.926, theta2:10.976, e:-5.843
t:32.53, r:25.00, omega:19.16, omega_m:25.00, u:313.15, theta1:20.932, theta2:10.970, e:-5.843
t:32.54, r:25.00, omega:20.78, omega_m:25.00, u:295.59, theta1:20.937, theta2:10.965, e:-4.223
t:32.55, r:25.00, omega:20.78, omega_m:25.00, u:295.80, theta1:20.941, theta2:10.960, e:-4.223
t:32.56, r:25.00, omega:21.37, omega_m:25.00, u:289.51, theta1:20.945, theta2:10.956, e:-3.632
t:32.57, r:25.00, omega:21.37, omega_m:25.00, u:289.70, theta1:20.949, theta2:10.952, e:-3.632
t:32.58, r:25.00, omega:21.37, omega_m:25.00, u:289.88, theta1:20.952, theta2:10.948, e:-3.632
t:32.59, r:25.00, omega:19.86, omega_m:25.00, u:306.60, theta1:20.958, theta2:10.942, e:-5.137
t:32.60, r:25.00, omega:19.86, omega_m:25.00, u:306.84, theta1:20.963, theta2:10.936, e:-5.137
t:32.61, r:25.00, omega:19.86, omega_m:25.00, u:307.09, theta1:20.968, theta2:10.931, e:-5.137
t:32.62, r:25.00, omega:19.83, omega_m:25.00, u:307.72, theta1:20.974, theta2:10.925, e:-5.171
t:32.63, r:25.00, omega:19.83, omega_m:25.00, u:307.96, theta1:20.979, theta2:10.919, e:-5.171
t:32.64, r:25.00, omega:21.18, omega_m:25.00, u:293.37, theta1:20.983, theta2:10.915, e:-3.817
t:32.65, r:25.00, omega:21.18, omega_m:25.00, u:293.57, theta1:20.987, theta2:10.910, e:-3.817
t:32.66, r:25.00, omega:21.18, omega_m:25.00, u:293.76, theta1:20.991, theta2:10.906, e:-3.817
t:32.67, r:25.00, omega:20.91, omega_m:25.00, u:296.94, theta1:20.995, theta2:10.901, e:-4.090
t:32.68, r:25.00, omega:20.91, omega_m:25.00, u:297.15, theta1:21.000, theta2:10.896, e:-4.090
t:32.69, r:25.00, omega:20.55, omega_m:25.00, u:301.29, theta1:21.004, theta2:10.891, e:-4.451
t:32.70, r:25.00, omega:20.55, omega_m:25.00, u:301.51, theta1:21.009, theta2:10.886, e:-4.451
t:32.71, r:25.00, omega:20.55, omega_m:25.00, u:301.73, theta1:21.013, theta2:10.881, e:-4.451
t:32.72, r:25.00, omega:20.43, omega_m:25.00, u:303.25, theta1:21.018, theta2:10.876, e:-4.569
t:32.73, r:25.00, omega:20.43, omega_m:25.00, u:303.47, theta1:21.023, theta2:10.871, e:-4.569
t:32.74, r:25.00, omega:21.42, omega_m:25.00, u:292.87, theta1:21.027, theta2:10.867, e:-3.577
t:32.75, r:25.00, omega:21.42, omega_m:25.00, u:293.05, theta1:21.030, theta2:10.862, e:-3.577
t:32.76, r:25.00, omega:21.42, omega_m:25.00, u:293.24, theta1:21.034, theta2:10.858, e:-3.577
t:32.77, r:25.00, omega:19.79, omega_m:25.00, u:311.17, theta1:21.039, theta2:10.852, e:-5.206
t:32.78, r:25.00, omega:19.79, omega_m:25.00, u:311.42, theta1:21.045, theta2:10.847, e:-5.206
t:32.79, r:25.00, omega:19.79, omega_m:25.00, u:311.67, theta1:21.050, theta2:10.841, e:-5.206
t:32.80, r:25.00, omega:20.12, omega_m:25.00, u:308.32, theta1:21.055, theta2:10.836, e:-4.876
t:32.81, r:25.00, omega:20.12, omega_m:25.00, u:308.56, theta1:21.060, theta2:10.830, e:-4.876
t:32.82, r:25.00, omega:21.11, omega_m:25.00, u:298.07, theta1:21.064, theta2:10.826, e:-3.889
t:32.83, r:25.00, omega:21.11, omega_m:25.00, u:298.27, theta1:21.069, theta2:10.821, e:-3.889
t:32.84, r:25.00, omega:21.11, omega_m:25.00, u:298.46, theta1:21.073, theta2:10.817, e:-3.889
t:32.85, r:25.00, omega:19.85, omega_m:25.00, u:312.34, theta1:21.078, theta2:10.811, e:-5.149
t:32.86, r:25.00, omega:19.85, omega_m:25.00, u:312.58, theta1:21.083, theta2:10.805, e:-5.149
t:32.87, r:25.00, omega:21.25, omega_m:25.00, u:297.66, theta1:21.087, theta2:10.801, e:-3.750
t:32.88, r:25.00, omega:21.25, omega_m:25.00, u:297.85, theta1:21.091, theta2:10.796, e:-3.750
t:32.89, r:25.00, omega:21.25, omega_m:25.00, u:298.04, theta1:21.095, theta2:10.792, e:-3.750
t:32.90, r:25.00, omega:21.19, omega_m:25.00, u:298.89, theta1:21.099, theta2:10.788, e:-3.810
t:32.91, r:25.00, omega:21.19, omega_m:25.00, u:299.08, theta1:21.103, theta2:10.783, e:-3.810
t:32.92, r:25.00, omega:21.15, omega_m:25.00, u:299.68, theta1:21.107, theta2:10.779, e:-3.848
t:32.93, r:25.00, omega:21.15, omega_m:25.00, u:299.87, theta1:21.111, theta2:10.774, e:-3.848
t:32.94, r:25.00, omega:21.15, omega_m:25.00, u:300.07, theta1:21.115, theta2:10.770, e:-3.848
t:32.95, r:25.00, omega:21.01, omega_m:25.00, u:301.83, theta1:21.119, theta2:10.765, e:-3.993
t:32.96, r:25.00, omega:21.01, omega_m:25.00, u:302.03, theta1:21.123, theta2:10.761, e:-3.993
t:32.97, r:25.00, omega:20.49, omega_m:25.00, u:307.80, theta1:21.128, theta2:10.755, e:-4.509
t:32.98, r:25.00, omega:20.49, omega_m:25.00, u:308.02, theta1:21.133, theta2:10.750, e:-4.509
t:32.99, r:25.00, omega:20.49, omega_m:25.00, u:308.25, theta1:21.137, theta2:10.745, e:-4.509
t:33.00, r:25.00, omega:20.13, omega_m:25.00, u:312.33, theta1:21.142, theta2:10.740, e:-4.866
t:33.01, r:0.00, omega:20.13, omega_m:9.20, u:0.00, theta1:21.140, theta2:10.750, e:10.937
t:33.02, r:0.00, omega:22.83, omega_m:3.38, u:0.00, theta1:21.136, theta2:10.770, e:19.448
t:33.03, r:0.00, omega:22.83, omega_m:1.24, u:0.00, theta1:21.131, theta2:10.792, e:21.587
t:33.04, r:0.00, omega:22.83, omega_m:0.46, u:0.00, theta1:21.127, theta2:10.815, e:22.374
t:33.05, r:0.00, omega:22.83, omega_m:0.17, u:0.00, theta1:21.122, theta2:10.839, e:22.663
t:33.06, r:0.00, omega:22.83, omega_m:0.06, u:0.00, theta1:21.117, theta2:10.862, e:22.770
t:33.07, r:0.00, omega:22.83, omega_m:0.02, u:0.00, theta1:21.112, theta2:10.886, e:22.809
t:33.08, r:0.00, omega:22.83, omega_m:0.01, u:0.00, theta1:21.107, theta2:10.909, e:22.823
t:33.09, r:0.00, omega:22.83, omega_m:0.00, u:0.00, theta1:21.103, theta2:10.933, e:22.829
t:33.10, r:0.00, omega:22.83, omega_m:0.00, u:0.00, theta1:21.098, theta2:10.956, e:22.831
t:33.11, r:0.00, omega:22.83, omega_m:0.00, u:0.00, theta1:21.093, theta2:10.980, e:22.831
t:33.12, r:0.00, omega:22.83, omega_m:0.00, u:0.00, theta1:21.088, theta2:11.003, e:22.832
t:33.13, r:0.00, omega:22.83, omega_m:0.00, u:0.00, theta1:21.083, theta2:11.027, e:22.832
t:33.14, r:0.00, omega:22.83, omega_m:0.00, u:0.00, theta1:21.078, theta2:11.051, e:22.832
t:33.15, r:0.00, omega:22.83, omega_m:0.00, u:0.00, theta1:21.074, theta2:11.074, e:22.832
t:33.16, r:0.00, omega:22.83, omega_m:0.00, u:0.00, theta1:21.069, theta2:11.098, e:22.832
t:33.17, r:0.00, omega:22.83, omega_m:0.00, u:0.00, theta1:21.064, theta2:11.121, e:22.832
t:33.18, r:0.00, omega:22.83, omega_m:0.00, u:0.00, theta1:21.059, theta2:11.145, e:22.832
t:33.19, r:0.00, omega:22.83, omega_m:0.00, u:0.00, theta1:21.054, theta2:11.168, e:22.832
t:33.20, r:0.00, omega:22.83, omega_m:0.00, u:0.00, theta1:21.050, theta2:11.192, e:22.832
t:33.21, r:0.00, omega:22.83, omega_m:0.00, u:0.00, theta1:21.045, theta2:11.215, e:22.832
t:33.22, r:0.00, omega:22.83, omega_m:0.00, u:0.00, theta1:21.040, theta2:11.239, e:22.832
t:33.23, r:0.00, omega:22.83, omega_m:0.00, u:0.00, theta1:21.035, theta2:11.262, e:22.832
t:33.24, r:0.00, omega:22.83, omega_m:0.00, u:0.00, theta1:21.030, theta2:11.286, e:22.832
t:33.25, r:0.00, omega:22.83, omega_m:0.00, u:0.00, theta1:21.026, theta2:11.309, e:22.832
t:33.26, r:0.00, omega:22.83, omega_m:0.00, u:0.00, theta1:21.021, theta2:11.333, e:22.832
t:33.27, r:0.00, omega:22.83, omega_m:0.00, u:0.00, theta1:21.016, theta2:11.356, e:22.832
t:33.28, r:0.00, omega:22.83, omega_m:0.00, u:0.00, theta1:21.011, theta2:11.380, e:22.832
t:33.29, r:0.00, omega:22.83, omega_m:0.00, u:0.00, theta1:21.006, theta2:11.403, e:22.832
t:33.30, r:0.00, omega:22.83, omega_m:0.00, u:0.00, theta1:21.002, theta2:11.427, e:22.832
t:33.31, r:0.00, omega:22.83, omega_m:0.00, u:0.00, theta1:20.997, theta2:11.450, e:22.832
t:33.32, r:0.00, omega:22.83, omega_m:0.00, u:0.00, theta1:20.992, theta2:11.474, e:22.832
t:33.33, r:0.00, omega:22.83, omega_m:0.00, u:0.00, theta1:20.987, theta2:11.497, e:22.832
t:33.34, r:0.00, omega:22.83, omega_m:0.00, u:0.00, theta1:20.982, theta2:11.520, e:22.832
t:33.35, r:0.00, omega:22.83, omega_m:0.00, u:0.00, theta1:20.978, theta2:11.544, e:22.832
t:33.36, r:0.00, omega:22.83, omega_m:0.00, u:0.00, theta1:20.973, theta2:11.567, e:22.832
t:33.37, r:0.00, omega:22.83, omega_m:0.00, u:0.00, theta1:20.968, theta2:11.591, e:22.832
t:33.38, r:0.00, omega:22.83, omega_m:0.00, u:0.00, theta1:20.963, theta2:11.614, e:22.832
t:33.39, r:0.00, omega:22.83, omega_m:0.00, u:0.00, theta1:20.958, theta2:11.638, e:22.832
t:33.40, r:0.00, omega:22.83, omega_m:0.00, u:0.00, theta1:20.954, theta2:11.661, e:22.832
t:33.41, r:0.00, omega:22.83, omega_m:0.00, u:0.00, theta1:20.949, theta2:11.684, e:22.832
t:33.42, r:0.00, omega:22.83, omega_m:0.00, u:0.00, theta1:20.944, theta2:11.708, e:22.832
t:33.43, r:0.00, omega:22.83, omega_m:0.00, u:0.00, theta1:20.939, theta2:11.731, e:22.832
t:33.44, r:0.00, omega:22.83, omega_m:0.00, u:0.00, theta1:20.935, theta2:11.754, e:22.832
t:33.45, r:0.00, omega:22.83, omega_m:0.00, u:0.00, theta1:20.930, theta2:11.778, e:22.832
t:33.46, r:0.00, omega:22.83, omega_m:0.00, u:0.00, theta1:20.925, theta2:11.801, e:22.832
t:33.47, r:0.00, omega:22.83, omega_m:0.00, u:0.00, theta1:20.920, theta2:11.825, e:22.832
t:33.48, r:0.00, omega:22.83, omega_m:0.00, u:0.00, theta1:20.915, theta2:11.848, e:22.832
t:33.49, r:0.00, omega:22.83, omega_m:0.00, u:0.00, theta1:20.911, theta2:11.871, e:22.832
t:33.50, r:0.00, omega:22.83, omega_m:0.00, u:0.00, theta1:20.906, theta2:11.895, e:22.832
t:33.51, r:0.00, omega:22.83, omega_m:0.00, u:0.00, theta1:20.901, theta2:11.918, e:22.832
t:33.52, r:0.00, omega:0.00, omega_m:0.00, u:0.00, theta1:20.901, theta2:11.918, e:-0.000
t:33.53, r:0.00, omega:0.00, omega_m:0.00, u:0.00, theta1:20.901, theta2:11.918, e:-0.000
t:33.54, r:0.00, omega:0.00, omega_m:0.00, u:0.00, theta1:20.901, theta2:11.918, e:-0.000
t:33.55, r:0.00, omega:0.00, omega_m:0.00, u:0.00, theta1:20.901, theta2:11.918, e:-0.000
t:33.56, r:0.00, omega:0.00, omega_m:0.00, u:0.00, theta1:20.901, theta2:11.918, e:-0.000
t:33.57, r:0.00, omega:0.00, omega_m:0.00, u:0.00, theta1:20.901, theta2:11.918, e:-0.000
t:33.58, r:0.00, omega:0.00, omega_m:0.00, u:0.00, theta1:20.901, theta2:11.918, e:-0.000
t:33.59, r:0.00, omega:0.00, omega_m:0.00, u:0.00, theta1:20.901, theta2:11.918, e:-0.000
t:33.60, r:0.00, omega:0.00, omega_m:0.00, u:0.00, theta1:20.901, theta2:11.918, e:-0.000
t:33.61, r:0.00, omega:0.00, omega_m:0.00, u:0.00, theta1:20.901, theta2:11.918, e:-0.000
t:33.62, r:0.00, omega:0.00, omega_m:0.00, u:0.00, theta1:20.901, theta2:11.918, e:-0.000
t:33.63, r:0.00, omega:0.00, omega_m:0.00, u:0.00, theta1:20.901, theta2:11.918, e:-0.000
t:33.64, r:0.00, omega:0.00, omega_m:0.00, u:0.00, theta1:20.901, theta2:11.918, e:-0.000
t:33.65, r:0.00, omega:0.00, omega_m:0.00, u:0.00, theta1:20.901, theta2:11.918, e:-0.000
t:33.66, r:0.00, omega:0.00, omega_m:0.00, u:0.00, theta1:20.901, theta2:11.918, e:-0.000
t:33.67, r:0.00, omega:0.00, omega_m:0.00, u:0.00, theta1:20.901, theta2:11.918, e:-0.000
t:33.68, r:0.00, omega:0.00, omega_m:0.00, u:0.00, theta1:20.901, theta2:11.918, e:-0.000
t:33.69, r:0.00, omega:0.00, omega_m:0.00, u:0.00, theta1:20.901, theta2:11.918, e:-0.000
t:33.70, r:0.00, omega:0.00, omega_m:0.00, u:0.00, theta1:20.901, theta2:11.918, e:-0.000
t:33.71, r:0.00, omega:0.00, omega_m:0.00, u:0.00, theta1:20.901, theta2:11.918, e:-0.000
t:33.72, r:0.00, omega:0.00, omega_m:0.00, u:0.00, theta1:20.901, theta2:11.918, e:-0.000
t:33.73, r:0.00, omega:0.00, omega_m:0.00, u:0.00, theta1:20.901, theta2:11.918, e:-0.000
t:33.74, r:0.00, omega:0.00, omega_m:0.00, u:0.00, theta1:20.901, theta2:11.918, e:-0.000
t:33.75, r:0.00, omega:0.00, omega_m:0.00, u:0.00, theta1:20.901, theta2:11.918, e:-0.000
t:33.76, r:0.00, omega:0.00, omega_m:0.00, u:0.00, theta1:20.901, theta2:11.918, e:-0.000
t:33.77, r:0.00, omega:0.00, omega_m:0.00, u:0.00, theta1:20.901, theta2:11.918, e:-0.000
t:33.78, r:0.00, omega:0.00, omega_m:0.00, u:0.00, theta1:20.901, theta2:11.918, e:-0.000
t:33.79, r:0.00, omega:0.00, omega_m:0.00, u:0.00, theta1:20.901, theta2:11.918, e:-0.000
t:33.80, r:0.00, omega:0.00, omega_m:0.00, u:0.00, theta1:20.901, theta2:11.918, e:-0.000
t:33.81, r:0.00, omega:0.00, omega_m:0.00, u:0.00, theta1:20.901, theta2:11.918, e:-0.000
t:33.82, r:0.00, omega:0.00, omega_m:0.00, u:0.00, theta1:20.901, theta2:11.918, e:-0.000
t:33.83, r:0.00, omega:0.00, omega_m:0.00, u:0.00, theta1:20.901, theta2:11.918, e:-0.000
t:33.84, r:0.00, omega:0.00, omega_m:0.00, u:0.00, theta1:20.901, theta2:11.918, e:-0.000
t:33.85, r:0.00, omega:0.00, omega_m:0.00, u:0.00, theta1:20.901, theta2:11.918, e:-0.000
t:33.86, r:0.00, omega:0.00, omega_m:0.00, u:0.00, theta1:20.901, theta2:11.918, e:-0.000
t:33.87, r:0.00, omega:0.00, omega_m:0.00, u:0.00, theta1:20.901, theta2:11.918, e:-0.000
t:33.88, r:0.00, omega:0.00, omega_m:0.00, u:0.00, theta1:20.901, theta2:11.918, e:-0.000
t:33.89, r:0.00, omega:0.00, omega_m:0.00, u:0.00, theta1:20.901, theta2:11.918, e:-0.000
t:33.90, r:0.00, omega:0.00, omega_m:0.00, u:0.00, theta1:20.901, theta2:11.918, e:-0.000
t:33.91, r:0.00, omega:0.00, omega_m:0.00, u:0.00, theta1:20.901, theta2:11.918, e:-0.000
t:33.92, r:0.00, omega:0.00, omega_m:0.00, u:0.00, theta1:20.901, theta2:11.918, e:-0.000
t:33.93, r:0.00, omega:0.00, omega_m:0.00, u:0.00, theta1:20.901, theta2:11.918, e:-0.000
t:33.94, r:0.00, omega:0.00, omega_m:0.00, u:0.00, theta1:20.901, theta2:11.918, e:-0.000
t:33.95, r:0.00, omega:0.00, omega_m:0.00, u:0.00, theta1:20.901, theta2:11.918, e:-0.000
t:33.96, r:0.00, omega:0.00, omega_m:0.00, u:0.00, theta1:20.901, theta2:11.918, e:-0.000
t:33.97, r:0.00, omega:0.00, omega_m:0.00, u:0.00, theta1:20.901, theta2:11.918, e:-0.000
t:33.98, r:0.00, omega:0.00, omega_m:0.00, u:0.00, theta1:20.901, theta2:11.918, e:-0.000
t:33.99, r:0.00, omega:0.00, omega_m:0.00, u:0.00, theta1:20.901, theta2:11.918, e:-0.000
t:34.00, r:0.00, omega:0.00, omega_m:0.00, u:0.00, theta1:20.901, theta2:11.918, e:-0.000
t:34.01, r:-25.00, omega:0.00, omega_m:-15.80, u:-522.94, theta1:20.918, theta2:11.916, e:15.803
t:34.02, r:-25.00, omega:0.00, omega_m:-21.62, u:-523.50, theta1:20.940, theta2:11.914, e:21.617
t:34.03, r:-25.00, omega:-0.52, omega_m:-23.76, u:-517.91, theta1:20.964, theta2:11.910, e:23.235
t:34.04, r:-25.00, omega:-0.52, omega_m:-24.54, u:-518.53, theta1:20.989, theta2:11.907, e:24.022
t:34.05, r:-25.00, omega:-20.93, omega_m:-24.83, u:-275.68, theta1:20.993, theta2:11.902, e:3.898
t:34.06, r:-25.00, omega:-20.93, omega_m:-24.94, u:-275.88, theta1:20.997, theta2:11.898, e:4.005
t:34.07, r:-25.00, omega:-29.93, omega_m:-24.98, u:-168.44, theta1:20.990, theta2:11.904, e:-4.955
t:34.08, r:-25.00, omega:-29.93, omega_m:-24.99, u:-168.05, theta1:20.983, theta2:11.911, e:-4.940
t:34.09, r:-25.00, omega:-22.86, omega_m:-25.00, u:-252.44, theta1:20.985, theta2:11.908, e:2.140
t:34.10, r:-25.00, omega:-22.86, omega_m:-25.00, u:-252.56, theta1:20.987, theta2:11.906, e:2.142
t:34.11, r:-25.00, omega:-22.86, omega_m:-25.00, u:-252.68, theta1:20.990, theta2:11.903, e:2.143
t:34.12, r:-25.00, omega:-16.43, omega_m:-25.00, u:-329.49, theta1:20.999, theta2:11.895, e:8.567
t:34.13, r:-25.00, omega:-16.43, omega_m:-25.00, u:-329.85, theta1:21.008, theta2:11.887, e:8.567
t:34.14, r:-25.00, omega:-16.43, omega_m:-25.00, u:-330.20, theta1:21.016, theta2:11.879, e:8.567
t:34.15, r:-25.00, omega:-19.32, omega_m:-25.00, u:-296.22, theta1:21.022, theta2:11.873, e:5.684
t:34.16, r:-25.00, omega:-19.32, omega_m:-25.00, u:-296.49, theta1:21.028, theta2:11.867, e:5.684
t:34.17, r:-25.00, omega:-21.78, omega_m:-25.00, u:-267.47, theta1:21.032, theta2:11.863, e:3.224
t:34.18, r:-25.00, omega:-21.78, omega_m:-25.00, u:-267.64, theta1:21.035, theta2:11.859, e:3.224
t:34.19, r:-25.00, omega:-21.78, omega_m:-25.00, u:-267.81, theta1:21.038, theta2:11.855, e:3.224
t:34.20, r:-25.00, omega:-21.67, omega_m:-25.00, u:-269.22, theta1:21.042, theta2:11.851, e:3.329
t:34.21, r:-25.00, omega:-21.67, omega_m:-25.00, u:-269.39, theta1:21.045, theta2:11.847, e:3.329
t:34.22, r:-25.00, omega:-21.67, omega_m:-25.00, u:-269.57, theta1:21.049, theta2:11.843, e:3.329
t:34.23, r:-25.00, omega:-18.84, omega_m:-25.00, u:-303.41, theta1:21.055, theta2:11.836, e:6.163
t:34.24, r:-25.00, omega:-18.84, omega_m:-25.00, u:-303.70, theta1:21.061, theta2:11.830, e:6.163
t:34.25, r:-25.00, omega:-18.48, omega_m:-25.00, u:-308.19, theta1:21.068, theta2:11.823, e:6.518
t:34.26, r:-25.00, omega:-18.48, omega_m:-25.00, u:-308.49, theta1:21.075, theta2:11.816, e:6.518
t:34.27, r:-25.00, omega:-18.48, omega_m:-25.00, u:-308.78, theta1:21.082, theta2:11.809, e:6.518
t:34.28, r:-25.00, omega:-21.37, omega_m:-25.00, u:-274.90, theta1:21.086, theta2:11.805, e:3.633
t:34.29, r:-25.00, omega:-21.37, omega_m:-25.00, u:-275.09, theta1:21.089, theta2:11.801, e:3.633
t:34.30, r:-25.00, omega:-21.41, omega_m:-25.00, u:-274.74, theta1:21.093, theta2:11.797, e:3.588
t:34.31, r:-25.00, omega:-21.41, omega_m:-25.00, u:-274.93, theta1:21.097, theta2:11.792, e:3.588
t:34.32, r:-25.00, omega:-21.41, omega_m:-25.00, u:-275.11, theta1:21.101, theta2:11.788, e:3.588
t:34.33, r:-25.00, omega:-20.67, omega_m:-25.00, u:-284.05, theta1:21.105, theta2:11.783, e:4.328
t:34.34, r:-25.00, omega:-20.67, omega_m:-25.00, u:-284.26, theta1:21.110, theta2:11.778, e:4.328
t:34.35, r:-25.00, omega:-20.67, omega_m:-25.00, u:-284.48, theta1:21.114, theta2:11.773, e:4.328
t:34.36, r:-25.00, omega:-18.89, omega_m:-25.00, u:-305.71, theta1:21.120, theta2:11.767, e:6.108
t:34.37, r:-25.00, omega:-18.89, omega_m:-25.00, u:-305.99, theta1:21.127, theta2:11.760, e:6.108
t:34.38, r:-25.00, omega:-21.54, omega_m:-25.00, u:-275.03, theta1:21.130, theta2:11.756, e:3.460
t:34.39, r:-25.00, omega:-21.54, omega_m:-25.00, u:-275.21, theta1:21.134, theta2:11.752, e:3.460
t:34.40, r:-25.00, omega:-21.54, omega_m:-25.00, u:-275.39, theta1:21.138, theta2:11.748, e:3.460
t:34.41, r:-25.00, omega:-21.30, omega_m:-25.00, u:-278.40, theta1:21.141, theta2:11.743, e:3.700
t:34.42, r:-25.00, omega:-21.30, omega_m:-25.00, u:-278.59, theta1:21.145, theta2:11.739, e:3.700
t:34.43, r:-25.00, omega:-18.37, omega_m:-25.00, u:-313.30, theta1:21.152, theta2:11.732, e:6.631
t:34.44, r:-25.00, omega:-18.37, omega_m:-25.00, u:-313.60, theta1:21.159, theta2:11.725, e:6.631
t:34.45, r:-25.00, omega:-18.37, omega_m:-25.00, u:-313.90, theta1:21.166, theta2:11.718, e:6.631
t:34.46, r:-25.00, omega:-21.20, omega_m:-25.00, u:-280.94, theta1:21.170, theta2:11.714, e:3.803
t:34.47, r:-25.00, omega:-21.20, omega_m:-25.00, u:-281.13, theta1:21.174, theta2:11.709, e:3.803
t:34.48, r:-25.00, omega:-21.29, omega_m:-25.00, u:-280.23, theta1:21.178, theta2:11.705, e:3.709
t:34.49, r:-25.00, omega:-21.29, omega_m:-25.00, u:-280.42, theta1:21.181, theta2:11.701, e:3.709
t:34.50, r:-25.00, omega:-21.29, omega_m:-25.00, u:-280.61, theta1:21.185, theta2:11.696, e:3.709
t:34.51, r:-25.00, omega:-20.72, omega_m:-25.00, u:-287.56, theta1:21.190, theta2:11.691, e:4.285
t:34.52, r:-25.00, omega:-20.72, omega_m:-25.00, u:-287.77, theta1:21.194, theta2:11.686, e:4.285
t:34.53, r:-25.00, omega:-20.72, omega_m:-25.00, u:-287.98, theta1:21.199, theta2:11.681, e:4.285
t:34.54, r:-25.00, omega:-19.42, omega_m:-25.00, u:-303.34, theta1:21.204, theta2:11.675, e:5.577
t:34.55, r:-25.00, omega:-19.42, omega_m:-25.00, u:-303.60, theta1:21.210, theta2:11.669, e:5.577
t:34.56, r:-25.00, omega:-21.24, omega_m:-25.00, u:-282.60, theta1:21.214, theta2:11.665, e:3.760
t:34.57, r:-25.00, omega:-21.24, omega_m:-25.00, u:-282.79, theta1:21.218, theta2:11.660, e:3.760
t:34.58, r:-25.00, omega:-21.24, omega_m:-25.00, u:-282.98, theta1:21.222, theta2:11.656, e:3.760
t:34.59, r:-25.00, omega:-19.62, omega_m:-25.00, u:-302.09, theta1:21.228, theta2:11.650, e:5.378
t:34.60, r:-25.00, omega:-19.62, omega_m:-25.00, u:-302.34, theta1:21.233, theta2:11.644, e:5.378
t:34.61, r:-25.00, omega:-19.90, omega_m:-25.00, u:-299.31, theta1:21.238, theta2:11.638, e:5.097
t:34.62, r:-25.00, omega:-19.90, omega_m:-25.00, u:-299.56, theta1:21.244, theta2:11.633, e:5.097
t:34.63, r:-25.00, omega:-19.90, omega_m:-25.00, u:-299.80, theta1:21.249, theta2:11.627, e:5.097
t:34.64, r:-25.00, omega:-21.32, omega_m:-25.00, u:-283.47, theta1:21.253, theta2:11.623, e:3.676
t:34.65, r:-25.00, omega:-21.32, omega_m:-25.00, u:-283.66, theta1:21.257, theta2:11.618, e:3.676
t:34.66, r:-25.00, omega:-21.12, omega_m:-25.00, u:-286.27, theta1:21.261, theta2:11.614, e:3.884
t:34.67, r:-25.00, omega:-21.12, omega_m:-25.00, u:-286.47, theta1:21.265, theta2:11.609, e:3.884
t:34.68, r:-25.00, omega:-21.12, omega_m:-25.00, u:-286.67, theta1:21.269, theta2:11.605, e:3.884
t:34.69, r:-25.00, omega:-20.91, omega_m:-25.00, u:-289.27, theta1:21.273, theta2:11.600, e:4.090
t:34.70, r:-25.00, omega:-20.91, omega_m:-25.00, u:-289.47, theta1:21.277, theta2:11.595, e:4.090
t:34.71, r:-25.00, omega:-20.36, omega_m:-25.00, u:-296.05, theta1:21.282, theta2:11.590, e:4.638
t:34.72, r:-25.00, omega:-20.36, omega_m:-25.00, u:-296.28, theta1:21.287, theta2:11.585, e:4.638
t:34.73, r:-25.00, omega:-20.36, omega_m:-25.00, u:-296.50, theta1:21.292, theta2:11.580, e:4.638
t:34.74, r:-25.00, omega:-20.19, omega_m:-25.00, u:-298.68, theta1:21.297, theta2:11.574, e:4.806
t:34.75, r:-25.00, omega:-20.19, omega_m:-25.00, u:-298.92, theta1:21.302, theta2:11.569, e:4.806
t:34.76, r:-25.00, omega:-20.19, omega_m:-25.00, u:-299.15, theta1:21.307, theta2:11.563, e:4.806
t:34.77, r:-25.00, omega:-19.79, omega_m:-25.00, u:-304.07, theta1:21.312, theta2:11.558, e:5.209
t:34.78, r:-25.00, omega:-19.79, omega_m:-25.00, u:-304.32, theta1:21.317, theta2:11.552, e:5.209
t:34.79, r:-25.00, omega:-20.52, omega_m:-25.00, u:-296.08, theta1:21.322, theta2:11.547, e:4.477
t:34.80, r:-25.00, omega:-20.52, omega_m:-25.00, u:-296.30, theta1:21.327, theta2:11.542, e:4.477
t:34.81, r:-25.00, omega:-20.52, omega_m:-25.00, u:-296.52, theta1:21.331, theta2:11.536, e:4.477
t:34.82, r:-25.00, omega:-20.50, omega_m:-25.00, u:-297.05, theta1:21.336, theta2:11.531, e:4.504
t:34.83, r:-25.00, omega:-20.50, omega_m:-25.00, u:-297.27, theta1:21.341, theta2:11.526, e:4.504
t:34.84, r:-25.00, omega:-20.37, omega_m:-25.00, u:-298.94, theta1:21.345, theta2:11.521, e:4.629
t:34.85, r:-25.00, omega:-20.37, omega_m:-25.00, u:-299.17, theta1:21.350, theta2:11.516, e:4.629
t:34.86, r:-25.00, omega:-20.37, omega_m:-25.00, u:-299.39, theta1:21.355, theta2:11.510, e:4.629
t:34.87, r:-25.00, omega:-20.03, omega_m:-25.00, u:-303.54, theta1:21.360, theta2:11.505, e:4.968
t:34.88, r:-25.00, omega:-20.03, omega_m:-25.00, u:-303.78, theta1:21.365, theta2:11.499, e:4.968
t:34.89, r:-25.00, omega:-20.03, omega_m:-25.00, u:-304.02, theta1:21.370, theta2:11.494, e:4.968
t:34.90, r:-25.00, omega:-19.84, omega_m:-25.00, u:-306.48, theta1:21.376, theta2:11.488, e:5.161
t:34.91, r:-25.00, omega:-19.84, omega_m:-25.00, u:-306.73, theta1:21.381, theta2:11.482, e:5.161
t:34.92, r:-25.00, omega:-20.23, omega_m:-25.00, u:-302.43, theta1:21.386, theta2:11.477, e:4.767
t:34.93, r:-25.00, omega:-20.23, omega_m:-25.00, u:-302.67, theta1:21.391, theta2:11.472, e:4.767
t:34.94, r:-25.00, omega:-20.23, omega_m:-25.00, u:-302.90, theta1:21.396, theta2:11.466, e:4.767
t:34.95, r:-25.00, omega:-21.21, omega_m:-25.00, u:-291.94, theta1:21.400, theta2:11.462, e:3.794
t:34.96, r:-25.00, omega:-21.21, omega_m:-25.00, u:-292.13, theta1:21.404, theta2:11.457, e:3.794
t:34.97, r:-25.00, omega:-20.98, omega_m:-25.00, u:-294.89, theta1:21.408, theta2:11.453, e:4.017
t:34.98, r:-25.00, omega:-20.98, omega_m:-25.00, u:-295.09, theta1:21.412, theta2:11.448, e:4.017
t:34.99, r:-25.00, omega:-20.98, omega_m:-25.00, u:-295.30, theta1:21.416, theta2:11.443, e:4.017
t:35.00, r:-25.00, omega:-19.85, omega_m:-25.00, u:-308.51, theta1:21.422, theta2:11.438, e:5.150
t:35.01, r:0.00, omega:-19.85, omega_m:-9.20, u:0.00, theta1:21.419, theta2:11.447, e:-10.653
t:35.02, r:0.00, omega:-20.08, omega_m:-3.38, u:0.00, theta1:21.416, theta2:11.462, e:-16.699
t:35.03, r:0.00, omega:-20.08, omega_m:-1.24, u:0.00, theta1:21.412, theta2:11.479, e:-18.837
t:35.04, r:0.00, omega:-20.08, omega_m:-0.46, u:0.00, theta1:21.408, theta2:11.496, e:-19.624
t:35.05, r:0.00, omega:-20.08, omega_m:-0.17, u:0.00, theta1:21.403, theta2:11.514, e:-19.914
t:35.06, r:0.00, omega:-20.08, omega_m:-0.06, u:0.00, theta1:21.399, theta2:11.532, e:-20.020
t:35.07, r:0.00, omega:-20.08, omega_m:-0.02, u:0.00, theta1:21.395, theta2:11.549, e:-20.059
t:35.08, r:0.00, omega:-20.08, omega_m:-0.01, u:0.00, theta1:21.390, theta2:11.567, e:-20.074
t:35.09, r:0.00, omega:-20.08, omega_m:-0.00, u:0.00, theta1:21.386, theta2:11.585, e:-20.079
t:35.10, r:0.00, omega:-20.08, omega_m:-0.00, u:0.00, theta1:21.382, theta2:11.603, e:-20.081
t:35.11, r:0.00, omega:-20.08, omega_m:-0.00, u:0.00, theta1:21.378, theta2:11.621, e:-20.082
t:35.12, r:0.00, omega:-20.08, omega_m:-0.00, u:0.00, theta1:21.373, theta2:11.639, e:-20.082
t:35.13, r:0.00, omega:-20.08, omega_m:-0.00, u:0.00, theta1:21.369, theta2:11.656, e:-20.082
t:35.14, r:0.00, omega:-20.08, omega_m:-0.00, u:0.00, theta1:21.365, theta2:11.674, e:-20.082
t:35.15, r:0.00, omega:-20.08, omega_m:-0.00, u:0.00, theta1:21.360, theta2:11.692, e:-20.082
t:35.16, r:0.00, omega:-20.08, omega_m:-0.00, u:0.00, theta1:21.356, theta2:11.710, e:-20.082
t:35.17, r:0.00, omega:-20.08, omega_m:-0.00, u:0.00, theta1:21.352, theta2:11.728, e:-20.082
t:35.18, r:0.00, omega:-20.08, omega_m:-0.00, u:0.00, theta1:21.347, theta2:11.745, e:-20.082
t:35.19, r:0.00, omega:-20.08, omega_m:-0.00, u:0.00, theta1:21.343, theta2:11.763, e:-20.082
t:35.20, r:0.00, omega:-20.08, omega_m:-0.00, u:0.00, theta1:21.339, theta2:11.781, e:-20.082
t:35.21, r:0.00, omega:-20.08, omega_m:-0.00, u:0.00, theta1:21.335, theta2:11.799, e:-20.082
t:35.22, r:0.00, omega:-20.08, omega_m:-0.00, u:0.00, theta1:21.330, theta2:11.817, e:-20.082
t:35.23, r:0.00, omega:-20.08, omega_m:-0.00, u:0.00, theta1:21.326, theta2:11.834, e:-20.082
t:35.24, r:0.00, omega:-20.08, omega_m:-0.00, u:0.00, theta1:21.322, theta2:11.852, e:-20.082
t:35.25, r:0.00, omega:-20.08, omega_m:-0.00, u:0.00, theta1:21.317, theta2:11.870, e:-20.082
t:35.26, r:0.00, omega:-20.08, omega_m:-0.00, u:0.00, theta1:21.313, theta2:11.888, e:-20.082
t:35.27, r:0.00, omega:-20.08, omega_m:-0.00, u:0.00, theta1:21.309, theta2:11.906, e:-20.082
t:35.28, r:0.00, omega:-20.08, omega_m:-0.00, u:0.00, theta1:21.305, theta2:11.923, e:-20.082
t:35.29, r:0.00, omega:-20.08, omega_m:-0.00, u:0.00, theta1:21.300, theta2:11.941, e:-20.082
t:35.30, r:0.00, omega:-20.08, omega_m:-0.00, u:0.00, theta1:21.296, theta2:11.959, e:-20.082
t:35.31, r:0.00, omega:-20.08, omega_m:-0.00, u:0.00, theta1:21.292, theta2:11.977, e:-20.082
t:35.32, r:0.00, omega:-20.08, omega_m:-0.00, u:0.00, theta1:21.288, theta2:11.994, e:-20.082
t:35.33, r:0.00, omega:-20.08, omega_m:-0.00, u:0.00, theta1:21.283, theta2:12.012, e:-20.082
t:35.34, r:0.00, omega:-20.08, omega_m:-0.00, u:0.00, theta1:21.279, theta2:12.030, e:-20.082
t:35.35, r:0.00, omega:-20.08, omega_m:-0.00, u:0.00, theta1:21.275, theta2:12.048, e:-20.082
t:35.36, r:0.00, omega:-20.08, omega_m:-0.00, u:0.00, theta1:21.270, theta2:12.065, e:-20.082
t:35.37, r:0.00, omega:-20.08, omega_m:-0.00, u:0.00, theta1:21.266, theta2:12.083, e:-20.082
t:35.38, r:0.00, omega:-20.08, omega_m:-0.00, u:0.00, theta1:21.262, theta2:12.101, e:-20.082
t:35.39, r:0.00, omega:-20.08, omega_m:-0.00, u:0.00, theta1:21.258, theta2:12.119, e:-20.082
t:35.40, r:0.00, omega:-20.08, omega_m:-0.00, u:0.00, theta1:21.253, theta2:12.136, e:-20.082
t:35.41, r:0.00, omega:-20.08, omega_m:-0.00, u:0.00, theta1:21.249, theta2:12.154, e:-20.082
t:35.42, r:0.00, omega:-20.08, omega_m:-0.00, u:0.00, theta1:21.245, theta2:12.172, e:-20.082
t:35.43, r:0.00, omega:-20.08, omega_m:-0.00, u:0.00, theta1:21.241, theta2:12.190, e:-20.082
t:35.44, r:0.00, omega:-20.08, omega_m:-0.00, u:0.00, theta1:21.236, theta2:12.207, e:-20.082
t:35.45, r:0.00, omega:-20.08, omega_m:-0.00, u:0.00, theta1:21.232, theta2:12.225, e:-20.082
t:35.46, r:0.00, omega:-20.08, omega_m:-0.00, u:0.00, theta1:21.228, theta2:12.243, e:-20.082
t:35.47, r:0.00, omega:-20.08, omega_m:-0.00, u:0.00, theta1:21.224, theta2:12.260, e:-20.082
t:35.48, r:0.00, omega:-20.08, omega_m:-0.00, u:0.00, theta1:21.219, theta2:12.278, e:-20.082
t:35.49, r:0.00, omega:-20.08, omega_m:-0.00, u:0.00, theta1:21.215, theta2:12.296, e:-20.082
t:35.50, r:0.00, omega:-20.08, omega_m:-0.00, u:0.00, theta1:21.211, theta2:12.313, e:-20.082
t:35.51, r:0.00, omega:-20.08, omega_m:-0.00, u:0.00, theta1:21.206, theta2:12.331, e:-20.082
t:35.52, r:0.00, omega:0.00, omega_m:-0.00, u:0.00, theta1:21.206, theta2:12.331, e:0.000
t:35.53, r:0.00, omega:0.00, omega_m:-0.00, u:0.00, theta1:21.206, theta2:12.331, e:0.000
t:35.54, r:0.00, omega:0.00, omega_m:-0.00, u:0.00, theta1:21.206, theta2:12.331, e:0.000
t:35.55, r:0.00, omega:0.00, omega_m:-0.00, u:0.00, theta1:21.206, theta2:12.331, e:0.000
t:35.56, r:0.00, omega:0.00, omega_m:-0.00, u:0.00, theta1:21.206, theta2:12.331, e:0.000
t:35.57, r:0.00, omega:0.00, omega_m:-0.00, u:0.00, theta1:21.206, theta2:12.331, e:0.000
t:35.58, r:0.00, omega:0.00, omega_m:-0.00, u:0.00, theta1:21.206, theta2:12.331, e:0.000
t:35.59, r:0.00, omega:0.00, omega_m:-0.00, u:0.00, theta1:21.206, theta2:12.331, e:0.000
t:35.60, r:0.00, omega:0.00, omega_m:-0.00, u:0.00, theta1:21.206, theta2:12.331, e:0.000
t:35.61, r:0.00, omega:0.00, omega_m:-0.00, u:0.00, theta1:21.206, theta2:12.331, e:0.000
t:35.62, r:0.00, omega:0.00, omega_m:-0.00, u:0.00, theta1:21.206, theta2:12.331, e:0.000
t:35.63, r:0.00, omega:0.00, omega_m:-0.00, u:0.00, theta1:21.206, theta2:12.331, e:0.000
t:35.64, r:0.00, omega:0.00, omega_m:-0.00, u:0.00, theta1:21.206, theta2:12.331, e:0.000
t:35.65, r:0.00, omega:0.00, omega_m:-0.00, u:0.00, theta1:21.206, theta2:12.331, e:0.000
t:35.66, r:0.00, omega:0.00, omega_m:-0.00, u:0.00, theta1:21.206, theta2:12.331, e:0.000
t:35.67, r:0.00, omega:0.00, omega_m:-0.00, u:0.00, theta1:21.206, theta2:12.331, e:0.000
t:35.68, r:0.00, omega:0.00, omega_m:-0.00, u:0.00, theta1:21.206, theta2:12.331, e:0.000
t:35.69, r:0.00, omega:0.00, omega_m:-0.00, u:0.00, theta1:21.206, theta2:12.331, e:0.000
t:35.70, r:0.00, omega:0.00, omega_m:-0.00, u:0.00, theta1:21.206, theta2:12.331, e:0.000
t:35.71, r:0.00, omega:0.00, omega_m:-0.00, u:0.00, theta1:21.206, theta2:12.331, e:0.000
t:35.72, r:0.00, omega:0.00, omega_m:-0.00, u:0.00, theta1:21.206, theta2:12.331, e:0.000
t:35.73, r:0.00, omega:0.00, omega_m:-0.00, u:0.00, theta1:21.206, theta2:12.331, e:0.000
t:35.74, r:0.00, omega:0.00, omega_m:-0.00, u:0.00, theta1:21.206, theta2:12.331, e:0.000
t:35.75, r:0.00, omega:0.00, omega_m:-0.00, u:0.00, theta1:21.206, theta2:12.331, e:0.000
t:35.76, r:0.00, omega:0.00, omega_m:-0.00, u:0.00, theta1:21.206, theta2:12.331, e:0.000
t:35.77, r:0.00, omega:0.00, omega_m:-0.00, u:0.00, theta1:21.206, theta2:12.331, e:0.000
t:35.78, r:0.00, omega:0.00, omega_m:-0.00, u:0.00, theta1:21.206, theta2:12.331, e:0.000
t:35.79, r:0.00, omega:0.00, omega_m:-0.00, u:0.00, theta1:21.206, theta2:12.331, e:0.000
t:35.80, r:0.00, omega:0.00, omega_m:-0.00, u:0.00, theta1:21.206, theta2:12.331, e:0.000
t:35.81, r:0.00, omega:0.00, omega_m:-0.00, u:0.00, theta1:21.206, theta2:12.331, e:0.000
t:35.82, r:0.00, omega:0.00, omega_m:-0.00, u:0.00, theta1:21.206, theta2:12.331, e:0.000
t:35.83, r:0.00, omega:0.00, omega_m:-0.00, u:0.00, theta1:21.206, theta2:12.331, e:0.000
t:35.84, r:0.00, omega:0.00, omega_m:-0.00, u:0.00, theta1:21.206, theta2:12.331, e:0.000
t:35.85, r:0.00, omega:0.00, omega_m:-0.00, u:0.00, theta1:21.206, theta2:12.331, e:0.000
t:35.86, r:0.00, omega:0.00, omega_m:-0.00, u:0.00, theta1:21.206, theta2:12.331, e:0.000
t:35.87, r:0.00, omega:0.00, omega_m:-0.00, u:0.00, theta1:21.206, theta2:12.331, e:0.000
t:35.88, r:0.00, omega:0.00, omega_m:-0.00, u:0.00, theta1:21.206, theta2:12.331, e:0.000
t:35.89, r:0.00, omega:0.00, omega_m:-0.00, u:0.00, theta1:21.206, theta2:12.331, e:0.000
t:35.90, r:0.00, omega:0.00, omega_m:-0.00, u:0.00, theta1:21.206, theta2:12.331, e:0.000
t:35.91, r:0.00, omega:0.00, omega_m:-0.00, u:0.00, theta1:21.206, theta2:12.331, e:0.000
t:35.92, r:0.00, omega:0.00, omega_m:-0.00, u:0.00, theta1:21.206, theta2:12.331, e:0.000
t:35.93, r:0.00, omega:0.00, omega_m:-0.00, u:0.00, theta1:21.206, theta2:12.331, e:0.000
t:35.94, r:0.00, omega:0.00, omega_m:-0.00, u:0.00, theta1:21.206, theta2:12.331, e:0.000
t:35.95, r:0.00, omega:0.00, omega_m:-0.00, u:0.00, theta1:21.206, theta2:12.331, e:0.000
t:35.96, r:0.00, omega:0.00, omega_m:-0.00, u:0.00, theta1:21.206, theta2:12.331, e:0.000
t:35.97, r:0.00, omega:0.00, omega_m:-0.00, u:0.00, theta1:21.206, theta2:12.331, e:0.000
t:35.98, r:0.00, omega:0.00, omega_m:-0.00, u:0.00, theta1:21.206, theta2:12.331, e:0.000
t:35.99, r:0.00, omega:0.00, omega_m:-0.00, u:0.00, theta1:21.206, theta2:12.331, e:0.000
t:36.00, r:0.00, omega:0.00, omega_m:-0.00, u:0.00, theta1:21.206, theta2:12.331, e:0.000
t:36.01, r:25.00, omega:0.00, omega_m:15.80, u:530.57, theta1:21.223, theta2:12.329, e:-15.803
t:36.02, r:25.00, omega:0.00, omega_m:21.62, u:531.13, theta1:21.245, theta2:12.327, e:-21.617
t:36.03, r:25.00, omega:0.52, omega_m:23.76, u:525.30, theta1:21.269, theta2:12.323, e:-23.233
t:36.04, r:25.00, omega:0.52, omega_m:24.54, u:525.93, theta1:21.294, theta2:12.319, e:-24.020
t:36.05, r:25.00, omega:21.51, omega_m:24.83, u:267.58, theta1:21.298, theta2:12.316, e:-3.325
t:36.06, r:25.00, omega:21.51, omega_m:24.94, u:267.76, theta1:21.301, theta2:12.311, e:-3.431
t:36.07, r:25.00, omega:28.89, omega_m:24.98, u:176.51, theta1:21.296, theta2:12.317, e:3.917
t:36.08, r:25.00, omega:28.89, omega_m:24.99, u:176.22, theta1:21.290, theta2:12.322, e:3.903
t:36.09, r:25.00, omega:22.38, omega_m:25.00, u:256.62, theta1:21.293, theta2:12.318, e:-2.616
t:36.10, r:25.00, omega:22.38, omega_m:25.00, u:256.76, theta1:21.295, theta2:12.315, e:-2.618
t:36.11, r:25.00, omega:22.38, omega_m:25.00, u:256.90, theta1:21.298, theta2:12.312, e:-2.619
t:36.12, r:25.00, omega:16.39, omega_m:25.00, u:331.06, theta1:21.307, theta2:12.304, e:-8.614
t:36.13, r:25.00, omega:16.39, omega_m:25.00, u:331.42, theta1:21.316, theta2:12.296, e:-8.614
t:36.14, r:25.00, omega:16.39, omega_m:25.00, u:331.78, theta1:21.325, theta2:12.288, e:-8.614
t:36.15, r:25.00, omega:19.87, omega_m:25.00, u:289.24, theta1:21.330, theta2:12.282, e:-5.132
t:36.16, r:25.00, omega:19.87, omega_m:25.00, u:289.49, theta1:21.335, theta2:12.276, e:-5.132
t:36.17, r:25.00, omega:19.87, omega_m:25.00, u:289.73, theta1:21.341, theta2:12.270, e:-5.132
t:36.18, r:25.00, omega:20.57, omega_m:25.00, u:281.37, theta1:21.345, theta2:12.265, e:-4.433
t:36.19, r:25.00, omega:20.57, omega_m:25.00, u:281.59, theta1:21.350, theta2:12.260, e:-4.433
t:36.20, r:25.00, omega:19.46, omega_m:25.00, u:295.47, theta1:21.356, theta2:12.254, e:-5.543
t:36.21, r:25.00, omega:19.46, omega_m:25.00, u:295.73, theta1:21.361, theta2:12.248, e:-5.543
t:36.22, r:25.00, omega:19.46, omega_m:25.00, u:295.99, theta1:21.367, theta2:12.242, e:-5.543
t:36.23, r:25.00, omega:21.16, omega_m:25.00, u:275.32, theta1:21.371, theta2:12.237, e:-3.839
t:36.24, r:25.00, omega:21.16, omega_m:25.00, u:275.51, theta1:21.375, theta2:12.233, e:-3.839
t:36.25, r:25.00, omega:19.41, omega_m:25.00, u:297.25, theta1:21.381, theta2:12.227, e:-5.594
t:36.26, r:25.00, omega:19.41, omega_m:25.00, u:297.51, theta1:21.387, theta2:12.221, e:-5.594
t:36.27, r:25.00, omega:19.41, omega_m:25.00, u:297.77, theta1:21.393, theta2:12.215, e:-5.594
t:36.28, r:25.00, omega:19.36, omega_m:25.00, u:298.55, theta1:21.398, theta2:12.208, e:-5.635
t:36.29, r:25.00, omega:19.36, omega_m:25.00, u:298.81, theta1:21.404, theta2:12.202, e:-5.635
t:36.30, r:25.00, omega:19.36, omega_m:25.00, u:299.08, theta1:21.410, theta2:12.196, e:-5.635
t:36.31, r:25.00, omega:21.35, omega_m:25.00, u:275.06, theta1:21.414, theta2:12.192, e:-3.650
t:36.32, r:25.00, omega:21.35, omega_m:25.00, u:275.24, theta1:21.418, theta2:12.188, e:-3.650
t:36.33, r:25.00, omega:19.66, omega_m:25.00, u:296.08, theta1:21.423, theta2:12.182, e:-5.339
t:36.34, r:25.00, omega:19.66, omega_m:25.00, u:296.34, theta1:21.429, theta2:12.176, e:-5.339
t:36.35, r:25.00, omega:19.66, omega_m:25.00, u:296.59, theta1:21.434, theta2:12.170, e:-5.339
t:36.36, r:25.00, omega:19.19, omega_m:25.00, u:302.62, theta1:21.440, theta2:12.164, e:-5.813
t:36.37, r:25.00, omega:19.19, omega_m:25.00, u:302.89, theta1:21.446, theta2:12.157, e:-5.813
t:36.38, r:25.00, omega:22.50, omega_m:25.00, u:262.80, theta1:21.449, theta2:12.154, e:-2.504
t:36.39, r:25.00, omega:22.50, omega_m:25.00, u:262.94, theta1:21.451, theta2:12.151, e:-2.504
t:36.40, r:25.00, omega:22.50, omega_m:25.00, u:263.07, theta1:21.454, theta2:12.148, e:-2.504
t:36.41, r:25.00, omega:19.91, omega_m:25.00, u:294.74, theta1:21.459, theta2:12.142, e:-5.091
t:36.42, r:25.00, omega:19.91, omega_m:25.00, u:294.98, theta1:21.465, theta2:12.137, e:-5.091
t:36.43, r:25.00, omega:19.91, omega_m:25.00, u:295.23, theta1:21.470, theta2:12.131, e:-5.091
t:36.44, r:25.00, omega:18.47, omega_m:25.00, u:313.00, theta1:21.477, theta2:12.124, e:-6.531
t:36.45, r:25.00, omega:18.47, omega_m:25.00, u:313.29, theta1:21.483, theta2:12.117, e:-6.531
t:36.46, r:25.00, omega:20.41, omega_m:25.00, u:290.01, theta1:21.488, theta2:12.112, e:-4.591
t:36.47, r:25.00, omega:20.41, omega_m:25.00, u:290.23, theta1:21.493, theta2:12.107, e:-4.591
t:36.48, r:25.00, omega:20.41, omega_m:25.00, u:290.46, theta1:21.498, theta2:12.101, e:-4.591
t:36.49, r:25.00, omega:21.31, omega_m:25.00, u:279.81, theta1:21.501, theta2:12.097, e:-3.695
t:36.50, r:25.00, omega:21.31, omega_m:25.00, u:279.99, theta1:21.505, theta2:12.093, e:-3.695
t:36.51, r:25.00, omega:21.31, omega_m:25.00, u:280.18, theta1:21.509, theta2:12.088, e:-3.695
t:36.52, r:25.00, omega:19.21, omega_m:25.00, u:305.83, theta1:21.515, theta2:12.082, e:-5.794
t:36.53, r:25.00, omega:19.21, omega_m:25.00, u:306.10, theta1:21.521, theta2:12.076, e:-5.794
t:36.54, r:25.00, omega:19.07, omega_m:25.00, u:308.05, theta1:21.527, theta2:12.069, e:-5.933
t:36.55, r:25.00, omega:19.07, omega_m:25.00, u:308.33, theta1:21.533, theta2:12.063, e:-5.933
t:36.56, r:25.00, omega:19.07, omega_m:25.00, u:308.60, theta1:21.540, theta2:12.057, e:-5.933
t:36.57, r:25.00, omega:21.80, omega_m:25.00, u:275.82, theta1:21.543, theta2:12.053, e:-3.200
t:36.58, r:25.00, omega:21.80, omega_m:25.00, u:275.98, theta1:21.546, theta2:12.049, e:-3.200
t:36.59, r:25.00, omega:20.07, omega_m:25.00, u:297.08, theta1:21.551, theta2:12.043, e:-4.931
t:36.60, r:25.00, omega:20.07, omega_m:25.00, u:297.32, theta1:21.556, theta2:12.038, e:-4.931
t:36.61, r:25.00, omega:20.07, omega_m:25.00, u:297.56, theta1:21.561, theta2:12.032, e:-4.931
t:36.62, r:25.00, omega:19.59, omega_m:25.00, u:303.56, theta1:21.567, theta2:12.026, e:-5.409
t:36.63, r:25.00, omega:19.59, omega_m:25.00, u:303.82, theta1:21.573, theta2:12.020, e:-5.409
t:36.64, r:25.00, omega:19.59, omega_m:25.00, u:304.08, theta1:21.578, theta2:12.014, e:-5.409
t:36.65, r:25.00, omega:20.31, omega_m:25.00, u:295.66, theta1:21.583, theta2:12.009, e:-4.689
t:36.66, r:25.00, omega:20.31, omega_m:25.00, u:295.89, theta1:21.588, theta2:12.004, e:-4.689
t:36.67, r:25.00, omega:21.52, omega_m:25.00, u:281.54, theta1:21.592, theta2:12.000, e:-3.478
t:36.68, r:25.00, omega:21.52, omega_m:25.00, u:281.72, theta1:21.595, theta2:11.995, e:-3.478
t:36.69, r:25.00, omega:21.52, omega_m:25.00, u:281.90, theta1:21.599, theta2:11.991, e:-3.478
t:36.70, r:25.00, omega:20.15, omega_m:25.00, u:298.61, theta1:21.604, theta2:11.986, e:-4.852
t:36.71, r:25.00, omega:20.15, omega_m:25.00, u:298.84, theta1:21.609, theta2:11.980, e:-4.852
t:36.72, r:25.00, omega:19.24, omega_m:25.00, u:309.98, theta1:21.615, theta2:11.974, e:-5.760
t:36.73, r:25.00, omega:19.24, omega_m:25.00, u:310.25, theta1:21.621, theta2:11.968, e:-5.760
t:36.74, r:25.00, omega:19.24, omega_m:25.00, u:310.52, theta1:21.627, theta2:11.962, e:-5.760
t:36.75, r:25.00, omega:19.91, omega_m:25.00, u:302.74, theta1:21.632, theta2:11.956, e:-5.089
t:36.76, r:25.00, omega:19.91, omega_m:25.00, u:302.99, theta1:21.637, theta2:11.950, e:-5.089
t:36.77, r:25.00, omega:21.10, omega_m:25.00, u:288.99, theta1:21.641, theta2:11.946, e:-3.902
t:36.78, r:25.00, omega:21.10, omega_m:25.00, u:289.19, theta1:21.645, theta2:11.941, e:-3.902
t:36.79, r:25.00, omega:21.10, omega_m:25.00, u:289.39, theta1:21.649, theta2:11.937, e:-3.902
t:36.80, r:25.00, omega:21.00, omega_m:25.00, u:290.79, theta1:21.653, theta2:11.932, e:-4.002
t:36.81, r:25.00, omega:21.00, omega_m:25.00, u:290.99, theta1:21.658, theta2:11.927, e:-4.002
t:36.82, r:25.00, omega:20.23, omega_m:25.00, u:300.40, theta1:21.662, theta2:11.922, e:-4.771
t:36.83, r:25.00, omega:20.23, omega_m:25.00, u:300.63, theta1:21.667, theta2:11.916, e:-4.771
t:36.84, r:25.00, omega:20.23, omega_m:25.00, u:300.86, theta1:21.672, theta2:11.911, e:-4.771
t:36.85, r:25.00, omega:19.03, omega_m:25.00, u:315.46, theta1:21.678, theta2:11.905, e:-5.974
t:36.86, r:25.00, omega:19.03, omega_m:25.00, u:315.74, theta1:21.685, theta2:11.898, e:-5.974
t:36.87, r:25.00, omega:19.03, omega_m:25.00, u:316.01, theta1:21.691, theta2:11.892, e:-5.974
t:36.88, r:25.00, omega:21.02, omega_m:25.00, u:292.52, theta1:21.695, theta2:11.887, e:-3.981
t:36.89, r:25.00, omega:21.02, omega_m:25.00, u:292.72, theta1:21.699, theta2:11.883, e:-3.981
t:36.90, r:25.00, omega:21.19, omega_m:25.00, u:290.86, theta1:21.703, theta2:11.878, e:-3.809
t:36.91, r:25.00, omega:21.19, omega_m:25.00, u:291.05, theta1:21.707, theta2:11.874, e:-3.809
t:36.92, r:25.00, omega:21.19, omega_m:25.00, u:291.25, theta1:21.711, theta2:11.869, e:-3.809
t:36.93, r:25.00, omega:21.17, omega_m:25.00, u:291.66, theta1:21.715, theta2:11.865, e:-3.827
t:36.94, r:25.00, omega:21.17, omega_m:25.00, u:291.85, theta1:21.719, theta2:11.860, e:-3.827
t:36.95, r:25.00, omega:20.92, omega_m:25.00, u:295.09, theta1:21.723, theta2:11.855, e:-4.083
t:36.96, r:25.00, omega:20.92, omega_m:25.00, u:295.30, theta1:21.727, theta2:11.851, e:-4.083
t:36.97, r:25.00, omega:20.92, omega_m:25.00, u:295.50, theta1:21.731, theta2:11.846, e:-4.083
t:36.98, r:25.00, omega:20.33, omega_m:25.00, u:302.74, theta1:21.736, theta2:11.841, e:-4.674
t:36.99, r:25.00, omega:20.33, omega_m:25.00, u:302.96, theta1:21.741, theta2:11.835, e:-4.674
t:37.00, r:25.00, omega:19.96, omega_m:25.00, u:307.58, theta1:21.746, theta2:11.830, e:-5.043
t:37.01, r:0.00, omega:19.96, omega_m:9.20, u:0.00, theta1:21.744, theta2:11.839, e:10.760
t:37.02, r:0.00, omega:19.96, omega_m:3.38, u:0.00, theta1:21.740, theta2:11.854, e:16.573
t:37.03, r:0.00, omega:19.96, omega_m:1.24, u:0.00, theta1:21.736, theta2:11.870, e:18.712
t:37.04, r:0.00, omega:16.25, omega_m:0.46, u:0.00, theta1:21.733, theta2:11.881, e:15.792
t:37.05, r:0.00, omega:16.25, omega_m:0.17, u:0.00, theta1:21.729, theta2:11.892, e:16.082
t:37.06, r:0.00, omega:16.25, omega_m:0.06, u:0.00, theta1:21.726, theta2:11.903, e:16.188
t:37.07, r:0.00, omega:16.25, omega_m:0.02, u:0.00, theta1:21.722, theta2:11.915, e:16.227
t:37.08, r:0.00, omega:16.25, omega_m:0.01, u:0.00, theta1:21.719, theta2:11.926, e:16.242
t:37.09, r:0.00, omega:16.25, omega_m:0.00, u:0.00, theta1:21.715, theta2:11.937, e:16.247
t:37.10, r:0.00, omega:16.25, omega_m:0.00, u:0.00, theta1:21.712, theta2:11.948, e:16.249
t:37.11, r:0.00, omega:16.25, omega_m:0.00, u:0.00, theta1:21.708, theta2:11.960, e:16.250
t:37.12, r:0.00, omega:16.25, omega_m:0.00, u:0.00, theta1:21.705, theta2:11.971, e:16.250
t:37.13, r:0.00, omega:16.25, omega_m:0.00, u:0.00, theta1:21.701, theta2:11.982, e:16.250
t:37.14, r:0.00, omega:16.25, omega_m:0.00, u:0.00, theta1:21.698, theta2:11.993, e:16.250
t:37.15, r:0.00, omega:16.25, omega_m:0.00, u:0.00, theta1:21.694, theta2:12.005, e:16.250
t:37.16, r:0.00, omega:16.25, omega_m:0.00, u:0.00, theta1:21.691, theta2:12.016, e:16.250
t:37.17, r:0.00, omega:16.25, omega_m:0.00, u:0.00, theta1:21.687, theta2:12.027, e:16.250
t:37.18, r:0.00, omega:16.25, omega_m:0.00, u:0.00, theta1:21.683, theta2:12.038, e:16.250
t:37.19, r:0.00, omega:16.25, omega_m:0.00, u:0.00, theta1:21.680, theta2:12.050, e:16.250
t:37.20, r:0.00, omega:16.25, omega_m:0.00, u:0.00, theta1:21.676, theta2:12.061, e:16.250
t:37.21, r:0.00, omega:16.25, omega_m:0.00, u:0.00, theta1:21.673, theta2:12.072, e:16.250
t:37.22, r:0.00, omega:16.25, omega_m:0.00, u:0.00, theta1:21.669, theta2:12.083, e:16.250
t:37.23, r:0.00, omega:16.25, omega_m:0.00, u:0.00, theta1:21.666, theta2:12.095, e:16.250
t:37.24, r:0.00, omega:16.25, omega_m:0.00, u:0.00, theta1:21.662, theta2:12.106, e:16.250
t:37.25, r:0.00, omega:16.25, omega_m:0.00, u:0.00, theta1:21.659, theta2:12.117, e:16.250
t:37.26, r:0.00, omega:16.25, omega_m:0.00, u:0.00, theta1:21.655, theta2:12.128, e:16.250
t:37.27, r:0.00, omega:16.25, omega_m:0.00, u:0.00, theta1:21.652, theta2:12.140, e:16.250
t:37.28, r:0.00, omega:16.25, omega_m:0.00, u:0.00, theta1:21.648, theta2:12.151, e:16.250
t:37.29, r:0.00, omega:16.25, omega_m:0.00, u:0.00, theta1:21.645, theta2:12.162, e:16.250
t:37.30, r:0.00, omega:16.25, omega_m:0.00, u:0.00, theta1:21.641, theta2:12.173, e:16.250
t:37.31, r:0.00, omega:16.25, omega_m:0.00, u:0.00, theta1:21.638, theta2:12.185, e:16.250
t:37.32, r:0.00, omega:16.25, omega_m:0.00, u:0.00, theta1:21.634, theta2:12.196, e:16.250
t:37.33, r:0.00, omega:16.25, omega_m:0.00, u:0.00, theta1:21.631, theta2:12.207, e:16.250
t:37.34, r:0.00, omega:16.25, omega_m:0.00, u:0.00, theta1:21.627, theta2:12.218, e:16.250
t:37.35, r:0.00, omega:16.25, omega_m:0.00, u:0.00, theta1:21.624, theta2:12.229, e:16.250
t:37.36, r:0.00, omega:16.25, omega_m:0.00, u:0.00, theta1:21.620, theta2:12.241, e:16.250
t:37.37, r:0.00, omega:16.25, omega_m:0.00, u:0.00, theta1:21.617, theta2:12.252, e:16.250
t:37.38, r:0.00, omega:16.25, omega_m:0.00, u:0.00, theta1:21.613, theta2:12.263, e:16.250
t:37.39, r:0.00, omega:16.25, omega_m:0.00, u:0.00, theta1:21.610, theta2:12.274, e:16.250
t:37.40, r:0.00, omega:16.25, omega_m:0.00, u:0.00, theta1:21.606, theta2:12.286, e:16.250
t:37.41, r:0.00, omega:16.25, omega_m:0.00, u:0.00, theta1:21.603, theta2:12.297, e:16.250
t:37.42, r:0.00, omega:16.25, omega_m:0.00, u:0.00, theta1:21.599, theta2:12.308, e:16.250
t:37.43, r:0.00, omega:16.25, omega_m:0.00, u:0.00, theta1:21.596, theta2:12.319, e:16.250
t:37.44, r:0.00, omega:16.25, omega_m:0.00, u:0.00, theta1:21.592, theta2:12.330, e:16.250
t:37.45, r:0.00, omega:16.25, omega_m:0.00, u:0.00, theta1:21.589, theta2:12.342, e:16.250
t:37.46, r:0.00, omega:16.25, omega_m:0.00, u:0.00, theta1:21.585, theta2:12.353, e:16.250
t:37.47, r:0.00, omega:16.25, omega_m:0.00, u:0.00, theta1:21.582, theta2:12.364, e:16.250
t:37.48, r:0.00, omega:16.25, omega_m:0.00, u:0.00, theta1:21.578, theta2:12.375, e:16.250
t:37.49, r:0.00, omega:16.25, omega_m:0.00, u:0.00, theta1:21.575, theta2:12.386, e:16.250
t:37.50, r:0.00, omega:16.25, omega_m:0.00, u:0.00, theta1:21.571, theta2:12.397, e:16.250
t:37.51, r:0.00, omega:16.25, omega_m:0.00, u:0.00, theta1:21.568, theta2:12.409, e:16.250
t:37.52, r:0.00, omega:16.25, omega_m:0.00, u:0.00, theta1:21.564, theta2:12.420, e:16.250
t:37.53, r:0.00, omega:16.25, omega_m:0.00, u:0.00, theta1:21.561, theta2:12.431, e:16.250
t:37.54, r:0.00, omega:0.00, omega_m:0.00, u:0.00, theta1:21.561, theta2:12.431, e:-0.000
t:37.55, r:0.00, omega:0.00, omega_m:0.00, u:0.00, theta1:21.561, theta2:12.431, e:-0.000
t:37.56, r:0.00, omega:0.00, omega_m:0.00, u:0.00, theta1:21.561, theta2:12.431, e:-0.000
t:37.57, r:0.00, omega:0.00, omega_m:0.00, u:0.00, theta1:21.561, theta2:12.431, e:-0.000
t:37.58, r:0.00, omega:0.00, omega_m:0.00, u:0.00, theta1:21.561, theta2:12.431, e:-0.000
t:37.59, r:0.00, omega:0.00, omega_m:0.00, u:0.00, theta1:21.561, theta2:12.431, e:-0.000
t:37.60, r:0.00, omega:0.00, omega_m:0.00, u:0.00, theta1:21.561, theta2:12.431, e:-0.000
t:37.61, r:0.00, omega:0.00, omega_m:0.00, u:0.00, theta1:21.561, theta2:12.431, e:-0.000
t:37.62, r:0.00, omega:0.00, omega_m:0.00, u:0.00, theta1:21.561, theta2:12.431, e:-0.000
t:37.63, r:0.00, omega:0.00, omega_m:0.00, u:0.00, theta1:21.561, theta2:12.431, e:-0.000
t:37.64, r:0.00, omega:0.00, omega_m:0.00, u:0.00, theta1:21.561, theta2:12.431, e:-0.000
t:37.65, r:0.00, omega:0.00, omega_m:0.00, u:0.00, theta1:21.561, theta2:12.431, e:-0.000
t:37.66, r:0.00, omega:0.00, omega_m:0.00, u:0.00, theta1:21.561, theta2:12.431, e:-0.000
t:37.67, r:0.00, omega:0.00, omega_m:0.00, u:0.00, theta1:21.561, theta2:12.431, e:-0.000
t:37.68, r:0.00, omega:0.00, omega_m:0.00, u:0.00, theta1:21.561, theta2:12.431, e:-0.000
t:37.69, r:0.00, omega:0.00, omega_m:0.00, u:0.00, theta1:21.561, theta2:12.431, e:-0.000
t:37.70, r:0.00, omega:0.00, omega_m:0.00, u:0.00, theta1:21.561, theta2:12.431, e:-0.000
t:37.71, r:0.00, omega:0.00, omega_m:0.00, u:0.00, theta1:21.561, theta2:12.431, e:-0.000
t:37.72, r:0.00, omega:0.00, omega_m:0.00, u:0.00, theta1:21.561, theta2:12.431, e:-0.000
t:37.73, r:0.00, omega:0.00, omega_m:0.00, u:0.00, theta1:21.561, theta2:12.431, e:-0.000
t:37.74, r:0.00, omega:0.00, omega_m:0.00, u:0.00, theta1:21.561, theta2:12.431, e:-0.000
t:37.75, r:0.00, omega:0.00, omega_m:0.00, u:0.00, theta1:21.561, theta2:12.431, e:-0.000
t:37.76, r:0.00, omega:0.00, omega_m:0.00, u:0.00, theta1:21.561, theta2:12.431, e:-0.000
t:37.77, r:0.00, omega:0.00, omega_m:0.00, u:0.00, theta1:21.561, theta2:12.431, e:-0.000
t:37.78, r:0.00, omega:0.00, omega_m:0.00, u:0.00, theta1:21.561, theta2:12.431, e:-0.000
t:37.79, r:0.00, omega:0.00, omega_m:0.00, u:0.00, theta1:21.561, theta2:12.431, e:-0.000
t:37.80, r:0.00, omega:0.00, omega_m:0.00, u:0.00, theta1:21.561, theta2:12.431, e:-0.000
t:37.81, r:0.00, omega:0.00, omega_m:0.00, u:0.00, theta1:21.561, theta2:12.431, e:-0.000
t:37.82, r:0.00, omega:0.00, omega_m:0.00, u:0.00, theta1:21.561, theta2:12.431, e:-0.000
t:37.83, r:0.00, omega:0.00, omega_m:0.00, u:0.00, theta1:21.561, theta2:12.431, e:-0.000
t:37.84, r:0.00, omega:0.00, omega_m:0.00, u:0.00, theta1:21.561, theta2:12.431, e:-0.000
t:37.85, r:0.00, omega:0.00, omega_m:0.00, u:0.00, theta1:21.561, theta2:12.431, e:-0.000
t:37.86, r:0.00, omega:0.00, omega_m:0.00, u:0.00, theta1:21.561, theta2:12.431, e:-0.000
t:37.87, r:0.00, omega:0.00, omega_m:0.00, u:0.00, theta1:21.561, theta2:12.431, e:-0.000
t:37.88, r:0.00, omega:0.00, omega_m:0.00, u:0.00, theta1:21.561, theta2:12.431, e:-0.000
t:37.89, r:0.00, omega:0.00, omega_m:0.00, u:0.00, theta1:21.561, theta2:12.431, e:-0.000
t:37.90, r:0.00, omega:0.00, omega_m:0.00, u:0.00, theta1:21.561, theta2:12.431, e:-0.000
t:37.91, r:0.00, omega:0.00, omega_m:0.00, u:0.00, theta1:21.561, theta2:12.431, e:-0.000
t:37.92, r:0.00, omega:0.00, omega_m:0.00, u:0.00, theta1:21.561, theta2:12.431, e:-0.000
t:37.93, r:0.00, omega:0.00, omega_m:0.00, u:0.00, theta1:21.561, theta2:12.431, e:-0.000
t:37.94, r:0.00, omega:0.00, omega_m:0.00, u:0.00, theta1:21.561, theta2:12.431, e:-0.000
t:37.95, r:0.00, omega:0.00, omega_m:0.00, u:0.00, theta1:21.561, theta2:12.431, e:-0.000
t:37.96, r:0.00, omega:0.00, omega_m:0.00, u:0.00, theta1:21.561, theta2:12.431, e:-0.000
t:37.97, r:0.00, omega:0.00, omega_m:0.00, u:0.00, theta1:21.561, theta2:12.431, e:-0.000
t:37.98, r:0.00, omega:0.00, omega_m:0.00, u:0.00, theta1:21.561, theta2:12.431, e:-0.000
t:37.99, r:0.00, omega:0.00, omega_m:0.00, u:0.00, theta1:21.561, theta2:12.431, e:-0.000
t:38.00, r:0.00, omega:0.00, omega_m:0.00, u:0.00, theta1:21.561, theta2:12.431, e:-0.000
t:38.01, r:-25.00, omega:0.00, omega_m:-15.80, u:-539.42, theta1:21.577, theta2:12.429, e:15.803
t:38.02, r:-25.00, omega:0.00, omega_m:-21.62, u:-539.98, theta1:21.599, theta2:12.426, e:21.617
t:38.03, r:-25.00, omega:0.00, omega_m:-23.76, u:-540.59, theta1:21.624, theta2:12.423, e:23.755
t:38.04, r:-25.00, omega:-0.52, omega_m:-24.54, u:-534.75, theta1:21.649, theta2:12.420, e:24.022
t:38.05, r:-25.00, omega:-0.52, omega_m:-24.83, u:-535.38, theta1:21.674, theta2:12.416, e:24.311
t:38.06, r:-25.00, omega:-27.82, omega_m:-24.94, u:-196.16, theta1:21.669, theta2:12.420, e:-2.886
t:38.07, r:-25.00, omega:-27.82, omega_m:-24.98, u:-195.96, theta1:21.665, theta2:12.423, e:-2.847
t:38.08, r:-25.00, omega:-33.52, omega_m:-24.99, u:-124.48, theta1:21.653, theta2:12.437, e:-8.525
t:38.09, r:-25.00, omega:-33.52, omega_m:-25.00, u:-123.73, theta1:21.640, theta2:12.450, e:-8.520
t:38.10, r:-25.00, omega:-21.93, omega_m:-25.00, u:-268.09, theta1:21.643, theta2:12.446, e:3.064
t:38.11, r:-25.00, omega:-21.93, omega_m:-25.00, u:-268.25, theta1:21.647, theta2:12.442, e:3.065
t:38.12, r:-25.00, omega:-21.93, omega_m:-25.00, u:-268.41, theta1:21.650, theta2:12.439, e:3.065
t:38.13, r:-25.00, omega:-21.93, omega_m:-25.00, u:-268.57, theta1:21.653, theta2:12.435, e:3.065
t:38.14, r:-25.00, omega:-15.10, omega_m:-25.00, u:-353.90, theta1:21.663, theta2:12.426, e:9.896
t:38.15, r:-25.00, omega:-15.10, omega_m:-25.00, u:-354.29, theta1:21.673, theta2:12.418, e:9.896
t:38.16, r:-25.00, omega:-18.63, omega_m:-25.00, u:-310.75, theta1:21.680, theta2:12.411, e:6.367
t:38.17, r:-25.00, omega:-18.63, omega_m:-25.00, u:-311.04, theta1:21.687, theta2:12.404, e:6.367
t:38.18, r:-25.00, omega:-18.63, omega_m:-25.00, u:-311.33, theta1:21.693, theta2:12.397, e:6.367
t:38.19, r:-25.00, omega:-22.31, omega_m:-25.00, u:-265.85, theta1:21.696, theta2:12.394, e:2.687
t:38.20, r:-25.00, omega:-22.31, omega_m:-25.00, u:-265.99, theta1:21.699, theta2:12.391, e:2.687
t:38.21, r:-25.00, omega:-22.84, omega_m:-25.00, u:-259.64, theta1:21.701, theta2:12.388, e:2.164
t:38.22, r:-25.00, omega:-22.84, omega_m:-25.00, u:-259.76, theta1:21.703, theta2:12.385, e:2.164
t:38.23, r:-25.00, omega:-22.84, omega_m:-25.00, u:-259.87, theta1:21.705, theta2:12.382, e:2.164
t:38.24, r:-25.00, omega:-19.20, omega_m:-25.00, u:-305.21, theta1:21.711, theta2:12.376, e:5.804
t:38.25, r:-25.00, omega:-19.20, omega_m:-25.00, u:-305.48, theta1:21.717, theta2:12.370, e:5.804
t:38.26, r:-25.00, omega:-19.31, omega_m:-25.00, u:-304.31, theta1:21.723, theta2:12.364, e:5.688
t:38.27, r:-25.00, omega:-19.31, omega_m:-25.00, u:-304.58, theta1:21.729, theta2:12.358, e:5.688
t:38.28, r:-25.00, omega:-19.31, omega_m:-25.00, u:-304.84, theta1:21.735, theta2:12.351, e:5.688
t:38.29, r:-25.00, omega:-20.67, omega_m:-25.00, u:-288.25, theta1:21.740, theta2:12.346, e:4.326
t:38.30, r:-25.00, omega:-20.67, omega_m:-25.00, u:-288.46, theta1:21.744, theta2:12.341, e:4.326
t:38.31, r:-25.00, omega:-20.81, omega_m:-25.00, u:-286.95, theta1:21.748, theta2:12.336, e:4.187
t:38.32, r:-25.00, omega:-20.81, omega_m:-25.00, u:-287.16, theta1:21.753, theta2:12.332, e:4.187
t:38.33, r:-25.00, omega:-20.81, omega_m:-25.00, u:-287.37, theta1:21.757, theta2:12.327, e:4.187
t:38.34, r:-25.00, omega:-20.77, omega_m:-25.00, u:-288.09, theta1:21.761, theta2:12.322, e:4.228
t:38.35, r:-25.00, omega:-20.77, omega_m:-25.00, u:-288.30, theta1:21.766, theta2:12.317, e:4.228
t:38.36, r:-25.00, omega:-20.77, omega_m:-25.00, u:-288.51, theta1:21.770, theta2:12.312, e:4.228
t:38.37, r:-25.00, omega:-20.72, omega_m:-25.00, u:-289.38, theta1:21.774, theta2:12.307, e:4.281
t:38.38, r:-25.00, omega:-20.72, omega_m:-25.00, u:-289.59, theta1:21.779, theta2:12.302, e:4.281
t:38.39, r:-25.00, omega:-20.44, omega_m:-25.00, u:-293.21, theta1:21.784, theta2:12.297, e:4.557
t:38.40, r:-25.00, omega:-20.44, omega_m:-25.00, u:-293.43, theta1:21.788, theta2:12.292, e:4.557
t:38.41, r:-25.00, omega:-20.44, omega_m:-25.00, u:-293.66, theta1:21.793, theta2:12.286, e:4.557
t:38.42, r:-25.00, omega:-20.30, omega_m:-25.00, u:-295.60, theta1:21.798, theta2:12.281, e:4.697
t:38.43, r:-25.00, omega:-20.30, omega_m:-25.00, u:-295.83, theta1:21.803, theta2:12.276, e:4.697
t:38.44, r:-25.00, omega:-20.40, omega_m:-25.00, u:-294.85, theta1:21.807, theta2:12.270, e:4.599
t:38.45, r:-25.00, omega:-20.40, omega_m:-25.00, u:-295.08, theta1:21.812, theta2:12.265, e:4.599
t:38.46, r:-25.00, omega:-20.40, omega_m:-25.00, u:-295.31, theta1:21.817, theta2:12.260, e:4.599
t:38.47, r:-25.00, omega:-20.74, omega_m:-25.00, u:-291.39, theta1:21.821, theta2:12.255, e:4.262
t:38.48, r:-25.00, omega:-20.74, omega_m:-25.00, u:-291.60, theta1:21.826, theta2:12.250, e:4.262
t:38.49, r:-25.00, omega:-20.34, omega_m:-25.00, u:-296.73, theta1:21.831, theta2:12.245, e:4.662
t:38.50, r:-25.00, omega:-20.34, omega_m:-25.00, u:-296.96, theta1:21.835, theta2:12.239, e:4.662
t:38.51, r:-25.00, omega:-20.34, omega_m:-25.00, u:-297.19, theta1:21.840, theta2:12.234, e:4.662
t:38.52, r:-25.00, omega:-20.25, omega_m:-25.00, u:-298.45, theta1:21.845, theta2:12.229, e:4.746
t:38.53, r:-25.00, omega:-20.25, omega_m:-25.00, u:-298.68, theta1:21.850, theta2:12.223, e:4.746
t:38.54, r:-25.00, omega:-20.25, omega_m:-25.00, u:-298.91, theta1:21.855, theta2:12.218, e:4.746
t:38.55, r:-25.00, omega:-19.95, omega_m:-25.00, u:-302.84, theta1:21.860, theta2:12.212, e:5.048
t:38.56, r:-25.00, omega:-19.95, omega_m:-25.00, u:-303.09, theta1:21.865, theta2:12.207, e:5.048
t:38.57, r:-25.00, omega:-19.84, omega_m:-25.00, u:-304.67, theta1:21.871, theta2:12.201, e:5.158
t:38.58, r:-25.00, omega:-19.84, omega_m:-25.00, u:-304.92, theta1:21.876, theta2:12.195, e:5.158
t:38.59, r:-25.00, omega:-19.84, omega_m:-25.00, u:-305.16, theta1:21.881, theta2:12.189, e:5.158
t:38.60, r:-25.00, omega:-21.25, omega_m:-25.00, u:-288.17, theta1:21.885, theta2:12.185, e:3.747
t:38.61, r:-25.00, omega:-21.25, omega_m:-25.00, u:-288.36, theta1:21.889, theta2:12.181, e:3.747
t:38.62, r:-25.00, omega:-21.20, omega_m:-25.00, u:-289.23, theta1:21.893, theta2:12.176, e:3.803
t:38.63, r:-25.00, omega:-21.20, omega_m:-25.00, u:-289.42, theta1:21.897, theta2:12.172, e:3.803
t:38.64, r:-25.00, omega:-21.20, omega_m:-25.00, u:-289.62, theta1:21.901, theta2:12.167, e:3.803
t:38.65, r:-25.00, omega:-19.52, omega_m:-25.00, u:-310.32, theta1:21.906, theta2:12.161, e:5.484
t:38.66, r:-25.00, omega:-19.52, omega_m:-25.00, u:-310.58, theta1:21.912, theta2:12.155, e:5.484
t:38.67, r:-25.00, omega:-20.02, omega_m:-25.00, u:-304.65, theta1:21.917, theta2:12.149, e:4.976
t:38.68, r:-25.00, omega:-20.02, omega_m:-25.00, u:-304.89, theta1:21.922, theta2:12.144, e:4.976
t:38.69, r:-25.00, omega:-20.02, omega_m:-25.00, u:-305.13, theta1:21.927, theta2:12.138, e:4.976
t:38.70, r:-25.00, omega:-21.76, omega_m:-25.00, u:-284.22, theta1:21.931, theta2:12.134, e:3.240
t:38.71, r:-25.00, omega:-21.76, omega_m:-25.00, u:-284.39, theta1:21.934, theta2:12.130, e:3.240
t:38.72, r:-25.00, omega:-21.50, omega_m:-25.00, u:-287.73, theta1:21.938, theta2:12.126, e:3.501
t:38.73, r:-25.00, omega:-21.50, omega_m:-25.00, u:-287.92, theta1:21.941, theta2:12.122, e:3.501
t:38.74, r:-25.00, omega:-21.50, omega_m:-25.00, u:-288.10, theta1:21.945, theta2:12.118, e:3.501
t:38.75, r:-25.00, omega:-19.61, omega_m:-25.00, u:-311.23, theta1:21.950, theta2:12.112, e:5.389
t:38.76, r:-25.00, omega:-19.61, omega_m:-25.00, u:-311.49, theta1:21.956, theta2:12.106, e:5.389
t:38.77, r:-25.00, omega:-19.61, omega_m:-25.00, u:-311.74, theta1:21.962, theta2:12.100, e:5.389
t:38.78, r:-25.00, omega:-20.13, omega_m:-25.00, u:-305.65, theta1:21.967, theta2:12.095, e:4.865
t:38.79, r:-25.00, omega:-20.13, omega_m:-25.00, u:-305.88, theta1:21.972, theta2:12.089, e:4.865
t:38.80, r:-25.00, omega:-20.97, omega_m:-25.00, u:-296.00, theta1:21.976, theta2:12.084, e:4.031
t:38.81, r:-25.00, omega:-20.97, omega_m:-25.00, u:-296.20, theta1:21.980, theta2:12.080, e:4.031
t:38.82, r:-25.00, omega:-20.97, omega_m:-25.00, u:-296.40, theta1:21.984, theta2:12.075, e:4.031
t:38.83, r:-25.00, omega:-21.08, omega_m:-25.00, u:-295.25, theta1:21.988, theta2:12.070, e:3.919
t:38.84, r:-25.00, omega:-21.08, omega_m:-25.00, u:-295.45, theta1:21.992, theta2:12.066, e:3.919
t:38.85, r:-25.00, omega:-21.71, omega_m:-25.00, u:-288.08, theta1:21.996, theta2:12.062, e:3.295
t:38.86, r:-25.00, omega:-21.71, omega_m:-25.00, u:-288.25, theta1:21.999, theta2:12.058, e:3.295
t:38.87, r:-25.00, omega:-21.13, omega_m:-25.00, u:-295.35, theta1:22.003, theta2:12.053, e:3.867
t:38.88, r:-25.00, omega:-21.13, omega_m:-25.00, u:-295.54, theta1:22.007, theta2:12.049, e:3.867
t:38.89, r:-25.00, omega:-21.13, omega_m:-25.00, u:-295.74, theta1:22.011, theta2:12.044, e:3.867
t:38.90, r:-25.00, omega:-19.43, omega_m:-25.00, u:-316.55, theta1:22.017, theta2:12.038, e:5.573
t:38.91, r:-25.00, omega:-19.43, omega_m:-25.00, u:-316.81, theta1:22.022, theta2:12.032, e:5.573
t:38.92, r:-25.00, omega:-21.99, omega_m:-25.00, u:-286.17, theta1:22.025, theta2:12.028, e:3.013
t:38.93, r:-25.00, omega:-21.99, omega_m:-25.00, u:-286.33, theta1:22.029, theta2:12.025, e:3.013
t:38.94, r:-25.00, omega:-21.99, omega_m:-25.00, u:-286.49, theta1:22.032, theta2:12.021, e:3.013
t:38.95, r:-25.00, omega:-21.65, omega_m:-25.00, u:-290.68, theta1:22.035, theta2:12.017, e:3.348
t:38.96, r:-25.00, omega:-21.65, omega_m:-25.00, u:-290.86, theta1:22.039, theta2:12.013, e:3.348
t:38.97, r:-25.00, omega:-21.65, omega_m:-25.00, u:-291.03, theta1:22.042, theta2:12.009, e:3.348
t:38.98, r:-25.00, omega:-18.30, omega_m:-25.00, u:-331.59, theta1:22.049, theta2:12.002, e:6.700
t:38.99, r:-25.00, omega:-18.30, omega_m:-25.00, u:-331.89, theta1:22.056, theta2:11.995, e:6.700
t:39.00, r:-25.00, omega:-21.47, omega_m:-25.00, u:-294.05, theta1:22.059, theta2:11.991, e:3.530
t:39.01, r:0.00, omega:-21.47, omega_m:-9.20, u:0.00, theta1:22.057, theta2:12.002, e:-12.273
t:39.02, r:0.00, omega:-21.47, omega_m:-3.38, u:0.00, theta1:22.053, theta2:12.020, e:-18.086
t:39.03, r:0.00, omega:-22.22, omega_m:-1.24, u:0.00, theta1:22.048, theta2:12.040, e:-20.971
t:39.04, r:0.00, omega:-22.22, omega_m:-0.46, u:0.00, theta1:22.043, theta2:12.062, e:-21.758
t:39.05, r:0.00, omega:-22.22, omega_m:-0.17, u:0.00, theta1:22.038, theta2:12.084, e:-22.047
t:39.06, r:0.00, omega:-22.22, omega_m:-0.06, u:0.00, theta1:22.034, theta2:12.106, e:-22.154
t:39.07, r:0.00, omega:-22.22, omega_m:-0.02, u:0.00, theta1:22.029, theta2:12.128, e:-22.193
t:39.08, r:0.00, omega:-22.22, omega_m:-0.01, u:0.00, theta1:22.024, theta2:12.150, e:-22.207
t:39.09, r:0.00, omega:-22.22, omega_m:-0.00, u:0.00, theta1:22.019, theta2:12.172, e:-22.212
t:39.10, r:0.00, omega:-22.22, omega_m:-0.00, u:0.00, theta1:22.014, theta2:12.194, e:-22.214
t:39.11, r:0.00, omega:-22.22, omega_m:-0.00, u:0.00, theta1:22.009, theta2:12.216, e:-22.215
t:39.12, r:0.00, omega:-22.22, omega_m:-0.00, u:0.00, theta1:22.004, theta2:12.238, e:-22.215
t:39.13, r:0.00, omega:-22.22, omega_m:-0.00, u:0.00, theta1:21.999, theta2:12.260, e:-22.216
t:39.14, r:0.00, omega:-22.22, omega_m:-0.00, u:0.00, theta1:21.994, theta2:12.281, e:-22.216
t:39.15, r:0.00, omega:-22.22, omega_m:-0.00, u:0.00, theta1:21.990, theta2:12.303, e:-22.216
t:39.16, r:0.00, omega:-22.22, omega_m:-0.00, u:0.00, theta1:21.985, theta2:12.325, e:-22.216
t:39.17, r:0.00, omega:-22.22, omega_m:-0.00, u:0.00, theta1:21.980, theta2:12.347, e:-22.216
t:39.18, r:0.00, omega:-22.22, omega_m:-0.00, u:0.00, theta1:21.975, theta2:12.369, e:-22.216
t:39.19, r:0.00, omega:-22.22, omega_m:-0.00, u:0.00, theta1:21.970, theta2:12.391, e:-22.216
t:39.20, r:0.00, omega:-22.22, omega_m:-0.00, u:0.00, theta1:21.965, theta2:12.413, e:-22.216
t:39.21, r:0.00, omega:-22.22, omega_m:-0.00, u:0.00, theta1:21.960, theta2:12.435, e:-22.216
t:39.22, r:0.00, omega:-22.22, omega_m:-0.00, u:0.00, theta1:21.955, theta2:12.457, e:-22.216
t:39.23, r:0.00, omega:-22.22, omega_m:-0.00, u:0.00, theta1:21.950, theta2:12.479, e:-22.216
t:39.24, r:0.00, omega:-22.22, omega_m:-0.00, u:0.00, theta1:21.946, theta2:12.501, e:-22.216
t:39.25, r:0.00, omega:-22.22, omega_m:-0.00, u:0.00, theta1:21.941, theta2:12.523, e:-22.216
t:39.26, r:0.00, omega:-22.22, omega_m:-0.00, u:0.00, theta1:21.936, theta2:12.545, e:-22.216
t:39.27, r:0.00, omega:-22.22, omega_m:-0.00, u:0.00, theta1:21.931, theta2:12.566, e:-22.216
t:39.28, r:0.00, omega:-22.22, omega_m:-0.00, u:0.00, theta1:21.926, theta2:12.588, e:-22.216
t:39.29, r:0.00, omega:-22.22, omega_m:-0.00, u:0.00, theta1:21.921, theta2:12.610, e:-22.216
t:39.30, r:0.00, omega:-22.22, omega_m:-0.00, u:0.00, theta1:21.916, theta2:12.632, e:-22.216
t:39.31, r:0.00, omega:-22.22, omega_m:-0.00, u:0.00, theta1:21.912, theta2:12.654, e:-22.216
t:39.32, r:0.00, omega:-22.22, omega_m:-0.00, u:0.00, theta1:21.907, theta2:12.676, e:-22.216
t:39.33, r:0.00, omega:-22.22, omega_m:-0.00, u:0.00, theta1:21.902, theta2:12.698, e:-22.216
t:39.34, r:0.00, omega:-22.22, omega_m:-0.00, u:0.00, theta1:21.897, theta2:12.720, e:-22.216
t:39.35, r:0.00, omega:-22.22, omega_m:-0.00, u:0.00, theta1:21.892, theta2:12.741, e:-22.216
t:39.36, r:0.00, omega:-22.22, omega_m:-0.00, u:0.00, theta1:21.887, theta2:12.763, e:-22.216
t:39.37, r:0.00, omega:-22.22, omega_m:-0.00, u:0.00, theta1:21.882, theta2:12.785, e:-22.216
t:39.38, r:0.00, omega:-22.22, omega_m:-0.00, u:0.00, theta1:21.877, theta2:12.807, e:-22.216
t:39.39, r:0.00, omega:-22.22, omega_m:-0.00, u:0.00, theta1:21.873, theta2:12.829, e:-22.216
t:39.40, r:0.00, omega:-22.22, omega_m:-0.00, u:0.00, theta1:21.868, theta2:12.851, e:-22.216
t:39.41, r:0.00, omega:-22.22, omega_m:-0.00, u:0.00, theta1:21.863, theta2:12.872, e:-22.216
t:39.42, r:0.00, omega:-22.22, omega_m:-0.00, u:0.00, theta1:21.858, theta2:12.894, e:-22.216
t:39.43, r:0.00, omega:-22.22, omega_m:-0.00, u:0.00, theta1:21.853, theta2:12.916, e:-22.216
t:39.44, r:0.00, omega:-22.22, omega_m:-0.00, u:0.00, theta1:21.848, theta2:12.938, e:-22.216
t:39.45, r:0.00, omega:-22.22, omega_m:-0.00, u:0.00, theta1:21.843, theta2:12.960, e:-22.216
t:39.46, r:0.00, omega:-22.22, omega_m:-0.00, u:0.00, theta1:21.839, theta2:12.981, e:-22.216
t:39.47, r:0.00, omega:-22.22, omega_m:-0.00, u:0.00, theta1:21.834, theta2:13.003, e:-22.216
t:39.48, r:0.00, omega:-22.22, omega_m:-0.00, u:0.00, theta1:21.829, theta2:13.025, e:-22.216
t:39.49, r:0.00, omega:-22.22, omega_m:-0.00, u:0.00, theta1:21.824, theta2:13.047, e:-22.216
t:39.50, r:0.00, omega:-22.22, omega_m:-0.00, u:0.00, theta1:21.819, theta2:13.069, e:-22.216
t:39.51, r:0.00, omega:-22.22, omega_m:-0.00, u:0.00, theta1:21.814, theta2:13.090, e:-22.216
t:39.52, r:0.00, omega:-22.22, omega_m:-0.00, u:0.00, theta1:21.810, theta2:13.112, e:-22.216
t:39.53, r:0.00, omega:0.00, omega_m:-0.00, u:0.00, theta1:21.810, theta2:13.112, e:0.000
t:39.54, r:0.00, omega:0.00, omega_m:-0.00, u:0.00, theta1:21.810, theta2:13.112, e:0.000
t:39.55, r:0.00, omega:0.00, omega_m:-0.00, u:0.00, theta1:21.810, theta2:13.112, e:0.000
t:39.56, r:0.00, omega:0.00, omega_m:-0.00, u:0.00, theta1:21.810, theta2:13.112, e:0.000
t:39.57, r:0.00, omega:0.00, omega_m:-0.00, u:0.00, theta1:21.810, theta2:13.112, e:0.000
t:39.58, r:0.00, omega:0.00, omega_m:-0.00, u:0.00, theta1:21.810, theta2:13.112, e:0.000
t:39.59, r:0.00, omega:0.00, omega_m:-0.00, u:0.00, theta1:21.810, theta2:13.112, e:0.000
t:39.60, r:0.00, omega:0.00, omega_m:-0.00, u:0.00, theta1:21.810, theta2:13.112, e:0.000
t:39.61, r:0.00, omega:0.00, omega_m:-0.00, u:0.00, theta1:21.810, theta2:13.112, e:0.000
t:39.62, r:0.00, omega:0.00, omega_m:-0.00, u:0.00, theta1:21.810, theta2:13.112, e:0.000
t:39.63, r:0.00, omega:0.00, omega_m:-0.00, u:0.00, theta1:21.810, theta2:13.112, e:0.000
t:39.64, r:0.00, omega:0.00, omega_m:-0.00, u:0.00, theta1:21.810, theta2:13.112, e:0.000
t:39.65, r:0.00, omega:0.00, omega_m:-0.00, u:0.00, theta1:21.810, theta2:13.112, e:0.000
t:39.66, r:0.00, omega:0.00, omega_m:-0.00, u:0.00, theta1:21.810, theta2:13.112, e:0.000
t:39.67, r:0.00, omega:0.00, omega_m:-0.00, u:0.00, theta1:21.810, theta2:13.112, e:0.000
t:39.68, r:0.00, omega:0.00, omega_m:-0.00, u:0.00, theta1:21.810, theta2:13.112, e:0.000
t:39.69, r:0.00, omega:0.00, omega_m:-0.00, u:0.00, theta1:21.810, theta2:13.112, e:0.000
t:39.70, r:0.00, omega:0.00, omega_m:-0.00, u:0.00, theta1:21.810, theta2:13.112, e:0.000
t:39.71, r:0.00, omega:0.00, omega_m:-0.00, u:0.00, theta1:21.810, theta2:13.112, e:0.000
t:39.72, r:0.00, omega:0.00, omega_m:-0.00, u:0.00, theta1:21.810, theta2:13.112, e:0.000
t:39.73, r:0.00, omega:0.00, omega_m:-0.00, u:0.00, theta1:21.810, theta2:13.112, e:0.000
t:39.74, r:0.00, omega:0.00, omega_m:-0.00, u:0.00, theta1:21.810, theta2:13.112, e:0.000
t:39.75, r:0.00, omega:0.00, omega_m:-0.00, u:0.00, theta1:21.810, theta2:13.112, e:0.000
t:39.76, r:0.00, omega:0.00, omega_m:-0.00, u:0.00, theta1:21.810, theta2:13.112, e:0.000
t:39.77, r:0.00, omega:0.00, omega_m:-0.00, u:0.00, theta1:21.810, theta2:13.112, e:0.000
t:39.78, r:0.00, omega:0.00, omega_m:-0.00, u:0.00, theta1:21.810, theta2:13.112, e:0.000
t:39.79, r:0.00, omega:0.00, omega_m:-0.00, u:0.00, theta1:21.810, theta2:13.112, e:0.000
t:39.80, r:0.00, omega:0.00, omega_m:-0.00, u:0.00, theta1:21.810, theta2:13.112, e:0.000
t:39.81, r:0.00, omega:0.00, omega_m:-0.00, u:0.00, theta1:21.810, theta2:13.112, e:0.000
t:39.82, r:0.00, omega:0.00, omega_m:-0.00, u:0.00, theta1:21.810, theta2:13.112, e:0.000
t:39.83, r:0.00, omega:0.00, omega_m:-0.00, u:0.00, theta1:21.810, theta2:13.112, e:0.000
t:39.84, r:0.00, omega:0.00, omega_m:-0.00, u:0.00, theta1:21.810, theta2:13.112, e:0.000
t:39.85, r:0.00, omega:0.00, omega_m:-0.00, u:0.00, theta1:21.810, theta2:13.112, e:0.000
t:39.86, r:0.00, omega:0.00, omega_m:-0.00, u:0.00, theta1:21.810, theta2:13.112, e:0.000
t:39.87, r:0.00, omega:0.00, omega_m:-0.00, u:0.00, theta1:21.810, theta2:13.112, e:0.000
t:39.88, r:0.00, omega:0.00, omega_m:-0.00, u:0.00, theta1:21.810, theta2:13.112, e:0.000
t:39.89, r:0.00, omega:0.00, omega_m:-0.00, u:0.00, theta1:21.810, theta2:13.112, e:0.000
t:39.90, r:0.00, omega:0.00, omega_m:-0.00, u:0.00, theta1:21.810, theta2:13.112, e:0.000
t:39.91, r:0.00, omega:0.00, omega_m:-0.00, u:0.00, theta1:21.810, theta2:13.112, e:0.000
t:39.92, r:0.00, omega:0.00, omega_m:-0.00, u:0.00, theta1:21.810, theta2:13.112, e:0.000
t:39.93, r:0.00, omega:0.00, omega_m:-0.00, u:0.00, theta1:21.810, theta2:13.112, e:0.000
t:39.94, r:0.00, omega:0.00, omega_m:-0.00, u:0.00, theta1:21.810, theta2:13.112, e:0.000
t:39.95, r:0.00, omega:0.00, omega_m:-0.00, u:0.00, theta1:21.810, theta2:13.112, e:0.000
t:39.96, r:0.00, omega:0.00, omega_m:-0.00, u:0.00, theta1:21.810, theta2:13.112, e:0.000
t:39.97, r:0.00, omega:0.00, omega_m:-0.00, u:0.00, theta1:21.810, theta2:13.112, e:0.000
t:39.98, r:0.00, omega:0.00, omega_m:-0.00, u:0.00, theta1:21.810, theta2:13.112, e:0.000
t:39.99, r:0.00, omega:0.00, omega_m:-0.00, u:0.00, theta1:21.810, theta2:13.112, e:0.000
t:40.00, r:0.00, omega:0.00, omega_m:-0.00, u:0.00, theta1:21.810, theta2:13.112, e:0.000
t:40.01, r:25.00, omega:0.00, omega_m:15.80, u:545.65, theta1:21.826, theta2:13.110, e:-15.803
t:40.02, r:25.00, omega:0.53, omega_m:21.62, u:539.30, theta1:21.848, theta2:13.107, e:-21.091
t:40.03, r:25.00, omega:0.53, omega_m:23.76, u:539.90, theta1:21.872, theta2:13.103, e:-23.230
t:40.04, r:25.00, omega:0.53, omega_m:24.54, u:540.52, theta1:21.896, theta2:13.099, e:-24.016
t:40.05, r:25.00, omega:19.29, omega_m:24.83, u:294.94, theta1:21.902, theta2:13.093, e:-5.538
t:40.06, r:25.00, omega:19.29, omega_m:24.94, u:295.21, theta1:21.908, theta2:13.087, e:-5.645
t:40.07, r:25.00, omega:29.86, omega_m:24.98, u:156.60, theta1:21.901, theta2:13.094, e:4.878
t:40.08, r:25.00, omega:29.86, omega_m:24.99, u:156.23, theta1:21.894, theta2:13.100, e:4.863
t:40.09, r:25.00, omega:26.28, omega_m:25.00, u:203.01, theta1:21.892, theta2:13.102, e:1.280
t:40.10, r:25.00, omega:26.28, omega_m:25.00, u:202.93, theta1:21.890, theta2:13.103, e:1.278
t:40.11, r:25.00, omega:26.28, omega_m:25.00, u:202.84, theta1:21.888, theta2:13.105, e:1.278
t:40.12, r:25.00, omega:16.13, omega_m:25.00, u:336.15, theta1:21.897, theta2:13.097, e:-8.867
t:40.13, r:25.00, omega:16.13, omega_m:25.00, u:336.51, theta1:21.906, theta2:13.088, e:-8.867
t:40.14, r:25.00, omega:16.13, omega_m:25.00, u:336.87, theta1:21.915, theta2:13.080, e:-8.867
t:40.15, r:25.00, omega:16.00, omega_m:25.00, u:338.94, theta1:21.925, theta2:13.072, e:-8.998
t:40.16, r:25.00, omega:16.00, omega_m:25.00, u:339.31, theta1:21.934, theta2:13.063, e:-8.998
t:40.17, r:25.00, omega:16.00, omega_m:25.00, u:339.67, theta1:21.943, theta2:13.055, e:-8.998
t:40.18, r:25.00, omega:21.19, omega_m:25.00, u:272.13, theta1:21.947, theta2:13.050, e:-3.809
t:40.19, r:25.00, omega:21.19, omega_m:25.00, u:272.33, theta1:21.951, theta2:13.046, e:-3.809
t:40.20, r:25.00, omega:23.07, omega_m:25.00, u:247.94, theta1:21.953, theta2:13.043, e:-1.932
t:40.21, r:25.00, omega:23.07, omega_m:25.00, u:248.05, theta1:21.955, theta2:13.041, e:-1.932
t:40.22, r:25.00, omega:23.07, omega_m:25.00, u:248.16, theta1:21.957, theta2:13.038, e:-1.932
t:40.23, r:25.00, omega:19.03, omega_m:25.00, u:301.04, theta1:21.963, theta2:13.032, e:-5.967
t:40.24, r:25.00, omega:19.03, omega_m:25.00, u:301.32, theta1:21.969, theta2:13.025, e:-5.967
t:40.25, r:25.00, omega:18.41, omega_m:25.00, u:309.71, theta1:21.976, theta2:13.018, e:-6.588
t:40.26, r:25.00, omega:18.41, omega_m:25.00, u:310.00, theta1:21.983, theta2:13.011, e:-6.588
t:40.27, r:25.00, omega:18.41, omega_m:25.00, u:310.30, theta1:21.990, theta2:13.005, e:-6.588
t:40.28, r:25.00, omega:19.52, omega_m:25.00, u:296.19, theta1:21.995, theta2:12.999, e:-5.483
t:40.29, r:25.00, omega:19.52, omega_m:25.00, u:296.45, theta1:22.001, theta2:12.992, e:-5.483
t:40.30, r:25.00, omega:19.52, omega_m:25.00, u:296.71, theta1:22.007, theta2:12.986, e:-5.483
t:40.31, r:25.00, omega:20.56, omega_m:25.00, u:283.40, theta1:22.011, theta2:12.981, e:-4.441
t:40.32, r:25.00, omega:20.56, omega_m:25.00, u:283.62, theta1:22.016, theta2:12.976, e:-4.441
t:40.33, r:25.00, omega:21.75, omega_m:25.00, u:268.34, theta1:22.019, theta2:12.972, e:-3.250
t:40.34, r:25.00, omega:21.75, omega_m:25.00, u:268.51, theta1:22.022, theta2:12.968, e:-3.250
t:40.35, r:25.00, omega:21.75, omega_m:25.00, u:268.68, theta1:22.026, theta2:12.964, e:-3.250
t:40.36, r:25.00, omega:20.27, omega_m:25.00, u:288.12, theta1:22.031, theta2:12.959, e:-4.732
t:40.37, r:25.00, omega:20.27, omega_m:25.00, u:288.35, theta1:22.036, theta2:12.953, e:-4.732
t:40.38, r:25.00, omega:20.27, omega_m:25.00, u:288.58, theta1:22.040, theta2:12.948, e:-4.732
t:40.39, r:25.00, omega:18.44, omega_m:25.00, u:312.50, theta1:22.047, theta2:12.941, e:-6.556
t:40.40, r:25.00, omega:18.44, omega_m:25.00, u:312.79, theta1:22.054, theta2:12.934, e:-6.556
t:40.41, r:25.00, omega:20.17, omega_m:25.00, u:290.74, theta1:22.059, theta2:12.929, e:-4.833
t:40.42, r:25.00, omega:20.17, omega_m:25.00, u:290.97, theta1:22.064, theta2:12.923, e:-4.833
t:40.43, r:25.00, omega:20.17, omega_m:25.00, u:291.21, theta1:22.069, theta2:12.918, e:-4.833
t:40.44, r:25.00, omega:21.10, omega_m:25.00, u:279.39, theta1:22.073, theta2:12.913, e:-3.902
t:40.45, r:25.00, omega:21.10, omega_m:25.00, u:279.58, theta1:22.077, theta2:12.908, e:-3.902
t:40.46, r:25.00, omega:19.20, omega_m:25.00, u:304.40, theta1:22.083, theta2:12.902, e:-5.804
t:40.47, r:25.00, omega:19.20, omega_m:25.00, u:304.67, theta1:22.089, theta2:12.896, e:-5.804
t:40.48, r:25.00, omega:19.20, omega_m:25.00, u:304.94, theta1:22.095, theta2:12.890, e:-5.804
t:40.49, r:25.00, omega:19.59, omega_m:25.00, u:300.18, theta1:22.100, theta2:12.884, e:-5.414
t:40.50, r:25.00, omega:19.59, omega_m:25.00, u:300.43, theta1:22.106, theta2:12.878, e:-5.414
t:40.51, r:25.00, omega:21.51, omega_m:25.00, u:275.87, theta1:22.110, theta2:12.873, e:-3.493
t:40.52, r:25.00, omega:21.51, omega_m:25.00, u:276.05, theta1:22.113, theta2:12.869, e:-3.493
t:40.53, r:25.00, omega:21.51, omega_m:25.00, u:276.23, theta1:22.117, theta2:12.865, e:-3.493
t:40.54, r:25.00, omega:19.95, omega_m:25.00, u:296.53, theta1:22.122, theta2:12.859, e:-5.052
t:40.55, r:25.00, omega:19.95, omega_m:25.00, u:296.77, theta1:22.127, theta2:12.854, e:-5.052
t:40.56, r:25.00, omega:19.95, omega_m:25.00, u:297.02, theta1:22.132, theta2:12.848, e:-5.052
t:40.57, r:25.00, omega:18.93, omega_m:25.00, u:310.36, theta1:22.139, theta2:12.841, e:-6.069
t:40.58, r:25.00, omega:18.93, omega_m:25.00, u:310.64, theta1:22.145, theta2:12.835, e:-6.069
t:40.59, r:25.00, omega:20.61, omega_m:25.00, u:289.27, theta1:22.149, theta2:12.830, e:-4.387
t:40.60, r:25.00, omega:20.61, omega_m:25.00, u:289.49, theta1:22.154, theta2:12.825, e:-4.387
t:40.61, r:25.00, omega:20.61, omega_m:25.00, u:289.70, theta1:22.158, theta2:12.820, e:-4.387
t:40.62, r:25.00, omega:21.05, omega_m:25.00, u:284.26, theta1:22.162, theta2:12.815, e:-3.947
t:40.63, r:25.00, omega:21.05, omega_m:25.00, u:284.46, theta1:22.166, theta2:12.810, e:-3.947
t:40.64, r:25.00, omega:20.20, omega_m:25.00, u:295.57, theta1:22.171, theta2:12.805, e:-4.796
t:40.65, r:25.00, omega:20.20, omega_m:25.00, u:295.80, theta1:22.176, theta2:12.799, e:-4.796
t:40.66, r:25.00, omega:20.20, omega_m:25.00, u:296.04, theta1:22.181, theta2:12.794, e:-4.796
t:40.67, r:25.00, omega:19.61, omega_m:25.00, u:303.88, theta1:22.187, theta2:12.788, e:-5.389
t:40.68, r:25.00, omega:19.61, omega_m:25.00, u:304.14, theta1:22.192, theta2:12.782, e:-5.389
t:40.69, r:25.00, omega:19.61, omega_m:25.00, u:304.39, theta1:22.198, theta2:12.776, e:-5.389
t:40.70, r:25.00, omega:20.20, omega_m:25.00, u:297.09, theta1:22.203, theta2:12.770, e:-4.799
t:40.71, r:25.00, omega:20.20, omega_m:25.00, u:297.32, theta1:22.208, theta2:12.765, e:-4.799
t:40.72, r:25.00, omega:21.05, omega_m:25.00, u:286.63, theta1:22.212, theta2:12.760, e:-3.946
t:40.73, r:25.00, omega:21.05, omega_m:25.00, u:286.83, theta1:22.216, theta2:12.756, e:-3.946
t:40.74, r:25.00, omega:21.05, omega_m:25.00, u:287.03, theta1:22.220, theta2:12.751, e:-3.946
t:40.75, r:25.00, omega:21.54, omega_m:25.00, u:281.07, theta1:22.223, theta2:12.747, e:-3.464
t:40.76, r:25.00, omega:21.54, omega_m:25.00, u:281.25, theta1:22.227, theta2:12.743, e:-3.464
t:40.77, r:25.00, omega:19.85, omega_m:25.00, u:303.01, theta1:22.232, theta2:12.737, e:-5.152
t:40.78, r:25.00, omega:19.85, omega_m:25.00, u:303.26, theta1:22.238, theta2:12.731, e:-5.152
t:40.79, r:25.00, omega:19.85, omega_m:25.00, u:303.50, theta1:22.243, theta2:12.725, e:-5.152
t:40.80, r:25.00, omega:18.75, omega_m:25.00, u:317.75, theta1:22.249, theta2:12.719, e:-6.249
t:40.81, r:25.00, omega:18.75, omega_m:25.00, u:318.03, theta1:22.256, theta2:12.712, e:-6.249
t:40.82, r:25.00, omega:22.08, omega_m:25.00, u:275.90, theta1:22.259, theta2:12.708, e:-2.923
t:40.83, r:25.00, omega:22.08, omega_m:25.00, u:276.06, theta1:22.262, theta2:12.705, e:-2.923
t:40.84, r:25.00, omega:22.08, omega_m:25.00, u:276.21, theta1:22.265, theta2:12.701, e:-2.923
t:40.85, r:25.00, omega:20.16, omega_m:25.00, u:300.80, theta1:22.270, theta2:12.696, e:-4.841
t:40.86, r:25.00, omega:20.16, omega_m:25.00, u:301.04, theta1:22.275, theta2:12.690, e:-4.841
t:40.87, r:25.00, omega:20.16, omega_m:25.00, u:301.27, theta1:22.280, theta2:12.685, e:-4.841
t:40.88, r:25.00, omega:18.50, omega_m:25.00, u:322.58, theta1:22.286, theta2:12.678, e:-6.497
t:40.89, r:25.00, omega:18.50, omega_m:25.00, u:322.87, theta1:22.293, theta2:12.671, e:-6.497
t:40.90, r:25.00, omega:22.33, omega_m:25.00, u:274.54, theta1:22.296, theta2:12.668, e:-2.672
t:40.91, r:25.00, omega:22.33, omega_m:25.00, u:274.69, theta1:22.298, theta2:12.664, e:-2.672
t:40.92, r:25.00, omega:22.33, omega_m:25.00, u:274.83, theta1:22.301, theta2:12.661, e:-2.672
t:40.93, r:25.00, omega:21.12, omega_m:25.00, u:290.33, theta1:22.305, theta2:12.657, e:-3.880
t:40.94, r:25.00, omega:21.12, omega_m:25.00, u:290.52, theta1:22.309, theta2:12.652, e:-3.880
t:40.95, r:25.00, omega:19.32, omega_m:25.00, u:313.50, theta1:22.315, theta2:12.646, e:-5.675
t:40.96, r:25.00, omega:19.32, omega_m:25.00, u:313.77, theta1:22.321, theta2:12.640, e:-5.675
t:40.97, r:25.00, omega:19.32, omega_m:25.00, u:314.03, theta1:22.327, theta2:12.633, e:-5.675
t:40.98, r:25.00, omega:20.45, omega_m:25.00, u:300.01, theta1:22.331, theta2:12.628, e:-4.548
t:40.99, r:25.00, omega:20.45, omega_m:25.00, u:300.23, theta1:22.336, theta2:12.623, e:-4.548
t:41.00, r:25.00, omega:22.11, omega_m:25.00, u:279.48, theta1:22.339, theta2:12.619, e:-2.891
t:41.01, r:0.00, omega:22.11, omega_m:9.20, u:0.00, theta1:22.336, theta2:12.632, e:12.912
t:41.02, r:0.00, omega:22.11, omega_m:3.38, u:0.00, theta1:22.332, theta2:12.650, e:18.725
t:41.03, r:0.00, omega:22.11, omega_m:1.24, u:0.00, theta1:22.327, theta2:12.671, e:20.864
t:41.04, r:0.00, omega:14.45, omega_m:0.46, u:0.00, theta1:22.324, theta2:12.679, e:13.995
t:41.05, r:0.00, omega:14.45, omega_m:0.17, u:0.00, theta1:22.321, theta2:12.688, e:14.284
t:41.06, r:0.00, omega:14.45, omega_m:0.06, u:0.00, theta1:22.318, theta2:12.696, e:14.391
t:41.07, r:0.00, omega:14.45, omega_m:0.02, u:0.00, theta1:22.315, theta2:12.705, e:14.430
t:41.08, r:0.00, omega:14.45, omega_m:0.01, u:0.00, theta1:22.311, theta2:12.713, e:14.444
t:41.09, r:0.00, omega:14.45, omega_m:0.00, u:0.00, theta1:22.308, theta2:12.722, e:14.450
t:41.10, r:0.00, omega:14.45, omega_m:0.00, u:0.00, theta1:22.305, theta2:12.731, e:14.452
t:41.11, r:0.00, omega:14.45, omega_m:0.00, u:0.00, theta1:22.302, theta2:12.739, e:14.452
t:41.12, r:0.00, omega:14.45, omega_m:0.00, u:0.00, theta1:22.298, theta2:12.748, e:14.453
t:41.13, r:0.00, omega:14.45, omega_m:0.00, u:0.00, theta1:22.295, theta2:12.756, e:14.453
t:41.14, r:0.00, omega:14.45, omega_m:0.00, u:0.00, theta1:22.292, theta2:12.765, e:14.453
t:41.15, r:0.00, omega:14.45, omega_m:0.00, u:0.00, theta1:22.289, theta2:12.774, e:14.453
t:41.16, r:0.00, omega:14.45, omega_m:0.00, u:0.00, theta1:22.286, theta2:12.782, e:14.453
t:41.17, r:0.00, omega:14.45, omega_m:0.00, u:0.00, theta1:22.282, theta2:12.791, e:14.453
t:41.18, r:0.00, omega:14.45, omega_m:0.00, u:0.00, theta1:22.279, theta2:12.799, e:14.453
t:41.19, r:0.00, omega:14.45, omega_m:0.00, u:0.00, theta1:22.276, theta2:12.808, e:14.453
t:41.20, r:0.00, omega:14.45, omega_m:0.00, u:0.00, theta1:22.273, theta2:12.817, e:14.453
t:41.21, r:0.00, omega:14.45, omega_m:0.00, u:0.00, theta1:22.269, theta2:12.825, e:14.453
t:41.22, r:0.00, omega:14.45, omega_m:0.00, u:0.00, theta1:22.266, theta2:12.834, e:14.453
t:41.23, r:0.00, omega:14.45, omega_m:0.00, u:0.00, theta1:22.263, theta2:12.842, e:14.453
t:41.24, r:0.00, omega:14.45, omega_m:0.00, u:0.00, theta1:22.260, theta2:12.851, e:14.453
t:41.25, r:0.00, omega:14.45, omega_m:0.00, u:0.00, theta1:22.257, theta2:12.860, e:14.453
t:41.26, r:0.00, omega:14.45, omega_m:0.00, u:0.00, theta1:22.253, theta2:12.868, e:14.453
t:41.27, r:0.00, omega:14.45, omega_m:0.00, u:0.00, theta1:22.250, theta2:12.877, e:14.453
t:41.28, r:0.00, omega:14.45, omega_m:0.00, u:0.00, theta1:22.247, theta2:12.885, e:14.453
t:41.29, r:0.00, omega:14.45, omega_m:0.00, u:0.00, theta1:22.244, theta2:12.894, e:14.453
t:41.30, r:0.00, omega:14.45, omega_m:0.00, u:0.00, theta1:22.240, theta2:12.902, e:14.453
t:41.31, r:0.00, omega:14.45, omega_m:0.00, u:0.00, theta1:22.237, theta2:12.911, e:14.453
t:41.32, r:0.00, omega:14.45, omega_m:0.00, u:0.00, theta1:22.234, theta2:12.920, e:14.453
t:41.33, r:0.00, omega:14.45, omega_m:0.00, u:0.00, theta1:22.231, theta2:12.928, e:14.453
t:41.34, r:0.00, omega:14.45, omega_m:0.00, u:0.00, theta1:22.228, theta2:12.937, e:14.453
t:41.35, r:0.00, omega:14.45, omega_m:0.00, u:0.00, theta1:22.224, theta2:12.945, e:14.453
t:41.36, r:0.00, omega:14.45, omega_m:0.00, u:0.00, theta1:22.221, theta2:12.954, e:14.453
t:41.37, r:0.00, omega:14.45, omega_m:0.00, u:0.00, theta1:22.218, theta2:12.962, e:14.453
t:41.38, r:0.00, omega:14.45, omega_m:0.00, u:0.00, theta1:22.215, theta2:12.971, e:14.453
t:41.39, r:0.00, omega:14.45, omega_m:0.00, u:0.00, theta1:22.212, theta2:12.980, e:14.453
t:41.40, r:0.00, omega:14.45, omega_m:0.00, u:0.00, theta1:22.208, theta2:12.988, e:14.453
t:41.41, r:0.00, omega:14.45, omega_m:0.00, u:0.00, theta1:22.205, theta2:12.997, e:14.453
t:41.42, r:0.00, omega:14.45, omega_m:0.00, u:0.00, theta1:22.202, theta2:13.005, e:14.453
t:41.43, r:0.00, omega:14.45, omega_m:0.00, u:0.00, theta1:22.199, theta2:13.014, e:14.453
t:41.44, r:0.00, omega:14.45, omega_m:0.00, u:0.00, theta1:22.195, theta2:13.022, e:14.453
t:41.45, r:0.00, omega:14.45, omega_m:0.00, u:0.00, theta1:22.192, theta2:13.031, e:14.453
t:41.46, r:0.00, omega:14.45, omega_m:0.00, u:0.00, theta1:22.189, theta2:13.040, e:14.453
t:41.47, r:0.00, omega:14.45, omega_m:0.00, u:0.00, theta1:22.186, theta2:13.048, e:14.453
t:41.48, r:0.00, omega:14.45, omega_m:0.00, u:0.00, theta1:22.183, theta2:13.057, e:14.453
t:41.49, r:0.00, omega:14.45, omega_m:0.00, u:0.00, theta1:22.179, theta2:13.065, e:14.453
t:41.50, r:0.00, omega:14.45, omega_m:0.00, u:0.00, theta1:22.176, theta2:13.074, e:14.453
t:41.51, r:0.00, omega:14.45, omega_m:0.00, u:0.00, theta1:22.173, theta2:13.082, e:14.453
t:41.52, r:0.00, omega:14.45, omega_m:0.00, u:0.00, theta1:22.170, theta2:13.091, e:14.453
t:41.53, r:0.00, omega:14.45, omega_m:0.00, u:0.00, theta1:22.167, theta2:13.099, e:14.453
t:41.54, r:0.00, omega:0.00, omega_m:0.00, u:0.00, theta1:22.167, theta2:13.099, e:-0.000
t:41.55, r:0.00, omega:0.00, omega_m:0.00, u:0.00, theta1:22.167, theta2:13.099, e:-0.000
t:41.56, r:0.00, omega:0.00, omega_m:0.00, u:0.00, theta1:22.167, theta2:13.099, e:-0.000
t:41.57, r:0.00, omega:0.00, omega_m:0.00, u:0.00, theta1:22.167, theta2:13.099, e:-0.000
t:41.58, r:0.00, omega:0.00, omega_m:0.00, u:0.00, theta1:22.167, theta2:13.099, e:-0.000
t:41.59, r:0.00, omega:0.00, omega_m:0.00, u:0.00, theta1:22.167, theta2:13.099, e:-0.000
t:41.60, r:0.00, omega:0.00, omega_m:0.00, u:0.00, theta1:22.167, theta2:13.099, e:-0.000
t:41.61, r:0.00, omega:0.00, omega_m:0.00, u:0.00, theta1:22.167, theta2:13.099, e:-0.000
t:41.62, r:0.00, omega:0.00, omega_m:0.00, u:0.00, theta1:22.167, theta2:13.099, e:-0.000
t:41.63, r:0.00, omega:0.00, omega_m:0.00, u:0.00, theta1:22.167, theta2:13.099, e:-0.000
t:41.64, r:0.00, omega:0.00, omega_m:0.00, u:0.00, theta1:22.167, theta2:13.099, e:-0.000
t:41.65, r:0.00, omega:0.00, omega_m:0.00, u:0.00, theta1:22.167, theta2:13.099, e:-0.000
t:41.66, r:0.00, omega:0.00, omega_m:0.00, u:0.00, theta1:22.167, theta2:13.099, e:-0.000
t:41.67, r:0.00, omega:0.00, omega_m:0.00, u:0.00, theta1:22.167, theta2:13.099, e:-0.000
t:41.68, r:0.00, omega:0.00, omega_m:0.00, u:0.00, theta1:22.167, theta2:13.099, e:-0.000
t:41.69, r:0.00, omega:0.00, omega_m:0.00, u:0.00, theta1:22.167, theta2:13.099, e:-0.000
t:41.70, r:0.00, omega:0.00, omega_m:0.00, u:0.00, theta1:22.167, theta2:13.099, e:-0.000
t:41.71, r:0.00, omega:0.00, omega_m:0.00, u:0.00, theta1:22.167, theta2:13.099, e:-0.000
t:41.72, r:0.00, omega:0.00, omega_m:0.00, u:0.00, theta1:22.167, theta2:13.099, e:-0.000
t:41.73, r:0.00, omega:0.00, omega_m:0.00, u:0.00, theta1:22.167, theta2:13.099, e:-0.000
t:41.74, r:0.00, omega:0.00, omega_m:0.00, u:0.00, theta1:22.167, theta2:13.099, e:-0.000
t:41.75, r:0.00, omega:0.00, omega_m:0.00, u:0.00, theta1:22.167, theta2:13.099, e:-0.000
t:41.76, r:0.00, omega:0.00, omega_m:0.00, u:0.00, theta1:22.167, theta2:13.099, e:-0.000
t:41.77, r:0.00, omega:0.00, omega_m:0.00, u:0.00, theta1:22.167, theta2:13.099, e:-0.000
t:41.78, r:0.00, omega:0.00, omega_m:0.00, u:0.00, theta1:22.167, theta2:13.099, e:-0.000
t:41.79, r:0.00, omega:0.00, omega_m:0.00, u:0.00, theta1:22.167, theta2:13.099, e:-0.000
t:41.80, r:0.00, omega:0.00, omega_m:0.00, u:0.00, theta1:22.167, theta2:13.099, e:-0.000
t:41.81, r:0.00, omega:0.00, omega_m:0.00, u:0.00, theta1:22.167, theta2:13.099, e:-0.000
t:41.82, r:0.00, omega:0.00, omega_m:0.00, u:0.00, theta1:22.167, theta2:13.099, e:-0.000
t:41.83, r:0.00, omega:0.00, omega_m:0.00, u:0.00, theta1:22.167, theta2:13.099, e:-0.000
t:41.84, r:0.00, omega:0.00, omega_m:0.00, u:0.00, theta1:22.167, theta2:13.099, e:-0.000
t:41.85, r:0.00, omega:0.00, omega_m:0.00, u:0.00, theta1:22.167, theta2:13.099, e:-0.000
t:41.86, r:0.00, omega:0.00, omega_m:0.00, u:0.00, theta1:22.167, theta2:13.099, e:-0.000
t:41.87, r:0.00, omega:0.00, omega_m:0.00, u:0.00, theta1:22.167, theta2:13.099, e:-0.000
t:41.88, r:0.00, omega:0.00, omega_m:0.00, u:0.00, theta1:22.167, theta2:13.099, e:-0.000
t:41.89, r:0.00, omega:0.00, omega_m:0.00, u:0.00, theta1:22.167, theta2:13.099, e:-0.000
t:41.90, r:0.00, omega:0.00, omega_m:0.00, u:0.00, theta1:22.167, theta2:13.099, e:-0.000
t:41.91, r:0.00, omega:0.00, omega_m:0.00, u:0.00, theta1:22.167, theta2:13.099, e:-0.000
t:41.92, r:0.00, omega:0.00, omega_m:0.00, u:0.00, theta1:22.167, theta2:13.099, e:-0.000
t:41.93, r:0.00, omega:0.00, omega_m:0.00, u:0.00, theta1:22.167, theta2:13.099, e:-0.000
t:41.94, r:0.00, omega:0.00, omega_m:0.00, u:0.00, theta1:22.167, theta2:13.099, e:-0.000
t:41.95, r:0.00, omega:0.00, omega_m:0.00, u:0.00, theta1:22.167, theta2:13.099, e:-0.000
t:41.96, r:0.00, omega:0.00, omega_m:0.00, u:0.00, theta1:22.167, theta2:13.099, e:-0.000
t:41.97, r:0.00, omega:0.00, omega_m:0.00, u:0.00, theta1:22.167, theta2:13.099, e:-0.000
t:41.98, r:0.00, omega:0.00, omega_m:0.00, u:0.00, theta1:22.167, theta2:13.099, e:-0.000
t:41.99, r:0.00, omega:0.00, omega_m:0.00, u:0.00, theta1:22.167, theta2:13.099, e:-0.000
t:42.00, r:0.00, omega:0.00, omega_m:0.00, u:0.00, theta1:22.167, theta2:13.099, e:-0.000
t:42.01, r:-25.00, omega:0.00, omega_m:-15.80, u:-554.57, theta1:22.183, theta2:13.097, e:15.803
t:42.02, r:-25.00, omega:0.00, omega_m:-21.62, u:-555.13, theta1:22.205, theta2:13.095, e:21.617
t:42.03, r:-25.00, omega:0.00, omega_m:-23.76, u:-555.74, theta1:22.230, theta2:13.091, e:23.755
t:42.04, r:-25.00, omega:-0.52, omega_m:-24.54, u:-549.51, theta1:22.254, theta2:13.088, e:24.019
t:42.05, r:-25.00, omega:-0.52, omega_m:-24.83, u:-550.14, theta1:22.279, theta2:13.084, e:24.309
t:42.06, r:-25.00, omega:-29.20, omega_m:-24.94, u:-174.64, theta1:22.273, theta2:13.090, e:-4.259
t:42.07, r:-25.00, omega:-29.13, omega_m:-24.98, u:-95.98, theta1:22.258, theta2:13.106, e:-10.157
t:42.08, r:-25.00, omega:-29.13, omega_m:-24.99, u:-95.03, theta1:22.243, theta2:13.123, e:-10.142
t:42.09, r:-25.00, omega:-29.13, omega_m:-25.00, u:-94.08, theta1:22.228, theta2:13.139, e:-10.137
t:42.10, r:-25.00, omega:-20.75, omega_m:-25.00, u:-283.34, theta1:22.232, theta2:13.134, e:4.253
t:42.11, r:-25.00, omega:-20.75, omega_m:-25.00, u:-283.55, theta1:22.237, theta2:13.129, e:4.254
t:42.12, r:-25.00, omega:-20.75, omega_m:-25.00, u:-283.76, theta1:22.241, theta2:13.124, e:4.254
t:42.13, r:-25.00, omega:-20.75, omega_m:-25.00, u:-283.98, theta1:22.246, theta2:13.119, e:4.254
t:42.14, r:-25.00, omega:-13.92, omega_m:-25.00, u:-373.91, theta1:22.257, theta2:13.110, e:11.078
t:42.15, r:-25.00, omega:-13.92, omega_m:-25.00, u:-374.32, theta1:22.268, theta2:13.101, e:11.078
t:42.16, r:-25.00, omega:-19.84, omega_m:-25.00, u:-297.02, theta1:22.274, theta2:13.095, e:5.158
t:42.17, r:-25.00, omega:-19.84, omega_m:-25.00, u:-297.26, theta1:22.279, theta2:13.089, e:5.158
t:42.18, r:-25.00, omega:-19.84, omega_m:-25.00, u:-297.51, theta1:22.284, theta2:13.083, e:5.158
t:42.19, r:-25.00, omega:-24.06, omega_m:-25.00, u:-242.41, theta1:22.285, theta2:13.082, e:0.943
t:42.20, r:-25.00, omega:-24.06, omega_m:-25.00, u:-242.47, theta1:22.286, theta2:13.081, e:0.943
t:42.21, r:-25.00, omega:-19.43, omega_m:-25.00, u:-303.21, theta1:22.292, theta2:13.075, e:5.566
t:42.22, r:-25.00, omega:-19.43, omega_m:-25.00, u:-303.47, theta1:22.298, theta2:13.069, e:5.566
t:42.23, r:-25.00, omega:-19.43, omega_m:-25.00, u:-303.73, theta1:22.303, theta2:13.062, e:5.566
t:42.24, r:-25.00, omega:-19.52, omega_m:-25.00, u:-302.92, theta1:22.309, theta2:13.056, e:5.485
t:42.25, r:-25.00, omega:-19.52, omega_m:-25.00, u:-303.18, theta1:22.315, theta2:13.050, e:5.485
t:42.26, r:-25.00, omega:-21.81, omega_m:-25.00, u:-273.44, theta1:22.318, theta2:13.046, e:3.192
t:42.27, r:-25.00, omega:-21.81, omega_m:-25.00, u:-273.60, theta1:22.321, theta2:13.043, e:3.192
t:42.28, r:-25.00, omega:-21.81, omega_m:-25.00, u:-273.77, theta1:22.324, theta2:13.039, e:3.192
t:42.29, r:-25.00, omega:-20.97, omega_m:-25.00, u:-284.90, theta1:22.329, theta2:13.034, e:4.031
t:42.30, r:-25.00, omega:-20.97, omega_m:-25.00, u:-285.11, theta1:22.333, theta2:13.029, e:4.031
t:42.31, r:-25.00, omega:-20.97, omega_m:-25.00, u:-285.31, theta1:22.337, theta2:13.024, e:4.031
t:42.32, r:-25.00, omega:-18.70, omega_m:-25.00, u:-315.20, theta1:22.343, theta2:13.018, e:6.304
t:42.33, r:-25.00, omega:-18.70, omega_m:-25.00, u:-315.49, theta1:22.350, theta2:13.011, e:6.304
t:42.34, r:-25.00, omega:-21.57, omega_m:-25.00, u:-278.34, theta1:22.353, theta2:13.007, e:3.435
t:42.35, r:-25.00, omega:-21.57, omega_m:-25.00, u:-278.52, theta1:22.357, theta2:13.003, e:3.435
t:42.36, r:-25.00, omega:-21.57, omega_m:-25.00, u:-278.70, theta1:22.360, theta2:12.999, e:3.435
t:42.37, r:-25.00, omega:-21.53, omega_m:-25.00, u:-279.28, theta1:22.364, theta2:12.994, e:3.466
t:42.38, r:-25.00, omega:-21.53, omega_m:-25.00, u:-279.46, theta1:22.367, theta2:12.990, e:3.466
t:42.39, r:-25.00, omega:-20.31, omega_m:-25.00, u:-295.61, theta1:22.372, theta2:12.985, e:4.692
t:42.40, r:-25.00, omega:-20.31, omega_m:-25.00, u:-295.84, theta1:22.377, theta2:12.979, e:4.692
t:42.41, r:-25.00, omega:-20.31, omega_m:-25.00, u:-296.07, theta1:22.382, theta2:12.974, e:4.692
t:42.42, r:-25.00, omega:-20.52, omega_m:-25.00, u:-293.60, theta1:22.387, theta2:12.969, e:4.484
t:42.43, r:-25.00, omega:-20.52, omega_m:-25.00, u:-293.82, theta1:22.391, theta2:12.964, e:4.484
t:42.44, r:-25.00, omega:-21.25, omega_m:-25.00, u:-284.53, theta1:22.395, theta2:12.959, e:3.753
t:42.45, r:-25.00, omega:-21.25, omega_m:-25.00, u:-284.72, theta1:22.399, theta2:12.955, e:3.753
t:42.46, r:-25.00, omega:-21.25, omega_m:-25.00, u:-284.91, theta1:22.403, theta2:12.950, e:3.753
t:42.47, r:-25.00, omega:-18.88, omega_m:-25.00, u:-315.82, theta1:22.409, theta2:12.944, e:6.118
t:42.48, r:-25.00, omega:-18.88, omega_m:-25.00, u:-316.10, theta1:22.415, theta2:12.937, e:6.118
t:42.49, r:-25.00, omega:-20.91, omega_m:-25.00, u:-290.04, theta1:22.419, theta2:12.932, e:4.088
t:42.50, r:-25.00, omega:-20.91, omega_m:-25.00, u:-290.25, theta1:22.424, theta2:12.928, e:4.088
t:42.51, r:-25.00, omega:-20.91, omega_m:-25.00, u:-290.45, theta1:22.428, theta2:12.923, e:4.088
t:42.52, r:-25.00, omega:-20.80, omega_m:-25.00, u:-292.12, theta1:22.432, theta2:12.918, e:4.201
t:42.53, r:-25.00, omega:-20.80, omega_m:-25.00, u:-292.33, theta1:22.436, theta2:12.913, e:4.201
t:42.54, r:-25.00, omega:-20.87, omega_m:-25.00, u:-291.63, theta1:22.441, theta2:12.908, e:4.130
t:42.55, r:-25.00, omega:-20.87, omega_m:-25.00, u:-291.84, theta1:22.445, theta2:12.903, e:4.130
t:42.56, r:-25.00, omega:-20.87, omega_m:-25.00, u:-292.04, theta1:22.449, theta2:12.898, e:4.130
t:42.57, r:-25.00, omega:-20.58, omega_m:-25.00, u:-295.99, theta1:22.454, theta2:12.893, e:4.419
t:42.58, r:-25.00, omega:-20.58, omega_m:-25.00, u:-296.21, theta1:22.458, theta2:12.888, e:4.419
t:42.59, r:-25.00, omega:-20.58, omega_m:-25.00, u:-296.42, theta1:22.463, theta2:12.883, e:4.419
t:42.60, r:-25.00, omega:-20.39, omega_m:-25.00, u:-299.09, theta1:22.467, theta2:12.878, e:4.608
t:42.61, r:-25.00, omega:-20.39, omega_m:-25.00, u:-299.31, theta1:22.472, theta2:12.872, e:4.608
t:42.62, r:-25.00, omega:-20.13, omega_m:-25.00, u:-302.87, theta1:22.477, theta2:12.867, e:4.866
t:42.63, r:-25.00, omega:-20.13, omega_m:-25.00, u:-303.11, theta1:22.482, theta2:12.861, e:4.866
t:42.64, r:-25.00, omega:-20.13, omega_m:-25.00, u:-303.34, theta1:22.487, theta2:12.856, e:4.866
t:42.65, r:-25.00, omega:-21.65, omega_m:-25.00, u:-283.98, theta1:22.491, theta2:12.852, e:3.347
t:42.66, r:-25.00, omega:-21.65, omega_m:-25.00, u:-284.15, theta1:22.494, theta2:12.848, e:3.347
t:42.67, r:-25.00, omega:-22.26, omega_m:-25.00, u:-276.49, theta1:22.497, theta2:12.844, e:2.739
t:42.68, r:-25.00, omega:-22.26, omega_m:-25.00, u:-276.64, theta1:22.500, theta2:12.841, e:2.739
t:42.69, r:-25.00, omega:-22.26, omega_m:-25.00, u:-276.79, theta1:22.502, theta2:12.838, e:2.739
t:42.70, r:-25.00, omega:-20.12, omega_m:-25.00, u:-304.45, theta1:22.507, theta2:12.832, e:4.876
t:42.71, r:-25.00, omega:-20.12, omega_m:-25.00, u:-304.68, theta1:22.512, theta2:12.826, e:4.876
t:42.72, r:-25.00, omega:-19.23, omega_m:-25.00, u:-316.48, theta1:22.518, theta2:12.820, e:5.774
t:42.73, r:-25.00, omega:-19.23, omega_m:-25.00, u:-316.75, theta1:22.524, theta2:12.814, e:5.774
t:42.74, r:-25.00, omega:-19.23, omega_m:-25.00, u:-317.02, theta1:22.530, theta2:12.808, e:5.774
t:42.75, r:-25.00, omega:-22.52, omega_m:-25.00, u:-274.91, theta1:22.533, theta2:12.805, e:2.476
t:42.76, r:-25.00, omega:-22.52, omega_m:-25.00, u:-275.04, theta1:22.535, theta2:12.801, e:2.476
t:42.77, r:-25.00, omega:-21.61, omega_m:-25.00, u:-286.97, theta1:22.539, theta2:12.797, e:3.394
t:42.78, r:-25.00, omega:-21.61, omega_m:-25.00, u:-287.15, theta1:22.542, theta2:12.793, e:3.394
t:42.79, r:-25.00, omega:-21.61, omega_m:-25.00, u:-287.32, theta1:22.546, theta2:12.789, e:3.394
t:42.80, r:-25.00, omega:-19.68, omega_m:-25.00, u:-312.15, theta1:22.551, theta2:12.783, e:5.316
t:42.81, r:-25.00, omega:-19.68, omega_m:-25.00, u:-312.40, theta1:22.557, theta2:12.777, e:5.316
t:42.82, r:-25.00, omega:-19.93, omega_m:-25.00, u:-309.56, theta1:22.562, theta2:12.772, e:5.074
t:42.83, r:-25.00, omega:-19.93, omega_m:-25.00, u:-309.80, theta1:22.567, theta2:12.766, e:5.074
t:42.84, r:-25.00, omega:-19.93, omega_m:-25.00, u:-310.04, theta1:22.572, theta2:12.760, e:5.074
t:42.85, r:-25.00, omega:-21.61, omega_m:-25.00, u:-288.78, theta1:22.576, theta2:12.756, e:3.394
t:42.86, r:-25.00, omega:-21.61, omega_m:-25.00, u:-288.96, theta1:22.579, theta2:12.752, e:3.394
t:42.87, r:-25.00, omega:-21.28, omega_m:-25.00, u:-293.26, theta1:22.583, theta2:12.748, e:3.716
t:42.88, r:-25.00, omega:-21.28, omega_m:-25.00, u:-293.45, theta1:22.587, theta2:12.743, e:3.716
t:42.89, r:-25.00, omega:-21.28, omega_m:-25.00, u:-293.64, theta1:22.591, theta2:12.739, e:3.716
t:42.90, r:-25.00, omega:-21.06, omega_m:-25.00, u:-296.67, theta1:22.595, theta2:12.734, e:3.939
t:42.91, r:-25.00, omega:-21.06, omega_m:-25.00, u:-296.87, theta1:22.599, theta2:12.729, e:3.939
t:42.92, r:-25.00, omega:-20.79, omega_m:-25.00, u:-300.56, theta1:22.603, theta2:12.724, e:4.212
t:42.93, r:-25.00, omega:-20.79, omega_m:-25.00, u:-300.77, theta1:22.607, theta2:12.720, e:4.212
t:42.94, r:-25.00, omega:-20.79, omega_m:-25.00, u:-300.98, theta1:22.612, theta2:12.715, e:4.212
t:42.95, r:-25.00, omega:-20.61, omega_m:-25.00, u:-303.45, theta1:22.616, theta2:12.710, e:4.389
t:42.96, r:-25.00, omega:-20.61, omega_m:-25.00, u:-303.66, theta1:22.621, theta2:12.704, e:4.389
t:42.97, r:-25.00, omega:-20.35, omega_m:-25.00, u:-307.18, theta1:22.625, theta2:12.699, e:4.648
t:42.98, r:-25.00, omega:-20.35, omega_m:-25.00, u:-307.41, theta1:22.630, theta2:12.694, e:4.648
t:42.99, r:-25.00, omega:-20.35, omega_m:-25.00, u:-307.63, theta1:22.635, theta2:12.689, e:4.648
t:43.00, r:-25.00, omega:-21.77, omega_m:-25.00, u:-289.84, theta1:22.638, theta2:12.685, e:3.232
t:43.01, r:0.00, omega:-21.77, omega_m:-9.20, u:0.00, theta1:22.635, theta2:12.697, e:-12.571
t:43.02, r:0.00, omega:-21.86, omega_m:-3.38, u:0.00, theta1:22.631, theta2:12.715, e:-18.473
t:43.03, r:0.00, omega:-21.86, omega_m:-1.24, u:0.00, theta1:22.626, theta2:12.734, e:-20.612
t:43.04, r:0.00, omega:-21.86, omega_m:-0.46, u:0.00, theta1:22.622, theta2:12.755, e:-21.399
t:43.05, r:0.00, omega:-21.86, omega_m:-0.17, u:0.00, theta1:22.617, theta2:12.776, e:-21.688
t:43.06, r:0.00, omega:-21.86, omega_m:-0.06, u:0.00, theta1:22.612, theta2:12.797, e:-21.795
t:43.07, r:0.00, omega:-21.86, omega_m:-0.02, u:0.00, theta1:22.607, theta2:12.818, e:-21.834
t:43.08, r:0.00, omega:-21.86, omega_m:-0.01, u:0.00, theta1:22.602, theta2:12.839, e:-21.848
t:43.09, r:0.00, omega:-21.86, omega_m:-0.00, u:0.00, theta1:22.597, theta2:12.860, e:-21.854
t:43.10, r:0.00, omega:-21.86, omega_m:-0.00, u:0.00, theta1:22.592, theta2:12.881, e:-21.856
t:43.11, r:0.00, omega:-21.86, omega_m:-0.00, u:0.00, theta1:22.587, theta2:12.902, e:-21.856
t:43.12, r:0.00, omega:-21.86, omega_m:-0.00, u:0.00, theta1:22.582, theta2:12.923, e:-21.857
t:43.13, r:0.00, omega:-21.86, omega_m:-0.00, u:0.00, theta1:22.577, theta2:12.945, e:-21.857
t:43.14, r:0.00, omega:-21.86, omega_m:-0.00, u:0.00, theta1:22.572, theta2:12.966, e:-21.857
t:43.15, r:0.00, omega:-21.86, omega_m:-0.00, u:0.00, theta1:22.567, theta2:12.987, e:-21.857
t:43.16, r:0.00, omega:-21.86, omega_m:-0.00, u:0.00, theta1:22.562, theta2:13.008, e:-21.857
t:43.17, r:0.00, omega:-21.86, omega_m:-0.00, u:0.00, theta1:22.557, theta2:13.029, e:-21.857
t:43.18, r:0.00, omega:-21.86, omega_m:-0.00, u:0.00, theta1:22.553, theta2:13.050, e:-21.857
t:43.19, r:0.00, omega:-21.86, omega_m:-0.00, u:0.00, theta1:22.548, theta2:13.071, e:-21.857
t:43.20, r:0.00, omega:-21.86, omega_m:-0.00, u:0.00, theta1:22.543, theta2:13.092, e:-21.857
t:43.21, r:0.00, omega:-21.86, omega_m:-0.00, u:0.00, theta1:22.538, theta2:13.113, e:-21.857
t:43.22, r:0.00, omega:-21.86, omega_m:-0.00, u:0.00, theta1:22.533, theta2:13.134, e:-21.857
t:43.23, r:0.00, omega:-21.86, omega_m:-0.00, u:0.00, theta1:22.528, theta2:13.155, e:-21.857
t:43.24, r:0.00, omega:-21.86, omega_m:-0.00, u:0.00, theta1:22.523, theta2:13.176, e:-21.857
t:43.25, r:0.00, omega:-21.86, omega_m:-0.00, u:0.00, theta1:22.518, theta2:13.197, e:-21.857
t:43.26, r:0.00, omega:-21.86, omega_m:-0.00, u:0.00, theta1:22.513, theta2:13.218, e:-21.857
t:43.27, r:0.00, omega:-21.86, omega_m:-0.00, u:0.00, theta1:22.508, theta2:13.239, e:-21.857
t:43.28, r:0.00, omega:-21.86, omega_m:-0.00, u:0.00, theta1:22.503, theta2:13.260, e:-21.857
t:43.29, r:0.00, omega:-21.86, omega_m:-0.00, u:0.00, theta1:22.498, theta2:13.281, e:-21.857
t:43.30, r:0.00, omega:-21.86, omega_m:-0.00, u:0.00, theta1:22.493, theta2:13.302, e:-21.857
t:43.31, r:0.00, omega:-21.86, omega_m:-0.00, u:0.00, theta1:22.489, theta2:13.323, e:-21.857
t:43.32, r:0.00, omega:-21.86, omega_m:-0.00, u:0.00, theta1:22.484, theta2:13.344, e:-21.857
t:43.33, r:0.00, omega:-21.86, omega_m:-0.00, u:0.00, theta1:22.479, theta2:13.365, e:-21.857
t:43.34, r:0.00, omega:-21.86, omega_m:-0.00, u:0.00, theta1:22.474, theta2:13.386, e:-21.857
t:43.35, r:0.00, omega:-21.86, omega_m:-0.00, u:0.00, theta1:22.469, theta2:13.407, e:-21.857
t:43.36, r:0.00, omega:-21.86, omega_m:-0.00, u:0.00, theta1:22.464, theta2:13.428, e:-21.857
t:43.37, r:0.00, omega:-21.86, omega_m:-0.00, u:0.00, theta1:22.459, theta2:13.449, e:-21.857
t:43.38, r:0.00, omega:-21.86, omega_m:-0.00, u:0.00, theta1:22.454, theta2:13.470, e:-21.857
t:43.39, r:0.00, omega:-21.86, omega_m:-0.00, u:0.00, theta1:22.449, theta2:13.491, e:-21.857
t:43.40, r:0.00, omega:-21.86, omega_m:-0.00, u:0.00, theta1:22.444, theta2:13.511, e:-21.857
t:43.41, r:0.00, omega:-21.86, omega_m:-0.00, u:0.00, theta1:22.439, theta2:13.532, e:-21.857
t:43.42, r:0.00, omega:-21.86, omega_m:-0.00, u:0.00, theta1:22.435, theta2:13.553, e:-21.857
t:43.43, r:0.00, omega:-21.86, omega_m:-0.00, u:0.00, theta1:22.430, theta2:13.574, e:-21.857
t:43.44, r:0.00, omega:-21.86, omega_m:-0.00, u:0.00, theta1:22.425, theta2:13.595, e:-21.857
t:43.45, r:0.00, omega:-21.86, omega_m:-0.00, u:0.00, theta1:22.420, theta2:13.616, e:-21.857
t:43.46, r:0.00, omega:-21.86, omega_m:-0.00, u:0.00, theta1:22.415, theta2:13.637, e:-21.857
t:43.47, r:0.00, omega:-21.86, omega_m:-0.00, u:0.00, theta1:22.410, theta2:13.658, e:-21.857
t:43.48, r:0.00, omega:-21.86, omega_m:-0.00, u:0.00, theta1:22.405, theta2:13.679, e:-21.857
t:43.49, r:0.00, omega:-21.86, omega_m:-0.00, u:0.00, theta1:22.400, theta2:13.700, e:-21.857
t:43.50, r:0.00, omega:-21.86, omega_m:-0.00, u:0.00, theta1:22.395, theta2:13.721, e:-21.857
t:43.51, r:0.00, omega:-21.86, omega_m:-0.00, u:0.00, theta1:22.390, theta2:13.741, e:-21.857
t:43.52, r:0.00, omega:0.00, omega_m:-0.00, u:0.00, theta1:22.390, theta2:13.741, e:0.000
t:43.53, r:0.00, omega:0.00, omega_m:-0.00, u:0.00, theta1:22.390, theta2:13.741, e:0.000
t:43.54, r:0.00, omega:0.00, omega_m:-0.00, u:0.00, theta1:22.390, theta2:13.741, e:0.000
t:43.55, r:0.00, omega:0.00, omega_m:-0.00, u:0.00, theta1:22.390, theta2:13.741, e:0.000
t:43.56, r:0.00, omega:0.00, omega_m:-0.00, u:0.00, theta1:22.390, theta2:13.741, e:0.000
t:43.57, r:0.00, omega:0.00, omega_m:-0.00, u:0.00, theta1:22.390, theta2:13.741, e:0.000
t:43.58, r:0.00, omega:0.00, omega_m:-0.00, u:0.00, theta1:22.390, theta2:13.741, e:0.000
t:43.59, r:0.00, omega:0.00, omega_m:-0.00, u:0.00, theta1:22.390, theta2:13.741, e:0.000
t:43.60, r:0.00, omega:0.00, omega_m:-0.00, u:0.00, theta1:22.390, theta2:13.741, e:0.000
t:43.61, r:0.00, omega:0.00, omega_m:-0.00, u:0.00, theta1:22.390, theta2:13.741, e:0.000
t:43.62, r:0.00, omega:0.00, omega_m:-0.00, u:0.00, theta1:22.390, theta2:13.741, e:0.000
t:43.63, r:0.00, omega:0.00, omega_m:-0.00, u:0.00, theta1:22.390, theta2:13.741, e:0.000
t:43.64, r:0.00, omega:0.00, omega_m:-0.00, u:0.00, theta1:22.390, theta2:13.741, e:0.000
t:43.65, r:0.00, omega:0.00, omega_m:-0.00, u:0.00, theta1:22.390, theta2:13.741, e:0.000
t:43.66, r:0.00, omega:0.00, omega_m:-0.00, u:0.00, theta1:22.390, theta2:13.741, e:0.000
t:43.67, r:0.00, omega:0.00, omega_m:-0.00, u:0.00, theta1:22.390, theta2:13.741, e:0.000
t:43.68, r:0.00, omega:0.00, omega_m:-0.00, u:0.00, theta1:22.390, theta2:13.741, e:0.000
t:43.69, r:0.00, omega:0.00, omega_m:-0.00, u:0.00, theta1:22.390, theta2:13.741, e:0.000
t:43.70, r:0.00, omega:0.00, omega_m:-0.00, u:0.00, theta1:22.390, theta2:13.741, e:0.000
t:43.71, r:0.00, omega:0.00, omega_m:-0.00, u:0.00, theta1:22.390, theta2:13.741, e:0.000
t:43.72, r:0.00, omega:0.00, omega_m:-0.00, u:0.00, theta1:22.390, theta2:13.741, e:0.000
t:43.73, r:0.00, omega:0.00, omega_m:-0.00, u:0.00, theta1:22.390, theta2:13.741, e:0.000
t:43.74, r:0.00, omega:0.00, omega_m:-0.00, u:0.00, theta1:22.390, theta2:13.741, e:0.000
t:43.75, r:0.00, omega:0.00, omega_m:-0.00, u:0.00, theta1:22.390, theta2:13.741, e:0.000
t:43.76, r:0.00, omega:0.00, omega_m:-0.00, u:0.00, theta1:22.390, theta2:13.741, e:0.000
t:43.77, r:0.00, omega:0.00, omega_m:-0.00, u:0.00, theta1:22.390, theta2:13.741, e:0.000
t:43.78, r:0.00, omega:0.00, omega_m:-0.00, u:0.00, theta1:22.390, theta2:13.741, e:0.000
t:43.79, r:0.00, omega:0.00, omega_m:-0.00, u:0.00, theta1:22.390, theta2:13.741, e:0.000
t:43.80, r:0.00, omega:0.00, omega_m:-0.00, u:0.00, theta1:22.390, theta2:13.741, e:0.000
t:43.81, r:0.00, omega:0.00, omega_m:-0.00, u:0.00, theta1:22.390, theta2:13.741, e:0.000
t:43.82, r:0.00, omega:0.00, omega_m:-0.00, u:0.00, theta1:22.390, theta2:13.741, e:0.000
t:43.83, r:0.00, omega:0.00, omega_m:-0.00, u:0.00, theta1:22.390, theta2:13.741, e:0.000
t:43.84, r:0.00, omega:0.00, omega_m:-0.00, u:0.00, theta1:22.390, theta2:13.741, e:0.000
t:43.85, r:0.00, omega:0.00, omega_m:-0.00, u:0.00, theta1:22.390, theta2:13.741, e:0.000
t:43.86, r:0.00, omega:0.00, omega_m:-0.00, u:0.00, theta1:22.390, theta2:13.741, e:0.000
t:43.87, r:0.00, omega:0.00, omega_m:-0.00, u:0.00, theta1:22.390, theta2:13.741, e:0.000
t:43.88, r:0.00, omega:0.00, omega_m:-0.00, u:0.00, theta1:22.390, theta2:13.741, e:0.000
t:43.89, r:0.00, omega:0.00, omega_m:-0.00, u:0.00, theta1:22.390, theta2:13.741, e:0.000
t:43.90, r:0.00, omega:0.00, omega_m:-0.00, u:0.00, theta1:22.390, theta2:13.741, e:0.000
t:43.91, r:0.00, omega:0.00, omega_m:-0.00, u:0.00, theta1:22.390, theta2:13.741, e:0.000
t:43.92, r:0.00, omega:0.00, omega_m:-0.00, u:0.00, theta1:22.390, theta2:13.741, e:0.000
t:43.93, r:0.00, omega:0.00, omega_m:-0.00, u:0.00, theta1:22.390, theta2:13.741, e:0.000
t:43.94, r:0.00, omega:0.00, omega_m:-0.00, u:0.00, theta1:22.390, theta2:13.741, e:0.000
t:43.95, r:0.00, omega:0.00, omega_m:-0.00, u:0.00, theta1:22.390, theta2:13.741, e:0.000
t:43.96, r:0.00, omega:0.00, omega_m:-0.00, u:0.00, theta1:22.390, theta2:13.741, e:0.000
t:43.97, r:0.00, omega:0.00, omega_m:-0.00, u:0.00, theta1:22.390, theta2:13.741, e:0.000
t:43.98, r:0.00, omega:0.00, omega_m:-0.00, u:0.00, theta1:22.390, theta2:13.741, e:0.000
t:43.99, r:0.00, omega:0.00, omega_m:-0.00, u:0.00, theta1:22.390, theta2:13.741, e:0.000
t:44.00, r:0.00, omega:0.00, omega_m:-0.00, u:0.00, theta1:22.390, theta2:13.741, e:0.000
t:44.01, r:25.00, omega:0.00, omega_m:15.80, u:560.17, theta1:22.407, theta2:13.739, e:-15.803
t:44.02, r:25.00, omega:0.00, omega_m:21.62, u:560.72, theta1:22.429, theta2:13.736, e:-21.617
t:44.03, r:25.00, omega:0.52, omega_m:23.76, u:554.17, theta1:22.453, theta2:13.733, e:-23.235
t:44.04, r:25.00, omega:0.52, omega_m:24.54, u:554.79, theta1:22.477, theta2:13.729, e:-24.022
t:44.05, r:25.00, omega:23.24, omega_m:24.83, u:243.00, theta1:22.479, theta2:13.727, e:-1.594
t:44.06, r:25.00, omega:23.24, omega_m:24.94, u:243.09, theta1:22.481, theta2:13.724, e:-1.700
t:44.07, r:25.00, omega:30.23, omega_m:24.98, u:146.68, theta1:22.473, theta2:13.732, e:5.255
t:44.08, r:25.00, omega:30.23, omega_m:24.99, u:146.27, theta1:22.465, theta2:13.739, e:5.241
t:44.09, r:25.00, omega:21.40, omega_m:25.00, u:267.78, theta1:22.469, theta2:13.734, e:-3.595
t:44.10, r:25.00, omega:21.40, omega_m:25.00, u:267.96, theta1:22.473, theta2:13.730, e:-3.597
t:44.11, r:25.00, omega:21.40, omega_m:25.00, u:268.15, theta1:22.476, theta2:13.726, e:-3.598
t:44.12, r:25.00, omega:16.12, omega_m:25.00, u:341.06, theta1:22.485, theta2:13.717, e:-8.883
t:44.13, r:25.00, omega:16.12, omega_m:25.00, u:341.42, theta1:22.494, theta2:13.709, e:-8.883
t:44.14, r:25.00, omega:16.12, omega_m:25.00, u:341.78, theta1:22.504, theta2:13.701, e:-8.883
t:44.15, r:25.00, omega:20.26, omega_m:25.00, u:285.28, theta1:22.508, theta2:13.695, e:-4.742
t:44.16, r:25.00, omega:20.26, omega_m:25.00, u:285.51, theta1:22.513, theta2:13.690, e:-4.742
t:44.17, r:25.00, omega:20.26, omega_m:25.00, u:285.74, theta1:22.518, theta2:13.684, e:-4.742
t:44.18, r:25.00, omega:20.96, omega_m:25.00, u:276.33, theta1:22.522, theta2:13.679, e:-4.039
t:44.19, r:25.00, omega:20.96, omega_m:25.00, u:276.53, theta1:22.526, theta2:13.675, e:-4.039
t:44.20, r:25.00, omega:20.85, omega_m:25.00, u:278.31, theta1:22.531, theta2:13.670, e:-4.154
t:44.21, r:25.00, omega:20.85, omega_m:25.00, u:278.52, theta1:22.535, theta2:13.665, e:-4.154
t:44.22, r:25.00, omega:20.85, omega_m:25.00, u:278.73, theta1:22.539, theta2:13.660, e:-4.154
t:44.23, r:25.00, omega:19.32, omega_m:25.00, u:299.80, theta1:22.545, theta2:13.654, e:-5.678
t:44.24, r:25.00, omega:19.32, omega_m:25.00, u:300.07, theta1:22.551, theta2:13.647, e:-5.678
t:44.25, r:25.00, omega:19.32, omega_m:25.00, u:300.34, theta1:22.557, theta2:13.641, e:-5.678
t:44.26, r:25.00, omega:18.57, omega_m:25.00, u:310.86, theta1:22.563, theta2:13.634, e:-6.427
t:44.27, r:25.00, omega:18.57, omega_m:25.00, u:311.15, theta1:22.570, theta2:13.627, e:-6.427
t:44.28, r:25.00, omega:20.99, omega_m:25.00, u:278.44, theta1:22.574, theta2:13.623, e:-4.012
t:44.29, r:25.00, omega:20.99, omega_m:25.00, u:278.64, theta1:22.578, theta2:13.618, e:-4.012
t:44.30, r:25.00, omega:20.99, omega_m:25.00, u:278.85, theta1:22.582, theta2:13.613, e:-4.012
t:44.31, r:25.00, omega:19.46, omega_m:25.00, u:299.94, theta1:22.588, theta2:13.607, e:-5.543
t:44.32, r:25.00, omega:19.46, omega_m:25.00, u:300.20, theta1:22.594, theta2:13.601, e:-5.543
t:44.33, r:25.00, omega:19.94, omega_m:25.00, u:293.92, theta1:22.599, theta2:13.595, e:-5.063
t:44.34, r:25.00, omega:19.94, omega_m:25.00, u:294.17, theta1:22.604, theta2:13.589, e:-5.063
t:44.35, r:25.00, omega:19.94, omega_m:25.00, u:294.41, theta1:22.609, theta2:13.584, e:-5.063
t:44.36, r:25.00, omega:21.38, omega_m:25.00, u:274.94, theta1:22.613, theta2:13.579, e:-3.616
t:44.37, r:25.00, omega:21.38, omega_m:25.00, u:275.13, theta1:22.616, theta2:13.575, e:-3.616
t:44.38, r:25.00, omega:20.61, omega_m:25.00, u:285.84, theta1:22.621, theta2:13.570, e:-4.389
t:44.39, r:25.00, omega:20.61, omega_m:25.00, u:286.05, theta1:22.625, theta2:13.565, e:-4.389
t:44.40, r:25.00, omega:20.61, omega_m:25.00, u:286.27, theta1:22.630, theta2:13.560, e:-4.389
t:44.41, r:25.00, omega:19.07, omega_m:25.00, u:307.48, theta1:22.636, theta2:13.553, e:-5.933
t:44.42, r:25.00, omega:19.07, omega_m:25.00, u:307.76, theta1:22.642, theta2:13.547, e:-5.933
t:44.43, r:25.00, omega:19.07, omega_m:25.00, u:308.03, theta1:22.648, theta2:13.540, e:-5.933
t:44.44, r:25.00, omega:20.23, omega_m:25.00, u:292.50, theta1:22.653, theta2:13.535, e:-4.769
t:44.45, r:25.00, omega:20.23, omega_m:25.00, u:292.74, theta1:22.658, theta2:13.529, e:-4.769
t:44.46, r:25.00, omega:21.82, omega_m:25.00, u:271.46, theta1:22.661, theta2:13.525, e:-3.184
t:44.47, r:25.00, omega:21.82, omega_m:25.00, u:271.63, theta1:22.664, theta2:13.522, e:-3.184
t:44.48, r:25.00, omega:21.82, omega_m:25.00, u:271.80, theta1:22.668, theta2:13.518, e:-3.184
t:44.49, r:25.00, omega:19.44, omega_m:25.00, u:304.24, theta1:22.673, theta2:13.511, e:-5.565
t:44.50, r:25.00, omega:19.44, omega_m:25.00, u:304.50, theta1:22.679, theta2:13.505, e:-5.565
t:44.51, r:25.00, omega:19.44, omega_m:25.00, u:304.76, theta1:22.685, theta2:13.499, e:-5.565
t:44.52, r:25.00, omega:18.88, omega_m:25.00, u:312.60, theta1:22.691, theta2:13.493, e:-6.125
t:44.53, r:25.00, omega:18.88, omega_m:25.00, u:312.88, theta1:22.697, theta2:13.486, e:-6.125
t:44.54, r:25.00, omega:20.60, omega_m:25.00, u:289.83, theta1:22.702, theta2:13.481, e:-4.399
t:44.55, r:25.00, omega:20.60, omega_m:25.00, u:290.04, theta1:22.706, theta2:13.476, e:-4.399
t:44.56, r:25.00, omega:20.60, omega_m:25.00, u:290.26, theta1:22.711, theta2:13.471, e:-4.399
t:44.57, r:25.00, omega:20.79, omega_m:25.00, u:287.97, theta1:22.715, theta2:13.466, e:-4.213
t:44.58, r:25.00, omega:20.79, omega_m:25.00, u:288.18, theta1:22.719, theta2:13.461, e:-4.213
t:44.59, r:25.00, omega:20.57, omega_m:25.00, u:291.30, theta1:22.724, theta2:13.456, e:-4.429
t:44.60, r:25.00, omega:20.57, omega_m:25.00, u:291.52, theta1:22.729, theta2:13.450, e:-4.429
t:44.61, r:25.00, omega:20.57, omega_m:25.00, u:291.74, theta1:22.733, theta2:13.445, e:-4.429
t:44.62, r:25.00, omega:20.55, omega_m:25.00, u:292.31, theta1:22.738, theta2:13.440, e:-4.455
t:44.63, r:25.00, omega:20.55, omega_m:25.00, u:292.53, theta1:22.742, theta2:13.435, e:-4.455
t:44.64, r:25.00, omega:20.27, omega_m:25.00, u:296.50, theta1:22.747, theta2:13.429, e:-4.733
t:44.65, r:25.00, omega:20.27, omega_m:25.00, u:296.73, theta1:22.752, theta2:13.424, e:-4.733
t:44.66, r:25.00, omega:20.27, omega_m:25.00, u:296.96, theta1:22.757, theta2:13.419, e:-4.733
t:44.67, r:25.00, omega:19.85, omega_m:25.00, u:302.75, theta1:22.762, theta2:13.413, e:-5.146
t:44.68, r:25.00, omega:19.85, omega_m:25.00, u:302.99, theta1:22.767, theta2:13.407, e:-5.146
t:44.69, r:25.00, omega:19.85, omega_m:25.00, u:303.24, theta1:22.772, theta2:13.401, e:-5.146
t:44.70, r:25.00, omega:19.90, omega_m:25.00, u:302.86, theta1:22.778, theta2:13.395, e:-5.099
t:44.71, r:25.00, omega:19.90, omega_m:25.00, u:303.10, theta1:22.783, theta2:13.390, e:-5.099
t:44.72, r:25.00, omega:21.04, omega_m:25.00, u:287.99, theta1:22.787, theta2:13.385, e:-3.955
t:44.73, r:25.00, omega:21.04, omega_m:25.00, u:288.19, theta1:22.791, theta2:13.380, e:-3.955
t:44.74, r:25.00, omega:21.04, omega_m:25.00, u:288.39, theta1:22.795, theta2:13.376, e:-3.955
t:44.75, r:25.00, omega:21.19, omega_m:25.00, u:286.70, theta1:22.799, theta2:13.371, e:-3.815
t:44.76, r:25.00, omega:21.19, omega_m:25.00, u:286.89, theta1:22.803, theta2:13.366, e:-3.815
t:44.77, r:25.00, omega:20.52, omega_m:25.00, u:295.98, theta1:22.807, theta2:13.361, e:-4.478
t:44.78, r:25.00, omega:20.52, omega_m:25.00, u:296.20, theta1:22.812, theta2:13.356, e:-4.478
t:44.79, r:25.00, omega:20.52, omega_m:25.00, u:296.43, theta1:22.817, theta2:13.351, e:-4.478
t:44.80, r:25.00, omega:19.97, omega_m:25.00, u:304.08, theta1:22.822, theta2:13.345, e:-5.033
t:44.81, r:25.00, omega:19.97, omega_m:25.00, u:304.32, theta1:22.827, theta2:13.340, e:-5.033
t:44.82, r:25.00, omega:19.65, omega_m:25.00, u:308.74, theta1:22.832, theta2:13.334, e:-5.345
t:44.83, r:25.00, omega:19.65, omega_m:25.00, u:309.00, theta1:22.838, theta2:13.328, e:-5.345
t:44.84, r:25.00, omega:19.65, omega_m:25.00, u:309.25, theta1:22.843, theta2:13.322, e:-5.345
t:44.85, r:25.00, omega:22.48, omega_m:25.00, u:271.75, theta1:22.846, theta2:13.318, e:-2.520
t:44.86, r:25.00, omega:22.48, omega_m:25.00, u:271.88, theta1:22.848, theta2:13.315, e:-2.520
t:44.87, r:25.00, omega:20.06, omega_m:25.00, u:304.34, theta1:22.853, theta2:13.310, e:-4.940
t:44.88, r:25.00, omega:20.06, omega_m:25.00, u:304.58, theta1:22.858, theta2:13.304, e:-4.940
t:44.89, r:25.00, omega:20.06, omega_m:25.00, u:304.81, theta1:22.863, theta2:13.298, e:-4.940
t:44.90, r:25.00, omega:19.56, omega_m:25.00, u:311.69, theta1:22.869, theta2:13.292, e:-5.437
t:44.91, r:25.00, omega:19.56, omega_m:25.00, u:311.95, theta1:22.875, theta2:13.286, e:-5.437
t:44.92, r:25.00, omega:21.43, omega_m:25.00, u:287.29, theta1:22.878, theta2:13.282, e:-3.567
t:44.93, r:25.00, omega:21.43, omega_m:25.00, u:287.47, theta1:22.882, theta2:13.278, e:-3.567
t:44.94, r:25.00, omega:21.43, omega_m:25.00, u:287.65, theta1:22.886, theta2:13.273, e:-3.567
t:44.95, r:25.00, omega:20.57, omega_m:25.00, u:299.35, theta1:22.890, theta2:13.268, e:-4.432
t:44.96, r:25.00, omega:20.57, omega_m:25.00, u:299.57, theta1:22.895, theta2:13.263, e:-4.432
t:44.97, r:25.00, omega:20.57, omega_m:25.00, u:299.79, theta1:22.899, theta2:13.258, e:-4.432
t:44.98, r:25.00, omega:19.69, omega_m:25.00, u:311.68, theta1:22.905, theta2:13.252, e:-5.310
t:44.99, r:25.00, omega:19.69, omega_m:25.00, u:311.93, theta1:22.910, theta2:13.246, e:-5.310
t:45.00, r:25.00, omega:20.77, omega_m:25.00, u:297.89, theta1:22.914, theta2:13.241, e:-4.234
t:45.01, r:0.00, omega:20.77, omega_m:9.20, u:0.00, theta1:22.912, theta2:13.252, e:11.569
t:45.02, r:0.00, omega:20.77, omega_m:3.38, u:0.00, theta1:22.908, theta2:13.267, e:17.383
t:45.03, r:0.00, omega:18.61, omega_m:1.24, u:0.00, theta1:22.904, theta2:13.281, e:17.368
t:45.04, r:0.00, omega:18.61, omega_m:0.46, u:0.00, theta1:22.899, theta2:13.296, e:18.154
t:45.05, r:0.00, omega:18.61, omega_m:0.17, u:0.00, theta1:22.895, theta2:13.310, e:18.444
t:45.06, r:0.00, omega:18.61, omega_m:0.06, u:0.00, theta1:22.891, theta2:13.325, e:18.550
t:45.07, r:0.00, omega:18.61, omega_m:0.02, u:0.00, theta1:22.887, theta2:13.340, e:18.589
t:45.08, r:0.00, omega:18.61, omega_m:0.01, u:0.00, theta1:22.883, theta2:13.355, e:18.604
t:45.09, r:0.00, omega:18.61, omega_m:0.00, u:0.00, theta1:22.878, theta2:13.370, e:18.609
t:45.10, r:0.00, omega:18.61, omega_m:0.00, u:0.00, theta1:22.874, theta2:13.385, e:18.611
t:45.11, r:0.00, omega:18.61, omega_m:0.00, u:0.00, theta1:22.870, theta2:13.399, e:18.612
t:45.12, r:0.00, omega:18.61, omega_m:0.00, u:0.00, theta1:22.865, theta2:13.414, e:18.612
t:45.13, r:0.00, omega:18.61, omega_m:0.00, u:0.00, theta1:22.861, theta2:13.429, e:18.612
t:45.14, r:0.00, omega:18.61, omega_m:0.00, u:0.00, theta1:22.857, theta2:13.444, e:18.612
t:45.15, r:0.00, omega:18.61, omega_m:0.00, u:0.00, theta1:22.853, theta2:13.459, e:18.612
t:45.16, r:0.00, omega:18.61, omega_m:0.00, u:0.00, theta1:22.848, theta2:13.474, e:18.612
t:45.17, r:0.00, omega:18.61, omega_m:0.00, u:0.00, theta1:22.844, theta2:13.488, e:18.612
t:45.18, r:0.00, omega:18.61, omega_m:0.00, u:0.00, theta1:22.840, theta2:13.503, e:18.612
t:45.19, r:0.00, omega:18.61, omega_m:0.00, u:0.00, theta1:22.836, theta2:13.518, e:18.612
t:45.20, r:0.00, omega:18.61, omega_m:0.00, u:0.00, theta1:22.831, theta2:13.533, e:18.612
t:45.21, r:0.00, omega:18.61, omega_m:0.00, u:0.00, theta1:22.827, theta2:13.548, e:18.612
t:45.22, r:0.00, omega:18.61, omega_m:0.00, u:0.00, theta1:22.823, theta2:13.562, e:18.612
t:45.23, r:0.00, omega:18.61, omega_m:0.00, u:0.00, theta1:22.819, theta2:13.577, e:18.612
t:45.24, r:0.00, omega:18.61, omega_m:0.00, u:0.00, theta1:22.814, theta2:13.592, e:18.612
t:45.25, r:0.00, omega:18.61, omega_m:0.00, u:0.00, theta1:22.810, theta2:13.607, e:18.612
t:45.26, r:0.00, omega:18.61, omega_m:0.00, u:0.00, theta1:22.806, theta2:13.622, e:18.612
t:45.27, r:0.00, omega:18.61, omega_m:0.00, u:0.00, theta1:22.802, theta2:13.636, e:18.612
t:45.28, r:0.00, omega:18.61, omega_m:0.00, u:0.00, theta1:22.797, theta2:13.651, e:18.612
t:45.29, r:0.00, omega:18.61, omega_m:0.00, u:0.00, theta1:22.793, theta2:13.666, e:18.612
t:45.30, r:0.00, omega:18.61, omega_m:0.00, u:0.00, theta1:22.789, theta2:13.681, e:18.612
t:45.31, r:0.00, omega:18.61, omega_m:0.00, u:0.00, theta1:22.785, theta2:13.695, e:18.612
t:45.32, r:0.00, omega:18.61, omega_m:0.00, u:0.00, theta1:22.781, theta2:13.710, e:18.612
t:45.33, r:0.00, omega:18.61, omega_m:0.00, u:0.00, theta1:22.776, theta2:13.725, e:18.612
t:45.34, r:0.00, omega:18.61, omega_m:0.00, u:0.00, theta1:22.772, theta2:13.740, e:18.612
t:45.35, r:0.00, omega:18.61, omega_m:0.00, u:0.00, theta1:22.768, theta2:13.755, e:18.612
t:45.36, r:0.00, omega:18.61, omega_m:0.00, u:0.00, theta1:22.764, theta2:13.769, e:18.612
t:45.37, r:0.00, omega:18.61, omega_m:0.00, u:0.00, theta1:22.759, theta2:13.784, e:18.612
t:45.38, r:0.00, omega:18.61, omega_m:0.00, u:0.00, theta1:22.755, theta2:13.799, e:18.612
t:45.39, r:0.00, omega:18.61, omega_m:0.00, u:0.00, theta1:22.751, theta2:13.814, e:18.612
t:45.40, r:0.00, omega:18.61, omega_m:0.00, u:0.00, theta1:22.747, theta2:13.828, e:18.612
t:45.41, r:0.00, omega:18.61, omega_m:0.00, u:0.00, theta1:22.742, theta2:13.843, e:18.612
t:45.42, r:0.00, omega:18.61, omega_m:0.00, u:0.00, theta1:22.738, theta2:13.858, e:18.612
t:45.43, r:0.00, omega:18.61, omega_m:0.00, u:0.00, theta1:22.734, theta2:13.873, e:18.612
t:45.44, r:0.00, omega:18.61, omega_m:0.00, u:0.00, theta1:22.730, theta2:13.887, e:18.612
t:45.45, r:0.00, omega:18.61, omega_m:0.00, u:0.00, theta1:22.725, theta2:13.902, e:18.612
t:45.46, r:0.00, omega:18.61, omega_m:0.00, u:0.00, theta1:22.721, theta2:13.917, e:18.612
t:45.47, r:0.00, omega:18.61, omega_m:0.00, u:0.00, theta1:22.717, theta2:13.931, e:18.612
t:45.48, r:0.00, omega:18.61, omega_m:0.00, u:0.00, theta1:22.713, theta2:13.946, e:18.612
t:45.49, r:0.00, omega:18.61, omega_m:0.00, u:0.00, theta1:22.709, theta2:13.961, e:18.612
t:45.50, r:0.00, omega:18.61, omega_m:0.00, u:0.00, theta1:22.704, theta2:13.976, e:18.612
t:45.51, r:0.00, omega:18.61, omega_m:0.00, u:0.00, theta1:22.700, theta2:13.990, e:18.612
t:45.52, r:0.00, omega:18.61, omega_m:0.00, u:0.00, theta1:22.696, theta2:14.005, e:18.612
t:45.53, r:0.00, omega:0.00, omega_m:0.00, u:0.00, theta1:22.696, theta2:14.005, e:-0.000
t:45.54, r:0.00, omega:0.00, omega_m:0.00, u:0.00, theta1:22.696, theta2:14.005, e:-0.000
t:45.55, r:0.00, omega:0.00, omega_m:0.00, u:0.00, theta1:22.696, theta2:14.005, e:-0.000
t:45.56, r:0.00, omega:0.00, omega_m:0.00, u:0.00, theta1:22.696, theta2:14.005, e:-0.000
t:45.57, r:0.00, omega:0.00, omega_m:0.00, u:0.00, theta1:22.696, theta2:14.005, e:-0.000
t:45.58, r:0.00, omega:0.00, omega_m:0.00, u:0.00, theta1:22.696, theta2:14.005, e:-0.000
t:45.59, r:0.00, omega:0.00, omega_m:0.00, u:0.00, theta1:22.696, theta2:14.005, e:-0.000
t:45.60, r:0.00, omega:0.00, omega_m:0.00, u:0.00, theta1:22.696, theta2:14.005, e:-0.000
t:45.61, r:0.00, omega:0.00, omega_m:0.00, u:0.00, theta1:22.696, theta2:14.005, e:-0.000
t:45.62, r:0.00, omega:0.00, omega_m:0.00, u:0.00, theta1:22.696, theta2:14.005, e:-0.000
t:45.63, r:0.00, omega:0.00, omega_m:0.00, u:0.00, theta1:22.696, theta2:14.005, e:-0.000
t:45.64, r:0.00, omega:0.00, omega_m:0.00, u:0.00, theta1:22.696, theta2:14.005, e:-0.000
t:45.65, r:0.00, omega:0.00, omega_m:0.00, u:0.00, theta1:22.696, theta2:14.005, e:-0.000
t:45.66, r:0.00, omega:0.00, omega_m:0.00, u:0.00, theta1:22.696, theta2:14.005, e:-0.000
t:45.67, r:0.00, omega:0.00, omega_m:0.00, u:0.00, theta1:22.696, theta2:14.005, e:-0.000
t:45.68, r:0.00, omega:0.00, omega_m:0.00, u:0.00, theta1:22.696, theta2:14.005, e:-0.000
t:45.69, r:0.00, omega:0.00, omega_m:0.00, u:0.00, theta1:22.696, theta2:14.005, e:-0.000
t:45.70, r:0.00, omega:0.00, omega_m:0.00, u:0.00, theta1:22.696, theta2:14.005, e:-0.000
t:45.71, r:0.00, omega:0.00, omega_m:0.00, u:0.00, theta1:22.696, theta2:14.005, e:-0.000
t:45.72, r:0.00, omega:0.00, omega_m:0.00, u:0.00, theta1:22.696, theta2:14.005, e:-0.000
t:45.73, r:0.00, omega:0.00, omega_m:0.00, u:0.00, theta1:22.696, theta2:14.005, e:-0.000
t:45.74, r:0.00, omega:0.00, omega_m:0.00, u:0.00, theta1:22.696, theta2:14.005, e:-0.000
t:45.75, r:0.00, omega:0.00, omega_m:0.00, u:0.00, theta1:22.696, theta2:14.005, e:-0.000
t:45.76, r:0.00, omega:0.00, omega_m:0.00, u:0.00, theta1:22.696, theta2:14.005, e:-0.000
t:45.77, r:0.00, omega:0.00, omega_m:0.00, u:0.00, theta1:22.696, theta2:14.005, e:-0.000
t:45.78, r:0.00, omega:0.00, omega_m:0.00, u:0.00, theta1:22.696, theta2:14.005, e:-0.000
t:45.79, r:0.00, omega:0.00, omega_m:0.00, u:0.00, theta1:22.696, theta2:14.005, e:-0.000
t:45.80, r:0.00, omega:0.00, omega_m:0.00, u:0.00, theta1:22.696, theta2:14.005, e:-0.000
t:45.81, r:0.00, omega:0.00, omega_m:0.00, u:0.00, theta1:22.696, theta2:14.005, e:-0.000
t:45.82, r:0.00, omega:0.00, omega_m:0.00, u:0.00, theta1:22.696, theta2:14.005, e:-0.000
t:45.83, r:0.00, omega:0.00, omega_m:0.00, u:0.00, theta1:22.696, theta2:14.005, e:-0.000
t:45.84, r:0.00, omega:0.00, omega_m:0.00, u:0.00, theta1:22.696, theta2:14.005, e:-0.000
t:45.85, r:0.00, omega:0.00, omega_m:0.00, u:0.00, theta1:22.696, theta2:14.005, e:-0.000
t:45.86, r:0.00, omega:0.00, omega_m:0.00, u:0.00, theta1:22.696, theta2:14.005, e:-0.000
t:45.87, r:0.00, omega:0.00, omega_m:0.00, u:0.00, theta1:22.696, theta2:14.005, e:-0.000
t:45.88, r:0.00, omega:0.00, omega_m:0.00, u:0.00, theta1:22.696, theta2:14.005, e:-0.000
t:45.89, r:0.00, omega:0.00, omega_m:0.00, u:0.00, theta1:22.696, theta2:14.005, e:-0.000
t:45.90, r:0.00, omega:0.00, omega_m:0.00, u:0.00, theta1:22.696, theta2:14.005, e:-0.000
t:45.91, r:0.00, omega:0.00, omega_m:0.00, u:0.00, theta1:22.696, theta2:14.005, e:-0.000
t:45.92, r:0.00, omega:0.00, omega_m:0.00, u:0.00, theta1:22.696, theta2:14.005, e:-0.000
t:45.93, r:0.00, omega:0.00, omega_m:0.00, u:0.00, theta1:22.696, theta2:14.005, e:-0.000
t:45.94, r:0.00, omega:0.00, omega_m:0.00, u:0.00, theta1:22.696, theta2:14.005, e:-0.000
t:45.95, r:0.00, omega:0.00, omega_m:0.00, u:0.00, theta1:22.696, theta2:14.005, e:-0.000
t:45.96, r:0.00, omega:0.00, omega_m:0.00, u:0.00, theta1:22.696, theta2:14.005, e:-0.000
t:45.97, r:0.00, omega:0.00, omega_m:0.00, u:0.00, theta1:22.696, theta2:14.005, e:-0.000
t:45.98, r:0.00, omega:0.00, omega_m:0.00, u:0.00, theta1:22.696, theta2:14.005, e:-0.000
t:45.99, r:0.00, omega:0.00, omega_m:0.00, u:0.00, theta1:22.696, theta2:14.005, e:-0.000
t:46.00, r:0.00, omega:0.00, omega_m:0.00, u:0.00, theta1:22.696, theta2:14.005, e:-0.000
t:46.01, r:-25.00, omega:0.00, omega_m:-15.80, u:-567.80, theta1:22.712, theta2:14.003, e:15.803
t:46.02, r:-25.00, omega:0.00, omega_m:-21.62, u:-568.35, theta1:22.734, theta2:14.000, e:21.617
t:46.03, r:-25.00, omega:0.00, omega_m:-23.76, u:-568.96, theta1:22.758, theta2:13.997, e:23.755
t:46.04, r:-25.00, omega:-0.52, omega_m:-24.54, u:-562.35, theta1:22.783, theta2:13.993, e:24.026
t:46.05, r:-25.00, omega:-0.52, omega_m:-24.83, u:-562.98, theta1:22.808, theta2:13.988, e:24.315
t:46.06, r:-25.00, omega:-28.55, omega_m:-24.94, u:-128.37, theta1:22.798, theta2:13.998, e:-6.608
t:46.07, r:-25.00, omega:-28.55, omega_m:-24.98, u:-127.83, theta1:22.788, theta2:14.007, e:-6.569
t:46.08, r:-25.00, omega:-29.65, omega_m:-24.99, u:-83.49, theta1:22.774, theta2:14.023, e:-9.656
t:46.09, r:-25.00, omega:-29.65, omega_m:-25.00, u:-82.60, theta1:22.760, theta2:14.038, e:-9.651
t:46.10, r:-25.00, omega:-29.65, omega_m:-25.00, u:-81.71, theta1:22.746, theta2:14.054, e:-9.649
t:46.11, r:-25.00, omega:-18.22, omega_m:-25.00, u:-312.95, theta1:22.753, theta2:14.046, e:6.784
t:46.12, r:-25.00, omega:-18.22, omega_m:-25.00, u:-313.26, theta1:22.759, theta2:14.039, e:6.785
t:46.13, r:-25.00, omega:-18.22, omega_m:-25.00, u:-313.56, theta1:22.766, theta2:14.032, e:6.785
t:46.14, r:-25.00, omega:-18.22, omega_m:-25.00, u:-313.86, theta1:22.773, theta2:14.025, e:6.785
t:46.15, r:-25.00, omega:-13.10, omega_m:-25.00, u:-386.00, theta1:22.785, theta2:14.016, e:11.898
t:46.16, r:-25.00, omega:-13.10, omega_m:-25.00, u:-386.43, theta1:22.798, theta2:14.006, e:11.898
t:46.17, r:-25.00, omega:-19.71, omega_m:-25.00, u:-294.11, theta1:22.803, theta2:14.000, e:5.288
t:46.18, r:-25.00, omega:-19.71, omega_m:-25.00, u:-294.36, theta1:22.808, theta2:13.994, e:5.288
t:46.19, r:-25.00, omega:-23.45, omega_m:-25.00, u:-242.09, theta1:22.810, theta2:13.992, e:1.547
t:46.20, r:-25.00, omega:-23.45, omega_m:-25.00, u:-242.17, theta1:22.812, theta2:13.990, e:1.547
t:46.21, r:-25.00, omega:-23.45, omega_m:-25.00, u:-242.26, theta1:22.813, theta2:13.988, e:1.547
t:46.22, r:-25.00, omega:-20.52, omega_m:-25.00, u:-283.52, theta1:22.818, theta2:13.983, e:4.480
t:46.23, r:-25.00, omega:-20.52, omega_m:-25.00, u:-283.74, theta1:22.822, theta2:13.978, e:4.480
t:46.24, r:-25.00, omega:-20.52, omega_m:-25.00, u:-283.97, theta1:22.827, theta2:13.972, e:4.480
t:46.25, r:-25.00, omega:-19.02, omega_m:-25.00, u:-305.13, theta1:22.833, theta2:13.966, e:5.975
t:46.26, r:-25.00, omega:-19.02, omega_m:-25.00, u:-305.41, theta1:22.839, theta2:13.959, e:5.975
t:46.27, r:-25.00, omega:-19.68, omega_m:-25.00, u:-296.52, theta1:22.845, theta2:13.953, e:5.320
t:46.28, r:-25.00, omega:-19.68, omega_m:-25.00, u:-296.77, theta1:22.850, theta2:13.947, e:5.320
t:46.29, r:-25.00, omega:-19.68, omega_m:-25.00, u:-297.02, theta1:22.855, theta2:13.941, e:5.320
t:46.30, r:-25.00, omega:-19.71, omega_m:-25.00, u:-296.81, theta1:22.861, theta2:13.935, e:5.287
t:46.31, r:-25.00, omega:-19.71, omega_m:-25.00, u:-297.06, theta1:22.866, theta2:13.930, e:5.287
t:46.32, r:-25.00, omega:-19.71, omega_m:-25.00, u:-297.31, theta1:22.872, theta2:13.924, e:5.287
t:46.33, r:-25.00, omega:-21.12, omega_m:-25.00, u:-277.91, theta1:22.876, theta2:13.919, e:3.879
t:46.34, r:-25.00, omega:-21.12, omega_m:-25.00, u:-278.11, theta1:22.880, theta2:13.914, e:3.879
t:46.35, r:-25.00, omega:-20.88, omega_m:-25.00, u:-281.60, theta1:22.884, theta2:13.909, e:4.115
t:46.36, r:-25.00, omega:-20.88, omega_m:-25.00, u:-281.81, theta1:22.888, theta2:13.905, e:4.115
t:46.37, r:-25.00, omega:-20.88, omega_m:-25.00, u:-282.01, theta1:22.892, theta2:13.900, e:4.115
t:46.38, r:-25.00, omega:-20.65, omega_m:-25.00, u:-285.50, theta1:22.897, theta2:13.895, e:4.351
t:46.39, r:-25.00, omega:-20.65, omega_m:-25.00, u:-285.72, theta1:22.901, theta2:13.890, e:4.351
t:46.40, r:-25.00, omega:-20.06, omega_m:-25.00, u:-294.21, theta1:22.906, theta2:13.884, e:4.945
t:46.41, r:-25.00, omega:-20.06, omega_m:-25.00, u:-294.45, theta1:22.911, theta2:13.878, e:4.945
t:46.42, r:-25.00, omega:-20.06, omega_m:-25.00, u:-294.69, theta1:22.916, theta2:13.873, e:4.945
t:46.43, r:-25.00, omega:-19.97, omega_m:-25.00, u:-296.05, theta1:22.921, theta2:13.867, e:5.025
t:46.44, r:-25.00, omega:-19.97, omega_m:-25.00, u:-296.29, theta1:22.926, theta2:13.861, e:5.025
t:46.45, r:-25.00, omega:-19.60, omega_m:-25.00, u:-301.69, theta1:22.932, theta2:13.855, e:5.396
t:46.46, r:-25.00, omega:-19.60, omega_m:-25.00, u:-301.94, theta1:22.937, theta2:13.849, e:5.396
t:46.47, r:-25.00, omega:-19.60, omega_m:-25.00, u:-302.20, theta1:22.943, theta2:13.843, e:5.396
t:46.48, r:-25.00, omega:-21.72, omega_m:-25.00, u:-273.13, theta1:22.946, theta2:13.839, e:3.284
t:46.49, r:-25.00, omega:-21.72, omega_m:-25.00, u:-273.30, theta1:22.950, theta2:13.835, e:3.284
t:46.50, r:-25.00, omega:-20.42, omega_m:-25.00, u:-291.40, theta1:22.954, theta2:13.830, e:4.576
t:46.51, r:-25.00, omega:-20.42, omega_m:-25.00, u:-291.62, theta1:22.959, theta2:13.824, e:4.576
t:46.52, r:-25.00, omega:-20.42, omega_m:-25.00, u:-291.85, theta1:22.964, theta2:13.819, e:4.576
t:46.53, r:-25.00, omega:-19.02, omega_m:-25.00, u:-311.49, theta1:22.970, theta2:13.813, e:5.977
t:46.54, r:-25.00, omega:-19.02, omega_m:-25.00, u:-311.77, theta1:22.976, theta2:13.806, e:5.977
t:46.55, r:-25.00, omega:-19.02, omega_m:-25.00, u:-312.05, theta1:22.982, theta2:13.800, e:5.977
t:46.56, r:-25.00, omega:-20.96, omega_m:-25.00, u:-285.46, theta1:22.986, theta2:13.795, e:4.036
t:46.57, r:-25.00, omega:-20.96, omega_m:-25.00, u:-285.66, theta1:22.990, theta2:13.790, e:4.036
t:46.58, r:-25.00, omega:-21.81, omega_m:-25.00, u:-274.19, theta1:22.993, theta2:13.786, e:3.192
t:46.59, r:-25.00, omega:-21.81, omega_m:-25.00, u:-274.35, theta1:22.997, theta2:13.782, e:3.192
t:46.60, r:-25.00, omega:-21.81, omega_m:-25.00, u:-274.52, theta1:23.000, theta2:13.778, e:3.192
t:46.61, r:-25.00, omega:-20.20, omega_m:-25.00, u:-296.97, theta1:23.005, theta2:13.773, e:4.804
t:46.62, r:-25.00, omega:-20.20, omega_m:-25.00, u:-297.20, theta1:23.010, theta2:13.767, e:4.804
t:46.63, r:-25.00, omega:-19.72, omega_m:-25.00, u:-304.05, theta1:23.015, theta2:13.761, e:5.283
t:46.64, r:-25.00, omega:-19.72, omega_m:-25.00, u:-304.30, theta1:23.021, theta2:13.755, e:5.283
t:46.65, r:-25.00, omega:-19.72, omega_m:-25.00, u:-304.56, theta1:23.026, theta2:13.749, e:5.283
t:46.66, r:-25.00, omega:-21.95, omega_m:-25.00, u:-274.07, theta1:23.029, theta2:13.746, e:3.054
t:46.67, r:-25.00, omega:-21.95, omega_m:-25.00, u:-274.23, theta1:23.032, theta2:13.742, e:3.054
t:46.68, r:-25.00, omega:-21.95, omega_m:-25.00, u:-274.39, theta1:23.035, theta2:13.738, e:3.054
t:46.69, r:-25.00, omega:-18.64, omega_m:-25.00, u:-320.07, theta1:23.042, theta2:13.731, e:6.358
t:46.70, r:-25.00, omega:-18.64, omega_m:-25.00, u:-320.35, theta1:23.048, theta2:13.724, e:6.358
t:46.71, r:-25.00, omega:-20.34, omega_m:-25.00, u:-297.23, theta1:23.053, theta2:13.719, e:4.657
t:46.72, r:-25.00, omega:-20.34, omega_m:-25.00, u:-297.46, theta1:23.058, theta2:13.714, e:4.657
t:46.73, r:-25.00, omega:-22.39, omega_m:-25.00, u:-269.49, theta1:23.060, theta2:13.710, e:2.607
t:46.74, r:-25.00, omega:-22.39, omega_m:-25.00, u:-269.63, theta1:23.063, theta2:13.707, e:2.607
t:46.75, r:-25.00, omega:-22.39, omega_m:-25.00, u:-269.77, theta1:23.066, theta2:13.704, e:2.607
t:46.76, r:-25.00, omega:-20.09, omega_m:-25.00, u:-301.60, theta1:23.071, theta2:13.698, e:4.912
t:46.77, r:-25.00, omega:-20.09, omega_m:-25.00, u:-301.83, theta1:23.076, theta2:13.693, e:4.912
t:46.78, r:-25.00, omega:-20.09, omega_m:-25.00, u:-302.07, theta1:23.081, theta2:13.687, e:4.912
t:46.79, r:-25.00, omega:-18.87, omega_m:-25.00, u:-318.96, theta1:23.087, theta2:13.680, e:6.125
t:46.80, r:-25.00, omega:-18.87, omega_m:-25.00, u:-319.24, theta1:23.093, theta2:13.674, e:6.125
t:46.81, r:-25.00, omega:-21.29, omega_m:-25.00, u:-286.35, theta1:23.097, theta2:13.669, e:3.706
t:46.82, r:-25.00, omega:-21.29, omega_m:-25.00, u:-286.54, theta1:23.101, theta2:13.665, e:3.706
t:46.83, r:-25.00, omega:-21.29, omega_m:-25.00, u:-286.73, theta1:23.105, theta2:13.660, e:3.706
t:46.84, r:-25.00, omega:-21.40, omega_m:-25.00, u:-285.49, theta1:23.108, theta2:13.656, e:3.602
t:46.85, r:-25.00, omega:-21.40, omega_m:-25.00, u:-285.67, theta1:23.112, theta2:13.652, e:3.602
t:46.86, r:-25.00, omega:-19.20, omega_m:-25.00, u:-315.97, theta1:23.118, theta2:13.645, e:5.801
t:46.87, r:-25.00, omega:-19.20, omega_m:-25.00, u:-316.24, theta1:23.124, theta2:13.639, e:5.801
t:46.88, r:-25.00, omega:-19.20, omega_m:-25.00, u:-316.51, theta1:23.130, theta2:13.633, e:5.801
t:46.89, r:-25.00, omega:-21.16, omega_m:-25.00, u:-289.99, theta1:23.134, theta2:13.628, e:3.842
t:46.90, r:-25.00, omega:-21.16, omega_m:-25.00, u:-290.19, theta1:23.137, theta2:13.624, e:3.842
t:46.91, r:-25.00, omega:-22.15, omega_m:-25.00, u:-276.82, theta1:23.140, theta2:13.620, e:2.849
t:46.92, r:-25.00, omega:-22.15, omega_m:-25.00, u:-276.97, theta1:23.143, theta2:13.616, e:2.849
t:46.93, r:-25.00, omega:-22.15, omega_m:-25.00, u:-277.12, theta1:23.146, theta2:13.613, e:2.849
t:46.94, r:-25.00, omega:-18.63, omega_m:-25.00, u:-325.39, theta1:23.153, theta2:13.606, e:6.374
t:46.95, r:-25.00, omega:-18.63, omega_m:-25.00, u:-325.68, theta1:23.159, theta2:13.599, e:6.374
t:46.96, r:-25.00, omega:-18.63, omega_m:-25.00, u:-325.97, theta1:23.166, theta2:13.592, e:6.374
t:46.97, r:-25.00, omega:-21.08, omega_m:-25.00, u:-292.77, theta1:23.170, theta2:13.588, e:3.917
t:46.98, r:-25.00, omega:-21.08, omega_m:-25.00, u:-292.97, theta1:23.174, theta2:13.583, e:3.917
t:46.99, r:-25.00, omega:-22.04, omega_m:-25.00, u:-280.13, theta1:23.177, theta2:13.580, e:2.960
t:47.00, r:-25.00, omega:-22.04, omega_m:-25.00, u:-280.28, theta1:23.180, theta2:13.576, e:2.960
t:47.01, r:0.00, omega:-21.66, omega_m:-9.20, u:0.00, theta1:23.177, theta2:13.588, e:-12.468
t:47.02, r:0.00, omega:-21.66, omega_m:-3.38, u:0.00, theta1:23.173, theta2:13.605, e:-18.282
t:47.03, r:0.00, omega:-21.66, omega_m:-1.24, u:0.00, theta1:23.168, theta2:13.624, e:-20.420
t:47.04, r:0.00, omega:-21.66, omega_m:-0.46, u:0.00, theta1:23.163, theta2:13.644, e:-21.207
t:47.05, r:0.00, omega:-21.66, omega_m:-0.17, u:0.00, theta1:23.158, theta2:13.665, e:-21.497
t:47.06, r:0.00, omega:-21.66, omega_m:-0.06, u:0.00, theta1:23.153, theta2:13.685, e:-21.603
t:47.07, r:0.00, omega:-21.66, omega_m:-0.02, u:0.00, theta1:23.148, theta2:13.706, e:-21.642
t:47.08, r:0.00, omega:-21.66, omega_m:-0.01, u:0.00, theta1:23.143, theta2:13.726, e:-21.657
t:47.09, r:0.00, omega:-21.66, omega_m:-0.00, u:0.00, theta1:23.138, theta2:13.747, e:-21.662
t:47.10, r:0.00, omega:-21.66, omega_m:-0.00, u:0.00, theta1:23.133, theta2:13.767, e:-21.664
t:47.11, r:0.00, omega:-21.66, omega_m:-0.00, u:0.00, theta1:23.128, theta2:13.788, e:-21.665
t:47.12, r:0.00, omega:-21.66, omega_m:-0.00, u:0.00, theta1:23.123, theta2:13.808, e:-21.665
t:47.13, r:0.00, omega:-21.66, omega_m:-0.00, u:0.00, theta1:23.118, theta2:13.829, e:-21.665
t:47.14, r:0.00, omega:-21.66, omega_m:-0.00, u:0.00, theta1:23.113, theta2:13.849, e:-21.665
t:47.15, r:0.00, omega:-21.66, omega_m:-0.00, u:0.00, theta1:23.108, theta2:13.870, e:-21.665
t:47.16, r:0.00, omega:-21.66, omega_m:-0.00, u:0.00, theta1:23.103, theta2:13.890, e:-21.665
t:47.17, r:0.00, omega:-21.66, omega_m:-0.00, u:0.00, theta1:23.098, theta2:13.910, e:-21.665
t:47.18, r:0.00, omega:-21.66, omega_m:-0.00, u:0.00, theta1:23.093, theta2:13.931, e:-21.665
t:47.19, r:0.00, omega:-21.66, omega_m:-0.00, u:0.00, theta1:23.088, theta2:13.951, e:-21.665
t:47.20, r:0.00, omega:-21.66, omega_m:-0.00, u:0.00, theta1:23.083, theta2:13.972, e:-21.665
t:47.21, r:0.00, omega:-21.66, omega_m:-0.00, u:0.00, theta1:23.078, theta2:13.992, e:-21.665
t:47.22, r:0.00, omega:-21.66, omega_m:-0.00, u:0.00, theta1:23.073, theta2:14.013, e:-21.665
t:47.23, r:0.00, omega:-21.66, omega_m:-0.00, u:0.00, theta1:23.068, theta2:14.033, e:-21.665
t:47.24, r:0.00, omega:-21.66, omega_m:-0.00, u:0.00, theta1:23.063, theta2:14.054, e:-21.665
t:47.25, r:0.00, omega:-21.66, omega_m:-0.00, u:0.00, theta1:23.058, theta2:14.074, e:-21.665
t:47.26, r:0.00, omega:-21.66, omega_m:-0.00, u:0.00, theta1:23.053, theta2:14.094, e:-21.665
t:47.27, r:0.00, omega:-21.66, omega_m:-0.00, u:0.00, theta1:23.048, theta2:14.115, e:-21.665
t:47.28, r:0.00, omega:-21.66, omega_m:-0.00, u:0.00, theta1:23.043, theta2:14.135, e:-21.665
t:47.29, r:0.00, omega:-21.66, omega_m:-0.00, u:0.00, theta1:23.038, theta2:14.156, e:-21.665
t:47.30, r:0.00, omega:-21.66, omega_m:-0.00, u:0.00, theta1:23.033, theta2:14.176, e:-21.665
t:47.31, r:0.00, omega:-21.66, omega_m:-0.00, u:0.00, theta1:23.028, theta2:14.196, e:-21.665
t:47.32, r:0.00, omega:-21.66, omega_m:-0.00, u:0.00, theta1:23.023, theta2:14.217, e:-21.665
t:47.33, r:0.00, omega:-21.66, omega_m:-0.00, u:0.00, theta1:23.018, theta2:14.237, e:-21.665
t:47.34, r:0.00, omega:-21.66, omega_m:-0.00, u:0.00, theta1:23.013, theta2:14.258, e:-21.665
t:47.35, r:0.00, omega:-21.66, omega_m:-0.00, u:0.00, theta1:23.008, theta2:14.278, e:-21.665
t:47.36, r:0.00, omega:-21.66, omega_m:-0.00, u:0.00, theta1:23.003, theta2:14.298, e:-21.665
t:47.37, r:0.00, omega:-21.66, omega_m:-0.00, u:0.00, theta1:22.998, theta2:14.319, e:-21.665
t:47.38, r:0.00, omega:-21.66, omega_m:-0.00, u:0.00, theta1:22.993, theta2:14.339, e:-21.665
t:47.39, r:0.00, omega:-21.66, omega_m:-0.00, u:0.00, theta1:22.988, theta2:14.359, e:-21.665
t:47.40, r:0.00, omega:-21.66, omega_m:-0.00, u:0.00, theta1:22.983, theta2:14.380, e:-21.665
t:47.41, r:0.00, omega:-21.66, omega_m:-0.00, u:0.00, theta1:22.978, theta2:14.400, e:-21.665
t:47.42, r:0.00, omega:-21.66, omega_m:-0.00, u:0.00, theta1:22.973, theta2:14.421, e:-21.665
t:47.43, r:0.00, omega:-21.66, omega_m:-0.00, u:0.00, theta1:22.968, theta2:14.441, e:-21.665
t:47.44, r:0.00, omega:-21.66, omega_m:-0.00, u:0.00, theta1:22.963, theta2:14.461, e:-21.665
t:47.45, r:0.00, omega:-21.66, omega_m:-0.00, u:0.00, theta1:22.958, theta2:14.482, e:-21.665
t:47.46, r:0.00, omega:-21.66, omega_m:-0.00, u:0.00, theta1:22.953, theta2:14.502, e:-21.665
t:47.47, r:0.00, omega:-21.66, omega_m:-0.00, u:0.00, theta1:22.948, theta2:14.522, e:-21.665
t:47.48, r:0.00, omega:-21.66, omega_m:-0.00, u:0.00, theta1:22.943, theta2:14.543, e:-21.665
t:47.49, r:0.00, omega:-21.66, omega_m:-0.00, u:0.00, theta1:22.938, theta2:14.563, e:-21.665
t:47.50, r:0.00, omega:-21.66, omega_m:-0.00, u:0.00, theta1:22.933, theta2:14.583, e:-21.665
t:47.51, r:0.00, omega:0.00, omega_m:-0.00, u:0.00, theta1:22.933, theta2:14.583, e:0.000
t:47.52, r:0.00, omega:0.00, omega_m:-0.00, u:0.00, theta1:22.933, theta2:14.583, e:0.000
t:47.53, r:0.00, omega:0.00, omega_m:-0.00, u:0.00, theta1:22.933, theta2:14.583, e:0.000
t:47.54, r:0.00, omega:0.00, omega_m:-0.00, u:0.00, theta1:22.933, theta2:14.583, e:0.000
t:47.55, r:0.00, omega:0.00, omega_m:-0.00, u:0.00, theta1:22.933, theta2:14.583, e:0.000
t:47.56, r:0.00, omega:0.00, omega_m:-0.00, u:0.00, theta1:22.933, theta2:14.583, e:0.000
t:47.57, r:0.00, omega:0.00, omega_m:-0.00, u:0.00, theta1:22.933, theta2:14.583, e:0.000
t:47.58, r:0.00, omega:0.00, omega_m:-0.00, u:0.00, theta1:22.933, theta2:14.583, e:0.000
t:47.59, r:0.00, omega:0.00, omega_m:-0.00, u:0.00, theta1:22.933, theta2:14.583, e:0.000
t:47.60, r:0.00, omega:0.00, omega_m:-0.00, u:0.00, theta1:22.933, theta2:14.583, e:0.000
t:47.61, r:0.00, omega:0.00, omega_m:-0.00, u:0.00, theta1:22.933, theta2:14.583, e:0.000
t:47.62, r:0.00, omega:0.00, omega_m:-0.00, u:0.00, theta1:22.933, theta2:14.583, e:0.000
t:47.63, r:0.00, omega:0.00, omega_m:-0.00, u:0.00, theta1:22.933, theta2:14.583, e:0.000
t:47.64, r:0.00, omega:0.00, omega_m:-0.00, u:0.00, theta1:22.933, theta2:14.583, e:0.000
t:47.65, r:0.00, omega:0.00, omega_m:-0.00, u:0.00, theta1:22.933, theta2:14.583, e:0.000
t:47.66, r:0.00, omega:0.00, omega_m:-0.00, u:0.00, theta1:22.933, theta2:14.583, e:0.000
t:47.67, r:0.00, omega:0.00, omega_m:-0.00, u:0.00, theta1:22.933, theta2:14.583, e:0.000
t:47.68, r:0.00, omega:0.00, omega_m:-0.00, u:0.00, theta1:22.933, theta2:14.583, e:0.000
t:47.69, r:0.00, omega:0.00, omega_m:-0.00, u:0.00, theta1:22.933, theta2:14.583, e:0.000
t:47.70, r:0.00, omega:0.00, omega_m:-0.00, u:0.00, theta1:22.933, theta2:14.583, e:0.000
t:47.71, r:0.00, omega:0.00, omega_m:-0.00, u:0.00, theta1:22.933, theta2:14.583, e:0.000
t:47.72, r:0.00, omega:0.00, omega_m:-0.00, u:0.00, theta1:22.933, theta2:14.583, e:0.000
t:47.73, r:0.00, omega:0.00, omega_m:-0.00, u:0.00, theta1:22.933, theta2:14.583, e:0.000
t:47.74, r:0.00, omega:0.00, omega_m:-0.00, u:0.00, theta1:22.933, theta2:14.583, e:0.000
t:47.75, r:0.00, omega:0.00, omega_m:-0.00, u:0.00, theta1:22.933, theta2:14.583, e:0.000
t:47.76, r:0.00, omega:0.00, omega_m:-0.00, u:0.00, theta1:22.933, theta2:14.583, e:0.000
t:47.77, r:0.00, omega:0.00, omega_m:-0.00, u:0.00, theta1:22.933, theta2:14.583, e:0.000
t:47.78, r:0.00, omega:0.00, omega_m:-0.00, u:0.00, theta1:22.933, theta2:14.583, e:0.000
t:47.79, r:0.00, omega:0.00, omega_m:-0.00, u:0.00, theta1:22.933, theta2:14.583, e:0.000
t:47.80, r:0.00, omega:0.00, omega_m:-0.00, u:0.00, theta1:22.933, theta2:14.583, e:0.000
t:47.81, r:0.00, omega:0.00, omega_m:-0.00, u:0.00, theta1:22.933, theta2:14.583, e:0.000
t:47.82, r:0.00, omega:0.00, omega_m:-0.00, u:0.00, theta1:22.933, theta2:14.583, e:0.000
t:47.83, r:0.00, omega:0.00, omega_m:-0.00, u:0.00, theta1:22.933, theta2:14.583, e:0.000
t:47.84, r:0.00, omega:0.00, omega_m:-0.00, u:0.00, theta1:22.933, theta2:14.583, e:0.000
t:47.85, r:0.00, omega:0.00, omega_m:-0.00, u:0.00, theta1:22.933, theta2:14.583, e:0.000
t:47.86, r:0.00, omega:0.00, omega_m:-0.00, u:0.00, theta1:22.933, theta2:14.583, e:0.000
t:47.87, r:0.00, omega:0.00, omega_m:-0.00, u:0.00, theta1:22.933, theta2:14.583, e:0.000
t:47.88, r:0.00, omega:0.00, omega_m:-0.00, u:0.00, theta1:22.933, theta2:14.583, e:0.000
t:47.89, r:0.00, omega:0.00, omega_m:-0.00, u:0.00, theta1:22.933, theta2:14.583, e:0.000
t:47.90, r:0.00, omega:0.00, omega_m:-0.00, u:0.00, theta1:22.933, theta2:14.583, e:0.000
t:47.91, r:0.00, omega:0.00, omega_m:-0.00, u:0.00, theta1:22.933, theta2:14.583, e:0.000
t:47.92, r:0.00, omega:0.00, omega_m:-0.00, u:0.00, theta1:22.933, theta2:14.583, e:0.000
t:47.93, r:0.00, omega:0.00, omega_m:-0.00, u:0.00, theta1:22.933, theta2:14.583, e:0.000
t:47.94, r:0.00, omega:0.00, omega_m:-0.00, u:0.00, theta1:22.933, theta2:14.583, e:0.000
t:47.95, r:0.00, omega:0.00, omega_m:-0.00, u:0.00, theta1:22.933, theta2:14.583, e:0.000
t:47.96, r:0.00, omega:0.00, omega_m:-0.00, u:0.00, theta1:22.933, theta2:14.583, e:0.000
t:47.97, r:0.00, omega:0.00, omega_m:-0.00, u:0.00, theta1:22.933, theta2:14.583, e:0.000
t:47.98, r:0.00, omega:0.00, omega_m:-0.00, u:0.00, theta1:22.933, theta2:14.583, e:0.000
t:47.99, r:0.00, omega:0.00, omega_m:-0.00, u:0.00, theta1:22.933, theta2:14.583, e:0.000
t:48.00, r:0.00, omega:0.00, omega_m:-0.00, u:0.00, theta1:22.933, theta2:14.583, e:0.000
t:48.01, r:25.00, omega:0.00, omega_m:15.80, u:573.73, theta1:22.949, theta2:14.581, e:-15.803
t:48.02, r:25.00, omega:0.00, omega_m:21.62, u:574.29, theta1:22.971, theta2:14.578, e:-21.617
t:48.03, r:25.00, omega:0.00, omega_m:23.76, u:574.89, theta1:22.996, theta2:14.574, e:-23.755
t:48.04, r:25.00, omega:0.51, omega_m:24.54, u:568.03, theta1:23.020, theta2:14.570, e:-24.029
t:48.05, r:25.00, omega:27.29, omega_m:24.83, u:177.77, theta1:23.017, theta2:14.573, e:2.455
t:48.06, r:25.00, omega:27.29, omega_m:24.94, u:177.60, theta1:23.013, theta2:14.576, e:2.348
t:48.07, r:25.00, omega:30.37, omega_m:24.98, u:132.21, theta1:23.005, theta2:14.583, e:5.394
t:48.08, r:25.00, omega:30.37, omega_m:24.99, u:131.79, theta1:22.997, theta2:14.591, e:5.380
t:48.09, r:25.00, omega:30.37, omega_m:25.00, u:131.37, theta1:22.989, theta2:14.598, e:5.374
t:48.10, r:25.00, omega:17.41, omega_m:25.00, u:320.83, theta1:22.997, theta2:14.590, e:-7.584
t:48.11, r:25.00, omega:17.41, omega_m:25.00, u:321.16, theta1:23.005, theta2:14.583, e:-7.585
t:48.12, r:25.00, omega:17.41, omega_m:25.00, u:321.49, theta1:23.012, theta2:14.575, e:-7.585
t:48.13, r:25.00, omega:17.41, omega_m:25.00, u:321.81, theta1:23.020, theta2:14.567, e:-7.585
t:48.14, r:25.00, omega:15.43, omega_m:25.00, u:351.15, theta1:23.030, theta2:14.559, e:-9.573
t:48.15, r:25.00, omega:15.43, omega_m:25.00, u:351.53, theta1:23.040, theta2:14.550, e:-9.573
t:48.16, r:25.00, omega:19.72, omega_m:25.00, u:289.37, theta1:23.045, theta2:14.544, e:-5.283
t:48.17, r:25.00, omega:19.72, omega_m:25.00, u:289.62, theta1:23.050, theta2:14.538, e:-5.283
t:48.18, r:25.00, omega:19.72, omega_m:25.00, u:289.87, theta1:23.056, theta2:14.532, e:-5.283
t:48.19, r:25.00, omega:22.63, omega_m:25.00, u:247.62, theta1:23.058, theta2:14.529, e:-2.367
t:48.20, r:25.00, omega:22.63, omega_m:25.00, u:247.75, theta1:23.061, theta2:14.526, e:-2.367
t:48.21, r:25.00, omega:20.75, omega_m:25.00, u:275.38, theta1:23.065, theta2:14.521, e:-4.254
t:48.22, r:25.00, omega:20.75, omega_m:25.00, u:275.60, theta1:23.069, theta2:14.516, e:-4.254
t:48.23, r:25.00, omega:20.75, omega_m:25.00, u:275.81, theta1:23.074, theta2:14.511, e:-4.254
t:48.24, r:25.00, omega:17.43, omega_m:25.00, u:324.20, theta1:23.081, theta2:14.503, e:-7.566
t:48.25, r:25.00, omega:17.43, omega_m:25.00, u:324.52, theta1:23.089, theta2:14.495, e:-7.566
t:48.26, r:25.00, omega:17.43, omega_m:25.00, u:324.85, theta1:23.097, theta2:14.488, e:-7.566
t:48.27, r:25.00, omega:19.18, omega_m:25.00, u:299.84, theta1:23.103, theta2:14.481, e:-5.821
t:48.28, r:25.00, omega:19.18, omega_m:25.00, u:300.11, theta1:23.109, theta2:14.475, e:-5.821
t:48.29, r:25.00, omega:22.46, omega_m:25.00, u:252.74, theta1:23.111, theta2:14.472, e:-2.540
t:48.30, r:25.00, omega:22.46, omega_m:25.00, u:252.88, theta1:23.114, theta2:14.468, e:-2.540
t:48.31, r:25.00, omega:22.46, omega_m:25.00, u:253.02, theta1:23.116, theta2:14.465, e:-2.540
t:48.32, r:25.00, omega:19.65, omega_m:25.00, u:293.91, theta1:23.122, theta2:14.459, e:-5.349
t:48.33, r:25.00, omega:19.65, omega_m:25.00, u:294.17, theta1:23.127, theta2:14.453, e:-5.349
t:48.34, r:25.00, omega:19.65, omega_m:25.00, u:294.42, theta1:23.133, theta2:14.447, e:-5.349
t:48.35, r:25.00, omega:18.05, omega_m:25.00, u:317.91, theta1:23.140, theta2:14.440, e:-6.954
t:48.36, r:25.00, omega:18.05, omega_m:25.00, u:318.22, theta1:23.147, theta2:14.432, e:-6.954
t:48.37, r:25.00, omega:20.65, omega_m:25.00, u:280.80, theta1:23.151, theta2:14.427, e:-4.346
t:48.38, r:25.00, omega:20.65, omega_m:25.00, u:281.02, theta1:23.156, theta2:14.422, e:-4.346
t:48.39, r:25.00, omega:20.65, omega_m:25.00, u:281.23, theta1:23.160, theta2:14.417, e:-4.346
t:48.40, r:25.00, omega:20.70, omega_m:25.00, u:280.78, theta1:23.165, theta2:14.412, e:-4.299
t:48.41, r:25.00, omega:20.70, omega_m:25.00, u:280.99, theta1:23.169, theta2:14.407, e:-4.299
t:48.42, r:25.00, omega:20.70, omega_m:25.00, u:281.21, theta1:23.173, theta2:14.402, e:-4.299
t:48.43, r:25.00, omega:18.59, omega_m:25.00, u:311.89, theta1:23.180, theta2:14.395, e:-6.410
t:48.44, r:25.00, omega:18.59, omega_m:25.00, u:312.18, theta1:23.186, theta2:14.388, e:-6.410
t:48.45, r:25.00, omega:20.98, omega_m:25.00, u:278.02, theta1:23.190, theta2:14.383, e:-4.022
t:48.46, r:25.00, omega:20.98, omega_m:25.00, u:278.23, theta1:23.195, theta2:14.379, e:-4.022
t:48.47, r:25.00, omega:20.98, omega_m:25.00, u:278.43, theta1:23.199, theta2:14.374, e:-4.022
t:48.48, r:25.00, omega:20.58, omega_m:25.00, u:284.34, theta1:23.203, theta2:14.369, e:-4.417
t:48.49, r:25.00, omega:20.58, omega_m:25.00, u:284.56, theta1:23.208, theta2:14.363, e:-4.417
t:48.50, r:25.00, omega:18.35, omega_m:25.00, u:316.98, theta1:23.214, theta2:14.356, e:-6.654
t:48.51, r:25.00, omega:18.35, omega_m:25.00, u:317.28, theta1:23.221, theta2:14.349, e:-6.654
t:48.52, r:25.00, omega:18.35, omega_m:25.00, u:317.58, theta1:23.228, theta2:14.342, e:-6.654
t:48.53, r:25.00, omega:20.49, omega_m:25.00, u:287.12, theta1:23.233, theta2:14.337, e:-4.515
t:48.54, r:25.00, omega:20.49, omega_m:25.00, u:287.34, theta1:23.237, theta2:14.332, e:-4.515
t:48.55, r:25.00, omega:21.62, omega_m:25.00, u:271.26, theta1:23.241, theta2:14.327, e:-3.381
t:48.56, r:25.00, omega:21.62, omega_m:25.00, u:271.44, theta1:23.244, theta2:14.323, e:-3.381
t:48.57, r:25.00, omega:21.62, omega_m:25.00, u:271.62, theta1:23.247, theta2:14.319, e:-3.381
t:48.58, r:25.00, omega:19.58, omega_m:25.00, u:301.12, theta1:23.253, theta2:14.313, e:-5.423
t:48.59, r:25.00, omega:19.58, omega_m:25.00, u:301.38, theta1:23.259, theta2:14.307, e:-5.423
t:48.60, r:25.00, omega:19.58, omega_m:25.00, u:301.64, theta1:23.264, theta2:14.301, e:-5.423
t:48.61, r:25.00, omega:19.00, omega_m:25.00, u:310.23, theta1:23.270, theta2:14.294, e:-6.005
t:48.62, r:25.00, omega:19.00, omega_m:25.00, u:310.51, theta1:23.276, theta2:14.288, e:-6.005
t:48.63, r:25.00, omega:21.66, omega_m:25.00, u:272.60, theta1:23.280, theta2:14.284, e:-3.340
t:48.64, r:25.00, omega:21.66, omega_m:25.00, u:272.77, theta1:23.283, theta2:14.280, e:-3.340
t:48.65, r:25.00, omega:21.66, omega_m:25.00, u:272.95, theta1:23.286, theta2:14.276, e:-3.340
t:48.66, r:25.00, omega:20.07, omega_m:25.00, u:295.92, theta1:23.291, theta2:14.270, e:-4.932
t:48.67, r:25.00, omega:20.07, omega_m:25.00, u:296.15, theta1:23.296, theta2:14.264, e:-4.932
t:48.68, r:25.00, omega:20.07, omega_m:25.00, u:296.39, theta1:23.301, theta2:14.259, e:-4.932
t:48.69, r:25.00, omega:18.93, omega_m:25.00, u:312.86, theta1:23.308, theta2:14.252, e:-6.067
t:48.70, r:25.00, omega:18.93, omega_m:25.00, u:313.13, theta1:23.314, theta2:14.245, e:-6.067
t:48.71, r:25.00, omega:20.78, omega_m:25.00, u:287.08, theta1:23.318, theta2:14.240, e:-4.223
t:48.72, r:25.00, omega:20.78, omega_m:25.00, u:287.29, theta1:23.322, theta2:14.235, e:-4.223
t:48.73, r:25.00, omega:20.78, omega_m:25.00, u:287.50, theta1:23.327, theta2:14.230, e:-4.223
t:48.74, r:25.00, omega:21.70, omega_m:25.00, u:274.51, theta1:23.330, theta2:14.226, e:-3.298
t:48.75, r:25.00, omega:21.70, omega_m:25.00, u:274.69, theta1:23.333, theta2:14.222, e:-3.298
t:48.76, r:25.00, omega:19.54, omega_m:25.00, u:305.65, theta1:23.339, theta2:14.216, e:-5.457
t:48.77, r:25.00, omega:19.54, omega_m:25.00, u:305.90, theta1:23.345, theta2:14.210, e:-5.457
t:48.78, r:25.00, omega:19.54, omega_m:25.00, u:306.16, theta1:23.350, theta2:14.204, e:-5.457
t:48.79, r:25.00, omega:19.75, omega_m:25.00, u:303.43, theta1:23.355, theta2:14.198, e:-5.247
t:48.80, r:25.00, omega:19.75, omega_m:25.00, u:303.68, theta1:23.361, theta2:14.192, e:-5.247
t:48.81, r:25.00, omega:21.20, omega_m:25.00, u:283.37, theta1:23.365, theta2:14.188, e:-3.803
t:48.82, r:25.00, omega:21.20, omega_m:25.00, u:283.57, theta1:23.368, theta2:14.183, e:-3.803
t:48.83, r:25.00, omega:21.20, omega_m:25.00, u:283.76, theta1:23.372, theta2:14.178, e:-3.803
t:48.84, r:25.00, omega:19.16, omega_m:25.00, u:312.95, theta1:23.378, theta2:14.172, e:-5.842
t:48.85, r:25.00, omega:19.16, omega_m:25.00, u:313.23, theta1:23.384, theta2:14.166, e:-5.842
t:48.86, r:25.00, omega:19.16, omega_m:25.00, u:313.50, theta1:23.390, theta2:14.159, e:-5.842
t:48.87, r:25.00, omega:21.85, omega_m:25.00, u:275.54, theta1:23.393, theta2:14.155, e:-3.150
t:48.88, r:25.00, omega:21.85, omega_m:25.00, u:275.70, theta1:23.397, theta2:14.151, e:-3.150
t:48.89, r:25.00, omega:19.65, omega_m:25.00, u:307.13, theta1:23.402, theta2:14.145, e:-5.353
t:48.90, r:25.00, omega:19.65, omega_m:25.00, u:307.39, theta1:23.407, theta2:14.139, e:-5.353
t:48.91, r:25.00, omega:19.65, omega_m:25.00, u:307.64, theta1:23.413, theta2:14.133, e:-5.353
t:48.92, r:25.00, omega:19.78, omega_m:25.00, u:306.01, theta1:23.418, theta2:14.127, e:-5.220
t:48.93, r:25.00, omega:19.78, omega_m:25.00, u:306.26, theta1:23.423, theta2:14.122, e:-5.220
t:48.94, r:25.00, omega:21.77, omega_m:25.00, u:278.36, theta1:23.427, theta2:14.118, e:-3.232
t:48.95, r:25.00, omega:21.77, omega_m:25.00, u:278.53, theta1:23.430, theta2:14.114, e:-3.232
t:48.96, r:25.00, omega:21.77, omega_m:25.00, u:278.70, theta1:23.433, theta2:14.110, e:-3.232
t:48.97, r:25.00, omega:20.26, omega_m:25.00, u:300.18, theta1:23.438, theta2:14.104, e:-4.738
t:48.98, r:25.00, omega:20.26, omega_m:25.00, u:300.41, theta1:23.443, theta2:14.099, e:-4.738
t:48.99, r:25.00, omega:20.26, omega_m:25.00, u:300.64, theta1:23.448, theta2:14.093, e:-4.738
t:49.00, r:25.00, omega:19.23, omega_m:25.00, u:315.40, theta1:23.454, theta2:14.087, e:-5.766
t:49.01, r:0.00, omega:19.23, omega_m:9.20, u:0.00, theta1:23.451, theta2:14.095, e:10.037
t:49.02, r:0.00, omega:20.71, omega_m:3.38, u:0.00, theta1:23.447, theta2:14.111, e:17.322
t:49.03, r:0.00, omega:20.71, omega_m:1.24, u:0.00, theta1:23.443, theta2:14.128, e:19.461
t:49.04, r:0.00, omega:20.71, omega_m:0.46, u:0.00, theta1:23.438, theta2:14.146, e:20.248
t:49.05, r:0.00, omega:20.71, omega_m:0.17, u:0.00, theta1:23.433, theta2:14.164, e:20.537
t:49.06, r:0.00, omega:20.71, omega_m:0.06, u:0.00, theta1:23.428, theta2:14.183, e:20.643
t:49.07, r:0.00, omega:20.71, omega_m:0.02, u:0.00, theta1:23.423, theta2:14.201, e:20.683
t:49.08, r:0.00, omega:20.71, omega_m:0.01, u:0.00, theta1:23.419, theta2:14.220, e:20.697
t:49.09, r:0.00, omega:20.71, omega_m:0.00, u:0.00, theta1:23.414, theta2:14.238, e:20.702
t:49.10, r:0.00, omega:20.71, omega_m:0.00, u:0.00, theta1:23.409, theta2:14.257, e:20.704
t:49.11, r:0.00, omega:20.71, omega_m:0.00, u:0.00, theta1:23.404, theta2:14.275, e:20.705
t:49.12, r:0.00, omega:20.71, omega_m:0.00, u:0.00, theta1:23.399, theta2:14.294, e:20.705
t:49.13, r:0.00, omega:20.71, omega_m:0.00, u:0.00, theta1:23.394, theta2:14.312, e:20.705
t:49.14, r:0.00, omega:20.71, omega_m:0.00, u:0.00, theta1:23.389, theta2:14.331, e:20.705
t:49.15, r:0.00, omega:20.71, omega_m:0.00, u:0.00, theta1:23.385, theta2:14.349, e:20.705
t:49.16, r:0.00, omega:20.71, omega_m:0.00, u:0.00, theta1:23.380, theta2:14.368, e:20.705
t:49.17, r:0.00, omega:20.71, omega_m:0.00, u:0.00, theta1:23.375, theta2:14.386, e:20.705
t:49.18, r:0.00, omega:20.71, omega_m:0.00, u:0.00, theta1:23.370, theta2:14.405, e:20.705
t:49.19, r:0.00, omega:20.71, omega_m:0.00, u:0.00, theta1:23.365, theta2:14.423, e:20.705
t:49.20, r:0.00, omega:20.71, omega_m:0.00, u:0.00, theta1:23.360, theta2:14.441, e:20.705
t:49.21, r:0.00, omega:20.71, omega_m:0.00, u:0.00, theta1:23.356, theta2:14.460, e:20.705
t:49.22, r:0.00, omega:20.71, omega_m:0.00, u:0.00, theta1:23.351, theta2:14.478, e:20.705
t:49.23, r:0.00, omega:20.71, omega_m:0.00, u:0.00, theta1:23.346, theta2:14.497, e:20.705
t:49.24, r:0.00, omega:20.71, omega_m:0.00, u:0.00, theta1:23.341, theta2:14.515, e:20.705
t:49.25, r:0.00, omega:20.71, omega_m:0.00, u:0.00, theta1:23.336, theta2:14.534, e:20.705
t:49.26, r:0.00, omega:20.71, omega_m:0.00, u:0.00, theta1:23.331, theta2:14.552, e:20.705
t:49.27, r:0.00, omega:20.71, omega_m:0.00, u:0.00, theta1:23.327, theta2:14.571, e:20.705
t:49.28, r:0.00, omega:20.71, omega_m:0.00, u:0.00, theta1:23.322, theta2:14.589, e:20.705
t:49.29, r:0.00, omega:20.71, omega_m:0.00, u:0.00, theta1:23.317, theta2:14.607, e:20.705
t:49.30, r:0.00, omega:20.71, omega_m:0.00, u:0.00, theta1:23.312, theta2:14.626, e:20.705
t:49.31, r:0.00, omega:20.71, omega_m:0.00, u:0.00, theta1:23.307, theta2:14.644, e:20.705
t:49.32, r:0.00, omega:20.71, omega_m:0.00, u:0.00, theta1:23.302, theta2:14.663, e:20.705
t:49.33, r:0.00, omega:20.71, omega_m:0.00, u:0.00, theta1:23.298, theta2:14.681, e:20.705
t:49.34, r:0.00, omega:20.71, omega_m:0.00, u:0.00, theta1:23.293, theta2:14.699, e:20.705
t:49.35, r:0.00, omega:20.71, omega_m:0.00, u:0.00, theta1:23.288, theta2:14.718, e:20.705
t:49.36, r:0.00, omega:20.71, omega_m:0.00, u:0.00, theta1:23.283, theta2:14.736, e:20.705
t:49.37, r:0.00, omega:20.71, omega_m:0.00, u:0.00, theta1:23.278, theta2:14.755, e:20.705
t:49.38, r:0.00, omega:20.71, omega_m:0.00, u:0.00, theta1:23.274, theta2:14.773, e:20.705
t:49.39, r:0.00, omega:20.71, omega_m:0.00, u:0.00, theta1:23.269, theta2:14.791, e:20.705
t:49.40, r:0.00, omega:20.71, omega_m:0.00, u:0.00, theta1:23.264, theta2:14.810, e:20.705
t:49.41, r:0.00, omega:20.71, omega_m:0.00, u:0.00, theta1:23.259, theta2:14.828, e:20.705
t:49.42, r:0.00, omega:20.71, omega_m:0.00, u:0.00, theta1:23.254, theta2:14.846, e:20.705
t:49.43, r:0.00, omega:20.71, omega_m:0.00, u:0.00, theta1:23.249, theta2:14.865, e:20.705
t:49.44, r:0.00, omega:20.71, omega_m:0.00, u:0.00, theta1:23.245, theta2:14.883, e:20.705
t:49.45, r:0.00, omega:20.71, omega_m:0.00, u:0.00, theta1:23.240, theta2:14.901, e:20.705
t:49.46, r:0.00, omega:20.71, omega_m:0.00, u:0.00, theta1:23.235, theta2:14.920, e:20.705
t:49.47, r:0.00, omega:20.71, omega_m:0.00, u:0.00, theta1:23.230, theta2:14.938, e:20.705
t:49.48, r:0.00, omega:20.71, omega_m:0.00, u:0.00, theta1:23.225, theta2:14.957, e:20.705
t:49.49, r:0.00, omega:20.71, omega_m:0.00, u:0.00, theta1:23.221, theta2:14.975, e:20.705
t:49.50, r:0.00, omega:20.71, omega_m:0.00, u:0.00, theta1:23.216, theta2:14.993, e:20.705
t:49.51, r:0.00, omega:20.71, omega_m:0.00, u:0.00, theta1:23.211, theta2:15.012, e:20.705
t:49.52, r:0.00, omega:0.00, omega_m:0.00, u:0.00, theta1:23.211, theta2:15.012, e:-0.000
t:49.53, r:0.00, omega:0.00, omega_m:0.00, u:0.00, theta1:23.211, theta2:15.012, e:-0.000
t:49.54, r:0.00, omega:0.00, omega_m:0.00, u:0.00, theta1:23.211, theta2:15.012, e:-0.000
t:49.55, r:0.00, omega:0.00, omega_m:0.00, u:0.00, theta1:23.211, theta2:15.012, e:-0.000
t:49.56, r:0.00, omega:0.00, omega_m:0.00, u:0.00, theta1:23.211, theta2:15.012, e:-0.000
t:49.57, r:0.00, omega:0.00, omega_m:0.00, u:0.00, theta1:23.211, theta2:15.012, e:-0.000
t:49.58, r:0.00, omega:0.00, omega_m:0.00, u:0.00, theta1:23.211, theta2:15.012, e:-0.000
t:49.59, r:0.00, omega:0.00, omega_m:0.00, u:0.00, theta1:23.211, theta2:15.012, e:-0.000
t:49.60, r:0.00, omega:0.00, omega_m:0.00, u:0.00, theta1:23.211, theta2:15.012, e:-0.000
t:49.61, r:0.00, omega:0.00, omega_m:0.00, u:0.00, theta1:23.211, theta2:15.012, e:-0.000
t:49.62, r:0.00, omega:0.00, omega_m:0.00, u:0.00, theta1:23.211, theta2:15.012, e:-0.000
t:49.63, r:0.00, omega:0.00, omega_m:0.00, u:0.00, theta1:23.211, theta2:15.012, e:-0.000
t:49.64, r:0.00, omega:0.00, omega_m:0.00, u:0.00, theta1:23.211, theta2:15.012, e:-0.000
t:49.65, r:0.00, omega:0.00, omega_m:0.00, u:0.00, theta1:23.211, theta2:15.012, e:-0.000
t:49.66, r:0.00, omega:0.00, omega_m:0.00, u:0.00, theta1:23.211, theta2:15.012, e:-0.000
t:49.67, r:0.00, omega:0.00, omega_m:0.00, u:0.00, theta1:23.211, theta2:15.012, e:-0.000
t:49.68, r:0.00, omega:0.00, omega_m:0.00, u:0.00, theta1:23.211, theta2:15.012, e:-0.000
t:49.69, r:0.00, omega:0.00, omega_m:0.00, u:0.00, theta1:23.211, theta2:15.012, e:-0.000
t:49.70, r:0.00, omega:0.00, omega_m:0.00, u:0.00, theta1:23.211, theta2:15.012, e:-0.000
t:49.71, r:0.00, omega:0.00, omega_m:0.00, u:0.00, theta1:23.211, theta2:15.012, e:-0.000
t:49.72, r:0.00, omega:0.00, omega_m:0.00, u:0.00, theta1:23.211, theta2:15.012, e:-0.000
t:49.73, r:0.00, omega:0.00, omega_m:0.00, u:0.00, theta1:23.211, theta2:15.012, e:-0.000
t:49.74, r:0.00, omega:0.00, omega_m:0.00, u:0.00, theta1:23.211, theta2:15.012, e:-0.000
t:49.75, r:0.00, omega:0.00, omega_m:0.00, u:0.00, theta1:23.211, theta2:15.012, e:-0.000
t:49.76, r:0.00, omega:0.00, omega_m:0.00, u:0.00, theta1:23.211, theta2:15.012, e:-0.000
t:49.77, r:0.00, omega:0.00, omega_m:0.00, u:0.00, theta1:23.211, theta2:15.012, e:-0.000
t:49.78, r:0.00, omega:0.00, omega_m:0.00, u:0.00, theta1:23.211, theta2:15.012, e:-0.000
t:49.79, r:0.00, omega:0.00, omega_m:0.00, u:0.00, theta1:23.211, theta2:15.012, e:-0.000
t:49.80, r:0.00, omega:0.00, omega_m:0.00, u:0.00, theta1:23.211, theta2:15.012, e:-0.000
t:49.81, r:0.00, omega:0.00, omega_m:0.00, u:0.00, theta1:23.211, theta2:15.012, e:-0.000
t:49.82, r:0.00, omega:0.00, omega_m:0.00, u:0.00, theta1:23.211, theta2:15.012, e:-0.000
t:49.83, r:0.00, omega:0.00, omega_m:0.00, u:0.00, theta1:23.211, theta2:15.012, e:-0.000
t:49.84, r:0.00, omega:0.00, omega_m:0.00, u:0.00, theta1:23.211, theta2:15.012, e:-0.000
t:49.85, r:0.00, omega:0.00, omega_m:0.00, u:0.00, theta1:23.211, theta2:15.012, e:-0.000
t:49.86, r:0.00, omega:0.00, omega_m:0.00, u:0.00, theta1:23.211, theta2:15.012, e:-0.000
t:49.87, r:0.00, omega:0.00, omega_m:0.00, u:0.00, theta1:23.211, theta2:15.012, e:-0.000
t:49.88, r:0.00, omega:0.00, omega_m:0.00, u:0.00, theta1:23.211, theta2:15.012, e:-0.000
t:49.89, r:0.00, omega:0.00, omega_m:0.00, u:0.00, theta1:23.211, theta2:15.012, e:-0.000
t:49.90, r:0.00, omega:0.00, omega_m:0.00, u:0.00, theta1:23.211, theta2:15.012, e:-0.000
t:49.91, r:0.00, omega:0.00, omega_m:0.00, u:0.00, theta1:23.211, theta2:15.012, e:-0.000
t:49.92, r:0.00, omega:0.00, omega_m:0.00, u:0.00, theta1:23.211, theta2:15.012, e:-0.000
t:49.93, r:0.00, omega:0.00, omega_m:0.00, u:0.00, theta1:23.211, theta2:15.012, e:-0.000
t:49.94, r:0.00, omega:0.00, omega_m:0.00, u:0.00, theta1:23.211, theta2:15.012, e:-0.000
t:49.95, r:0.00, omega:0.00, omega_m:0.00, u:0.00, theta1:23.211, theta2:15.012, e:-0.000
t:49.96, r:0.00, omega:0.00, omega_m:0.00, u:0.00, theta1:23.211, theta2:15.012, e:-0.000
t:49.97, r:0.00, omega:0.00, omega_m:0.00, u:0.00, theta1:23.211, theta2:15.012, e:-0.000
t:49.98, r:0.00, omega:0.00, omega_m:0.00, u:0.00, theta1:23.211, theta2:15.012, e:-0.000
t:49.99, r:0.00, omega:0.00, omega_m:0.00, u:0.00, theta1:23.211, theta2:15.012, e:-0.000
t:50.00, r:0.00, omega:0.00, omega_m:0.00, u:0.00, theta1:23.211, theta2:15.012, e:-0.000
t:50.01, r:-25.00, omega:0.00, omega_m:-15.80, u:-580.68, theta1:23.227, theta2:15.009, e:15.803
t:50.02, r:-25.00, omega:-0.52, omega_m:-21.62, u:-573.38, theta1:23.248, theta2:15.005, e:21.095
t:50.03, r:-25.00, omega:-0.52, omega_m:-23.76, u:-573.97, theta1:23.272, theta2:15.001, e:23.233
t:50.04, r:-25.00, omega:-0.52, omega_m:-24.54, u:-574.59, theta1:23.297, theta2:14.997, e:24.020
t:50.05, r:-25.00, omega:-21.91, omega_m:-24.83, u:-253.93, theta1:23.300, theta2:14.993, e:2.918
t:50.06, r:-25.00, omega:-33.12, omega_m:-24.94, u:-85.22, theta1:23.287, theta2:15.006, e:-8.180
t:50.07, r:-25.00, omega:-33.12, omega_m:-24.98, u:-84.51, theta1:23.275, theta2:15.018, e:-8.141
t:50.08, r:-25.00, omega:-33.12, omega_m:-24.99, u:-83.81, theta1:23.263, theta2:15.030, e:-8.127
t:50.09, r:-25.00, omega:-20.41, omega_m:-25.00, u:-275.03, theta1:23.268, theta2:15.025, e:4.586
t:50.10, r:-25.00, omega:-20.41, omega_m:-25.00, u:-275.25, theta1:23.273, theta2:15.020, e:4.588
t:50.11, r:-25.00, omega:-20.41, omega_m:-25.00, u:-275.48, theta1:23.277, theta2:15.014, e:4.589
t:50.12, r:-25.00, omega:-20.41, omega_m:-25.00, u:-275.71, theta1:23.282, theta2:15.009, e:4.589
t:50.13, r:-25.00, omega:-14.54, omega_m:-25.00, u:-364.22, theta1:23.293, theta2:15.000, e:10.460
t:50.14, r:-25.00, omega:-14.54, omega_m:-25.00, u:-364.62, theta1:23.303, theta2:14.990, e:10.460
t:50.15, r:-25.00, omega:-18.09, omega_m:-25.00, u:-311.76, theta1:23.310, theta2:14.983, e:6.913
t:50.16, r:-25.00, omega:-18.09, omega_m:-25.00, u:-312.06, theta1:23.317, theta2:14.976, e:6.913
t:50.17, r:-25.00, omega:-18.09, omega_m:-25.00, u:-312.37, theta1:23.324, theta2:14.969, e:6.913
t:50.18, r:-25.00, omega:-22.55, omega_m:-25.00, u:-245.63, theta1:23.327, theta2:14.965, e:2.446
t:50.19, r:-25.00, omega:-22.55, omega_m:-25.00, u:-245.77, theta1:23.329, theta2:14.962, e:2.446
t:50.20, r:-25.00, omega:-21.95, omega_m:-25.00, u:-254.91, theta1:23.332, theta2:14.959, e:3.046
t:50.21, r:-25.00, omega:-21.95, omega_m:-25.00, u:-255.07, theta1:23.335, theta2:14.955, e:3.046
t:50.22, r:-25.00, omega:-21.95, omega_m:-25.00, u:-255.23, theta1:23.339, theta2:14.951, e:3.046
t:50.23, r:-25.00, omega:-18.16, omega_m:-25.00, u:-312.20, theta1:23.346, theta2:14.944, e:6.836
t:50.24, r:-25.00, omega:-18.16, omega_m:-25.00, u:-312.50, theta1:23.352, theta2:14.937, e:6.836
t:50.25, r:-25.00, omega:-18.16, omega_m:-25.00, u:-312.81, theta1:23.359, theta2:14.929, e:6.836
t:50.26, r:-25.00, omega:-18.72, omega_m:-25.00, u:-304.76, theta1:23.366, theta2:14.922, e:6.277
t:50.27, r:-25.00, omega:-18.72, omega_m:-25.00, u:-305.04, theta1:23.372, theta2:14.916, e:6.277
t:50.28, r:-25.00, omega:-21.07, omega_m:-25.00, u:-270.26, theta1:23.376, theta2:14.911, e:3.932
t:50.29, r:-25.00, omega:-21.07, omega_m:-25.00, u:-270.46, theta1:23.380, theta2:14.906, e:3.932
t:50.30, r:-25.00, omega:-21.07, omega_m:-25.00, u:-270.66, theta1:23.384, theta2:14.901, e:3.932
t:50.31, r:-25.00, omega:-21.86, omega_m:-25.00, u:-259.06, theta1:23.387, theta2:14.898, e:3.142
t:50.32, r:-25.00, omega:-21.86, omega_m:-25.00, u:-259.22, theta1:23.391, theta2:14.894, e:3.142
t:50.33, r:-25.00, omega:-20.38, omega_m:-25.00, u:-281.47, theta1:23.395, theta2:14.888, e:4.621
t:50.34, r:-25.00, omega:-20.38, omega_m:-25.00, u:-281.70, theta1:23.400, theta2:14.883, e:4.621
t:50.35, r:-25.00, omega:-20.38, omega_m:-25.00, u:-281.93, theta1:23.405, theta2:14.877, e:4.621
t:50.36, r:-25.00, omega:-17.97, omega_m:-25.00, u:-318.07, theta1:23.412, theta2:14.870, e:7.029
t:50.37, r:-25.00, omega:-17.97, omega_m:-25.00, u:-318.38, theta1:23.419, theta2:14.863, e:7.029
t:50.38, r:-25.00, omega:-17.97, omega_m:-25.00, u:-318.69, theta1:23.426, theta2:14.855, e:7.029
t:50.39, r:-25.00, omega:-21.08, omega_m:-25.00, u:-272.69, theta1:23.430, theta2:14.851, e:3.919
t:50.40, r:-25.00, omega:-21.08, omega_m:-25.00, u:-272.89, theta1:23.434, theta2:14.846, e:3.919
t:50.41, r:-25.00, omega:-21.05, omega_m:-25.00, u:-273.51, theta1:23.438, theta2:14.841, e:3.947
t:50.42, r:-25.00, omega:-21.05, omega_m:-25.00, u:-273.71, theta1:23.442, theta2:14.836, e:3.947
t:50.43, r:-25.00, omega:-21.05, omega_m:-25.00, u:-273.91, theta1:23.446, theta2:14.832, e:3.947
t:50.44, r:-25.00, omega:-20.65, omega_m:-25.00, u:-280.05, theta1:23.450, theta2:14.827, e:4.347
t:50.45, r:-25.00, omega:-20.65, omega_m:-25.00, u:-280.26, theta1:23.455, theta2:14.821, e:4.347
t:50.46, r:-25.00, omega:-19.31, omega_m:-25.00, u:-300.39, theta1:23.461, theta2:14.815, e:5.687
t:50.47, r:-25.00, omega:-19.31, omega_m:-25.00, u:-300.66, theta1:23.466, theta2:14.809, e:5.687
t:50.48, r:-25.00, omega:-19.31, omega_m:-25.00, u:-300.92, theta1:23.472, theta2:14.802, e:5.687
t:50.49, r:-25.00, omega:-18.77, omega_m:-25.00, u:-309.19, theta1:23.479, theta2:14.796, e:6.226
t:50.50, r:-25.00, omega:-18.77, omega_m:-25.00, u:-309.48, theta1:23.485, theta2:14.789, e:6.226
t:50.51, r:-25.00, omega:-18.77, omega_m:-25.00, u:-309.76, theta1:23.491, theta2:14.782, e:6.226
t:50.52, r:-25.00, omega:-20.16, omega_m:-25.00, u:-289.44, theta1:23.496, theta2:14.777, e:4.835
t:50.53, r:-25.00, omega:-20.16, omega_m:-25.00, u:-289.67, theta1:23.501, theta2:14.771, e:4.835
t:50.54, r:-25.00, omega:-21.00, omega_m:-25.00, u:-277.55, theta1:23.505, theta2:14.766, e:4.001
t:50.55, r:-25.00, omega:-21.00, omega_m:-25.00, u:-277.75, theta1:23.509, theta2:14.761, e:4.001
t:50.56, r:-25.00, omega:-21.00, omega_m:-25.00, u:-277.95, theta1:23.513, theta2:14.757, e:4.001
t:50.57, r:-25.00, omega:-21.14, omega_m:-25.00, u:-276.04, theta1:23.517, theta2:14.752, e:3.858
t:50.58, r:-25.00, omega:-21.14, omega_m:-25.00, u:-276.24, theta1:23.521, theta2:14.747, e:3.858
t:50.59, r:-25.00, omega:-21.14, omega_m:-25.00, u:-276.44, theta1:23.525, theta2:14.743, e:3.858
t:50.60, r:-25.00, omega:-19.30, omega_m:-25.00, u:-303.92, theta1:23.531, theta2:14.736, e:5.705
t:50.61, r:-25.00, omega:-19.30, omega_m:-25.00, u:-304.19, theta1:23.536, theta2:14.730, e:5.705
t:50.62, r:-25.00, omega:-19.23, omega_m:-25.00, u:-305.47, theta1:23.542, theta2:14.724, e:5.773
t:50.63, r:-25.00, omega:-19.23, omega_m:-25.00, u:-305.74, theta1:23.548, theta2:14.717, e:5.773
t:50.64, r:-25.00, omega:-19.23, omega_m:-25.00, u:-306.01, theta1:23.554, theta2:14.711, e:5.773
t:50.65, r:-25.00, omega:-21.81, omega_m:-25.00, u:-268.19, theta1:23.557, theta2:14.707, e:3.191
t:50.66, r:-25.00, omega:-21.81, omega_m:-25.00, u:-268.35, theta1:23.561, theta2:14.703, e:3.191
t:50.67, r:-25.00, omega:-21.77, omega_m:-25.00, u:-269.10, theta1:23.564, theta2:14.699, e:3.230
t:50.68, r:-25.00, omega:-21.77, omega_m:-25.00, u:-269.26, theta1:23.567, theta2:14.695, e:3.230
t:50.69, r:-25.00, omega:-21.77, omega_m:-25.00, u:-269.43, theta1:23.570, theta2:14.691, e:3.230
t:50.70, r:-25.00, omega:-18.46, omega_m:-25.00, u:-318.30, theta1:23.577, theta2:14.684, e:6.536
t:50.71, r:-25.00, omega:-18.46, omega_m:-25.00, u:-318.60, theta1:23.584, theta2:14.677, e:6.536
t:50.72, r:-25.00, omega:-20.64, omega_m:-25.00, u:-286.86, theta1:23.588, theta2:14.672, e:4.359
t:50.73, r:-25.00, omega:-20.64, omega_m:-25.00, u:-287.08, theta1:23.592, theta2:14.667, e:4.359
t:50.74, r:-25.00, omega:-20.64, omega_m:-25.00, u:-287.29, theta1:23.597, theta2:14.662, e:4.359
t:50.75, r:-25.00, omega:-20.38, omega_m:-25.00, u:-291.33, theta1:23.602, theta2:14.656, e:4.619
t:50.76, r:-25.00, omega:-20.38, omega_m:-25.00, u:-291.55, theta1:23.606, theta2:14.651, e:4.619
t:50.77, r:-25.00, omega:-20.38, omega_m:-25.00, u:-291.78, theta1:23.611, theta2:14.645, e:4.619
t:50.78, r:-25.00, omega:-20.42, omega_m:-25.00, u:-291.38, theta1:23.616, theta2:14.640, e:4.576
t:50.79, r:-25.00, omega:-20.42, omega_m:-25.00, u:-291.60, theta1:23.620, theta2:14.635, e:4.576
t:50.80, r:-25.00, omega:-20.14, omega_m:-25.00, u:-296.05, theta1:23.625, theta2:14.629, e:4.863
t:50.81, r:-25.00, omega:-20.14, omega_m:-25.00, u:-296.28, theta1:23.630, theta2:14.623, e:4.863
t:50.82, r:-25.00, omega:-20.14, omega_m:-25.00, u:-296.52, theta1:23.635, theta2:14.618, e:4.863
t:50.83, r:-25.00, omega:-20.02, omega_m:-25.00, u:-298.48, theta1:23.640, theta2:14.612, e:4.981
t:50.84, r:-25.00, omega:-20.02, omega_m:-25.00, u:-298.72, theta1:23.645, theta2:14.606, e:4.981
t:50.85, r:-25.00, omega:-20.03, omega_m:-25.00, u:-298.77, theta1:23.650, theta2:14.601, e:4.968
t:50.86, r:-25.00, omega:-20.03, omega_m:-25.00, u:-299.01, theta1:23.655, theta2:14.595, e:4.968
t:50.87, r:-25.00, omega:-20.03, omega_m:-25.00, u:-299.25, theta1:23.660, theta2:14.589, e:4.968
t:50.88, r:-25.00, omega:-21.01, omega_m:-25.00, u:-285.14, theta1:23.664, theta2:14.585, e:3.987
t:50.89, r:-25.00, omega:-21.01, omega_m:-25.00, u:-285.34, theta1:23.668, theta2:14.580, e:3.987
t:50.90, r:-25.00, omega:-20.90, omega_m:-25.00, u:-287.15, theta1:23.672, theta2:14.575, e:4.097
t:50.91, r:-25.00, omega:-20.90, omega_m:-25.00, u:-287.36, theta1:23.677, theta2:14.570, e:4.097
t:50.92, r:-25.00, omega:-20.90, omega_m:-25.00, u:-287.56, theta1:23.681, theta2:14.565, e:4.097
t:50.93, r:-25.00, omega:-20.70, omega_m:-25.00, u:-290.75, theta1:23.685, theta2:14.560, e:4.301
t:50.94, r:-25.00, omega:-20.70, omega_m:-25.00, u:-290.96, theta1:23.689, theta2:14.555, e:4.301
t:50.95, r:-25.00, omega:-20.70, omega_m:-25.00, u:-291.18, theta1:23.694, theta2:14.550, e:4.301
t:50.96, r:-25.00, omega:-20.38, omega_m:-25.00, u:-296.08, theta1:23.698, theta2:14.545, e:4.623
t:50.97, r:-25.00, omega:-20.38, omega_m:-25.00, u:-296.31, theta1:23.703, theta2:14.539, e:4.623
t:50.98, r:-25.00, omega:-20.19, omega_m:-25.00, u:-299.27, theta1:23.708, theta2:14.534, e:4.810
t:50.99, r:-25.00, omega:-20.19, omega_m:-25.00, u:-299.51, theta1:23.713, theta2:14.528, e:4.810
t:51.00, r:-25.00, omega:-20.19, omega_m:-25.00, u:-299.74, theta1:23.718, theta2:14.522, e:4.810
t:51.01, r:0.00, omega:-19.82, omega_m:-9.20, u:0.00, theta1:23.715, theta2:14.531, e:-10.624
t:51.02, r:0.00, omega:-19.82, omega_m:-3.38, u:0.00, theta1:23.711, theta2:14.545, e:-16.438
t:51.03, r:0.00, omega:-19.82, omega_m:-1.24, u:0.00, theta1:23.707, theta2:14.561, e:-18.577
t:51.04, r:0.00, omega:-14.99, omega_m:-0.46, u:0.00, theta1:23.704, theta2:14.570, e:-14.532
t:51.05, r:0.00, omega:-14.99, omega_m:-0.17, u:0.00, theta1:23.700, theta2:14.579, e:-14.821
t:51.06, r:0.00, omega:-14.99, omega_m:-0.06, u:0.00, theta1:23.696, theta2:14.588, e:-14.928
t:51.07, r:0.00, omega:-14.99, omega_m:-0.02, u:0.00, theta1:23.693, theta2:14.597, e:-14.967
t:51.08, r:0.00, omega:-14.99, omega_m:-0.01, u:0.00, theta1:23.689, theta2:14.606, e:-14.981
t:51.09, r:0.00, omega:-14.99, omega_m:-0.00, u:0.00, theta1:23.686, theta2:14.615, e:-14.986
t:51.10, r:0.00, omega:-14.99, omega_m:-0.00, u:0.00, theta1:23.682, theta2:14.624, e:-14.988
t:51.11, r:0.00, omega:-14.99, omega_m:-0.00, u:0.00, theta1:23.679, theta2:14.633, e:-14.989
t:51.12, r:0.00, omega:-14.99, omega_m:-0.00, u:0.00, theta1:23.675, theta2:14.642, e:-14.989
t:51.13, r:0.00, omega:-14.99, omega_m:-0.00, u:0.00, theta1:23.672, theta2:14.651, e:-14.989
t:51.14, r:0.00, omega:-14.99, omega_m:-0.00, u:0.00, theta1:23.668, theta2:14.660, e:-14.989
t:51.15, r:0.00, omega:-14.99, omega_m:-0.00, u:0.00, theta1:23.665, theta2:14.669, e:-14.990
t:51.16, r:0.00, omega:-14.99, omega_m:-0.00, u:0.00, theta1:23.661, theta2:14.678, e:-14.990
t:51.17, r:0.00, omega:-14.99, omega_m:-0.00, u:0.00, theta1:23.657, theta2:14.687, e:-14.990
t:51.18, r:0.00, omega:-14.99, omega_m:-0.00, u:0.00, theta1:23.654, theta2:14.696, e:-14.990
t:51.19, r:0.00, omega:-14.99, omega_m:-0.00, u:0.00, theta1:23.650, theta2:14.705, e:-14.990
t:51.20, r:0.00, omega:-14.99, omega_m:-0.00, u:0.00, theta1:23.647, theta2:14.714, e:-14.990
t:51.21, r:0.00, omega:-14.99, omega_m:-0.00, u:0.00, theta1:23.643, theta2:14.723, e:-14.990
t:51.22, r:0.00, omega:-14.99, omega_m:-0.00, u:0.00, theta1:23.640, theta2:14.732, e:-14.990
t:51.23, r:0.00, omega:-14.99, omega_m:-0.00, u:0.00, theta1:23.636, theta2:14.741, e:-14.990
t:51.24, r:0.00, omega:-14.99, omega_m:-0.00, u:0.00, theta1:23.633, theta2:14.750, e:-14.990
t:51.25, r:0.00, omega:-14.99, omega_m:-0.00, u:0.00, theta1:23.629, theta2:14.759, e:-14.990
t:51.26, r:0.00, omega:-14.99, omega_m:-0.00, u:0.00, theta1:23.626, theta2:14.768, e:-14.990
t:51.27, r:0.00, omega:-14.99, omega_m:-0.00, u:0.00, theta1:23.622, theta2:14.778, e:-14.990
t:51.28, r:0.00, omega:-14.99, omega_m:-0.00, u:0.00, theta1:23.618, theta2:14.787, e:-14.990
t:51.29, r:0.00, omega:-14.99, omega_m:-0.00, u:0.00, theta1:23.615, theta2:14.796, e:-14.990
t:51.30, r:0.00, omega:-14.99, omega_m:-0.00, u:0.00, theta1:23.611, theta2:14.805, e:-14.990
t:51.31, r:0.00, omega:-14.99, omega_m:-0.00, u:0.00, theta1:23.608, theta2:14.814, e:-14.990
t:51.32, r:0.00, omega:-14.99, omega_m:-0.00, u:0.00, theta1:23.604, theta2:14.823, e:-14.990
t:51.33, r:0.00, omega:-14.99, omega_m:-0.00, u:0.00, theta1:23.601, theta2:14.832, e:-14.990
t:51.34, r:0.00, omega:-14.99, omega_m:-0.00, u:0.00, theta1:23.597, theta2:14.841, e:-14.990
t:51.35, r:0.00, omega:-14.99, omega_m:-0.00, u:0.00, theta1:23.594, theta2:14.850, e:-14.990
t:51.36, r:0.00, omega:-14.99, omega_m:-0.00, u:0.00, theta1:23.590, theta2:14.859, e:-14.990
t:51.37, r:0.00, omega:-14.99, omega_m:-0.00, u:0.00, theta1:23.587, theta2:14.868, e:-14.990
t:51.38, r:0.00, omega:-14.99, omega_m:-0.00, u:0.00, theta1:23.583, theta2:14.877, e:-14.990
t:51.39, r:0.00, omega:-14.99, omega_m:-0.00, u:0.00, theta1:23.580, theta2:14.886, e:-14.990
t:51.40, r:0.00, omega:-14.99, omega_m:-0.00, u:0.00, theta1:23.576, theta2:14.895, e:-14.990
t:51.41, r:0.00, omega:-14.99, omega_m:-0.00, u:0.00, theta1:23.572, theta2:14.904, e:-14.990
t:51.42, r:0.00, omega:-14.99, omega_m:-0.00, u:0.00, theta1:23.569, theta2:14.913, e:-14.990
t:51.43, r:0.00, omega:-14.99, omega_m:-0.00, u:0.00, theta1:23.565, theta2:14.922, e:-14.990
t:51.44, r:0.00, omega:-14.99, omega_m:-0.00, u:0.00, theta1:23.562, theta2:14.931, e:-14.990
t:51.45, r:0.00, omega:-14.99, omega_m:-0.00, u:0.00, theta1:23.558, theta2:14.940, e:-14.990
t:51.46, r:0.00, omega:-14.99, omega_m:-0.00, u:0.00, theta1:23.555, theta2:14.949, e:-14.990
t:51.47, r:0.00, omega:-14.99, omega_m:-0.00, u:0.00, theta1:23.551, theta2:14.958, e:-14.990
t:51.48, r:0.00, omega:-14.99, omega_m:-0.00, u:0.00, theta1:23.548, theta2:14.967, e:-14.990
t:51.49, r:0.00, omega:-14.99, omega_m:-0.00, u:0.00, theta1:23.544, theta2:14.976, e:-14.990
t:51.50, r:0.00, omega:-14.99, omega_m:-0.00, u:0.00, theta1:23.541, theta2:14.985, e:-14.990
t:51.51, r:0.00, omega:-14.99, omega_m:-0.00, u:0.00, theta1:23.537, theta2:14.994, e:-14.990
t:51.52, r:0.00, omega:-14.99, omega_m:-0.00, u:0.00, theta1:23.534, theta2:15.003, e:-14.990
t:51.53, r:0.00, omega:-14.99, omega_m:-0.00, u:0.00, theta1:23.530, theta2:15.012, e:-14.990
t:51.54, r:0.00, omega:0.00, omega_m:-0.00, u:0.00, theta1:23.530, theta2:15.012, e:0.000
t:51.55, r:0.00, omega:0.00, omega_m:-0.00, u:0.00, theta1:23.530, theta2:15.012, e:0.000
t:51.56, r:0.00, omega:0.00, omega_m:-0.00, u:0.00, theta1:23.530, theta2:15.012, e:0.000
t:51.57, r:0.00, omega:0.00, omega_m:-0.00, u:0.00, theta1:23.530, theta2:15.012, e:0.000
t:51.58, r:0.00, omega:0.00, omega_m:-0.00, u:0.00, theta1:23.530, theta2:15.012, e:0.000
t:51.59, r:0.00, omega:0.00, omega_m:-0.00, u:0.00, theta1:23.530, theta2:15.012, e:0.000
t:51.60, r:0.00, omega:0.00, omega_m:-0.00, u:0.00, theta1:23.530, theta2:15.012, e:0.000
t:51.61, r:0.00, omega:0.00, omega_m:-0.00, u:0.00, theta1:23.530, theta2:15.012, e:0.000
t:51.62, r:0.00, omega:0.00, omega_m:-0.00, u:0.00, theta1:23.530, theta2:15.012, e:0.000
t:51.63, r:0.00, omega:0.00, omega_m:-0.00, u:0.00, theta1:23.530, theta2:15.012, e:0.000
t:51.64, r:0.00, omega:0.00, omega_m:-0.00, u:0.00, theta1:23.530, theta2:15.012, e:0.000
t:51.65, r:0.00, omega:0.00, omega_m:-0.00, u:0.00, theta1:23.530, theta2:15.012, e:0.000
t:51.66, r:0.00, omega:0.00, omega_m:-0.00, u:0.00, theta1:23.530, theta2:15.012, e:0.000
t:51.67, r:0.00, omega:0.00, omega_m:-0.00, u:0.00, theta1:23.530, theta2:15.012, e:0.000
t:51.68, r:0.00, omega:0.00, omega_m:-0.00, u:0.00, theta1:23.530, theta2:15.012, e:0.000
t:51.69, r:0.00, omega:0.00, omega_m:-0.00, u:0.00, theta1:23.530, theta2:15.012, e:0.000
t:51.70, r:0.00, omega:0.00, omega_m:-0.00, u:0.00, theta1:23.530, theta2:15.012, e:0.000
t:51.71, r:0.00, omega:0.00, omega_m:-0.00, u:0.00, theta1:23.530, theta2:15.012, e:0.000
t:51.72, r:0.00, omega:0.00, omega_m:-0.00, u:0.00, theta1:23.530, theta2:15.012, e:0.000
t:51.73, r:0.00, omega:0.00, omega_m:-0.00, u:0.00, theta1:23.530, theta2:15.012, e:0.000
t:51.74, r:0.00, omega:0.00, omega_m:-0.00, u:0.00, theta1:23.530, theta2:15.012, e:0.000
t:51.75, r:0.00, omega:0.00, omega_m:-0.00, u:0.00, theta1:23.530, theta2:15.012, e:0.000
t:51.76, r:0.00, omega:0.00, omega_m:-0.00, u:0.00, theta1:23.530, theta2:15.012, e:0.000
t:51.77, r:0.00, omega:0.00, omega_m:-0.00, u:0.00, theta1:23.530, theta2:15.012, e:0.000
t:51.78, r:0.00, omega:0.00, omega_m:-0.00, u:0.00, theta1:23.530, theta2:15.012, e:0.000
t:51.79, r:0.00, omega:0.00, omega_m:-0.00, u:0.00, theta1:23.530, theta2:15.012, e:0.000
t:51.80, r:0.00, omega:0.00, omega_m:-0.00, u:0.00, theta1:23.530, theta2:15.012, e:0.000
t:51.81, r:0.00, omega:0.00, omega_m:-0.00, u:0.00, theta1:23.530, theta2:15.012, e:0.000
t:51.82, r:0.00, omega:0.00, omega_m:-0.00, u:0.00, theta1:23.530, theta2:15.012, e:0.000
t:51.83, r:0.00, omega:0.00, omega_m:-0.00, u:0.00, theta1:23.530, theta2:15.012, e:0.000
t:51.84, r:0.00, omega:0.00, omega_m:-0.00, u:0.00, theta1:23.530, theta2:15.012, e:0.000
t:51.85, r:0.00, omega:0.00, omega_m:-0.00, u:0.00, theta1:23.530, theta2:15.012, e:0.000
t:51.86, r:0.00, omega:0.00, omega_m:-0.00, u:0.00, theta1:23.530, theta2:15.012, e:0.000
t:51.87, r:0.00, omega:0.00, omega_m:-0.00, u:0.00, theta1:23.530, theta2:15.012, e:0.000
t:51.88, r:0.00, omega:0.00, omega_m:-0.00, u:0.00, theta1:23.530, theta2:15.012, e:0.000
t:51.89, r:0.00, omega:0.00, omega_m:-0.00, u:0.00, theta1:23.530, theta2:15.012, e:0.000
t:51.90, r:0.00, omega:0.00, omega_m:-0.00, u:0.00, theta1:23.530, theta2:15.012, e:0.000
t:51.91, r:0.00, omega:0.00, omega_m:-0.00, u:0.00, theta1:23.530, theta2:15.012, e:0.000
t:51.92, r:0.00, omega:0.00, omega_m:-0.00, u:0.00, theta1:23.530, theta2:15.012, e:0.000
t:51.93, r:0.00, omega:0.00, omega_m:-0.00, u:0.00, theta1:23.530, theta2:15.012, e:0.000
t:51.94, r:0.00, omega:0.00, omega_m:-0.00, u:0.00, theta1:23.530, theta2:15.012, e:0.000
t:51.95, r:0.00, omega:0.00, omega_m:-0.00, u:0.00, theta1:23.530, theta2:15.012, e:0.000
t:51.96, r:0.00, omega:0.00, omega_m:-0.00, u:0.00, theta1:23.530, theta2:15.012, e:0.000
t:51.97, r:0.00, omega:0.00, omega_m:-0.00, u:0.00, theta1:23.530, theta2:15.012, e:0.000
t:51.98, r:0.00, omega:0.00, omega_m:-0.00, u:0.00, theta1:23.530, theta2:15.012, e:0.000
t:51.99, r:0.00, omega:0.00, omega_m:-0.00, u:0.00, theta1:23.530, theta2:15.012, e:0.000
t:52.00, r:0.00, omega:0.00, omega_m:-0.00, u:0.00, theta1:23.530, theta2:15.012, e:0.000
t:52.01, r:25.00, omega:0.00, omega_m:15.80, u:588.65, theta1:23.546, theta2:15.009, e:-15.803
t:52.02, r:25.00, omega:0.00, omega_m:21.62, u:589.20, theta1:23.568, theta2:15.006, e:-21.617
t:52.03, r:25.00, omega:0.53, omega_m:23.76, u:581.81, theta1:23.592, theta2:15.002, e:-23.223
t:52.04, r:25.00, omega:30.12, omega_m:24.54, u:31.68, theta1:23.573, theta2:15.023, e:12.577
t:52.05, r:25.00, omega:30.12, omega_m:24.83, u:30.44, theta1:23.555, theta2:15.044, e:12.287
t:52.06, r:25.00, omega:25.42, omega_m:24.94, u:206.47, theta1:23.554, theta2:15.045, e:0.478
t:52.07, r:25.00, omega:25.42, omega_m:24.98, u:206.44, theta1:23.553, theta2:15.045, e:0.439
t:52.08, r:25.00, omega:25.42, omega_m:24.99, u:206.41, theta1:23.553, theta2:15.046, e:0.425
t:52.09, r:25.00, omega:25.42, omega_m:25.00, u:206.38, theta1:23.552, theta2:15.046, e:0.419
t:52.10, r:25.00, omega:13.92, omega_m:25.00, u:379.73, theta1:23.563, theta2:15.037, e:-11.076
t:52.11, r:25.00, omega:13.92, omega_m:25.00, u:380.14, theta1:23.575, theta2:15.027, e:-11.077
t:52.12, r:25.00, omega:13.92, omega_m:25.00, u:380.55, theta1:23.586, theta2:15.018, e:-11.077
t:52.13, r:25.00, omega:17.38, omega_m:25.00, u:328.95, theta1:23.594, theta2:15.010, e:-7.620
t:52.14, r:25.00, omega:17.38, omega_m:25.00, u:329.28, theta1:23.601, theta2:15.003, e:-7.620
t:52.15, r:25.00, omega:23.45, omega_m:25.00, u:238.24, theta1:23.603, theta2:15.001, e:-1.545
t:52.16, r:25.00, omega:23.45, omega_m:25.00, u:238.33, theta1:23.604, theta2:14.998, e:-1.545
t:52.17, r:25.00, omega:23.45, omega_m:25.00, u:238.41, theta1:23.606, theta2:14.996, e:-1.545
t:52.18, r:25.00, omega:21.55, omega_m:25.00, u:267.16, theta1:23.609, theta2:14.992, e:-3.450
t:52.19, r:25.00, omega:21.55, omega_m:25.00, u:267.33, theta1:23.613, theta2:14.988, e:-3.450
t:52.20, r:25.00, omega:17.89, omega_m:25.00, u:322.48, theta1:23.620, theta2:14.981, e:-7.108
t:52.21, r:25.00, omega:17.89, omega_m:25.00, u:322.79, theta1:23.627, theta2:14.973, e:-7.108
t:52.22, r:25.00, omega:17.89, omega_m:25.00, u:323.10, theta1:23.635, theta2:14.966, e:-7.108
t:52.23, r:25.00, omega:19.47, omega_m:25.00, u:299.67, theta1:23.640, theta2:14.959, e:-5.525
t:52.24, r:25.00, omega:19.47, omega_m:25.00, u:299.93, theta1:23.646, theta2:14.953, e:-5.525
t:52.25, r:25.00, omega:19.47, omega_m:25.00, u:300.19, theta1:23.651, theta2:14.947, e:-5.525
t:52.26, r:25.00, omega:21.24, omega_m:25.00, u:274.06, theta1:23.655, theta2:14.943, e:-3.764
t:52.27, r:25.00, omega:21.24, omega_m:25.00, u:274.25, theta1:23.659, theta2:14.938, e:-3.764
t:52.28, r:25.00, omega:19.67, omega_m:25.00, u:297.93, theta1:23.664, theta2:14.932, e:-5.332
t:52.29, r:25.00, omega:19.67, omega_m:25.00, u:298.18, theta1:23.670, theta2:14.926, e:-5.332
t:52.30, r:25.00, omega:19.67, omega_m:25.00, u:298.44, theta1:23.675, theta2:14.920, e:-5.332
t:52.31, r:25.00, omega:19.87, omega_m:25.00, u:295.72, theta1:23.680, theta2:14.914, e:-5.134
t:52.32, r:25.00, omega:19.87, omega_m:25.00, u:295.97, theta1:23.686, theta2:14.908, e:-5.134
t:52.33, r:25.00, omega:20.96, omega_m:25.00, u:279.86, theta1:23.690, theta2:14.903, e:-4.039
t:52.34, r:25.00, omega:20.96, omega_m:25.00, u:280.06, theta1:23.694, theta2:14.898, e:-4.039
t:52.35, r:25.00, omega:20.96, omega_m:25.00, u:280.27, theta1:23.698, theta2:14.894, e:-4.039
t:52.36, r:25.00, omega:18.72, omega_m:25.00, u:313.88, theta1:23.704, theta2:14.887, e:-6.277
t:52.37, r:25.00, omega:18.72, omega_m:25.00, u:314.16, theta1:23.711, theta2:14.880, e:-6.277
t:52.38, r:25.00, omega:18.72, omega_m:25.00, u:314.45, theta1:23.717, theta2:14.873, e:-6.277
t:52.39, r:25.00, omega:21.90, omega_m:25.00, u:267.44, theta1:23.720, theta2:14.869, e:-3.105
t:52.40, r:25.00, omega:21.90, omega_m:25.00, u:267.60, theta1:23.723, theta2:14.865, e:-3.105
t:52.41, r:25.00, omega:20.39, omega_m:25.00, u:290.22, theta1:23.728, theta2:14.860, e:-4.611
t:52.42, r:25.00, omega:20.39, omega_m:25.00, u:290.45, theta1:23.733, theta2:14.855, e:-4.611
t:52.43, r:25.00, omega:20.39, omega_m:25.00, u:290.68, theta1:23.737, theta2:14.849, e:-4.611
t:52.44, r:25.00, omega:19.64, omega_m:25.00, u:302.04, theta1:23.743, theta2:14.843, e:-5.359
t:52.45, r:25.00, omega:19.64, omega_m:25.00, u:302.29, theta1:23.748, theta2:14.837, e:-5.359
t:52.46, r:25.00, omega:19.64, omega_m:25.00, u:302.55, theta1:23.754, theta2:14.831, e:-5.359
t:52.47, r:25.00, omega:19.74, omega_m:25.00, u:301.29, theta1:23.759, theta2:14.825, e:-5.258
t:52.48, r:25.00, omega:19.74, omega_m:25.00, u:301.54, theta1:23.764, theta2:14.819, e:-5.258
t:52.49, r:25.00, omega:22.28, omega_m:25.00, u:264.14, theta1:23.767, theta2:14.816, e:-2.724
t:52.50, r:25.00, omega:22.28, omega_m:25.00, u:264.28, theta1:23.770, theta2:14.812, e:-2.724
t:52.51, r:25.00, omega:22.28, omega_m:25.00, u:264.43, theta1:23.772, theta2:14.809, e:-2.724
t:52.52, r:25.00, omega:19.71, omega_m:25.00, u:302.70, theta1:23.778, theta2:14.803, e:-5.291
t:52.53, r:25.00, omega:19.71, omega_m:25.00, u:302.95, theta1:23.783, theta2:14.797, e:-5.291
t:52.54, r:25.00, omega:19.14, omega_m:25.00, u:311.68, theta1:23.789, theta2:14.790, e:-5.863
t:52.55, r:25.00, omega:19.14, omega_m:25.00, u:311.95, theta1:23.795, theta2:14.784, e:-5.863
t:52.56, r:25.00, omega:19.14, omega_m:25.00, u:312.22, theta1:23.801, theta2:14.777, e:-5.863
t:52.57, r:25.00, omega:20.03, omega_m:25.00, u:299.26, theta1:23.806, theta2:14.772, e:-4.969
t:52.58, r:25.00, omega:20.03, omega_m:25.00, u:299.50, theta1:23.811, theta2:14.766, e:-4.969
t:52.59, r:25.00, omega:20.73, omega_m:25.00, u:289.46, theta1:23.815, theta2:14.761, e:-4.275
t:52.60, r:25.00, omega:20.73, omega_m:25.00, u:289.67, theta1:23.820, theta2:14.756, e:-4.275
t:52.61, r:25.00, omega:20.73, omega_m:25.00, u:289.89, theta1:23.824, theta2:14.751, e:-4.275
t:52.62, r:25.00, omega:19.96, omega_m:25.00, u:301.39, theta1:23.829, theta2:14.745, e:-5.038
t:52.63, r:25.00, omega:19.96, omega_m:25.00, u:301.63, theta1:23.834, theta2:14.739, e:-5.038
t:52.64, r:25.00, omega:21.58, omega_m:25.00, u:278.01, theta1:23.838, theta2:14.735, e:-3.423
t:52.65, r:25.00, omega:21.58, omega_m:25.00, u:278.19, theta1:23.841, theta2:14.731, e:-3.423
t:52.66, r:25.00, omega:21.58, omega_m:25.00, u:278.36, theta1:23.845, theta2:14.727, e:-3.423
t:52.67, r:25.00, omega:19.18, omega_m:25.00, u:313.97, theta1:23.850, theta2:14.720, e:-5.823
t:52.68, r:25.00, omega:19.18, omega_m:25.00, u:314.24, theta1:23.856, theta2:14.714, e:-5.823
t:52.69, r:25.00, omega:19.18, omega_m:25.00, u:314.51, theta1:23.862, theta2:14.707, e:-5.823
t:52.70, r:25.00, omega:19.08, omega_m:25.00, u:316.25, theta1:23.868, theta2:14.701, e:-5.923
t:52.71, r:25.00, omega:19.08, omega_m:25.00, u:316.53, theta1:23.874, theta2:14.694, e:-5.923
t:52.72, r:25.00, omega:23.32, omega_m:25.00, u:254.27, theta1:23.876, theta2:14.692, e:-1.679
t:52.73, r:25.00, omega:23.32, omega_m:25.00, u:254.36, theta1:23.878, theta2:14.690, e:-1.679
t:52.74, r:25.00, omega:23.32, omega_m:25.00, u:254.45, theta1:23.879, theta2:14.688, e:-1.679
t:52.75, r:25.00, omega:20.19, omega_m:25.00, u:300.67, theta1:23.884, theta2:14.682, e:-4.810
t:52.76, r:25.00, omega:20.19, omega_m:25.00, u:300.90, theta1:23.889, theta2:14.677, e:-4.810
t:52.77, r:25.00, omega:20.19, omega_m:25.00, u:301.13, theta1:23.894, theta2:14.671, e:-4.810
t:52.78, r:25.00, omega:17.73, omega_m:25.00, u:337.61, theta1:23.901, theta2:14.664, e:-7.274
t:52.79, r:25.00, omega:17.73, omega_m:25.00, u:337.93, theta1:23.909, theta2:14.656, e:-7.274
t:52.80, r:25.00, omega:22.10, omega_m:25.00, u:273.98, theta1:23.912, theta2:14.652, e:-2.901
t:52.81, r:25.00, omega:22.10, omega_m:25.00, u:274.14, theta1:23.914, theta2:14.649, e:-2.901
t:52.82, r:25.00, omega:22.10, omega_m:25.00, u:274.29, theta1:23.917, theta2:14.645, e:-2.901
t:52.83, r:25.00, omega:21.06, omega_m:25.00, u:289.72, theta1:23.921, theta2:14.640, e:-3.941
t:52.84, r:25.00, omega:21.06, omega_m:25.00, u:289.92, theta1:23.925, theta2:14.636, e:-3.941
t:52.85, r:25.00, omega:19.41, omega_m:25.00, u:314.30, theta1:23.931, theta2:14.629, e:-5.589
t:52.86, r:25.00, omega:19.41, omega_m:25.00, u:314.56, theta1:23.937, theta2:14.623, e:-5.589
t:52.87, r:25.00, omega:19.41, omega_m:25.00, u:314.83, theta1:23.942, theta2:14.617, e:-5.589
t:52.88, r:25.00, omega:20.25, omega_m:25.00, u:302.77, theta1:23.947, theta2:14.611, e:-4.748
t:52.89, r:25.00, omega:20.25, omega_m:25.00, u:303.00, theta1:23.952, theta2:14.606, e:-4.748
t:52.90, r:25.00, omega:21.38, omega_m:25.00, u:286.67, theta1:23.956, theta2:14.602, e:-3.617
t:52.91, r:25.00, omega:21.38, omega_m:25.00, u:286.85, theta1:23.959, theta2:14.597, e:-3.617
t:52.92, r:25.00, omega:21.38, omega_m:25.00, u:287.04, theta1:23.963, theta2:14.593, e:-3.617
t:52.93, r:25.00, omega:19.47, omega_m:25.00, u:315.17, theta1:23.968, theta2:14.587, e:-5.527
t:52.94, r:25.00, omega:19.47, omega_m:25.00, u:315.43, theta1:23.974, theta2:14.580, e:-5.527
t:52.95, r:25.00, omega:19.47, omega_m:25.00, u:315.69, theta1:23.980, theta2:14.574, e:-5.527
t:52.96, r:25.00, omega:20.61, omega_m:25.00, u:299.36, theta1:23.984, theta2:14.569, e:-4.392
t:52.97, r:25.00, omega:20.61, omega_m:25.00, u:299.57, theta1:23.989, theta2:14.564, e:-4.392
t:52.98, r:25.00, omega:21.08, omega_m:25.00, u:292.85, theta1:23.992, theta2:14.559, e:-3.916
t:52.99, r:25.00, omega:21.08, omega_m:25.00, u:293.05, theta1:23.996, theta2:14.554, e:-3.916
t:53.00, r:25.00, omega:21.08, omega_m:25.00, u:293.24, theta1:24.000, theta2:14.550, e:-3.916
t:53.01, r:0.00, omega:21.12, omega_m:9.20, u:0.00, theta1:23.998, theta2:14.561, e:11.923
t:53.02, r:0.00, omega:21.12, omega_m:3.38, u:0.00, theta1:23.993, theta2:14.577, e:17.736
t:53.03, r:0.00, omega:21.12, omega_m:1.24, u:0.00, theta1:23.989, theta2:14.595, e:19.875
t:53.04, r:0.00, omega:15.39, omega_m:0.46, u:0.00, theta1:23.985, theta2:14.604, e:14.933
t:53.05, r:0.00, omega:15.39, omega_m:0.17, u:0.00, theta1:23.981, theta2:14.614, e:15.223
t:53.06, r:0.00, omega:15.39, omega_m:0.06, u:0.00, theta1:23.978, theta2:14.623, e:15.329
t:53.07, r:0.00, omega:15.39, omega_m:0.02, u:0.00, theta1:23.974, theta2:14.633, e:15.369
t:53.08, r:0.00, omega:15.39, omega_m:0.01, u:0.00, theta1:23.970, theta2:14.642, e:15.383
t:53.09, r:0.00, omega:15.39, omega_m:0.00, u:0.00, theta1:23.967, theta2:14.652, e:15.388
t:53.10, r:0.00, omega:15.39, omega_m:0.00, u:0.00, theta1:23.963, theta2:14.662, e:15.390
t:53.11, r:0.00, omega:15.39, omega_m:0.00, u:0.00, theta1:23.959, theta2:14.671, e:15.391
t:53.12, r:0.00, omega:15.39, omega_m:0.00, u:0.00, theta1:23.955, theta2:14.681, e:15.391
t:53.13, r:0.00, omega:15.39, omega_m:0.00, u:0.00, theta1:23.952, theta2:14.690, e:15.391
t:53.14, r:0.00, omega:15.39, omega_m:0.00, u:0.00, theta1:23.948, theta2:14.700, e:15.391
t:53.15, r:0.00, omega:15.39, omega_m:0.00, u:0.00, theta1:23.944, theta2:14.709, e:15.391
t:53.16, r:0.00, omega:15.39, omega_m:0.00, u:0.00, theta1:23.941, theta2:14.719, e:15.391
t:53.17, r:0.00, omega:15.39, omega_m:0.00, u:0.00, theta1:23.937, theta2:14.729, e:15.391
t:53.18, r:0.00, omega:15.39, omega_m:0.00, u:0.00, theta1:23.933, theta2:14.738, e:15.391
t:53.19, r:0.00, omega:15.39, omega_m:0.00, u:0.00, theta1:23.930, theta2:14.748, e:15.391
t:53.20, r:0.00, omega:15.39, omega_m:0.00, u:0.00, theta1:23.926, theta2:14.757, e:15.391
t:53.21, r:0.00, omega:15.39, omega_m:0.00, u:0.00, theta1:23.922, theta2:14.767, e:15.391
t:53.22, r:0.00, omega:15.39, omega_m:0.00, u:0.00, theta1:23.919, theta2:14.777, e:15.391
t:53.23, r:0.00, omega:15.39, omega_m:0.00, u:0.00, theta1:23.915, theta2:14.786, e:15.391
t:53.24, r:0.00, omega:15.39, omega_m:0.00, u:0.00, theta1:23.911, theta2:14.796, e:15.391
t:53.25, r:0.00, omega:15.39, omega_m:0.00, u:0.00, theta1:23.908, theta2:14.805, e:15.391
t:53.26, r:0.00, omega:15.39, omega_m:0.00, u:0.00, theta1:23.904, theta2:14.815, e:15.391
t:53.27, r:0.00, omega:15.39, omega_m:0.00, u:0.00, theta1:23.900, theta2:14.824, e:15.391
t:53.28, r:0.00, omega:15.39, omega_m:0.00, u:0.00, theta1:23.897, theta2:14.834, e:15.391
t:53.29, r:0.00, omega:15.39, omega_m:0.00, u:0.00, theta1:23.893, theta2:14.843, e:15.391
t:53.30, r:0.00, omega:15.39, omega_m:0.00, u:0.00, theta1:23.889, theta2:14.853, e:15.391
t:53.31, r:0.00, omega:15.39, omega_m:0.00, u:0.00, theta1:23.886, theta2:14.863, e:15.391
t:53.32, r:0.00, omega:15.39, omega_m:0.00, u:0.00, theta1:23.882, theta2:14.872, e:15.391
t:53.33, r:0.00, omega:15.39, omega_m:0.00, u:0.00, theta1:23.878, theta2:14.882, e:15.391
t:53.34, r:0.00, omega:15.39, omega_m:0.00, u:0.00, theta1:23.874, theta2:14.891, e:15.391
t:53.35, r:0.00, omega:15.39, omega_m:0.00, u:0.00, theta1:23.871, theta2:14.901, e:15.391
t:53.36, r:0.00, omega:15.39, omega_m:0.00, u:0.00, theta1:23.867, theta2:14.910, e:15.391
t:53.37, r:0.00, omega:15.39, omega_m:0.00, u:0.00, theta1:23.863, theta2:14.920, e:15.391
t:53.38, r:0.00, omega:15.39, omega_m:0.00, u:0.00, theta1:23.860, theta2:14.929, e:15.391
t:53.39, r:0.00, omega:15.39, omega_m:0.00, u:0.00, theta1:23.856, theta2:14.939, e:15.391
t:53.40, r:0.00, omega:15.39, omega_m:0.00, u:0.00, theta1:23.852, theta2:14.949, e:15.391
t:53.41, r:0.00, omega:15.39, omega_m:0.00, u:0.00, theta1:23.849, theta2:14.958, e:15.391
t:53.42, r:0.00, omega:15.39, omega_m:0.00, u:0.00, theta1:23.845, theta2:14.968, e:15.391
t:53.43, r:0.00, omega:15.39, omega_m:0.00, u:0.00, theta1:23.841, theta2:14.977, e:15.391
t:53.44, r:0.00, omega:15.39, omega_m:0.00, u:0.00, theta1:23.838, theta2:14.987, e:15.391
t:53.45, r:0.00, omega:15.39, omega_m:0.00, u:0.00, theta1:23.834, theta2:14.996, e:15.391
t:53.46, r:0.00, omega:15.39, omega_m:0.00, u:0.00, theta1:23.830, theta2:15.006, e:15.391
t:53.47, r:0.00, omega:15.39, omega_m:0.00, u:0.00, theta1:23.827, theta2:15.015, e:15.391
t:53.48, r:0.00, omega:15.39, omega_m:0.00, u:0.00, theta1:23.823, theta2:15.025, e:15.391
t:53.49, r:0.00, omega:15.39, omega_m:0.00, u:0.00, theta1:23.819, theta2:15.034, e:15.391
t:53.50, r:0.00, omega:15.39, omega_m:0.00, u:0.00, theta1:23.816, theta2:15.044, e:15.391
t:53.51, r:0.00, omega:15.39, omega_m:0.00, u:0.00, theta1:23.812, theta2:15.053, e:15.391
t:53.52, r:0.00, omega:15.39, omega_m:0.00, u:0.00, theta1:23.808, theta2:15.063, e:15.391
t:53.53, r:0.00, omega:15.39, omega_m:0.00, u:0.00, theta1:23.805, theta2:15.073, e:15.391
t:53.54, r:0.00, omega:0.00, omega_m:0.00, u:0.00, theta1:23.805, theta2:15.073, e:-0.000
t:53.55, r:0.00, omega:0.00, omega_m:0.00, u:0.00, theta1:23.805, theta2:15.073, e:-0.000
t:53.56, r:0.00, omega:0.00, omega_m:0.00, u:0.00, theta1:23.805, theta2:15.073, e:-0.000
t:53.57, r:0.00, omega:0.00, omega_m:0.00, u:0.00, theta1:23.805, theta2:15.073, e:-0.000
t:53.58, r:0.00, omega:0.00, omega_m:0.00, u:0.00, theta1:23.805, theta2:15.073, e:-0.000
t:53.59, r:0.00, omega:0.00, omega_m:0.00, u:0.00, theta1:23.805, theta2:15.073, e:-0.000
t:53.60, r:0.00, omega:0.00, omega_m:0.00, u:0.00, theta1:23.805, theta2:15.073, e:-0.000
t:53.61, r:0.00, omega:0.00, omega_m:0.00, u:0.00, theta1:23.805, theta2:15.073, e:-0.000
t:53.62, r:0.00, omega:0.00, omega_m:0.00, u:0.00, theta1:23.805, theta2:15.073, e:-0.000
t:53.63, r:0.00, omega:0.00, omega_m:0.00, u:0.00, theta1:23.805, theta2:15.073, e:-0.000
t:53.64, r:0.00, omega:0.00, omega_m:0.00, u:0.00, theta1:23.805, theta2:15.073, e:-0.000
t:53.65, r:0.00, omega:0.00, omega_m:0.00, u:0.00, theta1:23.805, theta2:15.073, e:-0.000
t:53.66, r:0.00, omega:0.00, omega_m:0.00, u:0.00, theta1:23.805, theta2:15.073, e:-0.000
t:53.67, r:0.00, omega:0.00, omega_m:0.00, u:0.00, theta1:23.805, theta2:15.073, e:-0.000
t:53.68, r:0.00, omega:0.00, omega_m:0.00, u:0.00, theta1:23.805, theta2:15.073, e:-0.000
t:53.69, r:0.00, omega:0.00, omega_m:0.00, u:0.00, theta1:23.805, theta2:15.073, e:-0.000
t:53.70, r:0.00, omega:0.00, omega_m:0.00, u:0.00, theta1:23.805, theta2:15.073, e:-0.000
t:53.71, r:0.00, omega:0.00, omega_m:0.00, u:0.00, theta1:23.805, theta2:15.073, e:-0.000
t:53.72, r:0.00, omega:0.00, omega_m:0.00, u:0.00, theta1:23.805, theta2:15.073, e:-0.000
t:53.73, r:0.00, omega:0.00, omega_m:0.00, u:0.00, theta1:23.805, theta2:15.073, e:-0.000
t:53.74, r:0.00, omega:0.00, omega_m:0.00, u:0.00, theta1:23.805, theta2:15.073, e:-0.000
t:53.75, r:0.00, omega:0.00, omega_m:0.00, u:0.00, theta1:23.805, theta2:15.073, e:-0.000
t:53.76, r:0.00, omega:0.00, omega_m:0.00, u:0.00, theta1:23.805, theta2:15.073, e:-0.000
t:53.77, r:0.00, omega:0.00, omega_m:0.00, u:0.00, theta1:23.805, theta2:15.073, e:-0.000
t:53.78, r:0.00, omega:0.00, omega_m:0.00, u:0.00, theta1:23.805, theta2:15.073, e:-0.000
t:53.79, r:0.00, omega:0.00, omega_m:0.00, u:0.00, theta1:23.805, theta2:15.073, e:-0.000
t:53.80, r:0.00, omega:0.00, omega_m:0.00, u:0.00, theta1:23.805, theta2:15.073, e:-0.000
t:53.81, r:0.00, omega:0.00, omega_m:0.00, u:0.00, theta1:23.805, theta2:15.073, e:-0.000
t:53.82, r:0.00, omega:0.00, omega_m:0.00, u:0.00, theta1:23.805, theta2:15.073, e:-0.000
t:53.83, r:0.00, omega:0.00, omega_m:0.00, u:0.00, theta1:23.805, theta2:15.073, e:-0.000
t:53.84, r:0.00, omega:0.00, omega_m:0.00, u:0.00, theta1:23.805, theta2:15.073, e:-0.000
t:53.85, r:0.00, omega:0.00, omega_m:0.00, u:0.00, theta1:23.805, theta2:15.073, e:-0.000
t:53.86, r:0.00, omega:0.00, omega_m:0.00, u:0.00, theta1:23.805, theta2:15.073, e:-0.000
t:53.87, r:0.00, omega:0.00, omega_m:0.00, u:0.00, theta1:23.805, theta2:15.073, e:-0.000
t:53.88, r:0.00, omega:0.00, omega_m:0.00, u:0.00, theta1:23.805, theta2:15.073, e:-0.000
t:53.89, r:0.00, omega:0.00, omega_m:0.00, u:0.00, theta1:23.805, theta2:15.073, e:-0.000
t:53.90, r:0.00, omega:0.00, omega_m:0.00, u:0.00, theta1:23.805, theta2:15.073, e:-0.000
t:53.91, r:0.00, omega:0.00, omega_m:0.00, u:0.00, theta1:23.805, theta2:15.073, e:-0.000
t:53.92, r:0.00, omega:0.00, omega_m:0.00, u:0.00, theta1:23.805, theta2:15.073, e:-0.000
t:53.93, r:0.00, omega:0.00, omega_m:0.00, u:0.00, theta1:23.805, theta2:15.073, e:-0.000
t:53.94, r:0.00, omega:0.00, omega_m:0.00, u:0.00, theta1:23.805, theta2:15.073, e:-0.000
t:53.95, r:0.00, omega:0.00, omega_m:0.00, u:0.00, theta1:23.805, theta2:15.073, e:-0.000
t:53.96, r:0.00, omega:0.00, omega_m:0.00, u:0.00, theta1:23.805, theta2:15.073, e:-0.000
t:53.97, r:0.00, omega:0.00, omega_m:0.00, u:0.00, theta1:23.805, theta2:15.073, e:-0.000
t:53.98, r:0.00, omega:0.00, omega_m:0.00, u:0.00, theta1:23.805, theta2:15.073, e:-0.000
t:53.99, r:0.00, omega:0.00, omega_m:0.00, u:0.00, theta1:23.805, theta2:15.073, e:-0.000
t:54.00, r:0.00, omega:0.00, omega_m:0.00, u:0.00, theta1:23.805, theta2:15.073, e:-0.000
t:54.01, r:-25.00, omega:0.00, omega_m:-15.80, u:-595.52, theta1:23.821, theta2:15.070, e:15.803
t:54.02, r:-25.00, omega:0.00, omega_m:-21.62, u:-596.07, theta1:23.843, theta2:15.067, e:21.617
t:54.03, r:-25.00, omega:0.00, omega_m:-23.76, u:-596.67, theta1:23.867, theta2:15.063, e:23.755
t:54.04, r:-25.00, omega:-0.52, omega_m:-24.54, u:-589.40, theta1:23.891, theta2:15.059, e:24.019
t:54.05, r:-25.00, omega:-0.52, omega_m:-24.83, u:-590.01, theta1:23.916, theta2:15.055, e:24.309
t:54.06, r:-25.00, omega:-27.37, omega_m:-24.94, u:-140.28, theta1:23.907, theta2:15.062, e:-5.430
t:54.07, r:-25.00, omega:-30.90, omega_m:-24.98, u:-55.87, theta1:23.891, theta2:15.080, e:-10.925
t:54.08, r:-25.00, omega:-30.90, omega_m:-24.99, u:-54.82, theta1:23.875, theta2:15.098, e:-10.911
t:54.09, r:-25.00, omega:-23.45, omega_m:-25.00, u:-242.84, theta1:23.876, theta2:15.096, e:1.542
t:54.10, r:-25.00, omega:-23.45, omega_m:-25.00, u:-242.93, theta1:23.878, theta2:15.094, e:1.544
t:54.11, r:-25.00, omega:-23.45, omega_m:-25.00, u:-243.02, theta1:23.880, theta2:15.092, e:1.545
t:54.12, r:-25.00, omega:-23.45, omega_m:-25.00, u:-243.10, theta1:23.881, theta2:15.090, e:1.545
t:54.13, r:-25.00, omega:-14.68, omega_m:-25.00, u:-375.96, theta1:23.892, theta2:15.081, e:10.324
t:54.14, r:-25.00, omega:-14.68, omega_m:-25.00, u:-376.36, theta1:23.902, theta2:15.072, e:10.324
t:54.15, r:-25.00, omega:-14.68, omega_m:-25.00, u:-376.75, theta1:23.912, theta2:15.063, e:10.324
t:54.16, r:-25.00, omega:-18.36, omega_m:-25.00, u:-321.50, theta1:23.919, theta2:15.055, e:6.636
t:54.17, r:-25.00, omega:-18.36, omega_m:-25.00, u:-321.80, theta1:23.926, theta2:15.048, e:6.636
t:54.18, r:-25.00, omega:-23.83, omega_m:-25.00, u:-239.56, theta1:23.927, theta2:15.047, e:1.166
t:54.19, r:-25.00, omega:-23.83, omega_m:-25.00, u:-239.63, theta1:23.928, theta2:15.045, e:1.166
t:54.20, r:-25.00, omega:-22.93, omega_m:-25.00, u:-253.28, theta1:23.930, theta2:15.043, e:2.066
t:54.21, r:-25.00, omega:-22.93, omega_m:-25.00, u:-253.39, theta1:23.932, theta2:15.040, e:2.066
t:54.22, r:-25.00, omega:-22.93, omega_m:-25.00, u:-253.51, theta1:23.935, theta2:15.037, e:2.066
t:54.23, r:-25.00, omega:-17.37, omega_m:-25.00, u:-337.43, theta1:23.942, theta2:15.029, e:7.625
t:54.24, r:-25.00, omega:-17.37, omega_m:-25.00, u:-337.75, theta1:23.950, theta2:15.022, e:7.625
t:54.25, r:-25.00, omega:-17.37, omega_m:-25.00, u:-338.08, theta1:23.958, theta2:15.014, e:7.625
t:54.26, r:-25.00, omega:-19.85, omega_m:-25.00, u:-301.18, theta1:23.963, theta2:15.008, e:5.151
t:54.27, r:-25.00, omega:-19.85, omega_m:-25.00, u:-301.42, theta1:23.968, theta2:15.002, e:5.151
t:54.28, r:-25.00, omega:-22.47, omega_m:-25.00, u:-262.28, theta1:23.971, theta2:14.999, e:2.533
t:54.29, r:-25.00, omega:-22.47, omega_m:-25.00, u:-262.42, theta1:23.973, theta2:14.996, e:2.533
t:54.30, r:-25.00, omega:-22.47, omega_m:-25.00, u:-262.56, theta1:23.976, theta2:14.992, e:2.533
t:54.31, r:-25.00, omega:-22.29, omega_m:-25.00, u:-265.34, theta1:23.978, theta2:14.989, e:2.709
t:54.32, r:-25.00, omega:-22.29, omega_m:-25.00, u:-265.48, theta1:23.981, theta2:14.986, e:2.709
t:54.33, r:-25.00, omega:-22.29, omega_m:-25.00, u:-265.63, theta1:23.984, theta2:14.982, e:2.709
t:54.34, r:-25.00, omega:-18.21, omega_m:-25.00, u:-327.10, theta1:23.991, theta2:14.975, e:6.792
t:54.35, r:-25.00, omega:-18.21, omega_m:-25.00, u:-327.40, theta1:23.998, theta2:14.968, e:6.792
t:54.36, r:-25.00, omega:-19.29, omega_m:-25.00, u:-311.53, theta1:24.003, theta2:14.961, e:5.713
t:54.37, r:-25.00, omega:-19.29, omega_m:-25.00, u:-311.80, theta1:24.009, theta2:14.955, e:5.713
t:54.38, r:-25.00, omega:-19.29, omega_m:-25.00, u:-312.06, theta1:24.015, theta2:14.949, e:5.713
t:54.39, r:-25.00, omega:-21.05, omega_m:-25.00, u:-285.92, theta1:24.019, theta2:14.944, e:3.951
t:54.40, r:-25.00, omega:-21.05, omega_m:-25.00, u:-286.12, theta1:24.023, theta2:14.939, e:3.951
t:54.41, r:-25.00, omega:-21.39, omega_m:-25.00, u:-281.22, theta1:24.027, theta2:14.935, e:3.610
t:54.42, r:-25.00, omega:-21.39, omega_m:-25.00, u:-281.40, theta1:24.030, theta2:14.930, e:3.610
t:54.43, r:-25.00, omega:-21.39, omega_m:-25.00, u:-281.59, theta1:24.034, theta2:14.926, e:3.610
t:54.44, r:-25.00, omega:-21.40, omega_m:-25.00, u:-281.63, theta1:24.038, theta2:14.922, e:3.601
t:54.45, r:-25.00, omega:-21.40, omega_m:-25.00, u:-281.81, theta1:24.041, theta2:14.917, e:3.601
t:54.46, r:-25.00, omega:-19.10, omega_m:-25.00, u:-316.45, theta1:24.047, theta2:14.911, e:5.904
t:54.47, r:-25.00, omega:-19.10, omega_m:-25.00, u:-316.73, theta1:24.053, theta2:14.904, e:5.904
t:54.48, r:-25.00, omega:-19.10, omega_m:-25.00, u:-317.00, theta1:24.059, theta2:14.898, e:5.904
t:54.49, r:-25.00, omega:-19.91, omega_m:-25.00, u:-305.07, theta1:24.064, theta2:14.892, e:5.088
t:54.50, r:-25.00, omega:-19.91, omega_m:-25.00, u:-305.32, theta1:24.069, theta2:14.886, e:5.088
t:54.51, r:-25.00, omega:-21.93, omega_m:-25.00, u:-275.50, theta1:24.072, theta2:14.882, e:3.074
t:54.52, r:-25.00, omega:-21.93, omega_m:-25.00, u:-275.66, theta1:24.076, theta2:14.878, e:3.074
t:54.53, r:-25.00, omega:-21.93, omega_m:-25.00, u:-275.82, theta1:24.079, theta2:14.874, e:3.074
t:54.54, r:-25.00, omega:-22.11, omega_m:-25.00, u:-273.31, theta1:24.082, theta2:14.871, e:2.894
t:54.55, r:-25.00, omega:-22.11, omega_m:-25.00, u:-273.46, theta1:24.084, theta2:14.867, e:2.894
t:54.56, r:-25.00, omega:-22.11, omega_m:-25.00, u:-273.61, theta1:24.087, theta2:14.864, e:2.894
t:54.57, r:-25.00, omega:-18.68, omega_m:-25.00, u:-324.83, theta1:24.094, theta2:14.857, e:6.321
t:54.58, r:-25.00, omega:-18.68, omega_m:-25.00, u:-325.12, theta1:24.100, theta2:14.850, e:6.321
t:54.59, r:-25.00, omega:-19.86, omega_m:-25.00, u:-307.79, theta1:24.105, theta2:14.844, e:5.137
t:54.60, r:-25.00, omega:-19.86, omega_m:-25.00, u:-308.04, theta1:24.111, theta2:14.838, e:5.137
t:54.61, r:-25.00, omega:-19.86, omega_m:-25.00, u:-308.28, theta1:24.116, theta2:14.832, e:5.137
t:54.62, r:-25.00, omega:-22.85, omega_m:-25.00, u:-264.13, theta1:24.118, theta2:14.830, e:2.152
t:54.63, r:-25.00, omega:-22.85, omega_m:-25.00, u:-264.24, theta1:24.120, theta2:14.827, e:2.152
t:54.64, r:-25.00, omega:-21.27, omega_m:-25.00, u:-287.82, theta1:24.124, theta2:14.822, e:3.729
t:54.65, r:-25.00, omega:-21.27, omega_m:-25.00, u:-288.01, theta1:24.128, theta2:14.818, e:3.729
t:54.66, r:-25.00, omega:-21.27, omega_m:-25.00, u:-288.20, theta1:24.131, theta2:14.813, e:3.729
t:54.67, r:-25.00, omega:-18.93, omega_m:-25.00, u:-323.08, theta1:24.137, theta2:14.807, e:6.065
t:54.68, r:-25.00, omega:-18.93, omega_m:-25.00, u:-323.36, theta1:24.144, theta2:14.800, e:6.065
t:54.69, r:-25.00, omega:-22.23, omega_m:-25.00, u:-274.74, theta1:24.146, theta2:14.796, e:2.770
t:54.70, r:-25.00, omega:-22.23, omega_m:-25.00, u:-274.89, theta1:24.149, theta2:14.793, e:2.770
t:54.71, r:-25.00, omega:-22.23, omega_m:-25.00, u:-275.03, theta1:24.152, theta2:14.789, e:2.770
t:54.72, r:-25.00, omega:-20.90, omega_m:-25.00, u:-294.84, theta1:24.156, theta2:14.785, e:4.095
t:54.73, r:-25.00, omega:-20.90, omega_m:-25.00, u:-295.04, theta1:24.160, theta2:14.780, e:4.095
t:54.74, r:-25.00, omega:-19.16, omega_m:-25.00, u:-321.07, theta1:24.166, theta2:14.773, e:5.838
t:54.75, r:-25.00, omega:-19.16, omega_m:-25.00, u:-321.34, theta1:24.172, theta2:14.767, e:5.838
t:54.76, r:-25.00, omega:-19.16, omega_m:-25.00, u:-321.61, theta1:24.178, theta2:14.760, e:5.838
t:54.77, r:-25.00, omega:-21.74, omega_m:-25.00, u:-283.72, theta1:24.181, theta2:14.756, e:3.259
t:54.78, r:-25.00, omega:-21.74, omega_m:-25.00, u:-283.89, theta1:24.184, theta2:14.752, e:3.259
t:54.79, r:-25.00, omega:-22.29, omega_m:-25.00, u:-275.98, theta1:24.187, theta2:14.749, e:2.714
t:54.80, r:-25.00, omega:-22.29, omega_m:-25.00, u:-276.12, theta1:24.190, theta2:14.745, e:2.714
t:54.81, r:-25.00, omega:-22.29, omega_m:-25.00, u:-276.27, theta1:24.193, theta2:14.742, e:2.714
t:54.82, r:-25.00, omega:-19.87, omega_m:-25.00, u:-312.12, theta1:24.198, theta2:14.736, e:5.129
t:54.83, r:-25.00, omega:-19.87, omega_m:-25.00, u:-312.37, theta1:24.203, theta2:14.730, e:5.129
t:54.84, r:-25.00, omega:-19.42, omega_m:-25.00, u:-319.20, theta1:24.209, theta2:14.724, e:5.575
t:54.85, r:-25.00, omega:-19.42, omega_m:-25.00, u:-319.46, theta1:24.214, theta2:14.718, e:5.575
t:54.86, r:-25.00, omega:-19.42, omega_m:-25.00, u:-319.72, theta1:24.220, theta2:14.712, e:5.575
t:54.87, r:-25.00, omega:-21.61, omega_m:-25.00, u:-287.76, theta1:24.223, theta2:14.707, e:3.390
t:54.88, r:-25.00, omega:-21.61, omega_m:-25.00, u:-287.94, theta1:24.227, theta2:14.703, e:3.390
t:54.89, r:-25.00, omega:-21.60, omega_m:-25.00, u:-288.23, theta1:24.230, theta2:14.699, e:3.398
t:54.90, r:-25.00, omega:-21.60, omega_m:-25.00, u:-288.41, theta1:24.234, theta2:14.695, e:3.398
t:54.91, r:-25.00, omega:-21.60, omega_m:-25.00, u:-288.58, theta1:24.237, theta2:14.691, e:3.398
t:54.92, r:-25.00, omega:-21.29, omega_m:-25.00, u:-293.33, theta1:24.241, theta2:14.686, e:3.709
t:54.93, r:-25.00, omega:-21.29, omega_m:-25.00, u:-293.51, theta1:24.244, theta2:14.682, e:3.709
t:54.94, r:-25.00, omega:-21.20, omega_m:-25.00, u:-294.99, theta1:24.248, theta2:14.677, e:3.796
t:54.95, r:-25.00, omega:-21.20, omega_m:-25.00, u:-295.18, theta1:24.252, theta2:14.673, e:3.796
t:54.96, r:-25.00, omega:-21.20, omega_m:-25.00, u:-295.37, theta1:24.256, theta2:14.668, e:3.796
t:54.97, r:-25.00, omega:-19.93, omega_m:-25.00, u:-314.29, theta1:24.261, theta2:14.662, e:5.069
t:54.98, r:-25.00, omega:-19.93, omega_m:-25.00, u:-314.53, theta1:24.266, theta2:14.656, e:5.069
t:54.99, r:-25.00, omega:-20.09, omega_m:-25.00, u:-312.46, theta1:24.271, theta2:14.651, e:4.911
t:55.00, r:-25.00, omega:-20.09, omega_m:-25.00, u:-312.69, theta1:24.276, theta2:14.645, e:4.911
t:55.01, r:0.00, omega:-20.09, omega_m:-9.20, u:0.00, theta1:24.273, theta2:14.654, e:-10.892
t:55.02, r:0.00, omega:-22.12, omega_m:-3.38, u:0.00, theta1:24.269, theta2:14.672, e:-18.738
t:55.03, r:0.00, omega:-22.12, omega_m:-1.24, u:0.00, theta1:24.264, theta2:14.692, e:-20.877
t:55.04, r:0.00, omega:-22.12, omega_m:-0.46, u:0.00, theta1:24.258, theta2:14.713, e:-21.664
t:55.05, r:0.00, omega:-22.12, omega_m:-0.17, u:0.00, theta1:24.253, theta2:14.734, e:-21.953
t:55.06, r:0.00, omega:-22.12, omega_m:-0.06, u:0.00, theta1:24.248, theta2:14.755, e:-22.060
t:55.07, r:0.00, omega:-22.12, omega_m:-0.02, u:0.00, theta1:24.242, theta2:14.777, e:-22.099
t:55.08, r:0.00, omega:-22.12, omega_m:-0.01, u:0.00, theta1:24.237, theta2:14.798, e:-22.113
t:55.09, r:0.00, omega:-22.12, omega_m:-0.00, u:0.00, theta1:24.232, theta2:14.819, e:-22.119
t:55.10, r:0.00, omega:-22.12, omega_m:-0.00, u:0.00, theta1:24.226, theta2:14.840, e:-22.121
t:55.11, r:0.00, omega:-22.12, omega_m:-0.00, u:0.00, theta1:24.221, theta2:14.861, e:-22.121
t:55.12, r:0.00, omega:-22.12, omega_m:-0.00, u:0.00, theta1:24.216, theta2:14.883, e:-22.122
t:55.13, r:0.00, omega:-22.12, omega_m:-0.00, u:0.00, theta1:24.210, theta2:14.904, e:-22.122
t:55.14, r:0.00, omega:-22.12, omega_m:-0.00, u:0.00, theta1:24.205, theta2:14.925, e:-22.122
t:55.15, r:0.00, omega:-22.12, omega_m:-0.00, u:0.00, theta1:24.200, theta2:14.946, e:-22.122
t:55.16, r:0.00, omega:-22.12, omega_m:-0.00, u:0.00, theta1:24.194, theta2:14.967, e:-22.122
t:55.17, r:0.00, omega:-22.12, omega_m:-0.00, u:0.00, theta1:24.189, theta2:14.988, e:-22.122
t:55.18, r:0.00, omega:-22.12, omega_m:-0.00, u:0.00, theta1:24.184, theta2:15.010, e:-22.122
t:55.19, r:0.00, omega:-22.12, omega_m:-0.00, u:0.00, theta1:24.178, theta2:15.031, e:-22.122
t:55.20, r:0.00, omega:-22.12, omega_m:-0.00, u:0.00, theta1:24.173, theta2:15.052, e:-22.122
t:55.21, r:0.00, omega:-22.12, omega_m:-0.00, u:0.00, theta1:24.167, theta2:15.073, e:-22.122
t:55.22, r:0.00, omega:-22.12, omega_m:-0.00, u:0.00, theta1:24.162, theta2:15.094, e:-22.122
t:55.23, r:0.00, omega:-22.12, omega_m:-0.00, u:0.00, theta1:24.157, theta2:15.115, e:-22.122
t:55.24, r:0.00, omega:-22.12, omega_m:-0.00, u:0.00, theta1:24.151, theta2:15.136, e:-22.122
t:55.25, r:0.00, omega:-22.12, omega_m:-0.00, u:0.00, theta1:24.146, theta2:15.157, e:-22.122
t:55.26, r:0.00, omega:-22.12, omega_m:-0.00, u:0.00, theta1:24.141, theta2:15.179, e:-22.122
t:55.27, r:0.00, omega:-22.12, omega_m:-0.00, u:0.00, theta1:24.135, theta2:15.200, e:-22.122
t:55.28, r:0.00, omega:-22.12, omega_m:-0.00, u:0.00, theta1:24.130, theta2:15.221, e:-22.122
t:55.29, r:0.00, omega:-22.12, omega_m:-0.00, u:0.00, theta1:24.125, theta2:15.242, e:-22.122
t:55.30, r:0.00, omega:-22.12, omega_m:-0.00, u:0.00, theta1:24.119, theta2:15.263, e:-22.122
t:55.31, r:0.00, omega:-22.12, omega_m:-0.00, u:0.00, theta1:24.114, theta2:15.284, e:-22.122
t:55.32, r:0.00, omega:-22.12, omega_m:-0.00, u:0.00, theta1:24.109, theta2:15.305, e:-22.122
t:55.33, r:0.00, omega:-22.12, omega_m:-0.00, u:0.00, theta1:24.103, theta2:15.326, e:-22.122
t:55.34, r:0.00, omega:-22.12, omega_m:-0.00, u:0.00, theta1:24.098, theta2:15.347, e:-22.122
t:55.35, r:0.00, omega:-22.12, omega_m:-0.00, u:0.00, theta1:24.093, theta2:15.368, e:-22.122
t:55.36, r:0.00, omega:-22.12, omega_m:-0.00, u:0.00, theta1:24.087, theta2:15.390, e:-22.122
t:55.37, r:0.00, omega:-22.12, omega_m:-0.00, u:0.00, theta1:24.082, theta2:15.411, e:-22.122
t:55.38, r:0.00, omega:-22.12, omega_m:-0.00, u:0.00, theta1:24.077, theta2:15.432, e:-22.122
t:55.39, r:0.00, omega:-22.12, omega_m:-0.00, u:0.00, theta1:24.071, theta2:15.453, e:-22.122
t:55.40, r:0.00, omega:-22.12, omega_m:-0.00, u:0.00, theta1:24.066, theta2:15.474, e:-22.122
t:55.41, r:0.00, omega:-22.12, omega_m:-0.00, u:0.00, theta1:24.061, theta2:15.495, e:-22.122
t:55.42, r:0.00, omega:-22.12, omega_m:-0.00, u:0.00, theta1:24.055, theta2:15.516, e:-22.122
t:55.43, r:0.00, omega:-22.12, omega_m:-0.00, u:0.00, theta1:24.050, theta2:15.537, e:-22.122
t:55.44, r:0.00, omega:-22.12, omega_m:-0.00, u:0.00, theta1:24.045, theta2:15.558, e:-22.122
t:55.45, r:0.00, omega:-22.12, omega_m:-0.00, u:0.00, theta1:24.039, theta2:15.579, e:-22.122
t:55.46, r:0.00, omega:-22.12, omega_m:-0.00, u:0.00, theta1:24.034, theta2:15.600, e:-22.122
t:55.47, r:0.00, omega:-22.12, omega_m:-0.00, u:0.00, theta1:24.029, theta2:15.621, e:-22.122
t:55.48, r:0.00, omega:-22.12, omega_m:-0.00, u:0.00, theta1:24.024, theta2:15.642, e:-22.122
t:55.49, r:0.00, omega:-22.12, omega_m:-0.00, u:0.00, theta1:24.018, theta2:15.663, e:-22.122
t:55.50, r:0.00, omega:-22.12, omega_m:-0.00, u:0.00, theta1:24.013, theta2:15.684, e:-22.122
t:55.51, r:0.00, omega:-22.12, omega_m:-0.00, u:0.00, theta1:24.008, theta2:15.705, e:-22.122
t:55.52, r:0.00, omega:0.00, omega_m:-0.00, u:0.00, theta1:24.008, theta2:15.705, e:0.000
t:55.53, r:0.00, omega:0.00, omega_m:-0.00, u:0.00, theta1:24.008, theta2:15.705, e:0.000
t:55.54, r:0.00, omega:0.00, omega_m:-0.00, u:0.00, theta1:24.008, theta2:15.705, e:0.000
t:55.55, r:0.00, omega:0.00, omega_m:-0.00, u:0.00, theta1:24.008, theta2:15.705, e:0.000
t:55.56, r:0.00, omega:0.00, omega_m:-0.00, u:0.00, theta1:24.008, theta2:15.705, e:0.000
t:55.57, r:0.00, omega:0.00, omega_m:-0.00, u:0.00, theta1:24.008, theta2:15.705, e:0.000
t:55.58, r:0.00, omega:0.00, omega_m:-0.00, u:0.00, theta1:24.008, theta2:15.705, e:0.000
t:55.59, r:0.00, omega:0.00, omega_m:-0.00, u:0.00, theta1:24.008, theta2:15.705, e:0.000
t:55.60, r:0.00, omega:0.00, omega_m:-0.00, u:0.00, theta1:24.008, theta2:15.705, e:0.000
t:55.61, r:0.00, omega:0.00, omega_m:-0.00, u:0.00, theta1:24.008, theta2:15.705, e:0.000
t:55.62, r:0.00, omega:0.00, omega_m:-0.00, u:0.00, theta1:24.008, theta2:15.705, e:0.000
t:55.63, r:0.00, omega:0.00, omega_m:-0.00, u:0.00, theta1:24.008, theta2:15.705, e:0.000
t:55.64, r:0.00, omega:0.00, omega_m:-0.00, u:0.00, theta1:24.008, theta2:15.705, e:0.000
t:55.65, r:0.00, omega:0.00, omega_m:-0.00, u:0.00, theta1:24.008, theta2:15.705, e:0.000
t:55.66, r:0.00, omega:0.00, omega_m:-0.00, u:0.00, theta1:24.008, theta2:15.705, e:0.000
t:55.67, r:0.00, omega:0.00, omega_m:-0.00, u:0.00, theta1:24.008, theta2:15.705, e:0.000
t:55.68, r:0.00, omega:0.00, omega_m:-0.00, u:0.00, theta1:24.008, theta2:15.705, e:0.000
t:55.69, r:0.00, omega:0.00, omega_m:-0.00, u:0.00, theta1:24.008, theta2:15.705, e:0.000
t:55.70, r:0.00, omega:0.00, omega_m:-0.00, u:0.00, theta1:24.008, theta2:15.705, e:0.000
t:55.71, r:0.00, omega:0.00, omega_m:-0.00, u:0.00, theta1:24.008, theta2:15.705, e:0.000
t:55.72, r:0.00, omega:0.00, omega_m:-0.00, u:0.00, theta1:24.008, theta2:15.705, e:0.000
t:55.73, r:0.00, omega:0.00, omega_m:-0.00, u:0.00, theta1:24.008, theta2:15.705, e:0.000
t:55.74, r:0.00, omega:0.00, omega_m:-0.00, u:0.00, theta1:24.008, theta2:15.705, e:0.000
t:55.75, r:0.00, omega:0.00, omega_m:-0.00, u:0.00, theta1:24.008, theta2:15.705, e:0.000
t:55.76, r:0.00, omega:0.00, omega_m:-0.00, u:0.00, theta1:24.008, theta2:15.705, e:0.000
t:55.77, r:0.00, omega:0.00, omega_m:-0.00, u:0.00, theta1:24.008, theta2:15.705, e:0.000
t:55.78, r:0.00, omega:0.00, omega_m:-0.00, u:0.00, theta1:24.008, theta2:15.705, e:0.000
t:55.79, r:0.00, omega:0.00, omega_m:-0.00, u:0.00, theta1:24.008, theta2:15.705, e:0.000
t:55.80, r:0.00, omega:0.00, omega_m:-0.00, u:0.00, theta1:24.008, theta2:15.705, e:0.000
t:55.81, r:0.00, omega:0.00, omega_m:-0.00, u:0.00, theta1:24.008, theta2:15.705, e:0.000
t:55.82, r:0.00, omega:0.00, omega_m:-0.00, u:0.00, theta1:24.008, theta2:15.705, e:0.000
t:55.83, r:0.00, omega:0.00, omega_m:-0.00, u:0.00, theta1:24.008, theta2:15.705, e:0.000
t:55.84, r:0.00, omega:0.00, omega_m:-0.00, u:0.00, theta1:24.008, theta2:15.705, e:0.000
t:55.85, r:0.00, omega:0.00, omega_m:-0.00, u:0.00, theta1:24.008, theta2:15.705, e:0.000
t:55.86, r:0.00, omega:0.00, omega_m:-0.00, u:0.00, theta1:24.008, theta2:15.705, e:0.000
t:55.87, r:0.00, omega:0.00, omega_m:-0.00, u:0.00, theta1:24.008, theta2:15.705, e:0.000
t:55.88, r:0.00, omega:0.00, omega_m:-0.00, u:0.00, theta1:24.008, theta2:15.705, e:0.000
t:55.89, r:0.00, omega:0.00, omega_m:-0.00, u:0.00, theta1:24.008, theta2:15.705, e:0.000
t:55.90, r:0.00, omega:0.00, omega_m:-0.00, u:0.00, theta1:24.008, theta2:15.705, e:0.000
t:55.91, r:0.00, omega:0.00, omega_m:-0.00, u:0.00, theta1:24.008, theta2:15.705, e:0.000
t:55.92, r:0.00, omega:0.00, omega_m:-0.00, u:0.00, theta1:24.008, theta2:15.705, e:0.000
t:55.93, r:0.00, omega:0.00, omega_m:-0.00, u:0.00, theta1:24.008, theta2:15.705, e:0.000
t:55.94, r:0.00, omega:0.00, omega_m:-0.00, u:0.00, theta1:24.008, theta2:15.705, e:0.000
t:55.95, r:0.00, omega:0.00, omega_m:-0.00, u:0.00, theta1:24.008, theta2:15.705, e:0.000
t:55.96, r:0.00, omega:0.00, omega_m:-0.00, u:0.00, theta1:24.008, theta2:15.705, e:0.000
t:55.97, r:0.00, omega:0.00, omega_m:-0.00, u:0.00, theta1:24.008, theta2:15.705, e:0.000
t:55.98, r:0.00, omega:0.00, omega_m:-0.00, u:0.00, theta1:24.008, theta2:15.705, e:0.000
t:55.99, r:0.00, omega:0.00, omega_m:-0.00, u:0.00, theta1:24.008, theta2:15.705, e:0.000
t:56.00, r:0.00, omega:0.00, omega_m:-0.00, u:0.00, theta1:24.008, theta2:15.705, e:0.000
t:56.01, r:25.00, omega:0.00, omega_m:15.80, u:600.59, theta1:24.024, theta2:15.703, e:-15.803
t:56.02, r:25.00, omega:0.00, omega_m:21.62, u:601.13, theta1:24.045, theta2:15.699, e:-21.617
t:56.03, r:25.00, omega:0.52, omega_m:23.76, u:593.60, theta1:24.069, theta2:15.695, e:-23.238
t:56.04, r:25.00, omega:0.52, omega_m:24.54, u:594.21, theta1:24.093, theta2:15.690, e:-24.025
t:56.05, r:25.00, omega:25.51, omega_m:24.83, u:202.05, theta1:24.092, theta2:15.691, e:0.676
t:56.06, r:25.00, omega:25.51, omega_m:24.94, u:202.02, theta1:24.091, theta2:15.692, e:0.570
t:56.07, r:25.00, omega:28.12, omega_m:24.98, u:81.82, theta1:24.079, theta2:15.704, e:8.145
t:56.08, r:25.00, omega:28.12, omega_m:24.99, u:81.11, theta1:24.067, theta2:15.716, e:8.131
t:56.09, r:25.00, omega:20.50, omega_m:25.00, u:279.75, theta1:24.072, theta2:15.711, e:-4.499
t:56.10, r:25.00, omega:20.50, omega_m:25.00, u:279.97, theta1:24.076, theta2:15.706, e:-4.501
t:56.11, r:25.00, omega:20.50, omega_m:25.00, u:280.19, theta1:24.081, theta2:15.700, e:-4.502
t:56.12, r:25.00, omega:20.50, omega_m:25.00, u:280.41, theta1:24.085, theta2:15.695, e:-4.502
t:56.13, r:25.00, omega:14.20, omega_m:25.00, u:379.67, theta1:24.096, theta2:15.686, e:-10.800
t:56.14, r:25.00, omega:14.20, omega_m:25.00, u:380.08, theta1:24.107, theta2:15.676, e:-10.800
t:56.15, r:25.00, omega:14.20, omega_m:25.00, u:380.48, theta1:24.118, theta2:15.667, e:-10.800
t:56.16, r:25.00, omega:20.02, omega_m:25.00, u:289.47, theta1:24.123, theta2:15.661, e:-4.976
t:56.17, r:25.00, omega:20.02, omega_m:25.00, u:289.71, theta1:24.128, theta2:15.655, e:-4.976
t:56.18, r:25.00, omega:25.07, omega_m:25.00, u:210.68, theta1:24.128, theta2:15.655, e:0.072
t:56.19, r:25.00, omega:25.07, omega_m:25.00, u:210.68, theta1:24.128, theta2:15.656, e:0.072
t:56.20, r:25.00, omega:20.85, omega_m:25.00, u:276.93, theta1:24.132, theta2:15.651, e:-4.147
t:56.21, r:25.00, omega:20.85, omega_m:25.00, u:277.14, theta1:24.136, theta2:15.646, e:-4.147
t:56.22, r:25.00, omega:20.85, omega_m:25.00, u:277.35, theta1:24.140, theta2:15.641, e:-4.147
t:56.23, r:25.00, omega:16.94, omega_m:25.00, u:338.97, theta1:24.148, theta2:15.633, e:-8.065
t:56.24, r:25.00, omega:16.94, omega_m:25.00, u:339.31, theta1:24.156, theta2:15.624, e:-8.065
t:56.25, r:25.00, omega:16.94, omega_m:25.00, u:339.65, theta1:24.165, theta2:15.616, e:-8.065
t:56.26, r:25.00, omega:20.25, omega_m:25.00, u:288.17, theta1:24.169, theta2:15.611, e:-4.753
t:56.27, r:25.00, omega:20.25, omega_m:25.00, u:288.40, theta1:24.174, theta2:15.605, e:-4.753
t:56.28, r:25.00, omega:20.79, omega_m:25.00, u:280.20, theta1:24.178, theta2:15.600, e:-4.214
t:56.29, r:25.00, omega:20.79, omega_m:25.00, u:280.41, theta1:24.183, theta2:15.595, e:-4.214
t:56.30, r:25.00, omega:20.79, omega_m:25.00, u:280.62, theta1:24.187, theta2:15.590, e:-4.214
t:56.31, r:25.00, omega:20.78, omega_m:25.00, u:280.98, theta1:24.191, theta2:15.585, e:-4.224
t:56.32, r:25.00, omega:20.78, omega_m:25.00, u:281.19, theta1:24.195, theta2:15.580, e:-4.224
t:56.33, r:25.00, omega:20.72, omega_m:25.00, u:282.30, theta1:24.200, theta2:15.575, e:-4.281
t:56.34, r:25.00, omega:20.72, omega_m:25.00, u:282.52, theta1:24.204, theta2:15.570, e:-4.281
t:56.35, r:25.00, omega:20.72, omega_m:25.00, u:282.73, theta1:24.208, theta2:15.565, e:-4.281
t:56.36, r:25.00, omega:19.24, omega_m:25.00, u:306.08, theta1:24.214, theta2:15.558, e:-5.764
t:56.37, r:25.00, omega:19.24, omega_m:25.00, u:306.35, theta1:24.220, theta2:15.552, e:-5.764
t:56.38, r:25.00, omega:19.24, omega_m:25.00, u:306.62, theta1:24.226, theta2:15.545, e:-5.764
t:56.39, r:25.00, omega:18.66, omega_m:25.00, u:315.89, theta1:24.232, theta2:15.538, e:-6.342
t:56.40, r:25.00, omega:18.66, omega_m:25.00, u:316.18, theta1:24.239, theta2:15.532, e:-6.342
t:56.41, r:25.00, omega:23.31, omega_m:25.00, u:244.08, theta1:24.240, theta2:15.529, e:-1.694
t:56.42, r:25.00, omega:23.31, omega_m:25.00, u:244.17, theta1:24.242, theta2:15.527, e:-1.694
t:56.43, r:25.00, omega:23.31, omega_m:25.00, u:244.27, theta1:24.244, theta2:15.525, e:-1.694
t:56.44, r:25.00, omega:20.14, omega_m:25.00, u:293.68, theta1:24.249, theta2:15.519, e:-4.862
t:56.45, r:25.00, omega:20.14, omega_m:25.00, u:293.92, theta1:24.254, theta2:15.514, e:-4.862
t:56.46, r:25.00, omega:20.14, omega_m:25.00, u:294.16, theta1:24.258, theta2:15.508, e:-4.862
t:56.47, r:25.00, omega:17.20, omega_m:25.00, u:340.09, theta1:24.266, theta2:15.500, e:-7.802
t:56.48, r:25.00, omega:17.20, omega_m:25.00, u:340.43, theta1:24.274, theta2:15.492, e:-7.802
t:56.49, r:25.00, omega:20.72, omega_m:25.00, u:286.04, theta1:24.278, theta2:15.487, e:-4.278
t:56.50, r:25.00, omega:20.72, omega_m:25.00, u:286.26, theta1:24.283, theta2:15.482, e:-4.278
t:56.51, r:25.00, omega:20.72, omega_m:25.00, u:286.47, theta1:24.287, theta2:15.477, e:-4.278
t:56.52, r:25.00, omega:22.95, omega_m:25.00, u:252.13, theta1:24.289, theta2:15.474, e:-2.052
t:56.53, r:25.00, omega:22.95, omega_m:25.00, u:252.24, theta1:24.291, theta2:15.471, e:-2.052
t:56.54, r:25.00, omega:19.35, omega_m:25.00, u:308.19, theta1:24.297, theta2:15.465, e:-5.651
t:56.55, r:25.00, omega:19.35, omega_m:25.00, u:308.46, theta1:24.303, theta2:15.459, e:-5.651
t:56.56, r:25.00, omega:19.35, omega_m:25.00, u:308.72, theta1:24.308, theta2:15.452, e:-5.651
t:56.57, r:25.00, omega:18.51, omega_m:25.00, u:322.02, theta1:24.315, theta2:15.445, e:-6.493
t:56.58, r:25.00, omega:18.51, omega_m:25.00, u:322.32, theta1:24.321, theta2:15.438, e:-6.493
t:56.59, r:25.00, omega:18.51, omega_m:25.00, u:322.61, theta1:24.328, theta2:15.431, e:-6.493
t:56.60, r:25.00, omega:21.45, omega_m:25.00, u:277.40, theta1:24.331, theta2:15.427, e:-3.552
t:56.61, r:25.00, omega:21.45, omega_m:25.00, u:277.58, theta1:24.335, theta2:15.423, e:-3.552
t:56.62, r:25.00, omega:21.45, omega_m:25.00, u:277.75, theta1:24.339, theta2:15.418, e:-3.551
t:56.63, r:25.00, omega:21.45, omega_m:25.00, u:277.94, theta1:24.342, theta2:15.414, e:-3.551
t:56.64, r:25.00, omega:21.45, omega_m:25.00, u:278.12, theta1:24.346, theta2:15.410, e:-3.551
t:56.65, r:25.00, omega:19.70, omega_m:25.00, u:305.33, theta1:24.351, theta2:15.404, e:-5.300
t:56.66, r:25.00, omega:19.70, omega_m:25.00, u:305.58, theta1:24.356, theta2:15.398, e:-5.300
t:56.67, r:25.00, omega:19.57, omega_m:25.00, u:307.91, theta1:24.362, theta2:15.391, e:-5.435
t:56.68, r:25.00, omega:19.57, omega_m:25.00, u:308.17, theta1:24.367, theta2:15.385, e:-5.435
t:56.69, r:25.00, omega:19.57, omega_m:25.00, u:308.43, theta1:24.373, theta2:15.379, e:-5.435
t:56.70, r:25.00, omega:20.30, omega_m:25.00, u:297.29, theta1:24.378, theta2:15.374, e:-4.696
t:56.71, r:25.00, omega:20.30, omega_m:25.00, u:297.52, theta1:24.382, theta2:15.368, e:-4.696
t:56.72, r:25.00, omega:21.92, omega_m:25.00, u:272.84, theta1:24.385, theta2:15.364, e:-3.079
t:56.73, r:25.00, omega:21.92, omega_m:25.00, u:273.00, theta1:24.388, theta2:15.360, e:-3.079
t:56.74, r:25.00, omega:21.92, omega_m:25.00, u:273.16, theta1:24.392, theta2:15.357, e:-3.079
t:56.75, r:25.00, omega:20.31, omega_m:25.00, u:298.18, theta1:24.396, theta2:15.351, e:-4.694
t:56.76, r:25.00, omega:20.31, omega_m:25.00, u:298.41, theta1:24.401, theta2:15.346, e:-4.694
t:56.77, r:25.00, omega:20.31, omega_m:25.00, u:298.64, theta1:24.406, theta2:15.340, e:-4.694
t:56.78, r:25.00, omega:19.93, omega_m:25.00, u:304.63, theta1:24.411, theta2:15.334, e:-5.068
t:56.79, r:25.00, omega:19.93, omega_m:25.00, u:304.87, theta1:24.416, theta2:15.328, e:-5.068
t:56.80, r:25.00, omega:19.52, omega_m:25.00, u:311.47, theta1:24.421, theta2:15.322, e:-5.482
t:56.81, r:25.00, omega:19.52, omega_m:25.00, u:311.73, theta1:24.427, theta2:15.316, e:-5.482
t:56.82, r:25.00, omega:19.52, omega_m:25.00, u:311.99, theta1:24.432, theta2:15.310, e:-5.482
t:56.83, r:25.00, omega:22.65, omega_m:25.00, u:264.16, theta1:24.435, theta2:15.307, e:-2.349
t:56.84, r:25.00, omega:22.65, omega_m:25.00, u:264.28, theta1:24.437, theta2:15.304, e:-2.349
t:56.85, r:25.00, omega:20.34, omega_m:25.00, u:299.95, theta1:24.442, theta2:15.298, e:-4.664
t:56.86, r:25.00, omega:20.34, omega_m:25.00, u:300.18, theta1:24.447, theta2:15.293, e:-4.664
t:56.87, r:25.00, omega:20.34, omega_m:25.00, u:300.40, theta1:24.451, theta2:15.287, e:-4.664
t:56.88, r:25.00, omega:19.23, omega_m:25.00, u:317.52, theta1:24.457, theta2:15.281, e:-5.766
t:56.89, r:25.00, omega:19.23, omega_m:25.00, u:317.78, theta1:24.463, theta2:15.275, e:-5.766
t:56.90, r:25.00, omega:20.80, omega_m:25.00, u:294.13, theta1:24.467, theta2:15.270, e:-4.204
t:56.91, r:25.00, omega:20.80, omega_m:25.00, u:294.34, theta1:24.471, theta2:15.265, e:-4.204
t:56.92, r:25.00, omega:20.80, omega_m:25.00, u:294.55, theta1:24.476, theta2:15.260, e:-4.204
t:56.93, r:25.00, omega:21.16, omega_m:25.00, u:289.13, theta1:24.479, theta2:15.255, e:-3.836
t:56.94, r:25.00, omega:21.16, omega_m:25.00, u:289.32, theta1:24.483, theta2:15.250, e:-3.836
t:56.95, r:25.00, omega:21.16, omega_m:25.00, u:289.52, theta1:24.487, theta2:15.246, e:-3.836
t:56.96, r:25.00, omega:19.14, omega_m:25.00, u:320.72, theta1:24.493, theta2:15.239, e:-5.865
t:56.97, r:25.00, omega:19.14, omega_m:25.00, u:320.99, theta1:24.499, theta2:15.233, e:-5.865
t:56.98, r:25.00, omega:21.39, omega_m:25.00, u:286.82, theta1:24.503, theta2:15.228, e:-3.609
t:56.99, r:25.00, omega:21.39, omega_m:25.00, u:287.01, theta1:24.506, theta2:15.224, e:-3.609
t:57.00, r:25.00, omega:21.39, omega_m:25.00, u:287.19, theta1:24.510, theta2:15.219, e:-3.609
t:57.01, r:0.00, omega:21.12, omega_m:9.20, u:0.00, theta1:24.507, theta2:15.230, e:11.918
t:57.02, r:0.00, omega:21.12, omega_m:3.38, u:0.00, theta1:24.503, theta2:15.246, e:17.732
t:57.03, r:0.00, omega:21.12, omega_m:1.24, u:0.00, theta1:24.498, theta2:15.264, e:19.871
t:57.04, r:0.00, omega:21.12, omega_m:0.46, u:0.00, theta1:24.493, theta2:15.283, e:20.658
t:57.05, r:0.00, omega:10.71, omega_m:0.17, u:0.00, theta1:24.490, theta2:15.287, e:10.540
t:57.06, r:0.00, omega:10.71, omega_m:0.06, u:0.00, theta1:24.487, theta2:15.291, e:10.646
t:57.07, r:0.00, omega:10.71, omega_m:0.02, u:0.00, theta1:24.485, theta2:15.295, e:10.685
t:57.08, r:0.00, omega:10.71, omega_m:0.01, u:0.00, theta1:24.482, theta2:15.299, e:10.700
t:57.09, r:0.00, omega:10.71, omega_m:0.00, u:0.00, theta1:24.480, theta2:15.303, e:10.705
t:57.10, r:0.00, omega:10.71, omega_m:0.00, u:0.00, theta1:24.477, theta2:15.307, e:10.707
t:57.11, r:0.00, omega:10.71, omega_m:0.00, u:0.00, theta1:24.474, theta2:15.311, e:10.708
t:57.12, r:0.00, omega:10.71, omega_m:0.00, u:0.00, theta1:24.472, theta2:15.315, e:10.708
t:57.13, r:0.00, omega:10.71, omega_m:0.00, u:0.00, theta1:24.469, theta2:15.320, e:10.708
t:57.14, r:0.00, omega:10.71, omega_m:0.00, u:0.00, theta1:24.466, theta2:15.324, e:10.708
t:57.15, r:0.00, omega:10.71, omega_m:0.00, u:0.00, theta1:24.464, theta2:15.328, e:10.708
t:57.16, r:0.00, omega:10.71, omega_m:0.00, u:0.00, theta1:24.461, theta2:15.332, e:10.708
t:57.17, r:0.00, omega:10.71, omega_m:0.00, u:0.00, theta1:24.459, theta2:15.336, e:10.708
t:57.18, r:0.00, omega:10.71, omega_m:0.00, u:0.00, theta1:24.456, theta2:15.340, e:10.708
t:57.19, r:0.00, omega:10.71, omega_m:0.00, u:0.00, theta1:24.453, theta2:15.344, e:10.708
t:57.20, r:0.00, omega:10.71, omega_m:0.00, u:0.00, theta1:24.451, theta2:15.348, e:10.708
t:57.21, r:0.00, omega:10.71, omega_m:0.00, u:0.00, theta1:24.448, theta2:15.352, e:10.708
t:57.22, r:0.00, omega:10.71, omega_m:0.00, u:0.00, theta1:24.446, theta2:15.356, e:10.708
t:57.23, r:0.00, omega:10.71, omega_m:0.00, u:0.00, theta1:24.443, theta2:15.360, e:10.708
t:57.24, r:0.00, omega:10.71, omega_m:0.00, u:0.00, theta1:24.440, theta2:15.365, e:10.708
t:57.25, r:0.00, omega:10.71, omega_m:0.00, u:0.00, theta1:24.438, theta2:15.369, e:10.708
t:57.26, r:0.00, omega:10.71, omega_m:0.00, u:0.00, theta1:24.435, theta2:15.373, e:10.708
t:57.27, r:0.00, omega:10.71, omega_m:0.00, u:0.00, theta1:24.432, theta2:15.377, e:10.708
t:57.28, r:0.00, omega:10.71, omega_m:0.00, u:0.00, theta1:24.430, theta2:15.381, e:10.708
t:57.29, r:0.00, omega:10.71, omega_m:0.00, u:0.00, theta1:24.427, theta2:15.385, e:10.708
t:57.30, r:0.00, omega:10.71, omega_m:0.00, u:0.00, theta1:24.425, theta2:15.389, e:10.708
t:57.31, r:0.00, omega:10.71, omega_m:0.00, u:0.00, theta1:24.422, theta2:15.393, e:10.708
t:57.32, r:0.00, omega:10.71, omega_m:0.00, u:0.00, theta1:24.419, theta2:15.397, e:10.708
t:57.33, r:0.00, omega:10.71, omega_m:0.00, u:0.00, theta1:24.417, theta2:15.401, e:10.708
t:57.34, r:0.00, omega:10.71, omega_m:0.00, u:0.00, theta1:24.414, theta2:15.405, e:10.708
t:57.35, r:0.00, omega:10.71, omega_m:0.00, u:0.00, theta1:24.411, theta2:15.410, e:10.708
t:57.36, r:0.00, omega:10.71, omega_m:0.00, u:0.00, theta1:24.409, theta2:15.414, e:10.708
t:57.37, r:0.00, omega:10.71, omega_m:0.00, u:0.00, theta1:24.406, theta2:15.418, e:10.708
t:57.38, r:0.00, omega:10.71, omega_m:0.00, u:0.00, theta1:24.404, theta2:15.422, e:10.708
t:57.39, r:0.00, omega:10.71, omega_m:0.00, u:0.00, theta1:24.401, theta2:15.426, e:10.708
t:57.40, r:0.00, omega:10.71, omega_m:0.00, u:0.00, theta1:24.398, theta2:15.430, e:10.708
t:57.41, r:0.00, omega:10.71, omega_m:0.00, u:0.00, theta1:24.396, theta2:15.434, e:10.708
t:57.42, r:0.00, omega:10.71, omega_m:0.00, u:0.00, theta1:24.393, theta2:15.438, e:10.708
t:57.43, r:0.00, omega:10.71, omega_m:0.00, u:0.00, theta1:24.391, theta2:15.442, e:10.708
t:57.44, r:0.00, omega:10.71, omega_m:0.00, u:0.00, theta1:24.388, theta2:15.446, e:10.708
t:57.45, r:0.00, omega:10.71, omega_m:0.00, u:0.00, theta1:24.385, theta2:15.450, e:10.708
t:57.46, r:0.00, omega:10.71, omega_m:0.00, u:0.00, theta1:24.383, theta2:15.454, e:10.708
t:57.47, r:0.00, omega:10.71, omega_m:0.00, u:0.00, theta1:24.380, theta2:15.458, e:10.708
t:57.48, r:0.00, omega:10.71, omega_m:0.00, u:0.00, theta1:24.378, theta2:15.463, e:10.708
t:57.49, r:0.00, omega:10.71, omega_m:0.00, u:0.00, theta1:24.375, theta2:15.467, e:10.708
t:57.50, r:0.00, omega:10.71, omega_m:0.00, u:0.00, theta1:24.372, theta2:15.471, e:10.708
t:57.51, r:0.00, omega:10.71, omega_m:0.00, u:0.00, theta1:24.370, theta2:15.475, e:10.708
t:57.52, r:0.00, omega:10.71, omega_m:0.00, u:0.00, theta1:24.367, theta2:15.479, e:10.708
t:57.53, r:0.00, omega:10.71, omega_m:0.00, u:0.00, theta1:24.364, theta2:15.483, e:10.708
t:57.54, r:0.00, omega:10.71, omega_m:0.00, u:0.00, theta1:24.362, theta2:15.487, e:10.708
t:57.55, r:0.00, omega:0.00, omega_m:0.00, u:0.00, theta1:24.362, theta2:15.487, e:-0.000
t:57.56, r:0.00, omega:0.00, omega_m:0.00, u:0.00, theta1:24.362, theta2:15.487, e:-0.000
t:57.57, r:0.00, omega:0.00, omega_m:0.00, u:0.00, theta1:24.362, theta2:15.487, e:-0.000
t:57.58, r:0.00, omega:0.00, omega_m:0.00, u:0.00, theta1:24.362, theta2:15.487, e:-0.000
t:57.59, r:0.00, omega:0.00, omega_m:0.00, u:0.00, theta1:24.362, theta2:15.487, e:-0.000
t:57.60, r:0.00, omega:0.00, omega_m:0.00, u:0.00, theta1:24.362, theta2:15.487, e:-0.000
t:57.61, r:0.00, omega:0.00, omega_m:0.00, u:0.00, theta1:24.362, theta2:15.487, e:-0.000
t:57.62, r:0.00, omega:0.00, omega_m:0.00, u:0.00, theta1:24.362, theta2:15.487, e:-0.000
t:57.63, r:0.00, omega:0.00, omega_m:0.00, u:0.00, theta1:24.362, theta2:15.487, e:-0.000
t:57.64, r:0.00, omega:0.00, omega_m:0.00, u:0.00, theta1:24.362, theta2:15.487, e:-0.000
t:57.65, r:0.00, omega:0.00, omega_m:0.00, u:0.00, theta1:24.362, theta2:15.487, e:-0.000
t:57.66, r:0.00, omega:0.00, omega_m:0.00, u:0.00, theta1:24.362, theta2:15.487, e:-0.000
t:57.67, r:0.00, omega:0.00, omega_m:0.00, u:0.00, theta1:24.362, theta2:15.487, e:-0.000
t:57.68, r:0.00, omega:0.00, omega_m:0.00, u:0.00, theta1:24.362, theta2:15.487, e:-0.000
t:57.69, r:0.00, omega:0.00, omega_m:0.00, u:0.00, theta1:24.362, theta2:15.487, e:-0.000
t:57.70, r:0.00, omega:0.00, omega_m:0.00, u:0.00, theta1:24.362, theta2:15.487, e:-0.000
t:57.71, r:0.00, omega:0.00, omega_m:0.00, u:0.00, theta1:24.362, theta2:15.487, e:-0.000
t:57.72, r:0.00, omega:0.00, omega_m:0.00, u:0.00, theta1:24.362, theta2:15.487, e:-0.000
t:57.73, r:0.00, omega:0.00, omega_m:0.00, u:0.00, theta1:24.362, theta2:15.487, e:-0.000
t:57.74, r:0.00, omega:0.00, omega_m:0.00, u:0.00, theta1:24.362, theta2:15.487, e:-0.000
t:57.75, r:0.00, omega:0.00, omega_m:0.00, u:0.00, theta1:24.362, theta2:15.487, e:-0.000
t:57.76, r:0.00, omega:0.00, omega_m:0.00, u:0.00, theta1:24.362, theta2:15.487, e:-0.000
t:57.77, r:0.00, omega:0.00, omega_m:0.00, u:0.00, theta1:24.362, theta2:15.487, e:-0.000
t:57.78, r:0.00, omega:0.00, omega_m:0.00, u:0.00, theta1:24.362, theta2:15.487, e:-0.000
t:57.79, r:0.00, omega:0.00, omega_m:0.00, u:0.00, theta1:24.362, theta2:15.487, e:-0.000
t:57.80, r:0.00, omega:0.00, omega_m:0.00, u:0.00, theta1:24.362, theta2:15.487, e:-0.000
t:57.81, r:0.00, omega:0.00, omega_m:0.00, u:0.00, theta1:24.362, theta2:15.487, e:-0.000
t:57.82, r:0.00, omega:0.00, omega_m:0.00, u:0.00, theta1:24.362, theta2:15.487, e:-0.000
t:57.83, r:0.00, omega:0.00, omega_m:0.00, u:0.00, theta1:24.362, theta2:15.487, e:-0.000
t:57.84, r:0.00, omega:0.00, omega_m:0.00, u:0.00, theta1:24.362, theta2:15.487, e:-0.000
t:57.85, r:0.00, omega:0.00, omega_m:0.00, u:0.00, theta1:24.362, theta2:15.487, e:-0.000
t:57.86, r:0.00, omega:0.00, omega_m:0.00, u:0.00, theta1:24.362, theta2:15.487, e:-0.000
t:57.87, r:0.00, omega:0.00, omega_m:0.00, u:0.00, theta1:24.362, theta2:15.487, e:-0.000
t:57.88, r:0.00, omega:0.00, omega_m:0.00, u:0.00, theta1:24.362, theta2:15.487, e:-0.000
t:57.89, r:0.00, omega:0.00, omega_m:0.00, u:0.00, theta1:24.362, theta2:15.487, e:-0.000
t:57.90, r:0.00, omega:0.00, omega_m:0.00, u:0.00, theta1:24.362, theta2:15.487, e:-0.000
t:57.91, r:0.00, omega:0.00, omega_m:0.00, u:0.00, theta1:24.362, theta2:15.487, e:-0.000
t:57.92, r:0.00, omega:0.00, omega_m:0.00, u:0.00, theta1:24.362, theta2:15.487, e:-0.000
t:57.93, r:0.00, omega:0.00, omega_m:0.00, u:0.00, theta1:24.362, theta2:15.487, e:-0.000
t:57.94, r:0.00, omega:0.00, omega_m:0.00, u:0.00, theta1:24.362, theta2:15.487, e:-0.000
t:57.95, r:0.00, omega:0.00, omega_m:0.00, u:0.00, theta1:24.362, theta2:15.487, e:-0.000
t:57.96, r:0.00, omega:0.00, omega_m:0.00, u:0.00, theta1:24.362, theta2:15.487, e:-0.000
t:57.97, r:0.00, omega:0.00, omega_m:0.00, u:0.00, theta1:24.362, theta2:15.487, e:-0.000
t:57.98, r:0.00, omega:0.00, omega_m:0.00, u:0.00, theta1:24.362, theta2:15.487, e:-0.000
t:57.99, r:0.00, omega:0.00, omega_m:0.00, u:0.00, theta1:24.362, theta2:15.487, e:-0.000
t:58.00, r:0.00, omega:0.00, omega_m:0.00, u:0.00, theta1:24.362, theta2:15.487, e:-0.000
t:58.01, r:-25.00, omega:0.00, omega_m:-15.80, u:-609.44, theta1:24.378, theta2:15.485, e:15.803
t:58.02, r:-25.00, omega:0.00, omega_m:-21.62, u:-609.99, theta1:24.400, theta2:15.481, e:21.617
t:58.03, r:-25.00, omega:0.00, omega_m:-23.76, u:-610.59, theta1:24.423, theta2:15.478, e:23.755
t:58.04, r:-25.00, omega:-0.53, omega_m:-24.54, u:-602.95, theta1:24.448, theta2:15.473, e:24.010
t:58.05, r:-25.00, omega:-0.53, omega_m:-24.83, u:-603.56, theta1:24.472, theta2:15.469, e:24.299
t:58.06, r:-25.00, omega:-30.04, omega_m:-24.94, u:-146.72, theta1:24.464, theta2:15.476, e:-5.102
t:58.07, r:-25.00, omega:-37.09, omega_m:-24.98, u:-36.40, theta1:24.446, theta2:15.496, e:-12.113
t:58.08, r:-25.00, omega:-37.09, omega_m:-24.99, u:-35.19, theta1:24.428, theta2:15.517, e:-12.098
t:58.09, r:-25.00, omega:-26.24, omega_m:-25.00, u:-203.50, theta1:24.426, theta2:15.518, e:-1.241
t:58.10, r:-25.00, omega:-26.24, omega_m:-25.00, u:-203.41, theta1:24.424, theta2:15.520, e:-1.239
t:58.11, r:-25.00, omega:-26.24, omega_m:-25.00, u:-203.33, theta1:24.423, theta2:15.521, e:-1.238
t:58.12, r:-25.00, omega:-26.24, omega_m:-25.00, u:-203.24, theta1:24.421, theta2:15.523, e:-1.238
t:58.13, r:-25.00, omega:-13.56, omega_m:-25.00, u:-400.47, theta1:24.432, theta2:15.513, e:11.441
t:58.14, r:-25.00, omega:-13.56, omega_m:-25.00, u:-400.88, theta1:24.444, theta2:15.503, e:11.441
t:58.15, r:-25.00, omega:-13.56, omega_m:-25.00, u:-401.30, theta1:24.455, theta2:15.494, e:11.441
t:58.16, r:-25.00, omega:-17.17, omega_m:-25.00, u:-345.75, theta1:24.463, theta2:15.486, e:7.834
t:58.17, r:-25.00, omega:-17.17, omega_m:-25.00, u:-346.08, theta1:24.471, theta2:15.478, e:7.834
t:58.18, r:-25.00, omega:-24.24, omega_m:-25.00, u:-236.67, theta1:24.472, theta2:15.477, e:0.763
t:58.19, r:-25.00, omega:-24.24, omega_m:-25.00, u:-236.72, theta1:24.473, theta2:15.476, e:0.763
t:58.20, r:-25.00, omega:-24.17, omega_m:-25.00, u:-237.84, theta1:24.473, theta2:15.475, e:0.832
t:58.21, r:-25.00, omega:-24.17, omega_m:-25.00, u:-237.89, theta1:24.474, theta2:15.474, e:0.832
t:58.22, r:-25.00, omega:-24.17, omega_m:-25.00, u:-237.94, theta1:24.475, theta2:15.473, e:0.832
t:58.23, r:-25.00, omega:-17.23, omega_m:-25.00, u:-345.59, theta1:24.483, theta2:15.465, e:7.768
t:58.24, r:-25.00, omega:-17.23, omega_m:-25.00, u:-345.92, theta1:24.491, theta2:15.457, e:7.768
t:58.25, r:-25.00, omega:-17.23, omega_m:-25.00, u:-346.25, theta1:24.499, theta2:15.449, e:7.768
t:58.26, r:-25.00, omega:-19.81, omega_m:-25.00, u:-306.70, theta1:24.504, theta2:15.443, e:5.192
t:58.27, r:-25.00, omega:-19.81, omega_m:-25.00, u:-306.95, theta1:24.509, theta2:15.437, e:5.192
t:58.28, r:-25.00, omega:-21.95, omega_m:-25.00, u:-274.10, theta1:24.512, theta2:15.433, e:3.054
t:58.29, r:-25.00, omega:-21.95, omega_m:-25.00, u:-274.26, theta1:24.515, theta2:15.429, e:3.054
t:58.30, r:-25.00, omega:-21.95, omega_m:-25.00, u:-274.42, theta1:24.518, theta2:15.426, e:3.054
t:58.31, r:-25.00, omega:-22.15, omega_m:-25.00, u:-271.45, theta1:24.521, theta2:15.422, e:2.851
t:58.32, r:-25.00, omega:-22.15, omega_m:-25.00, u:-271.60, theta1:24.524, theta2:15.418, e:2.851
t:58.33, r:-25.00, omega:-21.31, omega_m:-25.00, u:-284.77, theta1:24.528, theta2:15.414, e:3.693
t:58.34, r:-25.00, omega:-21.31, omega_m:-25.00, u:-284.96, theta1:24.531, theta2:15.409, e:3.693
t:58.35, r:-25.00, omega:-21.31, omega_m:-25.00, u:-285.14, theta1:24.535, theta2:15.405, e:3.693
t:58.36, r:-25.00, omega:-18.57, omega_m:-25.00, u:-327.66, theta1:24.542, theta2:15.398, e:6.434
t:58.37, r:-25.00, omega:-18.57, omega_m:-25.00, u:-327.95, theta1:24.548, theta2:15.391, e:6.434
t:58.38, r:-25.00, omega:-18.57, omega_m:-25.00, u:-328.24, theta1:24.554, theta2:15.384, e:6.434
t:58.39, r:-25.00, omega:-20.08, omega_m:-25.00, u:-305.23, theta1:24.559, theta2:15.378, e:4.923
t:58.40, r:-25.00, omega:-20.08, omega_m:-25.00, u:-305.47, theta1:24.564, theta2:15.373, e:4.923
t:58.41, r:-25.00, omega:-23.37, omega_m:-25.00, u:-254.90, theta1:24.566, theta2:15.370, e:1.627
t:58.42, r:-25.00, omega:-23.37, omega_m:-25.00, u:-254.99, theta1:24.568, theta2:15.368, e:1.627
t:58.43, r:-25.00, omega:-21.29, omega_m:-25.00, u:-287.18, theta1:24.571, theta2:15.364, e:3.709
t:58.44, r:-25.00, omega:-21.29, omega_m:-25.00, u:-287.37, theta1:24.575, theta2:15.359, e:3.709
t:58.45, r:-25.00, omega:-21.29, omega_m:-25.00, u:-287.56, theta1:24.579, theta2:15.355, e:3.709
t:58.46, r:-25.00, omega:-19.19, omega_m:-25.00, u:-320.05, theta1:24.585, theta2:15.348, e:5.808
t:58.47, r:-25.00, omega:-19.19, omega_m:-25.00, u:-320.32, theta1:24.590, theta2:15.342, e:5.808
t:58.48, r:-25.00, omega:-21.08, omega_m:-25.00, u:-291.56, theta1:24.594, theta2:15.337, e:3.920
t:58.49, r:-25.00, omega:-21.08, omega_m:-25.00, u:-291.76, theta1:24.598, theta2:15.332, e:3.920
t:58.50, r:-25.00, omega:-21.08, omega_m:-25.00, u:-291.96, theta1:24.602, theta2:15.328, e:3.920
t:58.51, r:-25.00, omega:-22.16, omega_m:-25.00, u:-275.56, theta1:24.605, theta2:15.324, e:2.841
t:58.52, r:-25.00, omega:-22.16, omega_m:-25.00, u:-275.71, theta1:24.608, theta2:15.320, e:2.841
t:58.53, r:-25.00, omega:-19.93, omega_m:-25.00, u:-310.13, theta1:24.613, theta2:15.315, e:5.072
t:58.54, r:-25.00, omega:-19.93, omega_m:-25.00, u:-310.37, theta1:24.618, theta2:15.309, e:5.072
t:58.55, r:-25.00, omega:-19.93, omega_m:-25.00, u:-310.62, theta1:24.623, theta2:15.303, e:5.072
t:58.56, r:-25.00, omega:-20.57, omega_m:-25.00, u:-300.98, theta1:24.628, theta2:15.298, e:4.427
t:58.57, r:-25.00, omega:-20.57, omega_m:-25.00, u:-301.19, theta1:24.632, theta2:15.292, e:4.427
t:58.58, r:-25.00, omega:-22.29, omega_m:-25.00, u:-275.06, theta1:24.635, theta2:15.289, e:2.709
t:58.59, r:-25.00, omega:-22.29, omega_m:-25.00, u:-275.20, theta1:24.638, theta2:15.286, e:2.709
t:58.60, r:-25.00, omega:-22.29, omega_m:-25.00, u:-275.35, theta1:24.640, theta2:15.282, e:2.709
t:58.61, r:-25.00, omega:-19.72, omega_m:-25.00, u:-314.85, theta1:24.646, theta2:15.276, e:5.277
t:58.62, r:-25.00, omega:-19.72, omega_m:-25.00, u:-315.10, theta1:24.651, theta2:15.270, e:5.277
t:58.63, r:-25.00, omega:-19.72, omega_m:-25.00, u:-315.35, theta1:24.656, theta2:15.264, e:5.277
t:58.64, r:-25.00, omega:-19.90, omega_m:-25.00, u:-312.84, theta1:24.661, theta2:15.258, e:5.097
t:58.65, r:-25.00, omega:-19.90, omega_m:-25.00, u:-313.08, theta1:24.666, theta2:15.252, e:5.097
t:58.66, r:-25.00, omega:-22.17, omega_m:-25.00, u:-278.69, theta1:24.669, theta2:15.249, e:2.831
t:58.67, r:-25.00, omega:-22.17, omega_m:-25.00, u:-278.84, theta1:24.672, theta2:15.245, e:2.831
t:58.68, r:-25.00, omega:-21.67, omega_m:-25.00, u:-286.59, theta1:24.675, theta2:15.241, e:3.329
t:58.69, r:-25.00, omega:-21.67, omega_m:-25.00, u:-286.76, theta1:24.679, theta2:15.237, e:3.329
t:58.70, r:-25.00, omega:-21.67, omega_m:-25.00, u:-286.94, theta1:24.682, theta2:15.233, e:3.329
t:58.71, r:-25.00, omega:-19.08, omega_m:-25.00, u:-326.74, theta1:24.688, theta2:15.226, e:5.924
t:58.72, r:-25.00, omega:-19.08, omega_m:-25.00, u:-327.02, theta1:24.694, theta2:15.220, e:5.924
t:58.73, r:-25.00, omega:-19.08, omega_m:-25.00, u:-327.29, theta1:24.700, theta2:15.213, e:5.924
t:58.74, r:-25.00, omega:-20.88, omega_m:-25.00, u:-300.11, theta1:24.704, theta2:15.208, e:4.124
t:58.75, r:-25.00, omega:-20.88, omega_m:-25.00, u:-300.31, theta1:24.708, theta2:15.203, e:4.124
t:58.76, r:-25.00, omega:-21.86, omega_m:-25.00, u:-285.50, theta1:24.711, theta2:15.199, e:3.139
t:58.77, r:-25.00, omega:-21.86, omega_m:-25.00, u:-285.67, theta1:24.714, theta2:15.196, e:3.139
t:58.78, r:-25.00, omega:-21.70, omega_m:-25.00, u:-288.28, theta1:24.718, theta2:15.192, e:3.299
t:58.79, r:-25.00, omega:-21.70, omega_m:-25.00, u:-288.45, theta1:24.721, theta2:15.187, e:3.299
t:58.80, r:-25.00, omega:-21.70, omega_m:-25.00, u:-288.62, theta1:24.724, theta2:15.183, e:3.299
t:58.81, r:-25.00, omega:-21.51, omega_m:-25.00, u:-291.75, theta1:24.728, theta2:15.179, e:3.493
t:58.82, r:-25.00, omega:-21.51, omega_m:-25.00, u:-291.93, theta1:24.731, theta2:15.175, e:3.493
t:58.83, r:-25.00, omega:-20.47, omega_m:-25.00, u:-307.85, theta1:24.736, theta2:15.169, e:4.528
t:58.84, r:-25.00, omega:-20.47, omega_m:-25.00, u:-308.07, theta1:24.740, theta2:15.164, e:4.528
t:58.85, r:-25.00, omega:-20.47, omega_m:-25.00, u:-308.29, theta1:24.745, theta2:15.159, e:4.528
t:58.86, r:-25.00, omega:-19.01, omega_m:-25.00, u:-330.68, theta1:24.751, theta2:15.152, e:5.986
t:58.87, r:-25.00, omega:-19.01, omega_m:-25.00, u:-330.95, theta1:24.757, theta2:15.146, e:5.986
t:58.88, r:-25.00, omega:-19.01, omega_m:-25.00, u:-331.23, theta1:24.763, theta2:15.139, e:5.986
t:58.89, r:-25.00, omega:-22.36, omega_m:-25.00, u:-280.74, theta1:24.766, theta2:15.136, e:2.642
t:58.90, r:-25.00, omega:-22.36, omega_m:-25.00, u:-280.88, theta1:24.768, theta2:15.132, e:2.642
t:58.91, r:-25.00, omega:-22.85, omega_m:-25.00, u:-273.59, theta1:24.770, theta2:15.130, e:2.152
t:58.92, r:-25.00, omega:-22.85, omega_m:-25.00, u:-273.71, theta1:24.773, theta2:15.127, e:2.152
t:58.93, r:-25.00, omega:-21.22, omega_m:-25.00, u:-298.59, theta1:24.776, theta2:15.122, e:3.784
t:58.94, r:-25.00, omega:-21.22, omega_m:-25.00, u:-298.78, theta1:24.780, theta2:15.118, e:3.784
t:58.95, r:-25.00, omega:-21.22, omega_m:-25.00, u:-298.97, theta1:24.784, theta2:15.113, e:3.784
t:58.96, r:-25.00, omega:-19.77, omega_m:-25.00, u:-321.14, theta1:24.789, theta2:15.107, e:5.235
t:58.97, r:-25.00, omega:-19.77, omega_m:-25.00, u:-321.39, theta1:24.795, theta2:15.101, e:5.235
t:58.98, r:-25.00, omega:-21.26, omega_m:-25.00, u:-299.03, theta1:24.798, theta2:15.097, e:3.741
t:58.99, r:-25.00, omega:-21.26, omega_m:-25.00, u:-299.22, theta1:24.802, theta2:15.092, e:3.741
t:59.00, r:-25.00, omega:-21.26, omega_m:-25.00, u:-299.41, theta1:24.806, theta2:15.087, e:3.741
t:59.01, r:0.00, omega:-21.13, omega_m:-9.20, u:0.00, theta1:24.803, theta2:15.098, e:-11.935
t:59.02, r:0.00, omega:-21.13, omega_m:-3.38, u:0.00, theta1:24.798, theta2:15.114, e:-17.748
t:59.03, r:0.00, omega:-21.13, omega_m:-1.24, u:0.00, theta1:24.793, theta2:15.132, e:-19.887
t:59.04, r:0.00, omega:-21.13, omega_m:-0.46, u:0.00, theta1:24.788, theta2:15.151, e:-20.674
t:59.05, r:0.00, omega:-12.39, omega_m:-0.17, u:0.00, theta1:24.785, theta2:15.157, e:-12.224
t:59.06, r:0.00, omega:-12.39, omega_m:-0.06, u:0.00, theta1:24.782, theta2:15.163, e:-12.331
t:59.07, r:0.00, omega:-12.39, omega_m:-0.02, u:0.00, theta1:24.779, theta2:15.168, e:-12.370
t:59.08, r:0.00, omega:-12.39, omega_m:-0.01, u:0.00, theta1:24.776, theta2:15.174, e:-12.384
t:59.09, r:0.00, omega:-12.39, omega_m:-0.00, u:0.00, theta1:24.773, theta2:15.180, e:-12.389
t:59.10, r:0.00, omega:-12.39, omega_m:-0.00, u:0.00, theta1:24.770, theta2:15.186, e:-12.391
t:59.11, r:0.00, omega:-12.39, omega_m:-0.00, u:0.00, theta1:24.767, theta2:15.191, e:-12.392
t:59.12, r:0.00, omega:-12.39, omega_m:-0.00, u:0.00, theta1:24.764, theta2:15.197, e:-12.392
t:59.13, r:0.00, omega:-12.39, omega_m:-0.00, u:0.00, theta1:24.761, theta2:15.203, e:-12.393
t:59.14, r:0.00, omega:-12.39, omega_m:-0.00, u:0.00, theta1:24.758, theta2:15.209, e:-12.393
t:59.15, r:0.00, omega:-12.39, omega_m:-0.00, u:0.00, theta1:24.755, theta2:15.215, e:-12.393
t:59.16, r:0.00, omega:-12.39, omega_m:-0.00, u:0.00, theta1:24.752, theta2:15.220, e:-12.393
t:59.17, r:0.00, omega:-12.39, omega_m:-0.00, u:0.00, theta1:24.748, theta2:15.226, e:-12.393
t:59.18, r:0.00, omega:-12.39, omega_m:-0.00, u:0.00, theta1:24.745, theta2:15.232, e:-12.393
t:59.19, r:0.00, omega:-12.39, omega_m:-0.00, u:0.00, theta1:24.742, theta2:15.238, e:-12.393
t:59.20, r:0.00, omega:-12.39, omega_m:-0.00, u:0.00, theta1:24.739, theta2:15.244, e:-12.393
t:59.21, r:0.00, omega:-12.39, omega_m:-0.00, u:0.00, theta1:24.736, theta2:15.249, e:-12.393
t:59.22, r:0.00, omega:-12.39, omega_m:-0.00, u:0.00, theta1:24.733, theta2:15.255, e:-12.393
t:59.23, r:0.00, omega:-12.39, omega_m:-0.00, u:0.00, theta1:24.730, theta2:15.261, e:-12.393
t:59.24, r:0.00, omega:-12.39, omega_m:-0.00, u:0.00, theta1:24.727, theta2:15.267, e:-12.393
t:59.25, r:0.00, omega:-12.39, omega_m:-0.00, u:0.00, theta1:24.724, theta2:15.273, e:-12.393
t:59.26, r:0.00, omega:-12.39, omega_m:-0.00, u:0.00, theta1:24.721, theta2:15.278, e:-12.393
t:59.27, r:0.00, omega:-12.39, omega_m:-0.00, u:0.00, theta1:24.718, theta2:15.284, e:-12.393
t:59.28, r:0.00, omega:-12.39, omega_m:-0.00, u:0.00, theta1:24.715, theta2:15.290, e:-12.393
t:59.29, r:0.00, omega:-12.39, omega_m:-0.00, u:0.00, theta1:24.712, theta2:15.296, e:-12.393
t:59.30, r:0.00, omega:-12.39, omega_m:-0.00, u:0.00, theta1:24.709, theta2:15.302, e:-12.393
t:59.31, r:0.00, omega:-12.39, omega_m:-0.00, u:0.00, theta1:24.706, theta2:15.307, e:-12.393
t:59.32, r:0.00, omega:-12.39, omega_m:-0.00, u:0.00, theta1:24.703, theta2:15.313, e:-12.393
t:59.33, r:0.00, omega:-12.39, omega_m:-0.00, u:0.00, theta1:24.699, theta2:15.319, e:-12.393
t:59.34, r:0.00, omega:-12.39, omega_m:-0.00, u:0.00, theta1:24.696, theta2:15.325, e:-12.393
t:59.35, r:0.00, omega:-12.39, omega_m:-0.00, u:0.00, theta1:24.693, theta2:15.330, e:-12.393
t:59.36, r:0.00, omega:-12.39, omega_m:-0.00, u:0.00, theta1:24.690, theta2:15.336, e:-12.393
t:59.37, r:0.00, omega:-12.39, omega_m:-0.00, u:0.00, theta1:24.687, theta2:15.342, e:-12.393
t:59.38, r:0.00, omega:-12.39, omega_m:-0.00, u:0.00, theta1:24.684, theta2:15.348, e:-12.393
t:59.39, r:0.00, omega:-12.39, omega_m:-0.00, u:0.00, theta1:24.681, theta2:15.354, e:-12.393
t:59.40, r:0.00, omega:-12.39, omega_m:-0.00, u:0.00, theta1:24.678, theta2:15.359, e:-12.393
t:59.41, r:0.00, omega:-12.39, omega_m:-0.00, u:0.00, theta1:24.675, theta2:15.365, e:-12.393
t:59.42, r:0.00, omega:-12.39, omega_m:-0.00, u:0.00, theta1:24.672, theta2:15.371, e:-12.393
t:59.43, r:0.00, omega:-12.39, omega_m:-0.00, u:0.00, theta1:24.669, theta2:15.377, e:-12.393
t:59.44, r:0.00, omega:-12.39, omega_m:-0.00, u:0.00, theta1:24.666, theta2:15.382, e:-12.393
t:59.45, r:0.00, omega:-12.39, omega_m:-0.00, u:0.00, theta1:24.663, theta2:15.388, e:-12.393
t:59.46, r:0.00, omega:-12.39, omega_m:-0.00, u:0.00, theta1:24.660, theta2:15.394, e:-12.393
t:59.47, r:0.00, omega:-12.39, omega_m:-0.00, u:0.00, theta1:24.657, theta2:15.400, e:-12.393
t:59.48, r:0.00, omega:-12.39, omega_m:-0.00, u:0.00, theta1:24.654, theta2:15.405, e:-12.393
t:59.49, r:0.00, omega:-12.39, omega_m:-0.00, u:0.00, theta1:24.651, theta2:15.411, e:-12.393
t:59.50, r:0.00, omega:-12.39, omega_m:-0.00, u:0.00, theta1:24.647, theta2:15.417, e:-12.393
t:59.51, r:0.00, omega:-12.39, omega_m:-0.00, u:0.00, theta1:24.644, theta2:15.423, e:-12.393
t:59.52, r:0.00, omega:-12.39, omega_m:-0.00, u:0.00, theta1:24.641, theta2:15.429, e:-12.393
t:59.53, r:0.00, omega:-12.39, omega_m:-0.00, u:0.00, theta1:24.638, theta2:15.434, e:-12.393
t:59.54, r:0.00, omega:-12.39, omega_m:-0.00, u:0.00, theta1:24.635, theta2:15.440, e:-12.393
t:59.55, r:0.00, omega:0.00, omega_m:-0.00, u:0.00, theta1:24.635, theta2:15.440, e:0.000
t:59.56, r:0.00, omega:0.00, omega_m:-0.00, u:0.00, theta1:24.635, theta2:15.440, e:0.000
t:59.57, r:0.00, omega:0.00, omega_m:-0.00, u:0.00, theta1:24.635, theta2:15.440, e:0.000
t:59.58, r:0.00, omega:0.00, omega_m:-0.00, u:0.00, theta1:24.635, theta2:15.440, e:0.000
t:59.59, r:0.00, omega:0.00, omega_m:-0.00, u:0.00, theta1:24.635, theta2:15.440, e:0.000
t:59.60, r:0.00, omega:0.00, omega_m:-0.00, u:0.00, theta1:24.635, theta2:15.440, e:0.000
t:59.61, r:0.00, omega:0.00, omega_m:-0.00, u:0.00, theta1:24.635, theta2:15.440, e:0.000
t:59.62, r:0.00, omega:0.00, omega_m:-0.00, u:0.00, theta1:24.635, theta2:15.440, e:0.000
t:59.63, r:0.00, omega:0.00, omega_m:-0.00, u:0.00, theta1:24.635, theta2:15.440, e:0.000
t:59.64, r:0.00, omega:0.00, omega_m:-0.00, u:0.00, theta1:24.635, theta2:15.440, e:0.000
t:59.65, r:0.00, omega:0.00, omega_m:-0.00, u:0.00, theta1:24.635, theta2:15.440, e:0.000
t:59.66, r:0.00, omega:0.00, omega_m:-0.00, u:0.00, theta1:24.635, theta2:15.440, e:0.000
t:59.67, r:0.00, omega:0.00, omega_m:-0.00, u:0.00, theta1:24.635, theta2:15.440, e:0.000
t:59.68, r:0.00, omega:0.00, omega_m:-0.00, u:0.00, theta1:24.635, theta2:15.440, e:0.000
t:59.69, r:0.00, omega:0.00, omega_m:-0.00, u:0.00, theta1:24.635, theta2:15.440, e:0.000
t:59.70, r:0.00, omega:0.00, omega_m:-0.00, u:0.00, theta1:24.635, theta2:15.440, e:0.000
t:59.71, r:0.00, omega:0.00, omega_m:-0.00, u:0.00, theta1:24.635, theta2:15.440, e:0.000
t:59.72, r:0.00, omega:0.00, omega_m:-0.00, u:0.00, theta1:24.635, theta2:15.440, e:0.000
t:59.73, r:0.00, omega:0.00, omega_m:-0.00, u:0.00, theta1:24.635, theta2:15.440, e:0.000
t:59.74, r:0.00, omega:0.00, omega_m:-0.00, u:0.00, theta1:24.635, theta2:15.440, e:0.000
t:59.75, r:0.00, omega:0.00, omega_m:-0.00, u:0.00, theta1:24.635, theta2:15.440, e:0.000
t:59.76, r:0.00, omega:0.00, omega_m:-0.00, u:0.00, theta1:24.635, theta2:15.440, e:0.000
t:59.77, r:0.00, omega:0.00, omega_m:-0.00, u:0.00, theta1:24.635, theta2:15.440, e:0.000
t:59.78, r:0.00, omega:0.00, omega_m:-0.00, u:0.00, theta1:24.635, theta2:15.440, e:0.000
t:59.79, r:0.00, omega:0.00, omega_m:-0.00, u:0.00, theta1:24.635, theta2:15.440, e:0.000
t:59.80, r:0.00, omega:0.00, omega_m:-0.00, u:0.00, theta1:24.635, theta2:15.440, e:0.000
t:59.81, r:0.00, omega:0.00, omega_m:-0.00, u:0.00, theta1:24.635, theta2:15.440, e:0.000
t:59.82, r:0.00, omega:0.00, omega_m:-0.00, u:0.00, theta1:24.635, theta2:15.440, e:0.000
t:59.83, r:0.00, omega:0.00, omega_m:-0.00, u:0.00, theta1:24.635, theta2:15.440, e:0.000
t:59.84, r:0.00, omega:0.00, omega_m:-0.00, u:0.00, theta1:24.635, theta2:15.440, e:0.000
t:59.85, r:0.00, omega:0.00, omega_m:-0.00, u:0.00, theta1:24.635, theta2:15.440, e:0.000
t:59.86, r:0.00, omega:0.00, omega_m:-0.00, u:0.00, theta1:24.635, theta2:15.440, e:0.000
t:59.87, r:0.00, omega:0.00, omega_m:-0.00, u:0.00, theta1:24.635, theta2:15.440, e:0.000
t:59.88, r:0.00, omega:0.00, omega_m:-0.00, u:0.00, theta1:24.635, theta2:15.440, e:0.000
t:59.89, r:0.00, omega:0.00, omega_m:-0.00, u:0.00, theta1:24.635, theta2:15.440, e:0.000
t:59.90, r:0.00, omega:0.00, omega_m:-0.00, u:0.00, theta1:24.635, theta2:15.440, e:0.000
t:59.91, r:0.00, omega:0.00, omega_m:-0.00, u:0.00, theta1:24.635, theta2:15.440, e:0.000
t:59.92, r:0.00, omega:0.00, omega_m:-0.00, u:0.00, theta1:24.635, theta2:15.440, e:0.000
t:59.93, r:0.00, omega:0.00, omega_m:-0.00, u:0.00, theta1:24.635, theta2:15.440, e:0.000
t:59.94, r:0.00, omega:0.00, omega_m:-0.00, u:0.00, theta1:24.635, theta2:15.440, e:0.000
t:59.95, r:0.00, omega:0.00, omega_m:-0.00, u:0.00, theta1:24.635, theta2:15.440, e:0.000
t:59.96, r:0.00, omega:0.00, omega_m:-0.00, u:0.00, theta1:24.635, theta2:15.440, e:0.000
t:59.97, r:0.00, omega:0.00, omega_m:-0.00, u:0.00, theta1:24.635, theta2:15.440, e:0.000
t:59.98, r:0.00, omega:0.00, omega_m:-0.00, u:0.00, theta1:24.635, theta2:15.440, e:0.000
t:59.99, r:0.00, omega:0.00, omega_m:-0.00, u:0.00, theta1:24.635, theta2:15.440, e:0.000
t:60.00, r:0.00, omega:0.00, omega_m:-0.00, u:0.00, theta1:24.635, theta2:15.440, e:0.000
t:60.01, r:25.00, omega:0.00, omega_m:15.80, u:616.28, theta1:24.651, theta2:15.438, e:-15.803
t:60.02, r:25.00, omega:0.00, omega_m:21.62, u:616.82, theta1:24.673, theta2:15.434, e:-21.617
t:60.03, r:25.00, omega:0.00, omega_m:23.76, u:617.42, theta1:24.697, theta2:15.431, e:-23.755
t:60.04, r:25.00, omega:0.53, omega_m:24.54, u:609.84, theta1:24.721, theta2:15.426, e:-24.012
t:60.05, r:25.00, omega:0.53, omega_m:24.83, u:610.45, theta1:24.745, theta2:15.422, e:-24.301
t:60.06, r:25.00, omega:30.12, omega_m:24.94, u:153.75, theta1:24.737, theta2:15.429, e:5.180
t:60.07, r:25.00, omega:29.00, omega_m:24.98, u:46.43, theta1:24.719, theta2:15.449, e:12.018
t:60.08, r:25.00, omega:29.00, omega_m:24.99, u:45.23, theta1:24.701, theta2:15.470, e:12.004
t:60.09, r:25.00, omega:26.75, omega_m:25.00, u:203.54, theta1:24.699, theta2:15.472, e:1.757
t:60.10, r:25.00, omega:26.75, omega_m:25.00, u:203.42, theta1:24.696, theta2:15.474, e:1.755
t:60.11, r:25.00, omega:26.75, omega_m:25.00, u:203.30, theta1:24.694, theta2:15.476, e:1.754
t:60.12, r:25.00, omega:26.75, omega_m:25.00, u:203.18, theta1:24.691, theta2:15.478, e:1.754
t:60.13, r:25.00, omega:14.89, omega_m:25.00, u:387.23, theta1:24.701, theta2:15.469, e:-10.112
t:60.14, r:25.00, omega:14.89, omega_m:25.00, u:387.62, theta1:24.711, theta2:15.460, e:-10.112
t:60.15, r:25.00, omega:14.89, omega_m:25.00, u:388.01, theta1:24.721, theta2:15.451, e:-10.112
t:60.16, r:25.00, omega:16.16, omega_m:25.00, u:368.75, theta1:24.730, theta2:15.442, e:-8.843
t:60.17, r:25.00, omega:16.16, omega_m:25.00, u:369.11, theta1:24.739, theta2:15.434, e:-8.843
t:60.18, r:25.00, omega:22.02, omega_m:25.00, u:278.78, theta1:24.742, theta2:15.430, e:-2.980
t:60.19, r:25.00, omega:22.02, omega_m:25.00, u:278.94, theta1:24.745, theta2:15.426, e:-2.980
t:60.20, r:25.00, omega:25.21, omega_m:25.00, u:229.65, theta1:24.745, theta2:15.426, e:0.214
t:60.21, r:25.00, omega:25.21, omega_m:25.00, u:229.64, theta1:24.744, theta2:15.427, e:0.214
t:60.22, r:25.00, omega:25.21, omega_m:25.00, u:229.62, theta1:24.744, theta2:15.427, e:0.214
t:60.23, r:25.00, omega:19.94, omega_m:25.00, u:311.27, theta1:24.749, theta2:15.421, e:-5.062
t:60.24, r:25.00, omega:19.94, omega_m:25.00, u:311.51, theta1:24.754, theta2:15.415, e:-5.062
t:60.25, r:25.00, omega:19.94, omega_m:25.00, u:311.76, theta1:24.759, theta2:15.409, e:-5.062
t:60.26, r:25.00, omega:17.20, omega_m:25.00, u:354.20, theta1:24.767, theta2:15.401, e:-7.796
t:60.27, r:25.00, omega:17.20, omega_m:25.00, u:354.54, theta1:24.775, theta2:15.394, e:-7.796
t:60.28, r:25.00, omega:21.29, omega_m:25.00, u:291.88, theta1:24.779, theta2:15.389, e:-3.713
t:60.29, r:25.00, omega:21.29, omega_m:25.00, u:292.07, theta1:24.782, theta2:15.385, e:-3.713
t:60.30, r:25.00, omega:21.29, omega_m:25.00, u:292.26, theta1:24.786, theta2:15.380, e:-3.713
t:60.31, r:25.00, omega:22.51, omega_m:25.00, u:273.65, theta1:24.789, theta2:15.377, e:-2.494
t:60.32, r:25.00, omega:22.51, omega_m:25.00, u:273.78, theta1:24.791, theta2:15.374, e:-2.494
t:60.33, r:25.00, omega:20.81, omega_m:25.00, u:300.13, theta1:24.795, theta2:15.369, e:-4.194
t:60.34, r:25.00, omega:20.81, omega_m:25.00, u:300.33, theta1:24.799, theta2:15.364, e:-4.194
t:60.35, r:25.00, omega:20.81, omega_m:25.00, u:300.54, theta1:24.804, theta2:15.359, e:-4.194
t:60.36, r:25.00, omega:19.87, omega_m:25.00, u:315.10, theta1:24.809, theta2:15.353, e:-5.126
t:60.37, r:25.00, omega:19.87, omega_m:25.00, u:315.35, theta1:24.814, theta2:15.347, e:-5.126
t:60.38, r:25.00, omega:19.96, omega_m:25.00, u:314.32, theta1:24.819, theta2:15.341, e:-5.043
t:60.39, r:25.00, omega:19.96, omega_m:25.00, u:314.56, theta1:24.824, theta2:15.335, e:-5.043
t:60.40, r:25.00, omega:19.96, omega_m:25.00, u:314.81, theta1:24.829, theta2:15.329, e:-5.043
t:60.41, r:25.00, omega:22.00, omega_m:25.00, u:283.71, theta1:24.832, theta2:15.326, e:-3.005
t:60.42, r:25.00, omega:22.00, omega_m:25.00, u:283.87, theta1:24.835, theta2:15.322, e:-3.005
t:60.43, r:25.00, omega:22.38, omega_m:25.00, u:278.10, theta1:24.838, theta2:15.319, e:-2.619
t:60.44, r:25.00, omega:22.38, omega_m:25.00, u:278.24, theta1:24.840, theta2:15.315, e:-2.619
t:60.45, r:25.00, omega:22.38, omega_m:25.00, u:278.38, theta1:24.843, theta2:15.312, e:-2.619
t:60.46, r:25.00, omega:19.61, omega_m:25.00, u:321.11, theta1:24.848, theta2:15.306, e:-5.393
t:60.47, r:25.00, omega:19.61, omega_m:25.00, u:321.37, theta1:24.854, theta2:15.300, e:-5.393
t:60.48, r:25.00, omega:20.05, omega_m:25.00, u:314.76, theta1:24.859, theta2:15.294, e:-4.946
t:60.49, r:25.00, omega:20.05, omega_m:25.00, u:315.00, theta1:24.864, theta2:15.288, e:-4.946
t:60.50, r:25.00, omega:20.05, omega_m:25.00, u:315.24, theta1:24.869, theta2:15.283, e:-4.946
t:60.51, r:25.00, omega:22.64, omega_m:25.00, u:275.85, theta1:24.871, theta2:15.279, e:-2.360
t:60.52, r:25.00, omega:22.64, omega_m:25.00, u:275.97, theta1:24.873, theta2:15.276, e:-2.360
t:60.53, r:25.00, omega:21.96, omega_m:25.00, u:286.45, theta1:24.876, theta2:15.273, e:-3.035
t:60.54, r:25.00, omega:21.96, omega_m:25.00, u:286.61, theta1:24.879, theta2:15.269, e:-3.035
t:60.55, r:25.00, omega:21.96, omega_m:25.00, u:286.77, theta1:24.882, theta2:15.265, e:-3.035
t:60.56, r:25.00, omega:19.44, omega_m:25.00, u:325.58, theta1:24.888, theta2:15.259, e:-5.561
t:60.57, r:25.00, omega:19.44, omega_m:25.00, u:325.84, theta1:24.894, theta2:15.253, e:-5.561
t:60.58, r:25.00, omega:20.37, omega_m:25.00, u:311.83, theta1:24.898, theta2:15.247, e:-4.627
t:60.59, r:25.00, omega:20.37, omega_m:25.00, u:312.06, theta1:24.903, theta2:15.242, e:-4.627
t:60.60, r:25.00, omega:20.37, omega_m:25.00, u:312.28, theta1:24.908, theta2:15.236, e:-4.627
t:60.61, r:25.00, omega:22.01, omega_m:25.00, u:287.53, theta1:24.911, theta2:15.233, e:-2.993
t:60.62, r:25.00, omega:22.01, omega_m:25.00, u:287.69, theta1:24.914, theta2:15.229, e:-2.993
t:60.63, r:25.00, omega:20.23, omega_m:25.00, u:315.02, theta1:24.918, theta2:15.223, e:-4.772
t:60.64, r:25.00, omega:20.23, omega_m:25.00, u:315.25, theta1:24.923, theta2:15.218, e:-4.772
t:60.65, r:25.00, omega:20.23, omega_m:25.00, u:315.49, theta1:24.928, theta2:15.212, e:-4.772
t:60.66, r:25.00, omega:20.85, omega_m:25.00, u:306.25, theta1:24.932, theta2:15.207, e:-4.151
t:60.67, r:25.00, omega:20.85, omega_m:25.00, u:306.45, theta1:24.936, theta2:15.202, e:-4.151
t:60.68, r:25.00, omega:22.11, omega_m:25.00, u:287.47, theta1:24.939, theta2:15.199, e:-2.892
t:60.69, r:25.00, omega:22.11, omega_m:25.00, u:287.62, theta1:24.942, theta2:15.195, e:-2.892
t:60.70, r:25.00, omega:22.11, omega_m:25.00, u:287.78, theta1:24.945, theta2:15.191, e:-2.892
t:60.71, r:25.00, omega:19.50, omega_m:25.00, u:327.60, theta1:24.950, theta2:15.185, e:-5.497
t:60.72, r:25.00, omega:19.50, omega_m:25.00, u:327.86, theta1:24.956, theta2:15.179, e:-5.497
t:60.73, r:25.00, omega:19.50, omega_m:25.00, u:328.12, theta1:24.961, theta2:15.173, e:-5.497
t:60.74, r:25.00, omega:20.64, omega_m:25.00, u:311.14, theta1:24.966, theta2:15.168, e:-4.364
t:60.75, r:25.00, omega:20.64, omega_m:25.00, u:311.36, theta1:24.970, theta2:15.162, e:-4.364
t:60.76, r:25.00, omega:24.15, omega_m:25.00, u:258.06, theta1:24.971, theta2:15.161, e:-0.845
t:60.77, r:25.00, omega:24.15, omega_m:25.00, u:258.11, theta1:24.972, theta2:15.160, e:-0.845
t:60.78, r:25.00, omega:20.77, omega_m:25.00, u:309.64, theta1:24.976, theta2:15.155, e:-4.231
t:60.79, r:25.00, omega:20.77, omega_m:25.00, u:309.85, theta1:24.980, theta2:15.150, e:-4.231
t:60.80, r:25.00, omega:20.77, omega_m:25.00, u:310.06, theta1:24.984, theta2:15.145, e:-4.231
t:60.81, r:25.00, omega:19.01, omega_m:25.00, u:337.00, theta1:24.990, theta2:15.138, e:-5.991
t:60.82, r:25.00, omega:19.01, omega_m:25.00, u:337.27, theta1:24.996, theta2:15.132, e:-5.991
t:60.83, r:25.00, omega:22.79, omega_m:25.00, u:280.15, theta1:24.999, theta2:15.129, e:-2.208
t:60.84, r:25.00, omega:22.79, omega_m:25.00, u:280.27, theta1:25.001, theta2:15.126, e:-2.208
t:60.85, r:25.00, omega:22.79, omega_m:25.00, u:280.33, theta1:25.001, theta2:15.123, e:-2.208
t:60.86, r:25.00, omega:20.73, omega_m:25.00, u:311.56, theta1:25.001, theta2:15.118, e:-4.266
t:60.87, r:25.00, omega:20.73, omega_m:25.00, u:311.66, theta1:25.001, theta2:15.113, e:-4.266
t:60.88, r:25.00, omega:19.64, omega_m:25.00, u:328.29, theta1:25.001, theta2:15.107, e:-5.358
t:60.89, r:25.00, omega:19.64, omega_m:25.00, u:328.41, theta1:25.001, theta2:15.101, e:-5.358
t:60.90, r:25.00, omega:19.64, omega_m:25.00, u:328.53, theta1:25.001, theta2:15.095, e:-5.358
t:60.91, r:25.00, omega:22.21, omega_m:25.00, u:289.77, theta1:25.001, theta2:15.091, e:-2.785
t:60.92, r:25.00, omega:22.21, omega_m:25.00, u:289.85, theta1:25.001, theta2:15.088, e:-2.785
t:60.93, r:25.00, omega:21.88, omega_m:25.00, u:294.95, theta1:25.001, theta2:15.084, e:-3.118
t:60.94, r:25.00, omega:21.88, omega_m:25.00, u:295.03, theta1:25.001, theta2:15.080, e:-3.118
t:60.95, r:25.00, omega:21.88, omega_m:25.00, u:295.12, theta1:25.001, theta2:15.076, e:-3.118
t:60.96, r:25.00, omega:20.06, omega_m:25.00, u:322.76, theta1:25.001, theta2:15.071, e:-4.943
t:60.97, r:25.00, omega:20.06, omega_m:25.00, u:322.87, theta1:25.001, theta2:15.065, e:-4.943
t:60.98, r:25.00, omega:20.77, omega_m:25.00, u:312.21, theta1:25.001, theta2:15.060, e:-4.229
t:60.99, r:25.00, omega:20.77, omega_m:25.00, u:312.32, theta1:25.001, theta2:15.055, e:-4.229
t:61.00, r:25.00, omega:20.77, omega_m:25.00, u:312.42, theta1:25.001, theta2:15.050, e:-4.229
t:61.01, r:0.00, omega:22.48, omega_m:9.20, u:0.00, theta1:24.998, theta2:15.063, e:13.287
t:61.02, r:0.00, omega:22.48, omega_m:3.38, u:0.00, theta1:24.993, theta2:15.081, e:19.100
t:61.03, r:0.00, omega:22.48, omega_m:1.24, u:0.00, theta1:24.987, theta2:15.102, e:21.239
t:61.04, r:0.00, omega:22.48, omega_m:0.46, u:0.00, theta1:24.982, theta2:15.123, e:22.026
t:61.05, r:0.00, omega:13.19, omega_m:0.17, u:0.00, theta1:24.979, theta2:15.130, e:13.025
t:61.06, r:0.00, omega:13.19, omega_m:0.06, u:0.00, theta1:24.975, theta2:15.137, e:13.131
t:61.07, r:0.00, omega:13.19, omega_m:0.02, u:0.00, theta1:24.972, theta2:15.143, e:13.170
t:61.08, r:0.00, omega:13.19, omega_m:0.01, u:0.00, theta1:24.969, theta2:15.150, e:13.185
t:61.09, r:0.00, omega:13.19, omega_m:0.00, u:0.00, theta1:24.966, theta2:15.157, e:13.190
t:61.10, r:0.00, omega:13.19, omega_m:0.00, u:0.00, theta1:24.962, theta2:15.163, e:13.192
t:61.11, r:0.00, omega:13.19, omega_m:0.00, u:0.00, theta1:24.959, theta2:15.170, e:13.193
t:61.12, r:0.00, omega:13.19, omega_m:0.00, u:0.00, theta1:24.956, theta2:15.177, e:13.193
t:61.13, r:0.00, omega:13.19, omega_m:0.00, u:0.00, theta1:24.952, theta2:15.184, e:13.193
t:61.14, r:0.00, omega:13.19, omega_m:0.00, u:0.00, theta1:24.949, theta2:15.190, e:13.193
t:61.15, r:0.00, omega:13.19, omega_m:0.00, u:0.00, theta1:24.946, theta2:15.197, e:13.193
t:61.16, r:0.00, omega:13.19, omega_m:0.00, u:0.00, theta1:24.942, theta2:15.204, e:13.193
t:61.17, r:0.00, omega:13.19, omega_m:0.00, u:0.00, theta1:24.939, theta2:15.210, e:13.193
t:61.18, r:0.00, omega:13.19, omega_m:0.00, u:0.00, theta1:24.936, theta2:15.217, e:13.193
t:61.19, r:0.00, omega:13.19, omega_m:0.00, u:0.00, theta1:24.933, theta2:15.224, e:13.193
t:61.20, r:0.00, omega:13.19, omega_m:0.00, u:0.00, theta1:24.929, theta2:15.230, e:13.193
t:61.21, r:0.00, omega:13.19, omega_m:0.00, u:0.00, theta1:24.926, theta2:15.237, e:13.193
t:61.22, r:0.00, omega:13.19, omega_m:0.00, u:0.00, theta1:24.923, theta2:15.244, e:13.193
t:61.23, r:0.00, omega:13.19, omega_m:0.00, u:0.00, theta1:24.919, theta2:15.251, e:13.193
t:61.24, r:0.00, omega:13.19, omega_m:0.00, u:0.00, theta1:24.916, theta2:15.257, e:13.193
t:61.25, r:0.00, omega:13.19, omega_m:0.00, u:0.00, theta1:24.913, theta2:15.264, e:13.193
t:61.26, r:0.00, omega:13.19, omega_m:0.00, u:0.00, theta1:24.910, theta2:15.271, e:13.193
t:61.27, r:0.00, omega:13.19, omega_m:0.00, u:0.00, theta1:24.906, theta2:15.277, e:13.193
t:61.28, r:0.00, omega:13.19, omega_m:0.00, u:0.00, theta1:24.903, theta2:15.284, e:13.193
t:61.29, r:0.00, omega:13.19, omega_m:0.00, u:0.00, theta1:24.900, theta2:15.291, e:13.193
t:61.30, r:0.00, omega:13.19, omega_m:0.00, u:0.00, theta1:24.896, theta2:15.297, e:13.193
t:61.31, r:0.00, omega:13.19, omega_m:0.00, u:0.00, theta1:24.893, theta2:15.304, e:13.193
t:61.32, r:0.00, omega:13.19, omega_m:0.00, u:0.00, theta1:24.890, theta2:15.311, e:13.193
t:61.33, r:0.00, omega:13.19, omega_m:0.00, u:0.00, theta1:24.887, theta2:15.317, e:13.193
t:61.34, r:0.00, omega:13.19, omega_m:0.00, u:0.00, theta1:24.883, theta2:15.324, e:13.193
t:61.35, r:0.00, omega:13.19, omega_m:0.00, u:0.00, theta1:24.880, theta2:15.331, e:13.193
t:61.36, r:0.00, omega:13.19, omega_m:0.00, u:0.00, theta1:24.877, theta2:15.337, e:13.193
t:61.37, r:0.00, omega:13.19, omega_m:0.00, u:0.00, theta1:24.873, theta2:15.344, e:13.193
t:61.38, r:0.00, omega:13.19, omega_m:0.00, u:0.00, theta1:24.870, theta2:15.351, e:13.193
t:61.39, r:0.00, omega:13.19, omega_m:0.00, u:0.00, theta1:24.867, theta2:15.357, e:13.193
t:61.40, r:0.00, omega:13.19, omega_m:0.00, u:0.00, theta1:24.864, theta2:15.364, e:13.193
t:61.41, r:0.00, omega:13.19, omega_m:0.00, u:0.00, theta1:24.860, theta2:15.371, e:13.193
t:61.42, r:0.00, omega:13.19, omega_m:0.00, u:0.00, theta1:24.857, theta2:15.378, e:13.193
t:61.43, r:0.00, omega:13.19, omega_m:0.00, u:0.00, theta1:24.854, theta2:15.384, e:13.193
t:61.44, r:0.00, omega:13.19, omega_m:0.00, u:0.00, theta1:24.851, theta2:15.391, e:13.193
t:61.45, r:0.00, omega:13.19, omega_m:0.00, u:0.00, theta1:24.847, theta2:15.398, e:13.193
t:61.46, r:0.00, omega:13.19, omega_m:0.00, u:0.00, theta1:24.844, theta2:15.404, e:13.193
t:61.47, r:0.00, omega:13.19, omega_m:0.00, u:0.00, theta1:24.841, theta2:15.411, e:13.193
t:61.48, r:0.00, omega:13.19, omega_m:0.00, u:0.00, theta1:24.837, theta2:15.418, e:13.193
t:61.49, r:0.00, omega:13.19, omega_m:0.00, u:0.00, theta1:24.834, theta2:15.424, e:13.193
t:61.50, r:0.00, omega:13.19, omega_m:0.00, u:0.00, theta1:24.831, theta2:15.431, e:13.193
t:61.51, r:0.00, omega:13.19, omega_m:0.00, u:0.00, theta1:24.828, theta2:15.438, e:13.193
t:61.52, r:0.00, omega:13.19, omega_m:0.00, u:0.00, theta1:24.824, theta2:15.444, e:13.193
t:61.53, r:0.00, omega:13.19, omega_m:0.00, u:0.00, theta1:24.821, theta2:15.451, e:13.193
t:61.54, r:0.00, omega:13.19, omega_m:0.00, u:0.00, theta1:24.818, theta2:15.458, e:13.193
t:61.55, r:0.00, omega:0.00, omega_m:0.00, u:0.00, theta1:24.818, theta2:15.458, e:-0.000
t:61.56, r:0.00, omega:0.00, omega_m:0.00, u:0.00, theta1:24.818, theta2:15.458, e:-0.000
t:61.57, r:0.00, omega:0.00, omega_m:0.00, u:0.00, theta1:24.818, theta2:15.458, e:-0.000
t:61.58, r:0.00, omega:0.00, omega_m:0.00, u:0.00, theta1:24.818, theta2:15.458, e:-0.000
t:61.59, r:0.00, omega:0.00, omega_m:0.00, u:0.00, theta1:24.818, theta2:15.458, e:-0.000
t:61.60, r:0.00, omega:0.00, omega_m:0.00, u:0.00, theta1:24.818, theta2:15.458, e:-0.000
t:61.61, r:0.00, omega:0.00, omega_m:0.00, u:0.00, theta1:24.818, theta2:15.458, e:-0.000
t:61.62, r:0.00, omega:0.00, omega_m:0.00, u:0.00, theta1:24.818, theta2:15.458, e:-0.000
t:61.63, r:0.00, omega:0.00, omega_m:0.00, u:0.00, theta1:24.818, theta2:15.458, e:-0.000
t:61.64, r:0.00, omega:0.00, omega_m:0.00, u:0.00, theta1:24.818, theta2:15.458, e:-0.000
t:61.65, r:0.00, omega:0.00, omega_m:0.00, u:0.00, theta1:24.818, theta2:15.458, e:-0.000
t:61.66, r:0.00, omega:0.00, omega_m:0.00, u:0.00, theta1:24.818, theta2:15.458, e:-0.000
t:61.67, r:0.00, omega:0.00, omega_m:0.00, u:0.00, theta1:24.818, theta2:15.458, e:-0.000
t:61.68, r:0.00, omega:0.00, omega_m:0.00, u:0.00, theta1:24.818, theta2:15.458, e:-0.000
t:61.69, r:0.00, omega:0.00, omega_m:0.00, u:0.00, theta1:24.818, theta2:15.458, e:-0.000
t:61.70, r:0.00, omega:0.00, omega_m:0.00, u:0.00, theta1:24.818, theta2:15.458, e:-0.000
t:61.71, r:0.00, omega:0.00, omega_m:0.00, u:0.00, theta1:24.818, theta2:15.458, e:-0.000
t:61.72, r:0.00, omega:0.00, omega_m:0.00, u:0.00, theta1:24.818, theta2:15.458, e:-0.000
t:61.73, r:0.00, omega:0.00, omega_m:0.00, u:0.00, theta1:24.818, theta2:15.458, e:-0.000
t:61.74, r:0.00, omega:0.00, omega_m:0.00, u:0.00, theta1:24.818, theta2:15.458, e:-0.000
t:61.75, r:0.00, omega:0.00, omega_m:0.00, u:0.00, theta1:24.818, theta2:15.458, e:-0.000
t:61.76, r:0.00, omega:0.00, omega_m:0.00, u:0.00, theta1:24.818, theta2:15.458, e:-0.000
t:61.77, r:0.00, omega:0.00, omega_m:0.00, u:0.00, theta1:24.818, theta2:15.458, e:-0.000
t:61.78, r:0.00, omega:0.00, omega_m:0.00, u:0.00, theta1:24.818, theta2:15.458, e:-0.000
t:61.79, r:0.00, omega:0.00, omega_m:0.00, u:0.00, theta1:24.818, theta2:15.458, e:-0.000
t:61.80, r:0.00, omega:0.00, omega_m:0.00, u:0.00, theta1:24.818, theta2:15.458, e:-0.000
t:61.81, r:0.00, omega:0.00, omega_m:0.00, u:0.00, theta1:24.818, theta2:15.458, e:-0.000
t:61.82, r:0.00, omega:0.00, omega_m:0.00, u:0.00, theta1:24.818, theta2:15.458, e:-0.000
t:61.83, r:0.00, omega:0.00, omega_m:0.00, u:0.00, theta1:24.818, theta2:15.458, e:-0.000
t:61.84, r:0.00, omega:0.00, omega_m:0.00, u:0.00, theta1:24.818, theta2:15.458, e:-0.000
t:61.85, r:0.00, omega:0.00, omega_m:0.00, u:0.00, theta1:24.818, theta2:15.458, e:-0.000
t:61.86, r:0.00, omega:0.00, omega_m:0.00, u:0.00, theta1:24.818, theta2:15.458, e:-0.000
t:61.87, r:0.00, omega:0.00, omega_m:0.00, u:0.00, theta1:24.818, theta2:15.458, e:-0.000
t:61.88, r:0.00, omega:0.00, omega_m:0.00, u:0.00, theta1:24.818, theta2:15.458, e:-0.000
t:61.89, r:0.00, omega:0.00, omega_m:0.00, u:0.00, theta1:24.818, theta2:15.458, e:-0.000
t:61.90, r:0.00, omega:0.00, omega_m:0.00, u:0.00, theta1:24.818, theta2:15.458, e:-0.000
t:61.91, r:0.00, omega:0.00, omega_m:0.00, u:0.00, theta1:24.818, theta2:15.458, e:-0.000
t:61.92, r:0.00, omega:0.00, omega_m:0.00, u:0.00, theta1:24.818, theta2:15.458, e:-0.000
t:61.93, r:0.00, omega:0.00, omega_m:0.00, u:0.00, theta1:24.818, theta2:15.458, e:-0.000
t:61.94, r:0.00, omega:0.00, omega_m:0.00, u:0.00, theta1:24.818, theta2:15.458, e:-0.000
t:61.95, r:0.00, omega:0.00, omega_m:0.00, u:0.00, theta1:24.818, theta2:15.458, e:-0.000
t:61.96, r:0.00, omega:0.00, omega_m:0.00, u:0.00, theta1:24.818, theta2:15.458, e:-0.000
t:61.97, r:0.00, omega:0.00, omega_m:0.00, u:0.00, theta1:24.818, theta2:15.458, e:-0.000
t:61.98, r:0.00, omega:0.00, omega_m:0.00, u:0.00, theta1:24.818, theta2:15.458, e:-0.000
t:61.99, r:0.00, omega:0.00, omega_m:0.00, u:0.00, theta1:24.818, theta2:15.458, e:-0.000
t:62.00, r:0.00, omega:0.00, omega_m:0.00, u:0.00, theta1:24.818, theta2:15.458, e:-0.000
t:62.01, r:-25.00, omega:0.00, omega_m:-15.80, u:-620.84, theta1:24.834, theta2:15.455, e:15.803
t:62.02, r:-25.00, omega:0.00, omega_m:-21.62, u:-621.38, theta1:24.855, theta2:15.452, e:21.617
t:62.03, r:-25.00, omega:0.00, omega_m:-23.76, u:-621.98, theta1:24.879, theta2:15.448, e:23.755
t:62.04, r:-25.00, omega:-0.53, omega_m:-24.54, u:-614.44, theta1:24.903, theta2:15.444, e:24.015
t:62.05, r:-25.00, omega:-0.53, omega_m:-24.83, u:-615.05, theta1:24.927, theta2:15.439, e:24.305
t:62.06, r:-25.00, omega:-30.61, omega_m:-24.94, u:-150.07, theta1:24.919, theta2:15.447, e:-5.676
t:62.07, r:-25.00, omega:-31.95, omega_m:-24.98, u:-33.90, theta1:24.899, theta2:15.470, e:-13.070
t:62.08, r:-25.00, omega:-31.95, omega_m:-24.99, u:-32.54, theta1:24.880, theta2:15.493, e:-13.055
t:62.09, r:-25.00, omega:-26.91, omega_m:-25.00, u:-204.96, theta1:24.877, theta2:15.495, e:-1.912
t:62.10, r:-25.00, omega:-26.91, omega_m:-25.00, u:-204.83, theta1:24.874, theta2:15.497, e:-1.910
t:62.11, r:-25.00, omega:-26.91, omega_m:-25.00, u:-204.70, theta1:24.871, theta2:15.500, e:-1.910
t:62.12, r:-25.00, omega:-26.91, omega_m:-25.00, u:-204.56, theta1:24.868, theta2:15.502, e:-1.909
t:62.13, r:-25.00, omega:-12.92, omega_m:-25.00, u:-421.81, theta1:24.880, theta2:15.492, e:12.077
t:62.14, r:-25.00, omega:-12.92, omega_m:-25.00, u:-422.24, theta1:24.892, theta2:15.483, e:12.077
t:62.15, r:-25.00, omega:-12.92, omega_m:-25.00, u:-422.66, theta1:24.905, theta2:15.473, e:12.077
t:62.16, r:-25.00, omega:-18.15, omega_m:-25.00, u:-342.12, theta1:24.911, theta2:15.466, e:6.852
t:62.17, r:-25.00, omega:-18.15, omega_m:-25.00, u:-342.42, theta1:24.918, theta2:15.458, e:6.852
t:62.18, r:-25.00, omega:-26.10, omega_m:-25.00, u:-219.39, theta1:24.917, theta2:15.460, e:-1.102
t:62.19, r:-25.00, omega:-26.10, omega_m:-25.00, u:-219.32, theta1:24.915, theta2:15.461, e:-1.102
t:62.20, r:-25.00, omega:-23.89, omega_m:-25.00, u:-253.51, theta1:24.916, theta2:15.459, e:1.106
t:62.21, r:-25.00, omega:-23.89, omega_m:-25.00, u:-253.57, theta1:24.917, theta2:15.458, e:1.106
t:62.22, r:-25.00, omega:-23.89, omega_m:-25.00, u:-253.63, theta1:24.918, theta2:15.456, e:1.106
t:62.23, r:-25.00, omega:-17.77, omega_m:-25.00, u:-348.68, theta1:24.926, theta2:15.449, e:7.235
t:62.24, r:-25.00, omega:-17.77, omega_m:-25.00, u:-349.00, theta1:24.933, theta2:15.441, e:7.235
t:62.25, r:-25.00, omega:-17.77, omega_m:-25.00, u:-349.31, theta1:24.940, theta2:15.434, e:7.235
t:62.26, r:-25.00, omega:-20.16, omega_m:-25.00, u:-312.56, theta1:24.945, theta2:15.428, e:4.838
t:62.27, r:-25.00, omega:-20.16, omega_m:-25.00, u:-312.80, theta1:24.950, theta2:15.423, e:4.838
t:62.28, r:-25.00, omega:-21.99, omega_m:-25.00, u:-284.75, theta1:24.953, theta2:15.419, e:3.009
t:62.29, r:-25.00, omega:-21.99, omega_m:-25.00, u:-284.91, theta1:24.956, theta2:15.415, e:3.009
t:62.30, r:-25.00, omega:-22.57, omega_m:-25.00, u:-276.15, theta1:24.958, theta2:15.412, e:2.433
t:62.31, r:-25.00, omega:-22.57, omega_m:-25.00, u:-276.29, theta1:24.961, theta2:15.409, e:2.433
t:62.32, r:-25.00, omega:-22.57, omega_m:-25.00, u:-276.42, theta1:24.963, theta2:15.406, e:2.433
t:62.33, r:-25.00, omega:-21.99, omega_m:-25.00, u:-285.52, theta1:24.966, theta2:15.402, e:3.014
t:62.34, r:-25.00, omega:-21.99, omega_m:-25.00, u:-285.68, theta1:24.969, theta2:15.398, e:3.014
t:62.35, r:-25.00, omega:-21.99, omega_m:-25.00, u:-285.84, theta1:24.972, theta2:15.394, e:3.014
t:62.36, r:-25.00, omega:-18.86, omega_m:-25.00, u:-334.18, theta1:24.978, theta2:15.388, e:6.136
t:62.37, r:-25.00, omega:-18.86, omega_m:-25.00, u:-334.46, theta1:24.984, theta2:15.381, e:6.136
t:62.38, r:-25.00, omega:-20.02, omega_m:-25.00, u:-316.94, theta1:24.989, theta2:15.375, e:4.981
t:62.39, r:-25.00, omega:-20.02, omega_m:-25.00, u:-317.18, theta1:24.994, theta2:15.369, e:4.981
t:62.40, r:-25.00, omega:-22.90, omega_m:-25.00, u:-272.99, theta1:24.996, theta2:15.367, e:2.098
t:62.41, r:-25.00, omega:-22.90, omega_m:-25.00, u:-273.10, theta1:24.998, theta2:15.364, e:2.098
t:62.42, r:-25.00, omega:-22.90, omega_m:-25.00, u:-273.22, theta1:25.001, theta2:15.361, e:2.098
t:62.43, r:-25.00, omega:-21.31, omega_m:-25.00, u:-297.70, theta1:25.001, theta2:15.357, e:3.686
t:62.44, r:-25.00, omega:-21.31, omega_m:-25.00, u:-297.80, theta1:25.001, theta2:15.352, e:3.686
t:62.45, r:-25.00, omega:-21.31, omega_m:-25.00, u:-297.89, theta1:25.001, theta2:15.348, e:3.686
t:62.46, r:-25.00, omega:-19.22, omega_m:-25.00, u:-330.18, theta1:25.001, theta2:15.341, e:5.782
t:62.47, r:-25.00, omega:-19.22, omega_m:-25.00, u:-330.31, theta1:25.001, theta2:15.335, e:5.782
t:62.48, r:-25.00, omega:-20.84, omega_m:-25.00, u:-305.52, theta1:25.001, theta2:15.330, e:4.159
t:62.49, r:-25.00, omega:-20.84, omega_m:-25.00, u:-305.62, theta1:25.001, theta2:15.325, e:4.159
t:62.50, r:-25.00, omega:-20.84, omega_m:-25.00, u:-305.73, theta1:25.001, theta2:15.320, e:4.159
t:62.51, r:-25.00, omega:-22.53, omega_m:-25.00, u:-280.00, theta1:25.001, theta2:15.317, e:2.475
t:62.52, r:-25.00, omega:-22.53, omega_m:-25.00, u:-280.07, theta1:25.001, theta2:15.314, e:2.475
t:62.53, r:-25.00, omega:-21.76, omega_m:-25.00, u:-291.93, theta1:25.001, theta2:15.310, e:3.243
t:62.54, r:-25.00, omega:-21.76, omega_m:-25.00, u:-292.02, theta1:25.001, theta2:15.305, e:3.243
t:62.55, r:-25.00, omega:-21.76, omega_m:-25.00, u:-292.10, theta1:25.001, theta2:15.301, e:3.243
t:62.56, r:-25.00, omega:-20.03, omega_m:-25.00, u:-318.64, theta1:25.001, theta2:15.296, e:4.970
t:62.57, r:-25.00, omega:-20.03, omega_m:-25.00, u:-318.76, theta1:25.001, theta2:15.290, e:4.970
t:62.58, r:-25.00, omega:-19.79, omega_m:-25.00, u:-322.56, theta1:25.001, theta2:15.284, e:5.211
t:62.59, r:-25.00, omega:-19.79, omega_m:-25.00, u:-322.68, theta1:25.001, theta2:15.278, e:5.211
t:62.60, r:-25.00, omega:-19.79, omega_m:-25.00, u:-322.79, theta1:25.001, theta2:15.272, e:5.211
t:62.61, r:-25.00, omega:-21.48, omega_m:-25.00, u:-296.99, theta1:25.001, theta2:15.268, e:3.515
t:62.62, r:-25.00, omega:-21.48, omega_m:-25.00, u:-297.09, theta1:25.001, theta2:15.264, e:3.515
t:62.63, r:-25.00, omega:-22.59, omega_m:-25.00, u:-280.29, theta1:25.001, theta2:15.260, e:2.411
t:62.64, r:-25.00, omega:-22.59, omega_m:-25.00, u:-280.36, theta1:25.001, theta2:15.257, e:2.411
t:62.65, r:-25.00, omega:-22.88, omega_m:-25.00, u:-276.04, theta1:25.001, theta2:15.255, e:2.123
t:62.66, r:-25.00, omega:-22.88, omega_m:-25.00, u:-276.11, theta1:25.001, theta2:15.252, e:2.123
t:62.67, r:-25.00, omega:-22.88, omega_m:-25.00, u:-276.17, theta1:25.001, theta2:15.249, e:2.123
t:62.68, r:-25.00, omega:-18.29, omega_m:-25.00, u:-346.27, theta1:25.001, theta2:15.242, e:6.712
t:62.69, r:-25.00, omega:-18.29, omega_m:-25.00, u:-346.40, theta1:25.001, theta2:15.235, e:6.712
t:62.70, r:-25.00, omega:-18.29, omega_m:-25.00, u:-346.54, theta1:25.001, theta2:15.228, e:6.712
t:62.71, r:-25.00, omega:-20.82, omega_m:-25.00, u:-308.01, theta1:25.001, theta2:15.223, e:4.175
t:62.72, r:-25.00, omega:-20.82, omega_m:-25.00, u:-308.11, theta1:25.001, theta2:15.218, e:4.175
t:62.73, r:-25.00, omega:-23.49, omega_m:-25.00, u:-267.60, theta1:25.001, theta2:15.216, e:1.510
t:62.74, r:-25.00, omega:-23.49, omega_m:-25.00, u:-267.64, theta1:25.001, theta2:15.214, e:1.510
t:62.75, r:-25.00, omega:-21.80, omega_m:-25.00, u:-293.41, theta1:25.001, theta2:15.210, e:3.198
t:62.76, r:-25.00, omega:-21.80, omega_m:-25.00, u:-293.50, theta1:25.001, theta2:15.206, e:3.198
t:62.77, r:-25.00, omega:-21.80, omega_m:-25.00, u:-293.59, theta1:25.001, theta2:15.202, e:3.198
t:62.78, r:-25.00, omega:-19.58, omega_m:-25.00, u:-327.45, theta1:25.001, theta2:15.196, e:5.417
t:62.79, r:-25.00, omega:-19.58, omega_m:-25.00, u:-327.57, theta1:25.001, theta2:15.189, e:5.417
t:62.80, r:-25.00, omega:-20.27, omega_m:-25.00, u:-317.21, theta1:25.001, theta2:15.184, e:4.728
t:62.81, r:-25.00, omega:-20.27, omega_m:-25.00, u:-317.32, theta1:25.001, theta2:15.178, e:4.728
t:62.82, r:-25.00, omega:-20.27, omega_m:-25.00, u:-317.43, theta1:25.001, theta2:15.173, e:4.728
t:62.83, r:-25.00, omega:-22.02, omega_m:-25.00, u:-290.98, theta1:25.001, theta2:15.169, e:2.980
t:62.84, r:-25.00, omega:-22.02, omega_m:-25.00, u:-291.07, theta1:25.001, theta2:15.165, e:2.980
t:62.85, r:-25.00, omega:-21.99, omega_m:-25.00, u:-291.64, theta1:25.001, theta2:15.162, e:3.012
t:62.86, r:-25.00, omega:-21.99, omega_m:-25.00, u:-291.72, theta1:25.001, theta2:15.158, e:3.012
t:62.87, r:-25.00, omega:-21.99, omega_m:-25.00, u:-291.81, theta1:25.001, theta2:15.154, e:3.012
t:62.88, r:-25.00, omega:-21.71, omega_m:-25.00, u:-296.07, theta1:25.001, theta2:15.150, e:3.287
t:62.89, r:-25.00, omega:-21.71, omega_m:-25.00, u:-296.16, theta1:25.001, theta2:15.146, e:3.287
t:62.90, r:-25.00, omega:-21.52, omega_m:-25.00, u:-299.14, theta1:25.001, theta2:15.142, e:3.478
t:62.91, r:-25.00, omega:-21.52, omega_m:-25.00, u:-299.23, theta1:25.001, theta2:15.137, e:3.478
t:62.92, r:-25.00, omega:-21.52, omega_m:-25.00, u:-299.32, theta1:25.001, theta2:15.133, e:3.478
t:62.93, r:-25.00, omega:-20.05, omega_m:-25.00, u:-321.64, theta1:25.001, theta2:15.127, e:4.946
t:62.94, r:-25.00, omega:-20.05, omega_m:-25.00, u:-321.76, theta1:25.001, theta2:15.122, e:4.946
t:62.95, r:-25.00, omega:-20.98, omega_m:-25.00, u:-307.81, theta1:25.001, theta2:15.117, e:4.017
t:62.96, r:-25.00, omega:-20.98, omega_m:-25.00, u:-307.91, theta1:25.001, theta2:15.112, e:4.017
t:62.97, r:-25.00, omega:-20.98, omega_m:-25.00, u:-308.01, theta1:25.001, theta2:15.107, e:4.017
t:62.98, r:-25.00, omega:-22.62, omega_m:-25.00, u:-283.39, theta1:25.001, theta2:15.104, e:2.382
t:62.99, r:-25.00, omega:-22.62, omega_m:-25.00, u:-283.46, theta1:25.001, theta2:15.101, e:2.382
t:63.00, r:-25.00, omega:-20.59, omega_m:-25.00, u:-314.12, theta1:25.001, theta2:15.096, e:4.405
t:63.01, r:0.00, omega:-20.59, omega_m:-9.20, u:0.00, theta1:24.998, theta2:15.106, e:-11.398
t:63.02, r:0.00, omega:-20.59, omega_m:-3.38, u:0.00, theta1:24.993, theta2:15.121, e:-17.211
t:63.03, r:0.00, omega:-20.13, omega_m:-1.24, u:0.00, theta1:24.989, theta2:15.137, e:-18.890
t:63.04, r:0.00, omega:-20.13, omega_m:-0.46, u:0.00, theta1:24.984, theta2:15.154, e:-19.677
t:63.05, r:0.00, omega:-20.13, omega_m:-0.17, u:0.00, theta1:24.979, theta2:15.171, e:-19.966
t:63.06, r:0.00, omega:-20.13, omega_m:-0.06, u:0.00, theta1:24.974, theta2:15.188, e:-20.073
t:63.07, r:0.00, omega:-20.13, omega_m:-0.02, u:0.00, theta1:24.969, theta2:15.206, e:-20.112
t:63.08, r:0.00, omega:-20.13, omega_m:-0.01, u:0.00, theta1:24.964, theta2:15.223, e:-20.126
t:63.09, r:0.00, omega:-20.13, omega_m:-0.00, u:0.00, theta1:24.959, theta2:15.240, e:-20.131
t:63.10, r:0.00, omega:-20.13, omega_m:-0.00, u:0.00, theta1:24.954, theta2:15.257, e:-20.133
t:63.11, r:0.00, omega:-20.13, omega_m:-0.00, u:0.00, theta1:24.949, theta2:15.274, e:-20.134
t:63.12, r:0.00, omega:-20.13, omega_m:-0.00, u:0.00, theta1:24.944, theta2:15.292, e:-20.134
t:63.13, r:0.00, omega:-20.13, omega_m:-0.00, u:0.00, theta1:24.939, theta2:15.309, e:-20.134
t:63.14, r:0.00, omega:-20.13, omega_m:-0.00, u:0.00, theta1:24.934, theta2:15.326, e:-20.135
t:63.15, r:0.00, omega:-20.13, omega_m:-0.00, u:0.00, theta1:24.929, theta2:15.343, e:-20.135
t:63.16, r:0.00, omega:-20.13, omega_m:-0.00, u:0.00, theta1:24.924, theta2:15.360, e:-20.135
t:63.17, r:0.00, omega:-20.13, omega_m:-0.00, u:0.00, theta1:24.919, theta2:15.377, e:-20.135
t:63.18, r:0.00, omega:-20.13, omega_m:-0.00, u:0.00, theta1:24.914, theta2:15.395, e:-20.135
t:63.19, r:0.00, omega:-20.13, omega_m:-0.00, u:0.00, theta1:24.909, theta2:15.412, e:-20.135
t:63.20, r:0.00, omega:-20.13, omega_m:-0.00, u:0.00, theta1:24.903, theta2:15.429, e:-20.135
t:63.21, r:0.00, omega:-20.13, omega_m:-0.00, u:0.00, theta1:24.898, theta2:15.446, e:-20.135
t:63.22, r:0.00, omega:-20.13, omega_m:-0.00, u:0.00, theta1:24.893, theta2:15.463, e:-20.135
t:63.23, r:0.00, omega:-20.13, omega_m:-0.00, u:0.00, theta1:24.888, theta2:15.480, e:-20.135
t:63.24, r:0.00, omega:-20.13, omega_m:-0.00, u:0.00, theta1:24.883, theta2:15.498, e:-20.135
t:63.25, r:0.00, omega:-20.13, omega_m:-0.00, u:0.00, theta1:24.878, theta2:15.515, e:-20.135
t:63.26, r:0.00, omega:-20.13, omega_m:-0.00, u:0.00, theta1:24.873, theta2:15.532, e:-20.135
t:63.27, r:0.00, omega:-20.13, omega_m:-0.00, u:0.00, theta1:24.868, theta2:15.549, e:-20.135
t:63.28, r:0.00, omega:-20.13, omega_m:-0.00, u:0.00, theta1:24.863, theta2:15.566, e:-20.135
t:63.29, r:0.00, omega:-20.13, omega_m:-0.00, u:0.00, theta1:24.858, theta2:15.583, e:-20.135
t:63.30, r:0.00, omega:-20.13, omega_m:-0.00, u:0.00, theta1:24.853, theta2:15.600, e:-20.135
t:63.31, r:0.00, omega:-20.13, omega_m:-0.00, u:0.00, theta1:24.848, theta2:15.618, e:-20.135
t:63.32, r:0.00, omega:-20.13, omega_m:-0.00, u:0.00, theta1:24.843, theta2:15.635, e:-20.135
t:63.33, r:0.00, omega:-20.13, omega_m:-0.00, u:0.00, theta1:24.838, theta2:15.652, e:-20.135
t:63.34, r:0.00, omega:-20.13, omega_m:-0.00, u:0.00, theta1:24.833, theta2:15.669, e:-20.135
t:63.35, r:0.00, omega:-20.13, omega_m:-0.00, u:0.00, theta1:24.828, theta2:15.686, e:-20.135
t:63.36, r:0.00, omega:-20.13, omega_m:-0.00, u:0.00, theta1:24.823, theta2:15.703, e:-20.135
t:63.37, r:0.00, omega:-20.13, omega_m:-0.00, u:0.00, theta1:24.818, theta2:15.720, e:-20.135
t:63.38, r:0.00, omega:-20.13, omega_m:-0.00, u:0.00, theta1:24.813, theta2:15.737, e:-20.135
t:63.39, r:0.00, omega:-20.13, omega_m:-0.00, u:0.00, theta1:24.808, theta2:15.755, e:-20.135
t:63.40, r:0.00, omega:-20.13, omega_m:-0.00, u:0.00, theta1:24.803, theta2:15.772, e:-20.135
t:63.41, r:0.00, omega:-20.13, omega_m:-0.00, u:0.00, theta1:24.798, theta2:15.789, e:-20.135
t:63.42, r:0.00, omega:-20.13, omega_m:-0.00, u:0.00, theta1:24.793, theta2:15.806, e:-20.135
t:63.43, r:0.00, omega:-20.13, omega_m:-0.00, u:0.00, theta1:24.788, theta2:15.823, e:-20.135
t:63.44, r:0.00, omega:-20.13, omega_m:-0.00, u:0.00, theta1:24.783, theta2:15.840, e:-20.135
t:63.45, r:0.00, omega:-20.13, omega_m:-0.00, u:0.00, theta1:24.778, theta2:15.857, e:-20.135
t:63.46, r:0.00, omega:-20.13, omega_m:-0.00, u:0.00, theta1:24.773, theta2:15.874, e:-20.135
t:63.47, r:0.00, omega:-20.13, omega_m:-0.00, u:0.00, theta1:24.768, theta2:15.891, e:-20.135
t:63.48, r:0.00, omega:-20.13, omega_m:-0.00, u:0.00, theta1:24.763, theta2:15.908, e:-20.135
t:63.49, r:0.00, omega:-20.13, omega_m:-0.00, u:0.00, theta1:24.758, theta2:15.925, e:-20.135
t:63.50, r:0.00, omega:-20.13, omega_m:-0.00, u:0.00, theta1:24.754, theta2:15.942, e:-20.135
t:63.51, r:0.00, omega:-20.13, omega_m:-0.00, u:0.00, theta1:24.749, theta2:15.959, e:-20.135
t:63.52, r:0.00, omega:-20.13, omega_m:-0.00, u:0.00, theta1:24.744, theta2:15.977, e:-20.135
t:63.53, r:0.00, omega:0.00, omega_m:-0.00, u:0.00, theta1:24.744, theta2:15.977, e:0.000
t:63.54, r:0.00, omega:0.00, omega_m:-0.00, u:0.00, theta1:24.744, theta2:15.977, e:0.000
t:63.55, r:0.00, omega:0.00, omega_m:-0.00, u:0.00, theta1:24.744, theta2:15.977, e:0.000
t:63.56, r:0.00, omega:0.00, omega_m:-0.00, u:0.00, theta1:24.744, theta2:15.977, e:0.000
t:63.57, r:0.00, omega:0.00, omega_m:-0.00, u:0.00, theta1:24.744, theta2:15.977, e:0.000
t:63.58, r:0.00, omega:0.00, omega_m:-0.00, u:0.00, theta1:24.744, theta2:15.977, e:0.000
t:63.59, r:0.00, omega:0.00, omega_m:-0.00, u:0.00, theta1:24.744, theta2:15.977, e:0.000
t:63.60, r:0.00, omega:0.00, omega_m:-0.00, u:0.00, theta1:24.744, theta2:15.977, e:0.000
t:63.61, r:0.00, omega:0.00, omega_m:-0.00, u:0.00, theta1:24.744, theta2:15.977, e:0.000
t:63.62, r:0.00, omega:0.00, omega_m:-0.00, u:0.00, theta1:24.744, theta2:15.977, e:0.000
t:63.63, r:0.00, omega:0.00, omega_m:-0.00, u:0.00, theta1:24.744, theta2:15.977, e:0.000
t:63.64, r:0.00, omega:0.00, omega_m:-0.00, u:0.00, theta1:24.744, theta2:15.977, e:0.000
t:63.65, r:0.00, omega:0.00, omega_m:-0.00, u:0.00, theta1:24.744, theta2:15.977, e:0.000
t:63.66, r:0.00, omega:0.00, omega_m:-0.00, u:0.00, theta1:24.744, theta2:15.977, e:0.000
t:63.67, r:0.00, omega:0.00, omega_m:-0.00, u:0.00, theta1:24.744, theta2:15.977, e:0.000
t:63.68, r:0.00, omega:0.00, omega_m:-0.00, u:0.00, theta1:24.744, theta2:15.977, e:0.000
t:63.69, r:0.00, omega:0.00, omega_m:-0.00, u:0.00, theta1:24.744, theta2:15.977, e:0.000
t:63.70, r:0.00, omega:0.00, omega_m:-0.00, u:0.00, theta1:24.744, theta2:15.977, e:0.000
t:63.71, r:0.00, omega:0.00, omega_m:-0.00, u:0.00, theta1:24.744, theta2:15.977, e:0.000
t:63.72, r:0.00, omega:0.00, omega_m:-0.00, u:0.00, theta1:24.744, theta2:15.977, e:0.000
t:63.73, r:0.00, omega:0.00, omega_m:-0.00, u:0.00, theta1:24.744, theta2:15.977, e:0.000
t:63.74, r:0.00, omega:0.00, omega_m:-0.00, u:0.00, theta1:24.744, theta2:15.977, e:0.000
t:63.75, r:0.00, omega:0.00, omega_m:-0.00, u:0.00, theta1:24.744, theta2:15.977, e:0.000
t:63.76, r:0.00, omega:0.00, omega_m:-0.00, u:0.00, theta1:24.744, theta2:15.977, e:0.000
t:63.77, r:0.00, omega:0.00, omega_m:-0.00, u:0.00, theta1:24.744, theta2:15.977, e:0.000
t:63.78, r:0.00, omega:0.00, omega_m:-0.00, u:0.00, theta1:24.744, theta2:15.977, e:0.000
t:63.79, r:0.00, omega:0.00, omega_m:-0.00, u:0.00, theta1:24.744, theta2:15.977, e:0.000
t:63.80, r:0.00, omega:0.00, omega_m:-0.00, u:0.00, theta1:24.744, theta2:15.977, e:0.000
t:63.81, r:0.00, omega:0.00, omega_m:-0.00, u:0.00, theta1:24.744, theta2:15.977, e:0.000
t:63.82, r:0.00, omega:0.00, omega_m:-0.00, u:0.00, theta1:24.744, theta2:15.977, e:0.000
t:63.83, r:0.00, omega:0.00, omega_m:-0.00, u:0.00, theta1:24.744, theta2:15.977, e:0.000
t:63.84, r:0.00, omega:0.00, omega_m:-0.00, u:0.00, theta1:24.744, theta2:15.977, e:0.000
t:63.85, r:0.00, omega:0.00, omega_m:-0.00, u:0.00, theta1:24.744, theta2:15.977, e:0.000
t:63.86, r:0.00, omega:0.00, omega_m:-0.00, u:0.00, theta1:24.744, theta2:15.977, e:0.000
t:63.87, r:0.00, omega:0.00, omega_m:-0.00, u:0.00, theta1:24.744, theta2:15.977, e:0.000
t:63.88, r:0.00, omega:0.00, omega_m:-0.00, u:0.00, theta1:24.744, theta2:15.977, e:0.000
t:63.89, r:0.00, omega:0.00, omega_m:-0.00, u:0.00, theta1:24.744, theta2:15.977, e:0.000
t:63.90, r:0.00, omega:0.00, omega_m:-0.00, u:0.00, theta1:24.744, theta2:15.977, e:0.000
t:63.91, r:0.00, omega:0.00, omega_m:-0.00, u:0.00, theta1:24.744, theta2:15.977, e:0.000
t:63.92, r:0.00, omega:0.00, omega_m:-0.00, u:0.00, theta1:24.744, theta2:15.977, e:0.000
t:63.93, r:0.00, omega:0.00, omega_m:-0.00, u:0.00, theta1:24.744, theta2:15.977, e:0.000
t:63.94, r:0.00, omega:0.00, omega_m:-0.00, u:0.00, theta1:24.744, theta2:15.977, e:0.000
t:63.95, r:0.00, omega:0.00, omega_m:-0.00, u:0.00, theta1:24.744, theta2:15.977, e:0.000
t:63.96, r:0.00, omega:0.00, omega_m:-0.00, u:0.00, theta1:24.744, theta2:15.977, e:0.000
t:63.97, r:0.00, omega:0.00, omega_m:-0.00, u:0.00, theta1:24.744, theta2:15.977, e:0.000
t:63.98, r:0.00, omega:0.00, omega_m:-0.00, u:0.00, theta1:24.744, theta2:15.977, e:0.000
t:63.99, r:0.00, omega:0.00, omega_m:-0.00, u:0.00, theta1:24.744, theta2:15.977, e:0.000
t:64.00, r:0.00, omega:0.00, omega_m:-0.00, u:0.00, theta1:24.744, theta2:15.977, e:0.000
t:64.01, r:25.00, omega:0.00, omega_m:15.80, u:618.98, theta1:24.759, theta2:15.974, e:-15.803
t:64.02, r:25.00, omega:0.00, omega_m:21.62, u:619.53, theta1:24.781, theta2:15.971, e:-21.617
t:64.03, r:25.00, omega:0.00, omega_m:23.76, u:620.12, theta1:24.805, theta2:15.967, e:-23.755
t:64.04, r:25.00, omega:0.00, omega_m:24.54, u:620.74, theta1:24.829, theta2:15.963, e:-24.542
t:64.05, r:25.00, omega:0.51, omega_m:24.83, u:613.15, theta1:24.854, theta2:15.958, e:-24.318
t:64.06, r:25.00, omega:28.72, omega_m:24.94, u:82.53, theta1:24.841, theta2:15.972, e:8.777
t:64.07, r:25.00, omega:28.72, omega_m:24.98, u:81.75, theta1:24.828, theta2:15.985, e:8.738
t:64.08, r:25.00, omega:29.97, omega_m:24.99, u:60.70, theta1:24.813, theta2:16.001, e:9.983
t:64.09, r:25.00, omega:29.97, omega_m:25.00, u:59.77, theta1:24.798, theta2:16.017, e:9.977
t:64.10, r:25.00, omega:29.97, omega_m:25.00, u:58.84, theta1:24.783, theta2:16.033, e:9.975
t:64.11, r:25.00, omega:18.15, omega_m:25.00, u:328.86, theta1:24.790, theta2:16.025, e:-6.848
t:64.12, r:25.00, omega:18.15, omega_m:25.00, u:329.16, theta1:24.796, theta2:16.018, e:-6.848
t:64.13, r:25.00, omega:18.15, omega_m:25.00, u:329.46, theta1:24.803, theta2:16.011, e:-6.848
t:64.14, r:25.00, omega:18.15, omega_m:25.00, u:329.77, theta1:24.810, theta2:16.003, e:-6.848
t:64.15, r:25.00, omega:12.54, omega_m:25.00, u:419.98, theta1:24.823, theta2:15.994, e:-12.458
t:64.16, r:25.00, omega:12.54, omega_m:25.00, u:420.41, theta1:24.835, theta2:15.984, e:-12.458
t:64.17, r:25.00, omega:20.88, omega_m:25.00, u:287.34, theta1:24.839, theta2:15.979, e:-4.120
t:64.18, r:25.00, omega:20.88, omega_m:25.00, u:287.54, theta1:24.843, theta2:15.974, e:-4.120
t:64.19, r:25.00, omega:25.21, omega_m:25.00, u:218.30, theta1:24.843, theta2:15.974, e:0.214
t:64.20, r:25.00, omega:25.21, omega_m:25.00, u:218.29, theta1:24.843, theta2:15.974, e:0.214
t:64.21, r:25.00, omega:25.21, omega_m:25.00, u:218.27, theta1:24.842, theta2:15.975, e:0.214
t:64.22, r:25.00, omega:20.61, omega_m:25.00, u:292.02, theta1:24.847, theta2:15.969, e:-4.388
t:64.23, r:25.00, omega:20.61, omega_m:25.00, u:292.23, theta1:24.851, theta2:15.964, e:-4.388
t:64.24, r:25.00, omega:20.61, omega_m:25.00, u:292.45, theta1:24.856, theta2:15.959, e:-4.388
t:64.25, r:25.00, omega:16.42, omega_m:25.00, u:359.65, theta1:24.864, theta2:15.950, e:-8.577
t:64.26, r:25.00, omega:16.42, omega_m:25.00, u:360.00, theta1:24.873, theta2:15.942, e:-8.577
t:64.27, r:25.00, omega:16.42, omega_m:25.00, u:360.36, theta1:24.881, theta2:15.934, e:-8.577
t:64.28, r:25.00, omega:20.89, omega_m:25.00, u:289.35, theta1:24.885, theta2:15.929, e:-4.108
t:64.29, r:25.00, omega:20.89, omega_m:25.00, u:289.56, theta1:24.890, theta2:15.924, e:-4.108
t:64.30, r:25.00, omega:22.19, omega_m:25.00, u:268.99, theta1:24.892, theta2:15.920, e:-2.807
t:64.31, r:25.00, omega:22.19, omega_m:25.00, u:269.14, theta1:24.895, theta2:15.917, e:-2.807
t:64.32, r:25.00, omega:21.91, omega_m:25.00, u:273.83, theta1:24.898, theta2:15.913, e:-3.091
t:64.33, r:25.00, omega:21.91, omega_m:25.00, u:273.99, theta1:24.901, theta2:15.909, e:-3.091
t:64.34, r:25.00, omega:21.91, omega_m:25.00, u:274.15, theta1:24.904, theta2:15.905, e:-3.091
t:64.35, r:25.00, omega:18.87, omega_m:25.00, u:322.77, theta1:24.911, theta2:15.898, e:-6.130
t:64.36, r:25.00, omega:18.87, omega_m:25.00, u:323.05, theta1:24.917, theta2:15.891, e:-6.130
t:64.37, r:25.00, omega:18.87, omega_m:25.00, u:323.33, theta1:24.923, theta2:15.885, e:-6.130
t:64.38, r:25.00, omega:19.61, omega_m:25.00, u:311.83, theta1:24.928, theta2:15.879, e:-5.390
t:64.39, r:25.00, omega:19.61, omega_m:25.00, u:312.09, theta1:24.934, theta2:15.872, e:-5.390
t:64.40, r:25.00, omega:21.90, omega_m:25.00, u:275.86, theta1:24.937, theta2:15.869, e:-3.098
t:64.41, r:25.00, omega:21.90, omega_m:25.00, u:276.02, theta1:24.940, theta2:15.865, e:-3.098
t:64.42, r:25.00, omega:21.90, omega_m:25.00, u:276.19, theta1:24.943, theta2:15.861, e:-3.098
t:64.43, r:25.00, omega:21.26, omega_m:25.00, u:286.53, theta1:24.947, theta2:15.856, e:-3.738
t:64.44, r:25.00, omega:21.26, omega_m:25.00, u:286.72, theta1:24.950, theta2:15.852, e:-3.738
t:64.45, r:25.00, omega:19.48, omega_m:25.00, u:315.16, theta1:24.956, theta2:15.845, e:-5.516
t:64.46, r:25.00, omega:19.48, omega_m:25.00, u:315.42, theta1:24.962, theta2:15.839, e:-5.516
t:64.47, r:25.00, omega:19.48, omega_m:25.00, u:315.68, theta1:24.967, theta2:15.833, e:-5.516
t:64.48, r:25.00, omega:19.61, omega_m:25.00, u:313.91, theta1:24.972, theta2:15.827, e:-5.387
t:64.49, r:25.00, omega:19.61, omega_m:25.00, u:314.16, theta1:24.978, theta2:15.821, e:-5.387
t:64.50, r:25.00, omega:22.07, omega_m:25.00, u:275.40, theta1:24.981, theta2:15.817, e:-2.928
t:64.51, r:25.00, omega:22.07, omega_m:25.00, u:275.56, theta1:24.984, theta2:15.813, e:-2.928
t:64.52, r:25.00, omega:22.07, omega_m:25.00, u:275.71, theta1:24.987, theta2:15.810, e:-2.928
t:64.53, r:25.00, omega:21.78, omega_m:25.00, u:280.45, theta1:24.990, theta2:15.806, e:-3.217
t:64.54, r:25.00, omega:21.78, omega_m:25.00, u:280.62, theta1:24.993, theta2:15.802, e:-3.217
t:64.55, r:25.00, omega:20.16, omega_m:25.00, u:306.46, theta1:24.998, theta2:15.796, e:-4.838
t:64.56, r:25.00, omega:20.16, omega_m:25.00, u:306.70, theta1:25.003, theta2:15.790, e:-4.838
t:64.57, r:25.00, omega:20.16, omega_m:25.00, u:306.81, theta1:25.003, theta2:15.785, e:-4.838
t:64.58, r:25.00, omega:18.47, omega_m:25.00, u:333.70, theta1:25.003, theta2:15.778, e:-6.533
t:64.59, r:25.00, omega:18.47, omega_m:25.00, u:333.83, theta1:25.003, theta2:15.770, e:-6.533
t:64.60, r:25.00, omega:22.73, omega_m:25.00, u:266.66, theta1:25.003, theta2:15.768, e:-2.269
t:64.61, r:25.00, omega:22.73, omega_m:25.00, u:266.73, theta1:25.003, theta2:15.765, e:-2.269
t:64.62, r:25.00, omega:22.73, omega_m:25.00, u:266.80, theta1:25.003, theta2:15.762, e:-2.269
t:64.63, r:25.00, omega:20.67, omega_m:25.00, u:299.38, theta1:25.003, theta2:15.756, e:-4.330
t:64.64, r:25.00, omega:20.67, omega_m:25.00, u:299.48, theta1:25.003, theta2:15.751, e:-4.330
t:64.65, r:25.00, omega:20.67, omega_m:25.00, u:299.59, theta1:25.003, theta2:15.746, e:-4.330
t:64.66, r:25.00, omega:18.18, omega_m:25.00, u:338.96, theta1:25.003, theta2:15.739, e:-6.821
t:64.67, r:25.00, omega:18.18, omega_m:25.00, u:339.09, theta1:25.003, theta2:15.732, e:-6.821
t:64.68, r:25.00, omega:21.59, omega_m:25.00, u:285.49, theta1:25.003, theta2:15.727, e:-3.408
t:64.69, r:25.00, omega:21.59, omega_m:25.00, u:285.58, theta1:25.003, theta2:15.723, e:-3.408
t:64.70, r:25.00, omega:21.59, omega_m:25.00, u:285.67, theta1:25.003, theta2:15.719, e:-3.408
t:64.71, r:25.00, omega:21.52, omega_m:25.00, u:286.90, theta1:25.003, theta2:15.715, e:-3.481
t:64.72, r:25.00, omega:21.52, omega_m:25.00, u:287.00, theta1:25.003, theta2:15.710, e:-3.481
t:64.73, r:25.00, omega:19.74, omega_m:25.00, u:315.09, theta1:25.003, theta2:15.704, e:-5.262
t:64.74, r:25.00, omega:19.74, omega_m:25.00, u:315.21, theta1:25.003, theta2:15.698, e:-5.262
t:64.75, r:25.00, omega:19.74, omega_m:25.00, u:315.33, theta1:25.003, theta2:15.692, e:-5.262
t:64.76, r:25.00, omega:19.96, omega_m:25.00, u:311.97, theta1:25.003, theta2:15.687, e:-5.040
t:64.77, r:25.00, omega:19.96, omega_m:25.00, u:312.09, theta1:25.003, theta2:15.681, e:-5.040
t:64.78, r:25.00, omega:23.65, omega_m:25.00, u:254.29, theta1:25.003, theta2:15.679, e:-1.352
t:64.79, r:25.00, omega:23.65, omega_m:25.00, u:254.33, theta1:25.003, theta2:15.677, e:-1.352
t:64.80, r:25.00, omega:23.65, omega_m:25.00, u:254.37, theta1:25.003, theta2:15.675, e:-1.352
t:64.81, r:25.00, omega:20.19, omega_m:25.00, u:308.70, theta1:25.003, theta2:15.670, e:-4.810
t:64.82, r:25.00, omega:20.19, omega_m:25.00, u:308.82, theta1:25.003, theta2:15.664, e:-4.810
t:64.83, r:25.00, omega:20.19, omega_m:25.00, u:308.93, theta1:25.003, theta2:15.658, e:-4.810
t:64.84, r:25.00, omega:18.05, omega_m:25.00, u:342.55, theta1:25.003, theta2:15.651, e:-6.949
t:64.85, r:25.00, omega:18.05, omega_m:25.00, u:342.69, theta1:25.003, theta2:15.644, e:-6.949
t:64.86, r:25.00, omega:22.18, omega_m:25.00, u:278.13, theta1:25.003, theta2:15.640, e:-2.817
t:64.87, r:25.00, omega:22.18, omega_m:25.00, u:278.21, theta1:25.003, theta2:15.637, e:-2.817
t:64.88, r:25.00, omega:22.18, omega_m:25.00, u:278.29, theta1:25.003, theta2:15.633, e:-2.817
t:64.89, r:25.00, omega:20.48, omega_m:25.00, u:304.98, theta1:25.003, theta2:15.628, e:-4.518
t:64.90, r:25.00, omega:20.48, omega_m:25.00, u:305.09, theta1:25.003, theta2:15.622, e:-4.518
t:64.91, r:25.00, omega:20.37, omega_m:25.00, u:306.88, theta1:25.003, theta2:15.617, e:-4.626
t:64.92, r:25.00, omega:20.37, omega_m:25.00, u:306.99, theta1:25.003, theta2:15.611, e:-4.626
t:64.93, r:25.00, omega:20.37, omega_m:25.00, u:307.11, theta1:25.003, theta2:15.606, e:-4.626
t:64.94, r:25.00, omega:20.29, omega_m:25.00, u:308.55, theta1:25.003, theta2:15.601, e:-4.711
t:64.95, r:25.00, omega:20.29, omega_m:25.00, u:308.66, theta1:25.003, theta2:15.595, e:-4.711
t:64.96, r:25.00, omega:20.88, omega_m:25.00, u:299.58, theta1:25.003, theta2:15.590, e:-4.122
t:64.97, r:25.00, omega:20.88, omega_m:25.00, u:299.68, theta1:25.003, theta2:15.585, e:-4.122
t:64.98, r:25.00, omega:20.88, omega_m:25.00, u:299.78, theta1:25.003, theta2:15.580, e:-4.122
t:64.99, r:25.00, omega:20.95, omega_m:25.00, u:298.81, theta1:25.003, theta2:15.575, e:-4.053
t:65.00, r:25.00, omega:20.95, omega_m:25.00, u:298.91, theta1:25.003, theta2:15.570, e:-4.053
t:65.01, r:0.00, omega:21.02, omega_m:9.20, u:0.00, theta1:25.000, theta2:15.581, e:11.825
t:65.02, r:0.00, omega:21.02, omega_m:3.38, u:0.00, theta1:24.995, theta2:15.597, e:17.639
t:65.03, r:0.00, omega:21.02, omega_m:1.24, u:0.00, theta1:24.990, theta2:15.615, e:19.777
t:65.04, r:0.00, omega:21.02, omega_m:0.46, u:0.00, theta1:24.985, theta2:15.633, e:20.564
t:65.05, r:0.00, omega:21.02, omega_m:0.17, u:0.00, theta1:24.980, theta2:15.652, e:20.854
t:65.06, r:0.00, omega:21.02, omega_m:0.06, u:0.00, theta1:24.975, theta2:15.670, e:20.960
t:65.07, r:0.00, omega:21.02, omega_m:0.02, u:0.00, theta1:24.970, theta2:15.689, e:20.999
t:65.08, r:0.00, omega:21.02, omega_m:0.01, u:0.00, theta1:24.964, theta2:15.708, e:21.014
t:65.09, r:0.00, omega:21.02, omega_m:0.00, u:0.00, theta1:24.959, theta2:15.727, e:21.019
t:65.10, r:0.00, omega:21.02, omega_m:0.00, u:0.00, theta1:24.954, theta2:15.745, e:21.021
t:65.11, r:0.00, omega:21.02, omega_m:0.00, u:0.00, theta1:24.949, theta2:15.764, e:21.022
t:65.12, r:0.00, omega:21.02, omega_m:0.00, u:0.00, theta1:24.943, theta2:15.783, e:21.022
t:65.13, r:0.00, omega:21.02, omega_m:0.00, u:0.00, theta1:24.938, theta2:15.802, e:21.022
t:65.14, r:0.00, omega:21.02, omega_m:0.00, u:0.00, theta1:24.933, theta2:15.821, e:21.022
t:65.15, r:0.00, omega:21.02, omega_m:0.00, u:0.00, theta1:24.928, theta2:15.839, e:21.022
t:65.16, r:0.00, omega:21.02, omega_m:0.00, u:0.00, theta1:24.922, theta2:15.858, e:21.022
t:65.17, r:0.00, omega:21.02, omega_m:0.00, u:0.00, theta1:24.917, theta2:15.877, e:21.022
t:65.18, r:0.00, omega:21.02, omega_m:0.00, u:0.00, theta1:24.912, theta2:15.896, e:21.022
t:65.19, r:0.00, omega:21.02, omega_m:0.00, u:0.00, theta1:24.907, theta2:15.914, e:21.022
t:65.20, r:0.00, omega:21.02, omega_m:0.00, u:0.00, theta1:24.901, theta2:15.933, e:21.022
t:65.21, r:0.00, omega:21.02, omega_m:0.00, u:0.00, theta1:24.896, theta2:15.952, e:21.022
t:65.22, r:0.00, omega:21.02, omega_m:0.00, u:0.00, theta1:24.891, theta2:15.971, e:21.022
t:65.23, r:0.00, omega:21.02, omega_m:0.00, u:0.00, theta1:24.886, theta2:15.989, e:21.022
t:65.24, r:0.00, omega:21.02, omega_m:0.00, u:0.00, theta1:24.880, theta2:16.008, e:21.022
t:65.25, r:0.00, omega:21.02, omega_m:0.00, u:0.00, theta1:24.875, theta2:16.027, e:21.022
t:65.26, r:0.00, omega:21.02, omega_m:0.00, u:0.00, theta1:24.870, theta2:16.046, e:21.022
t:65.27, r:0.00, omega:21.02, omega_m:0.00, u:0.00, theta1:24.865, theta2:16.064, e:21.022
t:65.28, r:0.00, omega:21.02, omega_m:0.00, u:0.00, theta1:24.860, theta2:16.083, e:21.022
t:65.29, r:0.00, omega:21.02, omega_m:0.00, u:0.00, theta1:24.854, theta2:16.102, e:21.022
t:65.30, r:0.00, omega:21.02, omega_m:0.00, u:0.00, theta1:24.849, theta2:16.120, e:21.022
t:65.31, r:0.00, omega:21.02, omega_m:0.00, u:0.00, theta1:24.844, theta2:16.139, e:21.022
t:65.32, r:0.00, omega:21.02, omega_m:0.00, u:0.00, theta1:24.839, theta2:16.158, e:21.022
t:65.33, r:0.00, omega:21.02, omega_m:0.00, u:0.00, theta1:24.833, theta2:16.177, e:21.022
t:65.34, r:0.00, omega:21.02, omega_m:0.00, u:0.00, theta1:24.828, theta2:16.195, e:21.022
t:65.35, r:0.00, omega:21.02, omega_m:0.00, u:0.00, theta1:24.823, theta2:16.214, e:21.022
t:65.36, r:0.00, omega:21.02, omega_m:0.00, u:0.00, theta1:24.818, theta2:16.233, e:21.022
t:65.37, r:0.00, omega:21.02, omega_m:0.00, u:0.00, theta1:24.813, theta2:16.251, e:21.022
t:65.38, r:0.00, omega:21.02, omega_m:0.00, u:0.00, theta1:24.807, theta2:16.270, e:21.022
t:65.39, r:0.00, omega:21.02, omega_m:0.00, u:0.00, theta1:24.802, theta2:16.289, e:21.022
t:65.40, r:0.00, omega:21.02, omega_m:0.00, u:0.00, theta1:24.797, theta2:16.307, e:21.022
t:65.41, r:0.00, omega:21.02, omega_m:0.00, u:0.00, theta1:24.792, theta2:16.326, e:21.022
t:65.42, r:0.00, omega:21.02, omega_m:0.00, u:0.00, theta1:24.786, theta2:16.345, e:21.022
t:65.43, r:0.00, omega:21.02, omega_m:0.00, u:0.00, theta1:24.781, theta2:16.363, e:21.022
t:65.44, r:0.00, omega:21.02, omega_m:0.00, u:0.00, theta1:24.776, theta2:16.382, e:21.022
t:65.45, r:0.00, omega:21.02, omega_m:0.00, u:0.00, theta1:24.771, theta2:16.401, e:21.022
t:65.46, r:0.00, omega:21.02, omega_m:0.00, u:0.00, theta1:24.766, theta2:16.419, e:21.022
t:65.47, r:0.00, omega:21.02, omega_m:0.00, u:0.00, theta1:24.760, theta2:16.438, e:21.022
t:65.48, r:0.00, omega:21.02, omega_m:0.00, u:0.00, theta1:24.755, theta2:16.457, e:21.022
t:65.49, r:0.00, omega:21.02, omega_m:0.00, u:0.00, theta1:24.750, theta2:16.475, e:21.022
t:65.50, r:0.00, omega:21.02, omega_m:0.00, u:0.00, theta1:24.745, theta2:16.494, e:21.022
t:65.51, r:0.00, omega:0.00, omega_m:0.00, u:0.00, theta1:24.745, theta2:16.494, e:-0.000
t:65.52, r:0.00, omega:0.00, omega_m:0.00, u:0.00, theta1:24.745, theta2:16.494, e:-0.000
t:65.53, r:0.00, omega:0.00, omega_m:0.00, u:0.00, theta1:24.745, theta2:16.494, e:-0.000
t:65.54, r:0.00, omega:0.00, omega_m:0.00, u:0.00, theta1:24.745, theta2:16.494, e:-0.000
t:65.55, r:0.00, omega:0.00, omega_m:0.00, u:0.00, theta1:24.745, theta2:16.494, e:-0.000
t:65.56, r:0.00, omega:0.00, omega_m:0.00, u:0.00, theta1:24.745, theta2:16.494, e:-0.000
t:65.57, r:0.00, omega:0.00, omega_m:0.00, u:0.00, theta1:24.745, theta2:16.494, e:-0.000
t:65.58, r:0.00, omega:0.00, omega_m:0.00, u:0.00, theta1:24.745, theta2:16.494, e:-0.000
t:65.59, r:0.00, omega:0.00, omega_m:0.00, u:0.00, theta1:24.745, theta2:16.494, e:-0.000
t:65.60, r:0.00, omega:0.00, omega_m:0.00, u:0.00, theta1:24.745, theta2:16.494, e:-0.000
t:65.61, r:0.00, omega:0.00, omega_m:0.00, u:0.00, theta1:24.745, theta2:16.494, e:-0.000
t:65.62, r:0.00, omega:0.00, omega_m:0.00, u:0.00, theta1:24.745, theta2:16.494, e:-0.000
t:65.63, r:0.00, omega:0.00, omega_m:0.00, u:0.00, theta1:24.745, theta2:16.494, e:-0.000
t:65.64, r:0.00, omega:0.00, omega_m:0.00, u:0.00, theta1:24.745, theta2:16.494, e:-0.000
t:65.65, r:0.00, omega:0.00, omega_m:0.00, u:0.00, theta1:24.745, theta2:16.494, e:-0.000
t:65.66, r:0.00, omega:0.00, omega_m:0.00, u:0.00, theta1:24.745, theta2:16.494, e:-0.000
t:65.67, r:0.00, omega:0.00, omega_m:0.00, u:0.00, theta1:24.745, theta2:16.494, e:-0.000
t:65.68, r:0.00, omega:0.00, omega_m:0.00, u:0.00, theta1:24.745, theta2:16.494, e:-0.000
t:65.69, r:0.00, omega:0.00, omega_m:0.00, u:0.00, theta1:24.745, theta2:16.494, e:-0.000
t:65.70, r:0.00, omega:0.00, omega_m:0.00, u:0.00, theta1:24.745, theta2:16.494, e:-0.000
t:65.71, r:0.00, omega:0.00, omega_m:0.00, u:0.00, theta1:24.745, theta2:16.494, e:-0.000
t:65.72, r:0.00, omega:0.00, omega_m:0.00, u:0.00, theta1:24.745, theta2:16.494, e:-0.000
t:65.73, r:0.00, omega:0.00, omega_m:0.00, u:0.00, theta1:24.745, theta2:16.494, e:-0.000
t:65.74, r:0.00, omega:0.00, omega_m:0.00, u:0.00, theta1:24.745, theta2:16.494, e:-0.000
t:65.75, r:0.00, omega:0.00, omega_m:0.00, u:0.00, theta1:24.745, theta2:16.494, e:-0.000
t:65.76, r:0.00, omega:0.00, omega_m:0.00, u:0.00, theta1:24.745, theta2:16.494, e:-0.000
t:65.77, r:0.00, omega:0.00, omega_m:0.00, u:0.00, theta1:24.745, theta2:16.494, e:-0.000
t:65.78, r:0.00, omega:0.00, omega_m:0.00, u:0.00, theta1:24.745, theta2:16.494, e:-0.000
t:65.79, r:0.00, omega:0.00, omega_m:0.00, u:0.00, theta1:24.745, theta2:16.494, e:-0.000
t:65.80, r:0.00, omega:0.00, omega_m:0.00, u:0.00, theta1:24.745, theta2:16.494, e:-0.000
t:65.81, r:0.00, omega:0.00, omega_m:0.00, u:0.00, theta1:24.745, theta2:16.494, e:-0.000
t:65.82, r:0.00, omega:0.00, omega_m:0.00, u:0.00, theta1:24.745, theta2:16.494, e:-0.000
t:65.83, r:0.00, omega:0.00, omega_m:0.00, u:0.00, theta1:24.745, theta2:16.494, e:-0.000
t:65.84, r:0.00, omega:0.00, omega_m:0.00, u:0.00, theta1:24.745, theta2:16.494, e:-0.000
t:65.85, r:0.00, omega:0.00, omega_m:0.00, u:0.00, theta1:24.745, theta2:16.494, e:-0.000
t:65.86, r:0.00, omega:0.00, omega_m:0.00, u:0.00, theta1:24.745, theta2:16.494, e:-0.000
t:65.87, r:0.00, omega:0.00, omega_m:0.00, u:0.00, theta1:24.745, theta2:16.494, e:-0.000
t:65.88, r:0.00, omega:0.00, omega_m:0.00, u:0.00, theta1:24.745, theta2:16.494, e:-0.000
t:65.89, r:0.00, omega:0.00, omega_m:0.00, u:0.00, theta1:24.745, theta2:16.494, e:-0.000
t:65.90, r:0.00, omega:0.00, omega_m:0.00, u:0.00, theta1:24.745, theta2:16.494, e:-0.000
t:65.91, r:0.00, omega:0.00, omega_m:0.00, u:0.00, theta1:24.745, theta2:16.494, e:-0.000
t:65.92, r:0.00, omega:0.00, omega_m:0.00, u:0.00, theta1:24.745, theta2:16.494, e:-0.000
t:65.93, r:0.00, omega:0.00, omega_m:0.00, u:0.00, theta1:24.745, theta2:16.494, e:-0.000
t:65.94, r:0.00, omega:0.00, omega_m:0.00, u:0.00, theta1:24.745, theta2:16.494, e:-0.000
t:65.95, r:0.00, omega:0.00, omega_m:0.00, u:0.00, theta1:24.745, theta2:16.494, e:-0.000
t:65.96, r:0.00, omega:0.00, omega_m:0.00, u:0.00, theta1:24.745, theta2:16.494, e:-0.000
t:65.97, r:0.00, omega:0.00, omega_m:0.00, u:0.00, theta1:24.745, theta2:16.494, e:-0.000
t:65.98, r:0.00, omega:0.00, omega_m:0.00, u:0.00, theta1:24.745, theta2:16.494, e:-0.000
t:65.99, r:0.00, omega:0.00, omega_m:0.00, u:0.00, theta1:24.745, theta2:16.494, e:-0.000
t:66.00, r:0.00, omega:0.00, omega_m:0.00, u:0.00, theta1:24.745, theta2:16.494, e:-0.000
t:66.01, r:-25.00, omega:0.00, omega_m:-15.80, u:-619.02, theta1:24.761, theta2:16.491, e:15.803
t:66.02, r:-25.00, omega:0.00, omega_m:-21.62, u:-619.56, theta1:24.782, theta2:16.488, e:21.617
t:66.03, r:-25.00, omega:-0.51, omega_m:-23.76, u:-611.69, theta1:24.806, theta2:16.483, e:23.242
t:66.04, r:-25.00, omega:-0.51, omega_m:-24.54, u:-612.29, theta1:24.830, theta2:16.479, e:24.029
t:66.05, r:-25.00, omega:-28.09, omega_m:-24.83, u:-157.57, theta1:24.825, theta2:16.483, e:-3.262
t:66.06, r:-25.00, omega:-28.09, omega_m:-24.94, u:-157.34, theta1:24.820, theta2:16.487, e:-3.155
t:66.07, r:-25.00, omega:-33.54, omega_m:-24.98, u:-66.71, theta1:24.807, theta2:16.500, e:-8.567
t:66.08, r:-25.00, omega:-33.54, omega_m:-24.99, u:-65.95, theta1:24.794, theta2:16.513, e:-8.553
t:66.09, r:-25.00, omega:-33.54, omega_m:-25.00, u:-65.20, theta1:24.782, theta2:16.525, e:-8.548
t:66.10, r:-25.00, omega:-17.55, omega_m:-25.00, u:-329.85, theta1:24.789, theta2:16.518, e:7.450
t:66.11, r:-25.00, omega:-17.55, omega_m:-25.00, u:-330.18, theta1:24.797, theta2:16.510, e:7.450
t:66.12, r:-25.00, omega:-17.55, omega_m:-25.00, u:-330.50, theta1:24.804, theta2:16.502, e:7.451
t:66.13, r:-25.00, omega:-17.55, omega_m:-25.00, u:-330.82, theta1:24.812, theta2:16.494, e:7.451
t:66.14, r:-25.00, omega:-13.06, omega_m:-25.00, u:-405.37, theta1:24.823, theta2:16.485, e:11.945
t:66.15, r:-25.00, omega:-13.06, omega_m:-25.00, u:-405.80, theta1:24.835, theta2:16.475, e:11.945
t:66.16, r:-25.00, omega:-21.58, omega_m:-25.00, u:-265.56, theta1:24.839, theta2:16.471, e:3.422
t:66.17, r:-25.00, omega:-21.58, omega_m:-25.00, u:-265.74, theta1:24.842, theta2:16.466, e:3.422
t:66.18, r:-25.00, omega:-24.20, omega_m:-25.00, u:-222.67, theta1:24.843, theta2:16.465, e:0.803
t:66.19, r:-25.00, omega:-24.20, omega_m:-25.00, u:-222.71, theta1:24.844, theta2:16.464, e:0.803
t:66.20, r:-25.00, omega:-24.20, omega_m:-25.00, u:-222.76, theta1:24.845, theta2:16.463, e:0.803
t:66.21, r:-25.00, omega:-18.52, omega_m:-25.00, u:-316.51, theta1:24.851, theta2:16.456, e:6.480
t:66.22, r:-25.00, omega:-18.52, omega_m:-25.00, u:-316.81, theta1:24.858, theta2:16.449, e:6.480
t:66.23, r:-25.00, omega:-18.52, omega_m:-25.00, u:-317.10, theta1:24.864, theta2:16.442, e:6.480
t:66.24, r:-25.00, omega:-18.94, omega_m:-25.00, u:-310.39, theta1:24.870, theta2:16.435, e:6.055
t:66.25, r:-25.00, omega:-18.94, omega_m:-25.00, u:-310.67, theta1:24.876, theta2:16.428, e:6.055
t:66.26, r:-25.00, omega:-21.12, omega_m:-25.00, u:-275.18, theta1:24.880, theta2:16.424, e:3.883
t:66.27, r:-25.00, omega:-21.12, omega_m:-25.00, u:-275.38, theta1:24.884, theta2:16.419, e:3.883
t:66.28, r:-25.00, omega:-21.12, omega_m:-25.00, u:-275.58, theta1:24.888, theta2:16.414, e:3.883
t:66.29, r:-25.00, omega:-21.20, omega_m:-25.00, u:-274.41, theta1:24.892, theta2:16.410, e:3.800
t:66.30, r:-25.00, omega:-21.20, omega_m:-25.00, u:-274.61, theta1:24.896, theta2:16.405, e:3.800
t:66.31, r:-25.00, omega:-20.85, omega_m:-25.00, u:-280.48, theta1:24.900, theta2:16.400, e:4.145
t:66.32, r:-25.00, omega:-20.85, omega_m:-25.00, u:-280.69, theta1:24.904, theta2:16.395, e:4.145
t:66.33, r:-25.00, omega:-20.85, omega_m:-25.00, u:-280.90, theta1:24.908, theta2:16.390, e:4.145
t:66.34, r:-25.00, omega:-18.96, omega_m:-25.00, u:-312.22, theta1:24.914, theta2:16.383, e:6.039
t:66.35, r:-25.00, omega:-18.96, omega_m:-25.00, u:-312.49, theta1:24.920, theta2:16.376, e:6.039
t:66.36, r:-25.00, omega:-18.96, omega_m:-25.00, u:-312.77, theta1:24.926, theta2:16.370, e:6.039
t:66.37, r:-25.00, omega:-19.48, omega_m:-25.00, u:-304.52, theta1:24.932, theta2:16.363, e:5.519
t:66.38, r:-25.00, omega:-19.48, omega_m:-25.00, u:-304.78, theta1:24.937, theta2:16.357, e:5.519
t:66.39, r:-25.00, omega:-21.49, omega_m:-25.00, u:-272.07, theta1:24.941, theta2:16.353, e:3.508
t:66.40, r:-25.00, omega:-21.49, omega_m:-25.00, u:-272.25, theta1:24.944, theta2:16.348, e:3.508
t:66.41, r:-25.00, omega:-21.49, omega_m:-25.00, u:-272.43, theta1:24.948, theta2:16.344, e:3.508
t:66.42, r:-25.00, omega:-21.62, omega_m:-25.00, u:-270.55, theta1:24.951, theta2:16.340, e:3.382
t:66.43, r:-25.00, omega:-21.62, omega_m:-25.00, u:-270.72, theta1:24.955, theta2:16.336, e:3.382
t:66.44, r:-25.00, omega:-21.62, omega_m:-25.00, u:-270.90, theta1:24.958, theta2:16.332, e:3.382
t:66.45, r:-25.00, omega:-18.12, omega_m:-25.00, u:-328.41, theta1:24.965, theta2:16.324, e:6.885
t:66.46, r:-25.00, omega:-18.12, omega_m:-25.00, u:-328.71, theta1:24.972, theta2:16.317, e:6.885
t:66.47, r:-25.00, omega:-20.06, omega_m:-25.00, u:-297.15, theta1:24.977, theta2:16.311, e:4.936
t:66.48, r:-25.00, omega:-20.06, omega_m:-25.00, u:-297.38, theta1:24.982, theta2:16.305, e:4.936
t:66.49, r:-25.00, omega:-20.06, omega_m:-25.00, u:-297.62, theta1:24.986, theta2:16.300, e:4.936
t:66.50, r:-25.00, omega:-20.97, omega_m:-25.00, u:-283.01, theta1:24.991, theta2:16.295, e:4.027
t:66.51, r:-25.00, omega:-20.97, omega_m:-25.00, u:-283.21, theta1:24.995, theta2:16.290, e:4.027
t:66.52, r:-25.00, omega:-21.29, omega_m:-25.00, u:-278.22, theta1:24.998, theta2:16.285, e:3.709
t:66.53, r:-25.00, omega:-21.29, omega_m:-25.00, u:-278.41, theta1:25.002, theta2:16.281, e:3.709
t:66.54, r:-25.00, omega:-21.29, omega_m:-25.00, u:-278.51, theta1:25.002, theta2:16.276, e:3.709
t:66.55, r:-25.00, omega:-20.72, omega_m:-25.00, u:-287.86, theta1:25.002, theta2:16.271, e:4.277
t:66.56, r:-25.00, omega:-20.72, omega_m:-25.00, u:-287.96, theta1:25.002, theta2:16.266, e:4.277
t:66.57, r:-25.00, omega:-19.93, omega_m:-25.00, u:-301.05, theta1:25.002, theta2:16.260, e:5.074
t:66.58, r:-25.00, omega:-19.93, omega_m:-25.00, u:-301.17, theta1:25.002, theta2:16.254, e:5.074
t:66.59, r:-25.00, omega:-19.93, omega_m:-25.00, u:-301.28, theta1:25.002, theta2:16.248, e:5.074
t:66.60, r:-25.00, omega:-19.68, omega_m:-25.00, u:-305.46, theta1:25.002, theta2:16.242, e:5.323
t:66.61, r:-25.00, omega:-19.68, omega_m:-25.00, u:-305.58, theta1:25.002, theta2:16.236, e:5.323
t:66.62, r:-25.00, omega:-19.68, omega_m:-25.00, u:-305.70, theta1:25.002, theta2:16.230, e:5.323
t:66.63, r:-25.00, omega:-20.21, omega_m:-25.00, u:-297.16, theta1:25.002, theta2:16.224, e:4.790
t:66.64, r:-25.00, omega:-20.21, omega_m:-25.00, u:-297.27, theta1:25.002, theta2:16.219, e:4.790
t:66.65, r:-25.00, omega:-22.67, omega_m:-25.00, u:-257.48, theta1:25.002, theta2:16.216, e:2.332
t:66.66, r:-25.00, omega:-22.67, omega_m:-25.00, u:-257.55, theta1:25.002, theta2:16.213, e:2.332
t:66.67, r:-25.00, omega:-22.67, omega_m:-25.00, u:-257.62, theta1:25.002, theta2:16.210, e:2.332
t:66.68, r:-25.00, omega:-19.25, omega_m:-25.00, u:-313.17, theta1:25.002, theta2:16.203, e:5.752
t:66.69, r:-25.00, omega:-19.25, omega_m:-25.00, u:-313.30, theta1:25.002, theta2:16.197, e:5.752
t:66.70, r:-25.00, omega:-19.25, omega_m:-25.00, u:-313.33, theta1:25.002, theta2:16.190, e:5.747
t:66.71, r:-25.00, omega:-19.25, omega_m:-25.00, u:-313.46, theta1:25.002, theta2:16.184, e:5.747
t:66.72, r:-25.00, omega:-19.25, omega_m:-25.00, u:-313.58, theta1:25.002, theta2:16.177, e:5.747
t:66.73, r:-25.00, omega:-22.12, omega_m:-25.00, u:-267.35, theta1:25.002, theta2:16.174, e:2.884
t:66.74, r:-25.00, omega:-22.12, omega_m:-25.00, u:-267.43, theta1:25.002, theta2:16.170, e:2.884
t:66.75, r:-25.00, omega:-21.38, omega_m:-25.00, u:-279.41, theta1:25.002, theta2:16.166, e:3.619
t:66.76, r:-25.00, omega:-21.38, omega_m:-25.00, u:-279.51, theta1:25.002, theta2:16.161, e:3.619
t:66.77, r:-25.00, omega:-21.38, omega_m:-25.00, u:-279.60, theta1:25.002, theta2:16.157, e:3.619
t:66.78, r:-25.00, omega:-18.50, omega_m:-25.00, u:-326.33, theta1:25.002, theta2:16.150, e:6.503
t:66.79, r:-25.00, omega:-18.50, omega_m:-25.00, u:-326.46, theta1:25.002, theta2:16.142, e:6.503
t:66.80, r:-25.00, omega:-18.50, omega_m:-25.00, u:-326.59, theta1:25.002, theta2:16.135, e:6.503
t:66.81, r:-25.00, omega:-20.60, omega_m:-25.00, u:-292.72, theta1:25.002, theta2:16.130, e:4.397
t:66.82, r:-25.00, omega:-20.60, omega_m:-25.00, u:-292.83, theta1:25.002, theta2:16.125, e:4.397
t:66.83, r:-25.00, omega:-21.03, omega_m:-25.00, u:-286.11, theta1:25.002, theta2:16.120, e:3.974
t:66.84, r:-25.00, omega:-21.03, omega_m:-25.00, u:-286.22, theta1:25.002, theta2:16.115, e:3.974
t:66.85, r:-25.00, omega:-21.03, omega_m:-25.00, u:-286.32, theta1:25.002, theta2:16.110, e:3.974
t:66.86, r:-25.00, omega:-21.62, omega_m:-25.00, u:-276.80, theta1:25.002, theta2:16.106, e:3.378
t:66.87, r:-25.00, omega:-21.62, omega_m:-25.00, u:-276.89, theta1:25.002, theta2:16.102, e:3.378
t:66.88, r:-25.00, omega:-21.24, omega_m:-25.00, u:-283.14, theta1:25.002, theta2:16.097, e:3.760
t:66.89, r:-25.00, omega:-21.24, omega_m:-25.00, u:-283.24, theta1:25.002, theta2:16.093, e:3.760
t:66.90, r:-25.00, omega:-21.24, omega_m:-25.00, u:-283.34, theta1:25.002, theta2:16.088, e:3.760
t:66.91, r:-25.00, omega:-19.21, omega_m:-25.00, u:-316.07, theta1:25.002, theta2:16.082, e:5.787
t:66.92, r:-25.00, omega:-19.21, omega_m:-25.00, u:-316.19, theta1:25.002, theta2:16.075, e:5.787
t:66.93, r:-25.00, omega:-19.45, omega_m:-25.00, u:-312.45, theta1:25.002, theta2:16.069, e:5.546
t:66.94, r:-25.00, omega:-19.45, omega_m:-25.00, u:-312.57, theta1:25.002, theta2:16.063, e:5.546
t:66.95, r:-25.00, omega:-19.45, omega_m:-25.00, u:-312.69, theta1:25.002, theta2:16.056, e:5.546
t:66.96, r:-25.00, omega:-22.25, omega_m:-25.00, u:-267.82, theta1:25.002, theta2:16.053, e:2.747
t:66.97, r:-25.00, omega:-22.25, omega_m:-25.00, u:-267.89, theta1:25.002, theta2:16.049, e:2.747
t:66.98, r:-25.00, omega:-21.84, omega_m:-25.00, u:-274.60, theta1:25.002, theta2:16.045, e:3.159
t:66.99, r:-25.00, omega:-21.84, omega_m:-25.00, u:-274.68, theta1:25.002, theta2:16.042, e:3.159
t:67.00, r:-25.00, omega:-21.84, omega_m:-25.00, u:-274.77, theta1:25.002, theta2:16.038, e:3.159
t:67.01, r:0.00, omega:-18.19, omega_m:-9.20, u:0.00, theta1:25.000, theta2:16.044, e:-8.994
t:67.02, r:0.00, omega:-18.19, omega_m:-3.38, u:0.00, theta1:24.996, theta2:16.055, e:-14.807
t:67.03, r:0.00, omega:-18.19, omega_m:-1.24, u:0.00, theta1:24.992, theta2:16.068, e:-16.946
t:67.04, r:0.00, omega:-18.19, omega_m:-0.46, u:0.00, theta1:24.987, theta2:16.081, e:-17.733
t:67.05, r:0.00, omega:-18.19, omega_m:-0.17, u:0.00, theta1:24.983, theta2:16.095, e:-18.022
t:67.06, r:0.00, omega:-18.19, omega_m:-0.06, u:0.00, theta1:24.978, theta2:16.108, e:-18.129
t:67.07, r:0.00, omega:-18.19, omega_m:-0.02, u:0.00, theta1:24.974, theta2:16.122, e:-18.168
t:67.08, r:0.00, omega:-18.19, omega_m:-0.01, u:0.00, theta1:24.969, theta2:16.136, e:-18.182
t:67.09, r:0.00, omega:-18.19, omega_m:-0.00, u:0.00, theta1:24.965, theta2:16.149, e:-18.188
t:67.10, r:0.00, omega:-18.19, omega_m:-0.00, u:0.00, theta1:24.960, theta2:16.163, e:-18.189
t:67.11, r:0.00, omega:-18.19, omega_m:-0.00, u:0.00, theta1:24.956, theta2:16.176, e:-18.190
t:67.12, r:0.00, omega:-18.19, omega_m:-0.00, u:0.00, theta1:24.951, theta2:16.190, e:-18.190
t:67.13, r:0.00, omega:-18.19, omega_m:-0.00, u:0.00, theta1:24.947, theta2:16.204, e:-18.191
t:67.14, r:0.00, omega:-18.19, omega_m:-0.00, u:0.00, theta1:24.942, theta2:16.217, e:-18.191
t:67.15, r:0.00, omega:-18.19, omega_m:-0.00, u:0.00, theta1:24.937, theta2:16.231, e:-18.191
t:67.16, r:0.00, omega:-18.19, omega_m:-0.00, u:0.00, theta1:24.933, theta2:16.244, e:-18.191
t:67.17, r:0.00, omega:-18.19, omega_m:-0.00, u:0.00, theta1:24.928, theta2:16.258, e:-18.191
t:67.18, r:0.00, omega:-18.19, omega_m:-0.00, u:0.00, theta1:24.924, theta2:16.272, e:-18.191
t:67.19, r:0.00, omega:-18.19, omega_m:-0.00, u:0.00, theta1:24.919, theta2:16.285, e:-18.191
t:67.20, r:0.00, omega:-18.19, omega_m:-0.00, u:0.00, theta1:24.915, theta2:16.299, e:-18.191
t:67.21, r:0.00, omega:-18.19, omega_m:-0.00, u:0.00, theta1:24.910, theta2:16.312, e:-18.191
t:67.22, r:0.00, omega:-18.19, omega_m:-0.00, u:0.00, theta1:24.906, theta2:16.326, e:-18.191
t:67.23, r:0.00, omega:-18.19, omega_m:-0.00, u:0.00, theta1:24.901, theta2:16.340, e:-18.191
t:67.24, r:0.00, omega:-18.19, omega_m:-0.00, u:0.00, theta1:24.897, theta2:16.353, e:-18.191
t:67.25, r:0.00, omega:-18.19, omega_m:-0.00, u:0.00, theta1:24.892, theta2:16.367, e:-18.191
t:67.26, r:0.00, omega:-18.19, omega_m:-0.00, u:0.00, theta1:24.888, theta2:16.380, e:-18.191
t:67.27, r:0.00, omega:-18.19, omega_m:-0.00, u:0.00, theta1:24.883, theta2:16.394, e:-18.191
t:67.28, r:0.00, omega:-18.19, omega_m:-0.00, u:0.00, theta1:24.879, theta2:16.407, e:-18.191
t:67.29, r:0.00, omega:-18.19, omega_m:-0.00, u:0.00, theta1:24.874, theta2:16.421, e:-18.191
t:67.30, r:0.00, omega:-18.19, omega_m:-0.00, u:0.00, theta1:24.869, theta2:16.434, e:-18.191
t:67.31, r:0.00, omega:-18.19, omega_m:-0.00, u:0.00, theta1:24.865, theta2:16.448, e:-18.191
t:67.32, r:0.00, omega:-18.19, omega_m:-0.00, u:0.00, theta1:24.860, theta2:16.462, e:-18.191
t:67.33, r:0.00, omega:-18.19, omega_m:-0.00, u:0.00, theta1:24.856, theta2:16.475, e:-18.191
t:67.34, r:0.00, omega:-18.19, omega_m:-0.00, u:0.00, theta1:24.851, theta2:16.489, e:-18.191
t:67.35, r:0.00, omega:-18.19, omega_m:-0.00, u:0.00, theta1:24.847, theta2:16.502, e:-18.191
