t:0.04, r:10.00, omega:0.00, omega_m:6.32, u:175.32, theta1:17.532, theta2:0.000, e:-6.321
t:0.05, r:10.00, omega:0.00, omega_m:8.65, u:175.35, theta1:17.535, theta2:0.000, e:-8.647
t:0.06, r:10.00, omega:0.00, omega_m:9.50, u:175.38, theta1:17.538, theta2:0.000, e:-9.502
t:0.07, r:10.00, omega:0.00, omega_m:9.82, u:175.41, theta1:17.541, theta2:0.000, e:-9.817
t:0.08, r:10.00, omega:0.00, omega_m:9.93, u:175.44, theta1:17.544, theta2:0.000, e:-9.933
t:0.09, r:10.00, omega:0.00, omega_m:9.98, u:175.48, theta1:17.548, theta2:0.000, e:-9.975
t:0.10, r:10.00, omega:0.00, omega_m:9.99, u:175.51, theta1:17.551, theta2:0.000, e:-9.991
t:0.11, r:10.00, omega:7.55, omega_m:10.00, u:175.52, theta1:17.552, theta2:-0.001, e:-2.449
t:0.12, r:10.00, omega:7.55, omega_m:10.00, u:175.54, theta1:17.552, theta2:-0.002, e:-2.451
t:0.13, r:10.00, omega:7.55, omega_m:10.00, u:175.55, theta1:17.553, theta2:-0.003, e:-2.452
t:0.14, r:10.00, omega:7.55, omega_m:10.00, u:175.57, theta1:17.554, theta2:-0.004, e:-2.452
t:0.15, r:10.00, omega:7.55, omega_m:10.00, u:175.58, theta1:17.555, theta2:-0.005, e:-2.452
t:0.16, r:10.00, omega:11.03, omega_m:10.00, u:175.59, theta1:17.554, theta2:-0.004, e:1.031
t:0.17, r:10.00, omega:11.03, omega_m:10.00, u:175.57, theta1:17.553, theta2:-0.003, e:1.031
t:0.18, r:10.00, omega:11.03, omega_m:10.00, u:175.56, theta1:17.553, theta2:-0.003, e:1.031
t:0.19, r:10.00, omega:11.03, omega_m:10.00, u:175.55, theta1:17.552, theta2:-0.002, e:1.031
t:0.20, r:10.00, omega:11.03, omega_m:10.00, u:175.53, theta1:17.551, theta2:-0.002, e:1.031
t:0.21, r:10.00, omega:10.62, omega_m:10.00, u:175.52, theta1:17.551, theta2:-0.001, e:0.617
t:0.22, r:10.00, omega:10.62, omega_m:10.00, u:175.52, theta1:17.550, theta2:-0.001, e:0.617
t:0.23, r:10.00, omega:10.62, omega_m:10.00, u:175.51, theta1:17.550, theta2:-0.001, e:0.617
t:0.24, r:10.00, omega:10.62, omega_m:10.00, u:175.50, theta1:17.550, theta2:-0.000, e:0.617
t:0.25, r:10.00, omega:12.32, omega_m:10.00, u:175.47, theta1:17.548, theta2:0.001, e:2.316
t:0.26, r:10.00, omega:12.32, omega_m:10.00, u:175.44, theta1:17.547, theta2:0.002, e:2.316
t:0.27, r:10.00, omega:12.32, omega_m:10.00, u:175.40, theta1:17.545, theta2:0.004, e:2.316
t:0.28, r:10.00, omega:12.32, omega_m:10.00, u:175.37, theta1:17.543, theta2:0.005, e:2.316
t:0.29, r:10.00, omega:12.32, omega_m:10.00, u:175.34, theta1:17.542, theta2:0.007, e:2.316
t:0.30, r:10.00, omega:10.70, omega_m:10.00, u:175.34, theta1:17.541, theta2:0.007, e:0.701
t:0.31, r:10.00, omega:10.70, omega_m:10.00, u:175.33, theta1:17.541, theta2:0.007, e:0.701
t:0.32, r:10.00, omega:10.70, omega_m:10.00, u:175.32, theta1:17.540, theta2:0.008, e:0.701
t:0.33, r:10.00, omega:10.70, omega_m:10.00, u:175.31, theta1:17.540, theta2:0.008, e:0.701
t:0.34, r:10.00, omega:10.70, omega_m:10.00, u:175.30, theta1:17.539, theta2:0.009, e:0.701
t:0.35, r:10.00, omega:11.12, omega_m:10.00, u:175.29, theta1:17.539, theta2:0.009, e:1.117
t:0.36, r:10.00, omega:11.12, omega_m:10.00, u:175.27, theta1:17.538, theta2:0.010, e:1.117
t:0.37, r:10.00, omega:11.12, omega_m:10.00, u:175.26, theta1:17.537, theta2:0.010, e:1.117
t:0.38, r:10.00, omega:11.12, omega_m:10.00, u:175.24, theta1:17.536, theta2:0.011, e:1.117
t:0.39, r:10.00, omega:11.88, omega_m:10.00, u:175.21, theta1:17.535, theta2:0.012, e:1.881
t:0.40, r:10.00, omega:11.88, omega_m:10.00, u:175.18, theta1:17.534, theta2:0.013, e:1.881
t:0.41, r:10.00, omega:11.88, omega_m:10.00, u:175.16, theta1:17.533, theta2:0.014, e:1.881
t:0.42, r:10.00, omega:11.88, omega_m:10.00, u:175.13, theta1:17.531, theta2:0.015, e:1.881
t:0.43, r:10.00, omega:11.88, omega_m:10.00, u:175.10, theta1:17.530, theta2:0.017, e:1.881
t:0.44, r:10.00, omega:10.90, omega_m:10.00, u:175.11, theta1:17.529, theta2:0.017, e:0.904
t:0.45, r:10.00, omega:10.90, omega_m:10.00, u:175.10, theta1:17.529, theta2:0.018, e:0.904
t:0.46, r:10.00, omega:10.90, omega_m:10.00, u:175.09, theta1:17.528, theta2:0.018, e:0.904
t:0.47, r:10.00, omega:10.90, omega_m:10.00, u:175.07, theta1:17.528, theta2:0.019, e:0.904
t:0.48, r:10.00, omega:10.90, omega_m:10.00, u:175.06, theta1:17.527, theta2:0.019, e:0.904
t:0.49, r:10.00, omega:10.68, omega_m:10.00, u:175.06, theta1:17.527, theta2:0.019, e:0.675
t:0.50, r:10.00, omega:10.68, omega_m:10.00, u:175.05, theta1:17.526, theta2:0.020, e:0.675
t:0.51, r:10.00, omega:10.68, omega_m:10.00, u:175.04, theta1:17.526, theta2:0.020, e:0.675
t:0.52, r:10.00, omega:10.68, omega_m:10.00, u:175.03, theta1:17.525, theta2:0.021, e:0.675
t:0.53, r:10.00, omega:10.68, omega_m:10.00, u:175.02, theta1:17.525, theta2:0.021, e:0.675
t:0.54, r:10.00, omega:11.40, omega_m:10.00, u:174.99, theta1:17.524, theta2:0.022, e:1.401
t:0.55, r:10.00, omega:11.40, omega_m:10.00, u:174.97, theta1:17.523, theta2:0.022, e:1.401
t:0.56, r:10.00, omega:11.40, omega_m:10.00, u:174.95, theta1:17.522, theta2:0.023, e:1.401
t:0.57, r:10.00, omega:11.40, omega_m:10.00, u:174.94, theta1:17.521, theta2:0.024, e:1.401
t:0.58, r:10.00, omega:11.22, omega_m:10.00, u:174.92, theta1:17.520, theta2:0.025, e:1.218
t:0.59, r:10.00, omega:11.22, omega_m:10.00, u:174.91, theta1:17.519, theta2:0.025, e:1.218
t:0.60, r:10.00, omega:11.22, omega_m:10.00, u:174.89, theta1:17.519, theta2:0.026, e:1.218
t:0.61, r:10.00, omega:11.22, omega_m:10.00, u:174.88, theta1:17.518, theta2:0.027, e:1.218
t:0.62, r:10.00, omega:11.22, omega_m:10.00, u:174.86, theta1:17.517, theta2:0.027, e:1.218
t:0.63, r:10.00, omega:10.95, omega_m:10.00, u:174.86, theta1:17.516, theta2:0.028, e:0.948
t:0.64, r:10.00, omega:10.95, omega_m:10.00, u:174.84, theta1:17.516, theta2:0.029, e:0.948
t:0.65, r:10.00, omega:10.95, omega_m:10.00, u:174.83, theta1:17.515, theta2:0.029, e:0.948
t:0.66, r:10.00, omega:10.95, omega_m:10.00, u:174.82, theta1:17.514, theta2:0.030, e:0.948
t:0.67, r:10.00, omega:10.95, omega_m:10.00, u:174.81, theta1:17.514, theta2:0.030, e:0.948
t:0.68, r:10.00, omega:10.91, omega_m:10.00, u:174.80, theta1:17.513, theta2:0.031, e:0.912
t:0.69, r:10.00, omega:10.91, omega_m:10.00, u:174.79, theta1:17.512, theta2:0.031, e:0.912
t:0.70, r:10.00, omega:10.91, omega_m:10.00, u:174.77, theta1:17.512, theta2:0.032, e:0.912
t:0.71, r:10.00, omega:10.91, omega_m:10.00, u:174.76, theta1:17.511, theta2:0.032, e:0.912
t:0.72, r:10.00, omega:11.65, omega_m:10.00, u:174.72, theta1:17.510, theta2:0.033, e:1.646
t:0.73, r:10.00, omega:11.65, omega_m:10.00, u:174.69, theta1:17.509, theta2:0.034, e:1.646
t:0.74, r:10.00, omega:11.65, omega_m:10.00, u:174.67, theta1:17.508, theta2:0.035, e:1.646
t:0.75, r:10.00, omega:11.65, omega_m:10.00, u:174.65, theta1:17.507, theta2:0.036, e:1.646
t:0.76, r:10.00, omega:11.65, omega_m:10.00, u:174.63, theta1:17.506, theta2:0.037, e:1.646
t:0.77, r:10.00, omega:10.95, omega_m:10.00, u:174.64, theta1:17.505, theta2:0.037, e:0.949
t:0.78, r:10.00, omega:10.95, omega_m:10.00, u:174.63, theta1:17.504, theta2:0.038, e:0.949
t:0.79, r:10.00, omega:10.95, omega_m:10.00, u:174.62, theta1:17.504, theta2:0.038, e:0.949
t:0.80, r:10.00, omega:10.95, omega_m:10.00, u:174.60, theta1:17.503, theta2:0.039, e:0.949
t:0.81, r:10.00, omega:10.95, omega_m:10.00, u:174.59, theta1:17.502, theta2:0.039, e:0.949
t:0.82, r:10.00, omega:10.56, omega_m:10.00, u:174.60, theta1:17.502, theta2:0.040, e:0.564
t:0.83, r:10.00, omega:10.56, omega_m:10.00, u:174.59, theta1:17.502, theta2:0.040, e:0.564
t:0.84, r:10.00, omega:10.56, omega_m:10.00, u:174.59, theta1:17.501, theta2:0.040, e:0.564
t:0.85, r:10.00, omega:10.56, omega_m:10.00, u:174.58, theta1:17.501, theta2:0.041, e:0.564
t:0.86, r:10.00, omega:10.56, omega_m:10.00, u:174.57, theta1:17.501, theta2:0.041, e:0.564
t:0.87, r:10.00, omega:11.20, omega_m:10.00, u:174.53, theta1:17.500, theta2:0.042, e:1.202
t:0.88, r:10.00, omega:11.20, omega_m:10.00, u:174.52, theta1:17.499, theta2:0.042, e:1.202
t:0.89, r:10.00, omega:11.20, omega_m:10.00, u:174.50, theta1:17.498, theta2:0.043, e:1.202
t:0.90, r:10.00, omega:11.20, omega_m:10.00, u:174.48, theta1:17.497, theta2:0.044, e:1.202
t:0.91, r:10.00, omega:11.20, omega_m:10.00, u:174.47, theta1:17.496, theta2:0.044, e:1.202
t:0.92, r:10.00, omega:11.17, omega_m:10.00, u:174.46, theta1:17.496, theta2:0.045, e:1.167
t:0.93, r:10.00, omega:11.17, omega_m:10.00, u:174.44, theta1:17.495, theta2:0.046, e:1.167
t:0.94, r:10.00, omega:11.17, omega_m:10.00, u:174.42, theta1:17.494, theta2:0.046, e:1.167
t:0.95, r:10.00, omega:11.17, omega_m:10.00, u:174.41, theta1:17.493, theta2:0.047, e:1.167
t:0.96, r:10.00, omega:11.15, omega_m:10.00, u:174.40, theta1:17.493, theta2:0.048, e:1.147
t:0.97, r:10.00, omega:11.15, omega_m:10.00, u:174.38, theta1:17.492, theta2:0.048, e:1.147
t:0.98, r:10.00, omega:11.15, omega_m:10.00, u:174.37, theta1:17.491, theta2:0.049, e:1.147
t:0.99, r:10.00, omega:11.15, omega_m:10.00, u:174.35, theta1:17.490, theta2:0.049, e:1.147
t:1.00, r:10.00, omega:11.15, omega_m:10.00, u:174.34, theta1:17.489, theta2:0.050, e:1.147
t:1.01, r:0.00, omega:11.58, omega_m:3.68, u:0.00, theta1:17.488, theta2:0.055, e:7.901
t:1.02, r:0.00, omega:11.58, omega_m:1.35, u:0.00, theta1:17.486, theta2:0.061, e:10.227
t:1.03, r:0.00, omega:11.58, omega_m:0.50, u:0.00, theta1:17.484, theta2:0.067, e:11.082
t:1.04, r:0.00, omega:11.58, omega_m:0.18, u:0.00, theta1:17.482, theta2:0.074, e:11.397
t:1.05, r:0.00, omega:11.58, omega_m:0.07, u:0.00, theta1:17.480, theta2:0.080, e:11.513
t:1.06, r:0.00, omega:11.58, omega_m:0.02, u:0.00, theta1:17.478, theta2:0.087, e:11.555
t:1.07, r:0.00, omega:11.58, omega_m:0.01, u:0.00, theta1:17.476, theta2:0.094, e:11.571
t:1.08, r:0.00, omega:11.58, omega_m:0.00, u:0.00, theta1:17.474, theta2:0.100, e:11.577
t:1.09, r:0.00, omega:11.58, omega_m:0.00, u:0.00, theta1:17.472, theta2:0.107, e:11.579
t:1.10, r:0.00, omega:11.58, omega_m:0.00, u:0.00, theta1:17.470, theta2:0.114, e:11.579
t:1.11, r:0.00, omega:11.58, omega_m:0.00, u:0.00, theta1:17.468, theta2:0.120, e:11.580
t:1.12, r:0.00, omega:11.58, omega_m:0.00, u:0.00, theta1:17.466, theta2:0.127, e:11.580
t:1.13, r:0.00, omega:11.58, omega_m:0.00, u:0.00, theta1:17.464, theta2:0.134, e:11.580
t:1.14, r:0.00, omega:11.58, omega_m:0.00, u:0.00, theta1:17.462, theta2:0.140, e:11.580
t:1.15, r:0.00, omega:11.58, omega_m:0.00, u:0.00, theta1:17.460, theta2:0.147, e:11.580
t:1.16, r:0.00, omega:11.58, omega_m:0.00, u:0.00, theta1:17.458, theta2:0.154, e:11.580
t:1.17, r:0.00, omega:11.58, omega_m:0.00, u:0.00, theta1:17.456, theta2:0.161, e:11.580
t:1.18, r:0.00, omega:11.58, omega_m:0.00, u:0.00, theta1:17.454, theta2:0.167, e:11.580
t:1.19, r:0.00, omega:11.58, omega_m:0.00, u:0.00, theta1:17.452, theta2:0.174, e:11.580
t:1.20, r:0.00, omega:11.58, omega_m:0.00, u:0.00, theta1:17.450, theta2:0.181, e:11.580
t:1.21, r:0.00, omega:11.58, omega_m:0.00, u:0.00, theta1:17.448, theta2:0.187, e:11.580
t:1.22, r:0.00, omega:11.58, omega_m:0.00, u:0.00, theta1:17.446, theta2:0.194, e:11.580
t:1.23, r:0.00, omega:11.58, omega_m:0.00, u:0.00, theta1:17.444, theta2:0.201, e:11.580
t:1.24, r:0.00, omega:11.58, omega_m:0.00, u:0.00, theta1:17.442, theta2:0.207, e:11.580
t:1.25, r:0.00, omega:11.58, omega_m:0.00, u:0.00, theta1:17.440, theta2:0.214, e:11.580
t:1.26, r:0.00, omega:11.58, omega_m:0.00, u:0.00, theta1:17.438, theta2:0.221, e:11.580
t:1.27, r:0.00, omega:11.58, omega_m:0.00, u:0.00, theta1:17.436, theta2:0.227, e:11.580
t:1.28, r:0.00, omega:11.58, omega_m:0.00, u:0.00, theta1:17.434, theta2:0.234, e:11.580
t:1.29, r:0.00, omega:11.58, omega_m:0.00, u:0.00, theta1:17.432, theta2:0.241, e:11.580
t:1.30, r:0.00, omega:11.58, omega_m:0.00, u:0.00, theta1:17.430, theta2:0.247, e:11.580
t:1.31, r:0.00, omega:11.58, omega_m:0.00, u:0.00, theta1:17.428, theta2:0.254, e:11.580
t:1.32, r:0.00, omega:11.58, omega_m:0.00, u:0.00, theta1:17.426, theta2:0.261, e:11.580
t:1.33, r:0.00, omega:11.58, omega_m:0.00, u:0.00, theta1:17.424, theta2:0.267, e:11.580
t:1.34, r:0.00, omega:11.58, omega_m:0.00, u:0.00, theta1:17.422, theta2:0.274, e:11.580
t:1.35, r:0.00, omega:11.58, omega_m:0.00, u:0.00, theta1:17.420, theta2:0.281, e:11.580
t:1.36, r:0.00, omega:11.58, omega_m:0.00, u:0.00, theta1:17.418, theta2:0.287, e:11.580
t:1.37, r:0.00, omega:11.58, omega_m:0.00, u:0.00, theta1:17.416, theta2:0.294, e:11.580
t:1.38, r:0.00, omega:11.58, omega_m:0.00, u:0.00, theta1:17.414, theta2:0.301, e:11.580
t:1.39, r:0.00, omega:11.58, omega_m:0.00, u:0.00, theta1:17.412, theta2:0.307, e:11.580
t:1.40, r:0.00, omega:11.58, omega_m:0.00, u:0.00, theta1:17.410, theta2:0.314, e:11.580
t:1.41, r:0.00, omega:11.58, omega_m:0.00, u:0.00, theta1:17.408, theta2:0.321, e:11.580
t:1.42, r:0.00, omega:11.58, omega_m:0.00, u:0.00, theta1:17.406, theta2:0.327, e:11.580
t:1.43, r:0.00, omega:11.58, omega_m:0.00, u:0.00, theta1:17.404, theta2:0.334, e:11.580
t:1.44, r:0.00, omega:11.58, omega_m:0.00, u:0.00, theta1:17.402, theta2:0.341, e:11.580
t:1.45, r:0.00, omega:11.58, omega_m:0.00, u:0.00, theta1:17.400, theta2:0.347, e:11.580
t:1.46, r:0.00, omega:11.58, omega_m:0.00, u:0.00, theta1:17.398, theta2:0.354, e:11.580
t:1.47, r:0.00, omega:11.58, omega_m:0.00, u:0.00, theta1:17.396, theta2:0.361, e:11.580
t:1.48, r:0.00, omega:11.58, omega_m:0.00, u:0.00, theta1:17.394, theta2:0.367, e:11.580
t:1.49, r:0.00, omega:11.58, omega_m:0.00, u:0.00, theta1:17.392, theta2:0.374, e:11.580
t:1.50, r:0.00, omega:11.58, omega_m:0.00, u:0.00, theta1:17.390, theta2:0.381, e:11.580
t:1.51, r:0.00, omega:0.00, omega_m:0.00, u:0.00, theta1:17.390, theta2:0.381, e:-0.000
t:1.52, r:0.00, omega:0.00, omega_m:0.00, u:0.00, theta1:17.390, theta2:0.381, e:-0.000
t:1.53, r:0.00, omega:0.00, omega_m:0.00, u:0.00, theta1:17.390, theta2:0.381, e:-0.000
t:1.54, r:0.00, omega:0.00, omega_m:0.00, u:0.00, theta1:17.390, theta2:0.381, e:-0.000
t:1.55, r:0.00, omega:0.00, omega_m:0.00, u:0.00, theta1:17.390, theta2:0.381, e:-0.000
t:1.56, r:0.00, omega:0.00, omega_m:0.00, u:0.00, theta1:17.390, theta2:0.381, e:-0.000
t:1.57, r:0.00, omega:0.00, omega_m:0.00, u:0.00, theta1:17.390, theta2:0.381, e:-0.000
t:1.58, r:0.00, omega:0.00, omega_m:0.00, u:0.00, theta1:17.390, theta2:0.381, e:-0.000
t:1.59, r:0.00, omega:0.00, omega_m:0.00, u:0.00, theta1:17.390, theta2:0.381, e:-0.000
t:1.60, r:0.00, omega:0.00, omega_m:0.00, u:0.00, theta1:17.390, theta2:0.381, e:-0.000
t:1.61, r:0.00, omega:0.00, omega_m:0.00, u:0.00, theta1:17.390, theta2:0.381, e:-0.000
t:1.62, r:0.00, omega:0.00, omega_m:0.00, u:0.00, theta1:17.390, theta2:0.381, e:-0.000
t:1.63, r:0.00, omega:0.00, omega_m:0.00, u:0.00, theta1:17.390, theta2:0.381, e:-0.000
t:1.64, r:0.00, omega:0.00, omega_m:0.00, u:0.00, theta1:17.390, theta2:0.381, e:-0.000
t:1.65, r:0.00, omega:0.00, omega_m:0.00, u:0.00, theta1:17.390, theta2:0.381, e:-0.000
t:1.66, r:0.00, omega:0.00, omega_m:0.00, u:0.00, theta1:17.390, theta2:0.381, e:-0.000
t:1.67, r:0.00, omega:0.00, omega_m:0.00, u:0.00, theta1:17.390, theta2:0.381, e:-0.000
t:1.68, r:0.00, omega:0.00, omega_m:0.00, u:0.00, theta1:17.390, theta2:0.381, e:-0.000
t:1.69, r:0.00, omega:0.00, omega_m:0.00, u:0.00, theta1:17.390, theta2:0.381, e:-0.000
t:1.70, r:0.00, omega:0.00, omega_m:0.00, u:0.00, theta1:17.390, theta2:0.381, e:-0.000
t:1.71, r:0.00, omega:0.00, omega_m:0.00, u:0.00, theta1:17.390, theta2:0.381, e:-0.000
t:1.72, r:0.00, omega:0.00, omega_m:0.00, u:0.00, theta1:17.390, theta2:0.381, e:-0.000
t:1.73, r:0.00, omega:0.00, omega_m:0.00, u:0.00, theta1:17.390, theta2:0.381, e:-0.000
t:1.74, r:0.00, omega:0.00, omega_m:0.00, u:0.00, theta1:17.390, theta2:0.381, e:-0.000
t:1.75, r:0.00, omega:0.00, omega_m:0.00, u:0.00, theta1:17.390, theta2:0.381, e:-0.000
t:1.76, r:0.00, omega:0.00, omega_m:0.00, u:0.00, theta1:17.390, theta2:0.381, e:-0.000
t:1.77, r:0.00, omega:0.00, omega_m:0.00, u:0.00, theta1:17.390, theta2:0.381, e:-0.000
t:1.78, r:0.00, omega:0.00, omega_m:0.00, u:0.00, theta1:17.390, theta2:0.381, e:-0.000
t:1.79, r:0.00, omega:0.00, omega_m:0.00, u:0.00, theta1:17.390, theta2:0.381, e:-0.000
t:1.80, r:0.00, omega:0.00, omega_m:0.00, u:0.00, theta1:17.390, theta2:0.381, e:-0.000
t:1.81, r:0.00, omega:0.00, omega_m:0.00, u:0.00, theta1:17.390, theta2:0.381, e:-0.000
t:1.82, r:0.00, omega:0.00, omega_m:0.00, u:0.00, theta1:17.390, theta2:0.381, e:-0.000
t:1.83, r:0.00, omega:0.00, omega_m:0.00, u:0.00, theta1:17.390, theta2:0.381, e:-0.000
t:1.84, r:0.00, omega:0.00, omega_m:0.00, u:0.00, theta1:17.390, theta2:0.381, e:-0.000
t:1.85, r:0.00, omega:0.00, omega_m:0.00, u:0.00, theta1:17.390, theta2:0.381, e:-0.000
t:1.86, r:0.00, omega:0.00, omega_m:0.00, u:0.00, theta1:17.390, theta2:0.381, e:-0.000
t:1.87, r:0.00, omega:0.00, omega_m:0.00, u:0.00, theta1:17.390, theta2:0.381, e:-0.000
t:1.88, r:0.00, omega:0.00, omega_m:0.00, u:0.00, theta1:17.390, theta2:0.381, e:-0.000
t:1.89, r:0.00, omega:0.00, omega_m:0.00, u:0.00, theta1:17.390, theta2:0.381, e:-0.000
t:1.90, r:0.00, omega:0.00, omega_m:0.00, u:0.00, theta1:17.390, theta2:0.381, e:-0.000
t:1.91, r:0.00, omega:0.00, omega_m:0.00, u:0.00, theta1:17.390, theta2:0.381, e:-0.000
t:1.92, r:0.00, omega:0.00, omega_m:0.00, u:0.00, theta1:17.390, theta2:0.381, e:-0.000
t:1.93, r:0.00, omega:0.00, omega_m:0.00, u:0.00, theta1:17.390, theta2:0.381, e:-0.000
t:1.94, r:0.00, omega:0.00, omega_m:0.00, u:0.00, theta1:17.390, theta2:0.381, e:-0.000
t:1.95, r:0.00, omega:0.00, omega_m:0.00, u:0.00, theta1:17.390, theta2:0.381, e:-0.000
t:1.96, r:0.00, omega:0.00, omega_m:0.00, u:0.00, theta1:17.390, theta2:0.381, e:-0.000
t:1.97, r:0.00, omega:0.00, omega_m:0.00, u:0.00, theta1:17.390, theta2:0.381, e:-0.000
t:1.98, r:0.00, omega:0.00, omega_m:0.00, u:0.00, theta1:17.390, theta2:0.381, e:-0.000
t:1.99, r:0.00, omega:0.00, omega_m:0.00, u:0.00, theta1:17.390, theta2:0.381, e:-0.000
t:2.00, r:0.00, omega:0.00, omega_m:0.00, u:0.00, theta1:17.390, theta2:0.381, e:-0.000
t:2.01, r:-10.00, omega:0.00, omega_m:-6.32, u:-173.92, theta1:17.392, theta2:0.381, e:6.321
t:2.02, r:-10.00, omega:0.00, omega_m:-8.65, u:-173.94, theta1:17.394, theta2:0.381, e:8.647
t:2.03, r:-10.00, omega:-0.51, omega_m:-9.50, u:-173.78, theta1:17.397, theta2:0.380, e:8.989
t:2.04, r:-10.00, omega:-0.51, omega_m:-9.82, u:-173.81, theta1:17.400, theta2:0.380, e:9.304
t:2.05, r:-10.00, omega:-0.51, omega_m:-9.93, u:-173.84, theta1:17.403, theta2:0.380, e:9.420
t:2.06, r:-10.00, omega:-0.51, omega_m:-9.98, u:-173.87, theta1:17.407, theta2:0.380, e:9.462
t:2.07, r:-10.00, omega:-0.51, omega_m:-9.99, u:-173.90, theta1:17.410, theta2:0.379, e:9.478
t:2.08, r:-10.00, omega:-0.51, omega_m:-10.00, u:-173.93, theta1:17.413, theta2:0.379, e:9.484
t:2.09, r:-10.00, omega:-8.75, omega_m:-10.00, u:-170.82, theta1:17.413, theta2:0.378, e:1.245
t:2.10, r:-10.00, omega:-8.75, omega_m:-10.00, u:-170.83, theta1:17.413, theta2:0.378, e:1.246
t:2.11, r:-10.00, omega:-8.75, omega_m:-10.00, u:-170.84, theta1:17.414, theta2:0.377, e:1.246
t:2.12, r:-10.00, omega:-8.75, omega_m:-10.00, u:-170.84, theta1:17.414, theta2:0.377, e:1.246
t:2.13, r:-10.00, omega:-11.47, omega_m:-10.00, u:-169.80, theta1:17.413, theta2:0.378, e:-1.469
t:2.14, r:-10.00, omega:-11.47, omega_m:-10.00, u:-169.78, theta1:17.412, theta2:0.379, e:-1.469
t:2.15, r:-10.00, omega:-11.47, omega_m:-10.00, u:-169.76, theta1:17.411, theta2:0.379, e:-1.469
t:2.16, r:-10.00, omega:-11.47, omega_m:-10.00, u:-169.74, theta1:17.410, theta2:0.380, e:-1.469
t:2.17, r:-10.00, omega:-11.47, omega_m:-10.00, u:-169.72, theta1:17.409, theta2:0.381, e:-1.469
t:2.18, r:-10.00, omega:-11.22, omega_m:-10.00, u:-169.80, theta1:17.409, theta2:0.382, e:-1.222
t:2.19, r:-10.00, omega:-11.22, omega_m:-10.00, u:-169.79, theta1:17.408, theta2:0.382, e:-1.222
t:2.20, r:-10.00, omega:-11.22, omega_m:-10.00, u:-169.77, theta1:17.407, theta2:0.383, e:-1.222
t:2.21, r:-10.00, omega:-11.22, omega_m:-10.00, u:-169.75, theta1:17.406, theta2:0.384, e:-1.222
t:2.22, r:-10.00, omega:-11.22, omega_m:-10.00, u:-169.74, theta1:17.405, theta2:0.384, e:-1.222
t:2.23, r:-10.00, omega:-10.86, omega_m:-10.00, u:-169.87, theta1:17.405, theta2:0.385, e:-0.858
t:2.24, r:-10.00, omega:-10.86, omega_m:-10.00, u:-169.86, theta1:17.404, theta2:0.385, e:-0.858
t:2.25, r:-10.00, omega:-10.86, omega_m:-10.00, u:-169.85, theta1:17.404, theta2:0.386, e:-0.858
t:2.26, r:-10.00, omega:-10.86, omega_m:-10.00, u:-169.83, theta1:17.403, theta2:0.386, e:-0.858
t:2.27, r:-10.00, omega:-10.86, omega_m:-10.00, u:-169.82, theta1:17.402, theta2:0.387, e:-0.858
t:2.28, r:-10.00, omega:-11.45, omega_m:-10.00, u:-169.58, theta1:17.401, theta2:0.388, e:-1.451
t:2.29, r:-10.00, omega:-11.45, omega_m:-10.00, u:-169.56, theta1:17.400, theta2:0.388, e:-1.451
t:2.30, r:-10.00, omega:-11.45, omega_m:-10.00, u:-169.54, theta1:17.399, theta2:0.389, e:-1.451
t:2.31, r:-10.00, omega:-11.45, omega_m:-10.00, u:-169.52, theta1:17.398, theta2:0.390, e:-1.451
t:2.32, r:-10.00, omega:-11.27, omega_m:-10.00, u:-169.57, theta1:17.398, theta2:0.391, e:-1.268
t:2.33, r:-10.00, omega:-11.27, omega_m:-10.00, u:-169.56, theta1:17.397, theta2:0.391, e:-1.268
t:2.34, r:-10.00, omega:-11.27, omega_m:-10.00, u:-169.54, theta1:17.396, theta2:0.392, e:-1.268
t:2.35, r:-10.00, omega:-11.27, omega_m:-10.00, u:-169.52, theta1:17.395, theta2:0.393, e:-1.268
t:2.36, r:-10.00, omega:-11.27, omega_m:-10.00, u:-169.51, theta1:17.394, theta2:0.394, e:-1.268
t:2.37, r:-10.00, omega:-10.63, omega_m:-10.00, u:-169.75, theta1:17.394, theta2:0.394, e:-0.631
t:2.38, r:-10.00, omega:-10.63, omega_m:-10.00, u:-169.74, theta1:17.393, theta2:0.394, e:-0.631
t:2.39, r:-10.00, omega:-10.63, omega_m:-10.00, u:-169.73, theta1:17.393, theta2:0.395, e:-0.631
t:2.40, r:-10.00, omega:-10.63, omega_m:-10.00, u:-169.73, theta1:17.392, theta2:0.395, e:-0.631
t:2.41, r:-10.00, omega:-10.63, omega_m:-10.00, u:-169.72, theta1:17.392, theta2:0.395, e:-0.631
t:2.42, r:-10.00, omega:-11.58, omega_m:-10.00, u:-169.32, theta1:17.391, theta2:0.396, e:-1.580
t:2.43, r:-10.00, omega:-11.58, omega_m:-10.00, u:-169.30, theta1:17.390, theta2:0.397, e:-1.580
t:2.44, r:-10.00, omega:-11.58, omega_m:-10.00, u:-169.28, theta1:17.389, theta2:0.398, e:-1.580
t:2.45, r:-10.00, omega:-11.58, omega_m:-10.00, u:-169.26, theta1:17.388, theta2:0.399, e:-1.580
t:2.46, r:-10.00, omega:-11.14, omega_m:-10.00, u:-169.42, theta1:17.387, theta2:0.400, e:-1.143
t:2.47, r:-10.00, omega:-11.14, omega_m:-10.00, u:-169.40, theta1:17.386, theta2:0.400, e:-1.143
t:2.48, r:-10.00, omega:-11.14, omega_m:-10.00, u:-169.39, theta1:17.385, theta2:0.401, e:-1.143
t:2.49, r:-10.00, omega:-11.14, omega_m:-10.00, u:-169.37, theta1:17.385, theta2:0.401, e:-1.143
t:2.50, r:-10.00, omega:-11.14, omega_m:-10.00, u:-169.36, theta1:17.384, theta2:0.402, e:-1.143
t:2.51, r:-10.00, omega:-10.38, omega_m:-10.00, u:-169.66, theta1:17.384, theta2:0.402, e:-0.375
t:2.52, r:-10.00, omega:-10.38, omega_m:-10.00, u:-169.66, theta1:17.383, theta2:0.402, e:-0.375
t:2.53, r:-10.00, omega:-10.38, omega_m:-10.00, u:-169.65, theta1:17.383, theta2:0.403, e:-0.375
t:2.54, r:-10.00, omega:-10.38, omega_m:-10.00, u:-169.65, theta1:17.383, theta2:0.403, e:-0.375
t:2.55, r:-10.00, omega:-10.38, omega_m:-10.00, u:-169.65, theta1:17.383, theta2:0.403, e:-0.375
t:2.56, r:-10.00, omega:-11.17, omega_m:-10.00, u:-169.31, theta1:17.382, theta2:0.404, e:-1.167
t:2.57, r:-10.00, omega:-11.17, omega_m:-10.00, u:-169.30, theta1:17.381, theta2:0.404, e:-1.167
t:2.58, r:-10.00, omega:-11.17, omega_m:-10.00, u:-169.28, theta1:17.380, theta2:0.405, e:-1.167
t:2.59, r:-10.00, omega:-11.17, omega_m:-10.00, u:-169.27, theta1:17.380, theta2:0.406, e:-1.167
t:2.60, r:-10.00, omega:-11.17, omega_m:-10.00, u:-169.25, theta1:17.379, theta2:0.406, e:-1.167
t:2.61, r:-10.00, omega:-11.40, omega_m:-10.00, u:-169.14, theta1:17.378, theta2:0.407, e:-1.403
t:2.62, r:-10.00, omega:-11.40, omega_m:-10.00, u:-169.12, theta1:17.377, theta2:0.408, e:-1.403
t:2.63, r:-10.00, omega:-11.40, omega_m:-10.00, u:-169.10, theta1:17.376, theta2:0.409, e:-1.403
t:2.64, r:-10.00, omega:-11.40, omega_m:-10.00, u:-169.08, theta1:17.375, theta2:0.409, e:-1.403
t:2.65, r:-10.00, omega:-11.40, omega_m:-10.00, u:-169.06, theta1:17.374, theta2:0.410, e:-1.403
t:2.66, r:-10.00, omega:-10.78, omega_m:-10.00, u:-169.31, theta1:17.373, theta2:0.411, e:-0.779
t:2.67, r:-10.00, omega:-10.78, omega_m:-10.00, u:-169.30, theta1:17.373, theta2:0.411, e:-0.779
t:2.68, r:-10.00, omega:-10.78, omega_m:-10.00, u:-169.29, theta1:17.372, theta2:0.411, e:-0.779
t:2.69, r:-10.00, omega:-10.78, omega_m:-10.00, u:-169.28, theta1:17.372, theta2:0.412, e:-0.779
t:2.70, r:-10.00, omega:-10.91, omega_m:-10.00, u:-169.21, theta1:17.371, theta2:0.412, e:-0.909
t:2.71, r:-10.00, omega:-10.91, omega_m:-10.00, u:-169.20, theta1:17.371, theta2:0.413, e:-0.909
t:2.72, r:-10.00, omega:-10.91, omega_m:-10.00, u:-169.19, theta1:17.370, theta2:0.413, e:-0.909
t:2.73, r:-10.00, omega:-10.91, omega_m:-10.00, u:-169.18, theta1:17.369, theta2:0.414, e:-0.909
t:2.74, r:-10.00, omega:-10.91, omega_m:-10.00, u:-169.17, theta1:17.369, theta2:0.414, e:-0.909
t:2.75, r:-10.00, omega:-11.17, omega_m:-10.00, u:-169.05, theta1:17.368, theta2:0.415, e:-1.167
t:2.76, r:-10.00, omega:-11.17, omega_m:-10.00, u:-169.03, theta1:17.367, theta2:0.416, e:-1.167
t:2.77, r:-10.00, omega:-11.17, omega_m:-10.00, u:-169.02, theta1:17.366, theta2:0.416, e:-1.167
t:2.78, r:-10.00, omega:-11.17, omega_m:-10.00, u:-169.00, theta1:17.366, theta2:0.417, e:-1.167
t:2.79, r:-10.00, omega:-11.17, omega_m:-10.00, u:-168.99, theta1:17.365, theta2:0.418, e:-1.167
t:2.80, r:-10.00, omega:-11.11, omega_m:-10.00, u:-168.99, theta1:17.364, theta2:0.418, e:-1.112
t:2.81, r:-10.00, omega:-11.11, omega_m:-10.00, u:-168.98, theta1:17.363, theta2:0.419, e:-1.112
t:2.82, r:-10.00, omega:-11.11, omega_m:-10.00, u:-168.97, theta1:17.363, theta2:0.419, e:-1.112
t:2.83, r:-10.00, omega:-11.11, omega_m:-10.00, u:-168.95, theta1:17.362, theta2:0.420, e:-1.112
t:2.84, r:-10.00, omega:-11.18, omega_m:-10.00, u:-168.91, theta1:17.361, theta2:0.421, e:-1.179
t:2.85, r:-10.00, omega:-11.18, omega_m:-10.00, u:-168.89, theta1:17.360, theta2:0.421, e:-1.179
t:2.86, r:-10.00, omega:-11.18, omega_m:-10.00, u:-168.88, theta1:17.360, theta2:0.422, e:-1.179
t:2.87, r:-10.00, omega:-11.18, omega_m:-10.00, u:-168.86, theta1:17.359, theta2:0.423, e:-1.179
t:2.88, r:-10.00, omega:-11.18, omega_m:-10.00, u:-168.85, theta1:17.358, theta2:0.423, e:-1.179
t:2.89, r:-10.00, omega:-11.49, omega_m:-10.00, u:-168.70, theta1:17.357, theta2:0.424, e:-1.491
t:2.90, r:-10.00, omega:-11.49, omega_m:-10.00, u:-168.68, theta1:17.356, theta2:0.425, e:-1.491
t:2.91, r:-10.00, omega:-11.49, omega_m:-10.00, u:-168.66, theta1:17.355, theta2:0.426, e:-1.491
t:2.92, r:-10.00, omega:-11.49, omega_m:-10.00, u:-168.64, theta1:17.354, theta2:0.427, e:-1.491
t:2.93, r:-10.00, omega:-11.49, omega_m:-10.00, u:-168.62, theta1:17.353, theta2:0.428, e:-1.491
t:2.94, r:-10.00, omega:-10.81, omega_m:-10.00, u:-168.90, theta1:17.352, theta2:0.428, e:-0.805
t:2.95, r:-10.00, omega:-10.81, omega_m:-10.00, u:-168.89, theta1:17.352, theta2:0.428, e:-0.805
t:2.96, r:-10.00, omega:-10.81, omega_m:-10.00, u:-168.88, theta1:17.351, theta2:0.429, e:-0.805
t:2.97, r:-10.00, omega:-10.81, omega_m:-10.00, u:-168.87, theta1:17.351, theta2:0.429, e:-0.805
t:2.98, r:-10.00, omega:-10.81, omega_m:-10.00, u:-168.86, theta1:17.350, theta2:0.430, e:-0.805
t:2.99, r:-10.00, omega:-10.64, omega_m:-10.00, u:-168.92, theta1:17.350, theta2:0.430, e:-0.636
t:3.00, r:-10.00, omega:-10.64, omega_m:-10.00, u:-168.92, theta1:17.349, theta2:0.430, e:-0.636
t:3.01, r:0.00, omega:-10.64, omega_m:-3.68, u:0.00, theta1:17.348, theta2:0.434, e:-6.957
t:3.02, r:0.00, omega:-10.64, omega_m:-1.35, u:0.00, theta1:17.347, theta2:0.439, e:-9.282
t:3.03, r:0.00, omega:-10.64, omega_m:-0.50, u:0.00, theta1:17.345, theta2:0.444, e:-10.138
t:3.04, r:0.00, omega:-10.64, omega_m:-0.18, u:0.00, theta1:17.343, theta2:0.450, e:-10.453
t:3.05, r:0.00, omega:-8.36, omega_m:-0.07, u:0.00, theta1:17.342, theta2:0.453, e:-8.295
t:3.06, r:0.00, omega:-8.36, omega_m:-0.02, u:0.00, theta1:17.340, theta2:0.457, e:-8.338
t:3.07, r:0.00, omega:-8.36, omega_m:-0.01, u:0.00, theta1:17.339, theta2:0.460, e:-8.353
t:3.08, r:0.00, omega:-8.36, omega_m:-0.00, u:0.00, theta1:17.337, theta2:0.464, e:-8.359
t:3.09, r:0.00, omega:-8.36, omega_m:-0.00, u:0.00, theta1:17.336, theta2:0.467, e:-8.361
t:3.10, r:0.00, omega:-8.36, omega_m:-0.00, u:0.00, theta1:17.334, theta2:0.471, e:-8.362
t:3.11, r:0.00, omega:-8.36, omega_m:-0.00, u:0.00, theta1:17.333, theta2:0.474, e:-8.362
t:3.12, r:0.00, omega:-8.36, omega_m:-0.00, u:0.00, theta1:17.331, theta2:0.477, e:-8.362
t:3.13, r:0.00, omega:-8.36, omega_m:-0.00, u:0.00, theta1:17.330, theta2:0.481, e:-8.362
t:3.14, r:0.00, omega:-8.36, omega_m:-0.00, u:0.00, theta1:17.328, theta2:0.484, e:-8.362
t:3.15, r:0.00, omega:-8.36, omega_m:-0.00, u:0.00, theta1:17.327, theta2:0.488, e:-8.362
t:3.16, r:0.00, omega:-8.36, omega_m:-0.00, u:0.00, theta1:17.326, theta2:0.491, e:-8.362
t:3.17, r:0.00, omega:-8.36, omega_m:-0.00, u:0.00, theta1:17.324, theta2:0.495, e:-8.362
t:3.18, r:0.00, omega:-8.36, omega_m:-0.00, u:0.00, theta1:17.323, theta2:0.498, e:-8.362
t:3.19, r:0.00, omega:-8.36, omega_m:-0.00, u:0.00, theta1:17.321, theta2:0.502, e:-8.362
t:3.20, r:0.00, omega:-8.36, omega_m:-0.00, u:0.00, theta1:17.320, theta2:0.505, e:-8.362
t:3.21, r:0.00, omega:-8.36, omega_m:-0.00, u:0.00, theta1:17.318, theta2:0.509, e:-8.362
t:3.22, r:0.00, omega:-8.36, omega_m:-0.00, u:0.00, theta1:17.317, theta2:0.512, e:-8.362
t:3.23, r:0.00, omega:-8.36, omega_m:-0.00, u:0.00, theta1:17.315, theta2:0.515, e:-8.362
t:3.24, r:0.00, omega:-8.36, omega_m:-0.00, u:0.00, theta1:17.314, theta2:0.519, e:-8.362
t:3.25, r:0.00, omega:-8.36, omega_m:-0.00, u:0.00, theta1:17.313, theta2:0.522, e:-8.362
t:3.26, r:0.00, omega:-8.36, omega_m:-0.00, u:0.00, theta1:17.311, theta2:0.526, e:-8.362
t:3.27, r:0.00, omega:-8.36, omega_m:-0.00, u:0.00, theta1:17.310, theta2:0.529, e:-8.362
t:3.28, r:0.00, omega:-8.36, omega_m:-0.00, u:0.00, theta1:17.308, theta2:0.533, e:-8.362
t:3.29, r:0.00, omega:-8.36, omega_m:-0.00, u:0.00, theta1:17.307, theta2:0.536, e:-8.362
t:3.30, r:0.00, omega:-8.36, omega_m:-0.00, u:0.00, theta1:17.305, theta2:0.540, e:-8.362
t:3.31, r:0.00, omega:-8.36, omega_m:-0.00, u:0.00, theta1:17.304, theta2:0.543, e:-8.362
t:3.32, r:0.00, omega:-8.36, omega_m:-0.00, u:0.00, theta1:17.302, theta2:0.547, e:-8.362
t:3.33, r:0.00, omega:-8.36, omega_m:-0.00, u:0.00, theta1:17.301, theta2:0.550, e:-8.362
t:3.34, r:0.00, omega:-8.36, omega_m:-0.00, u:0.00, theta1:17.300, theta2:0.553, e:-8.362
t:3.35, r:0.00, omega:-8.36, omega_m:-0.00, u:0.00, theta1:17.298, theta2:0.557, e:-8.362
t:3.36, r:0.00, omega:-8.36, omega_m:-0.00, u:0.00, theta1:17.297, theta2:0.560, e:-8.362
t:3.37, r:0.00, omega:-8.36, omega_m:-0.00, u:0.00, theta1:17.295, theta2:0.564, e:-8.362
t:3.38, r:0.00, omega:-8.36, omega_m:-0.00, u:0.00, theta1:17.294, theta2:0.567, e:-8.362
t:3.39, r:0.00, omega:-8.36, omega_m:-0.00, u:0.00, theta1:17.292, theta2:0.571, e:-8.362
t:3.40, r:0.00, omega:-8.36, omega_m:-0.00, u:0.00, theta1:17.291, theta2:0.574, e:-8.362
t:3.41, r:0.00, omega:-8.36, omega_m:-0.00, u:0.00, theta1:17.289, theta2:0.578, e:-8.362
t:3.42, r:0.00, omega:-8.36, omega_m:-0.00, u:0.00, theta1:17.288, theta2:0.581, e:-8.362
t:3.43, r:0.00, omega:-8.36, omega_m:-0.00, u:0.00, theta1:17.287, theta2:0.584, e:-8.362
t:3.44, r:0.00, omega:-8.36, omega_m:-0.00, u:0.00, theta1:17.285, theta2:0.588, e:-8.362
t:3.45, r:0.00, omega:-8.36, omega_m:-0.00, u:0.00, theta1:17.284, theta2:0.591, e:-8.362
t:3.46, r:0.00, omega:-8.36, omega_m:-0.00, u:0.00, theta1:17.282, theta2:0.595, e:-8.362
t:3.47, r:0.00, omega:-8.36, omega_m:-0.00, u:0.00, theta1:17.281, theta2:0.598, e:-8.362
t:3.48, r:0.00, omega:-8.36, omega_m:-0.00, u:0.00, theta1:17.279, theta2:0.602, e:-8.362
t:3.49, r:0.00, omega:-8.36, omega_m:-0.00, u:0.00, theta1:17.278, theta2:0.605, e:-8.362
t:3.50, r:0.00, omega:-8.36, omega_m:-0.00, u:0.00, theta1:17.276, theta2:0.609, e:-8.362
t:3.51, r:0.00, omega:-8.36, omega_m:-0.00, u:0.00, theta1:17.275, theta2:0.612, e:-8.362
t:3.52, r:0.00, omega:-8.36, omega_m:-0.00, u:0.00, theta1:17.274, theta2:0.615, e:-8.362
t:3.53, r:0.00, omega:-8.36, omega_m:-0.00, u:0.00, theta1:17.272, theta2:0.619, e:-8.362
t:3.54, r:0.00, omega:-8.36, omega_m:-0.00, u:0.00, theta1:17.271, theta2:0.622, e:-8.362
t:3.55, r:0.00, omega:0.00, omega_m:-0.00, u:0.00, theta1:17.271, theta2:0.622, e:0.000
t:3.56, r:0.00, omega:0.00, omega_m:-0.00, u:0.00, theta1:17.271, theta2:0.622, e:0.000
t:3.57, r:0.00, omega:0.00, omega_m:-0.00, u:0.00, theta1:17.271, theta2:0.622, e:0.000
t:3.58, r:0.00, omega:0.00, omega_m:-0.00, u:0.00, theta1:17.271, theta2:0.622, e:0.000
t:3.59, r:0.00, omega:0.00, omega_m:-0.00, u:0.00, theta1:17.271, theta2:0.622, e:0.000
t:3.60, r:0.00, omega:0.00, omega_m:-0.00, u:0.00, theta1:17.271, theta2:0.622, e:0.000
t:3.61, r:0.00, omega:0.00, omega_m:-0.00, u:0.00, theta1:17.271, theta2:0.622, e:0.000
t:3.62, r:0.00, omega:0.00, omega_m:-0.00, u:0.00, theta1:17.271, theta2:0.622, e:0.000
t:3.63, r:0.00, omega:0.00, omega_m:-0.00, u:0.00, theta1:17.271, theta2:0.622, e:0.000
t:3.64, r:0.00, omega:0.00, omega_m:-0.00, u:0.00, theta1:17.271, theta2:0.622, e:0.000
t:3.65, r:0.00, omega:0.00, omega_m:-0.00, u:0.00, theta1:17.271, theta2:0.622, e:0.000
t:3.66, r:0.00, omega:0.00, omega_m:-0.00, u:0.00, theta1:17.271, theta2:0.622, e:0.000
t:3.67, r:0.00, omega:0.00, omega_m:-0.00, u:0.00, theta1:17.271, theta2:0.622, e:0.000
t:3.68, r:0.00, omega:0.00, omega_m:-0.00, u:0.00, theta1:17.271, theta2:0.622, e:0.000
t:3.69, r:0.00, omega:0.00, omega_m:-0.00, u:0.00, theta1:17.271, theta2:0.622, e:0.000
t:3.70, r:0.00, omega:0.00, omega_m:-0.00, u:0.00, theta1:17.271, theta2:0.622, e:0.000
t:3.71, r:0.00, omega:0.00, omega_m:-0.00, u:0.00, theta1:17.271, theta2:0.622, e:0.000
t:3.72, r:0.00, omega:0.00, omega_m:-0.00, u:0.00, theta1:17.271, theta2:0.622, e:0.000
t:3.73, r:0.00, omega:0.00, omega_m:-0.00, u:0.00, theta1:17.271, theta2:0.622, e:0.000
t:3.74, r:0.00, omega:0.00, omega_m:-0.00, u:0.00, theta1:17.271, theta2:0.622, e:0.000
t:3.75, r:0.00, omega:0.00, omega_m:-0.00, u:0.00, theta1:17.271, theta2:0.622, e:0.000
t:3.76, r:0.00, omega:0.00, omega_m:-0.00, u:0.00, theta1:17.271, theta2:0.622, e:0.000
t:3.77, r:0.00, omega:0.00, omega_m:-0.00, u:0.00, theta1:17.271, theta2:0.622, e:0.000
t:3.78, r:0.00, omega:0.00, omega_m:-0.00, u:0.00, theta1:17.271, theta2:0.622, e:0.000
t:3.79, r:0.00, omega:0.00, omega_m:-0.00, u:0.00, theta1:17.271, theta2:0.622, e:0.000
t:3.80, r:0.00, omega:0.00, omega_m:-0.00, u:0.00, theta1:17.271, theta2:0.622, e:0.000
t:3.81, r:0.00, omega:0.00, omega_m:-0.00, u:0.00, theta1:17.271, theta2:0.622, e:0.000
t:3.82, r:0.00, omega:0.00, omega_m:-0.00, u:0.00, theta1:17.271, theta2:0.622, e:0.000
t:3.83, r:0.00, omega:0.00, omega_m:-0.00, u:0.00, theta1:17.271, theta2:0.622, e:0.000
t:3.84, r:0.00, omega:0.00, omega_m:-0.00, u:0.00, theta1:17.271, theta2:0.622, e:0.000
t:3.85, r:0.00, omega:0.00, omega_m:-0.00, u:0.00, theta1:17.271, theta2:0.622, e:0.000
t:3.86, r:0.00, omega:0.00, omega_m:-0.00, u:0.00, theta1:17.271, theta2:0.622, e:0.000
t:3.87, r:0.00, omega:0.00, omega_m:-0.00, u:0.00, theta1:17.271, theta2:0.622, e:0.000
t:3.88, r:0.00, omega:0.00, omega_m:-0.00, u:0.00, theta1:17.271, theta2:0.622, e:0.000
t:3.89, r:0.00, omega:0.00, omega_m:-0.00, u:0.00, theta1:17.271, theta2:0.622, e:0.000
t:3.90, r:0.00, omega:0.00, omega_m:-0.00, u:0.00, theta1:17.271, theta2:0.622, e:0.000
t:3.91, r:0.00, omega:0.00, omega_m:-0.00, u:0.00, theta1:17.271, theta2:0.622, e:0.000
t:3.92, r:0.00, omega:0.00, omega_m:-0.00, u:0.00, theta1:17.271, theta2:0.622, e:0.000
t:3.93, r:0.00, omega:0.00, omega_m:-0.00, u:0.00, theta1:17.271, theta2:0.622, e:0.000
t:3.94, r:0.00, omega:0.00, omega_m:-0.00, u:0.00, theta1:17.271, theta2:0.622, e:0.000
t:3.95, r:0.00, omega:0.00, omega_m:-0.00, u:0.00, theta1:17.271, theta2:0.622, e:0.000
t:3.96, r:0.00, omega:0.00, omega_m:-0.00, u:0.00, theta1:17.271, theta2:0.622, e:0.000
t:3.97, r:0.00, omega:0.00, omega_m:-0.00, u:0.00, theta1:17.271, theta2:0.622, e:0.000
t:3.98, r:0.00, omega:0.00, omega_m:-0.00, u:0.00, theta1:17.271, theta2:0.622, e:0.000
t:3.99, r:0.00, omega:0.00, omega_m:-0.00, u:0.00, theta1:17.271, theta2:0.622, e:0.000
t:4.00, r:0.00, omega:0.00, omega_m:-0.00, u:0.00, theta1:17.271, theta2:0.622, e:0.000
t:4.01, r:10.00, omega:0.00, omega_m:6.32, u:172.73, theta1:17.273, theta2:0.622, e:-6.321
t:4.02, r:10.00, omega:0.00, omega_m:8.65, u:172.76, theta1:17.276, theta2:0.622, e:-8.647
t:4.03, r:10.00, omega:0.00, omega_m:9.50, u:172.79, theta1:17.279, theta2:0.622, e:-9.502
t:4.04, r:10.00, omega:0.00, omega_m:9.82, u:172.82, theta1:17.282, theta2:0.622, e:-9.817
t:4.05, r:10.00, omega:0.00, omega_m:9.93, u:172.85, theta1:17.285, theta2:0.622, e:-9.933
t:4.06, r:10.00, omega:0.00, omega_m:9.98, u:172.88, theta1:17.288, theta2:0.622, e:-9.975
t:4.07, r:10.00, omega:0.51, omega_m:9.99, u:172.59, theta1:17.291, theta2:0.622, e:-9.476
t:4.08, r:10.00, omega:0.51, omega_m:10.00, u:172.63, theta1:17.295, theta2:0.621, e:-9.482
t:4.09, r:10.00, omega:0.51, omega_m:10.00, u:172.66, theta1:17.298, theta2:0.621, e:-9.484
t:4.10, r:10.00, omega:0.51, omega_m:10.00, u:172.69, theta1:17.301, theta2:0.621, e:-9.485
t:4.11, r:10.00, omega:0.51, omega_m:10.00, u:172.72, theta1:17.304, theta2:0.621, e:-9.485
t:4.12, r:10.00, omega:10.32, omega_m:10.00, u:166.63, theta1:17.304, theta2:0.621, e:0.316
t:4.13, r:10.00, omega:10.32, omega_m:10.00, u:166.63, theta1:17.303, theta2:0.621, e:0.316
t:4.14, r:10.00, omega:10.32, omega_m:10.00, u:166.63, theta1:17.303, theta2:0.621, e:0.316
t:4.15, r:10.00, omega:10.32, omega_m:10.00, u:166.62, theta1:17.303, theta2:0.621, e:0.316
t:4.16, r:10.00, omega:10.32, omega_m:10.00, u:166.62, theta1:17.303, theta2:0.621, e:0.316
t:4.17, r:10.00, omega:11.08, omega_m:10.00, u:166.13, theta1:17.302, theta2:0.622, e:1.077
t:4.18, r:10.00, omega:11.08, omega_m:10.00, u:166.12, theta1:17.301, theta2:0.622, e:1.077
t:4.19, r:10.00, omega:11.08, omega_m:10.00, u:166.10, theta1:17.301, theta2:0.623, e:1.077
t:4.20, r:10.00, omega:11.08, omega_m:10.00, u:166.09, theta1:17.300, theta2:0.624, e:1.077
t:4.21, r:10.00, omega:11.08, omega_m:10.00, u:166.08, theta1:17.299, theta2:0.624, e:1.077
t:4.22, r:10.00, omega:10.50, omega_m:10.00, u:166.43, theta1:17.299, theta2:0.625, e:0.497
t:4.23, r:10.00, omega:10.50, omega_m:10.00, u:166.43, theta1:17.298, theta2:0.625, e:0.497
t:4.24, r:10.00, omega:10.50, omega_m:10.00, u:166.42, theta1:17.298, theta2:0.625, e:0.497
t:4.25, r:10.00, omega:10.50, omega_m:10.00, u:166.41, theta1:17.298, theta2:0.625, e:0.497
t:4.26, r:10.00, omega:10.50, omega_m:10.00, u:166.41, theta1:17.297, theta2:0.626, e:0.497
t:4.27, r:10.00, omega:10.12, omega_m:10.00, u:166.64, theta1:17.297, theta2:0.626, e:0.121
t:4.28, r:10.00, omega:10.12, omega_m:10.00, u:166.64, theta1:17.297, theta2:0.626, e:0.121
t:4.29, r:10.00, omega:10.12, omega_m:10.00, u:166.64, theta1:17.297, theta2:0.626, e:0.121
t:4.30, r:10.00, omega:10.12, omega_m:10.00, u:166.64, theta1:17.297, theta2:0.626, e:0.121
t:4.31, r:10.00, omega:10.12, omega_m:10.00, u:166.64, theta1:17.297, theta2:0.626, e:0.121
t:4.32, r:10.00, omega:10.40, omega_m:10.00, u:166.46, theta1:17.297, theta2:0.626, e:0.403
t:4.33, r:10.00, omega:10.40, omega_m:10.00, u:166.45, theta1:17.297, theta2:0.626, e:0.403
t:4.34, r:10.00, omega:10.40, omega_m:10.00, u:166.45, theta1:17.296, theta2:0.626, e:0.403
t:4.35, r:10.00, omega:10.40, omega_m:10.00, u:166.44, theta1:17.296, theta2:0.627, e:0.403
t:4.36, r:10.00, omega:10.40, omega_m:10.00, u:166.44, theta1:17.296, theta2:0.627, e:0.403
t:4.37, r:10.00, omega:10.65, omega_m:10.00, u:166.27, theta1:17.295, theta2:0.627, e:0.655
t:4.38, r:10.00, omega:10.65, omega_m:10.00, u:166.26, theta1:17.295, theta2:0.628, e:0.655
t:4.39, r:10.00, omega:10.65, omega_m:10.00, u:166.25, theta1:17.294, theta2:0.628, e:0.655
t:4.40, r:10.00, omega:10.65, omega_m:10.00, u:166.25, theta1:17.294, theta2:0.628, e:0.655
t:4.41, r:10.00, omega:11.00, omega_m:10.00, u:166.01, theta1:17.293, theta2:0.629, e:1.004
t:4.42, r:10.00, omega:11.00, omega_m:10.00, u:166.00, theta1:17.293, theta2:0.629, e:1.004
t:4.43, r:10.00, omega:11.00, omega_m:10.00, u:165.99, theta1:17.292, theta2:0.630, e:1.004
t:4.44, r:10.00, omega:11.00, omega_m:10.00, u:165.97, theta1:17.291, theta2:0.630, e:1.004
t:4.45, r:10.00, omega:11.00, omega_m:10.00, u:165.96, theta1:17.291, theta2:0.631, e:1.004
t:4.46, r:10.00, omega:11.00, omega_m:10.00, u:165.95, theta1:17.290, theta2:0.632, e:1.004
t:4.47, r:10.00, omega:9.97, omega_m:10.00, u:166.61, theta1:17.290, theta2:0.632, e:-0.033
t:4.48, r:10.00, omega:9.97, omega_m:10.00, u:166.61, theta1:17.290, theta2:0.632, e:-0.033
t:4.49, r:10.00, omega:9.97, omega_m:10.00, u:166.61, theta1:17.290, theta2:0.631, e:-0.033
t:4.50, r:10.00, omega:9.97, omega_m:10.00, u:166.61, theta1:17.290, theta2:0.631, e:-0.033
t:4.51, r:10.00, omega:9.97, omega_m:10.00, u:166.61, theta1:17.290, theta2:0.631, e:-0.033
t:4.52, r:10.00, omega:10.25, omega_m:10.00, u:166.42, theta1:17.290, theta2:0.632, e:0.252
t:4.53, r:10.00, omega:10.25, omega_m:10.00, u:166.42, theta1:17.290, theta2:0.632, e:0.252
t:4.54, r:10.00, omega:10.25, omega_m:10.00, u:166.42, theta1:17.289, theta2:0.632, e:0.252
t:4.55, r:10.00, omega:10.25, omega_m:10.00, u:166.41, theta1:17.289, theta2:0.632, e:0.252
t:4.56, r:10.00, omega:10.25, omega_m:10.00, u:166.41, theta1:17.289, theta2:0.632, e:0.252
t:4.57, r:10.00, omega:10.40, omega_m:10.00, u:166.31, theta1:17.289, theta2:0.632, e:0.400
t:4.58, r:10.00, omega:10.40, omega_m:10.00, u:166.31, theta1:17.289, theta2:0.633, e:0.400
t:4.59, r:10.00, omega:10.40, omega_m:10.00, u:166.30, theta1:17.288, theta2:0.633, e:0.400
t:4.60, r:10.00, omega:10.40, omega_m:10.00, u:166.30, theta1:17.288, theta2:0.633, e:0.400
t:4.61, r:10.00, omega:10.40, omega_m:10.00, u:166.29, theta1:17.288, theta2:0.633, e:0.400
t:4.62, r:10.00, omega:10.00, omega_m:10.00, u:166.55, theta1:17.288, theta2:0.633, e:0.001
t:4.63, r:10.00, omega:10.00, omega_m:10.00, u:166.55, theta1:17.288, theta2:0.633, e:0.001
t:4.64, r:10.00, omega:10.00, omega_m:10.00, u:166.55, theta1:17.288, theta2:0.633, e:0.001
t:4.65, r:10.00, omega:10.00, omega_m:10.00, u:166.55, theta1:17.288, theta2:0.633, e:0.001
t:4.66, r:10.00, omega:10.00, omega_m:10.00, u:166.55, theta1:17.288, theta2:0.633, e:0.001
t:4.67, r:10.00, omega:9.72, omega_m:10.00, u:166.73, theta1:17.288, theta2:0.633, e:-0.283
t:4.68, r:10.00, omega:9.72, omega_m:10.00, u:166.73, theta1:17.288, theta2:0.633, e:-0.283
t:4.69, r:10.00, omega:9.72, omega_m:10.00, u:166.73, theta1:17.288, theta2:0.633, e:-0.283
t:4.70, r:10.00, omega:9.72, omega_m:10.00, u:166.74, theta1:17.288, theta2:0.633, e:-0.283
t:4.71, r:10.00, omega:9.72, omega_m:10.00, u:166.74, theta1:17.288, theta2:0.632, e:-0.283
t:4.72, r:10.00, omega:10.40, omega_m:10.00, u:166.30, theta1:17.288, theta2:0.633, e:0.404
t:4.73, r:10.00, omega:10.40, omega_m:10.00, u:166.29, theta1:17.288, theta2:0.633, e:0.404
t:4.74, r:10.00, omega:10.40, omega_m:10.00, u:166.29, theta1:17.287, theta2:0.633, e:0.404
t:4.75, r:10.00, omega:10.40, omega_m:10.00, u:166.28, theta1:17.287, theta2:0.633, e:0.404
t:4.76, r:10.00, omega:10.40, omega_m:10.00, u:166.28, theta1:17.287, theta2:0.633, e:0.404
t:4.77, r:10.00, omega:10.73, omega_m:10.00, u:166.06, theta1:17.286, theta2:0.634, e:0.726
t:4.78, r:10.00, omega:10.73, omega_m:10.00, u:166.06, theta1:17.286, theta2:0.634, e:0.726
t:4.79, r:10.00, omega:10.73, omega_m:10.00, u:166.05, theta1:17.285, theta2:0.635, e:0.726
t:4.80, r:10.00, omega:10.73, omega_m:10.00, u:166.04, theta1:17.285, theta2:0.635, e:0.726
t:4.81, r:10.00, omega:10.73, omega_m:10.00, u:166.03, theta1:17.284, theta2:0.635, e:0.726
t:4.82, r:10.00, omega:10.73, omega_m:10.00, u:166.02, theta1:17.284, theta2:0.636, e:0.726
t:4.83, r:10.00, omega:9.67, omega_m:10.00, u:166.70, theta1:17.284, theta2:0.636, e:-0.335
t:4.84, r:10.00, omega:9.67, omega_m:10.00, u:166.70, theta1:17.284, theta2:0.635, e:-0.335
t:4.85, r:10.00, omega:9.67, omega_m:10.00, u:166.70, theta1:17.284, theta2:0.635, e:-0.335
t:4.86, r:10.00, omega:9.67, omega_m:10.00, u:166.71, theta1:17.284, theta2:0.635, e:-0.335
t:4.87, r:10.00, omega:9.67, omega_m:10.00, u:166.71, theta1:17.284, theta2:0.635, e:-0.335
t:4.88, r:10.00, omega:9.94, omega_m:10.00, u:166.53, theta1:17.285, theta2:0.635, e:-0.060
t:4.89, r:10.00, omega:9.94, omega_m:10.00, u:166.53, theta1:17.285, theta2:0.635, e:-0.060
t:4.90, r:10.00, omega:9.94, omega_m:10.00, u:166.53, theta1:17.285, theta2:0.635, e:-0.060
t:4.91, r:10.00, omega:9.94, omega_m:10.00, u:166.54, theta1:17.285, theta2:0.635, e:-0.060
t:4.92, r:10.00, omega:9.94, omega_m:10.00, u:166.54, theta1:17.285, theta2:0.635, e:-0.060
t:4.93, r:10.00, omega:10.31, omega_m:10.00, u:166.30, theta1:17.284, theta2:0.635, e:0.308
t:4.94, r:10.00, omega:10.31, omega_m:10.00, u:166.29, theta1:17.284, theta2:0.635, e:0.308
t:4.95, r:10.00, omega:10.31, omega_m:10.00, u:166.29, theta1:17.284, theta2:0.635, e:0.308
t:4.96, r:10.00, omega:10.31, omega_m:10.00, u:166.29, theta1:17.284, theta2:0.635, e:0.308
t:4.97, r:10.00, omega:10.31, omega_m:10.00, u:166.28, theta1:17.284, theta2:0.636, e:0.308
t:4.98, r:10.00, omega:10.25, omega_m:10.00, u:166.32, theta1:17.283, theta2:0.636, e:0.252
t:4.99, r:10.00, omega:10.25, omega_m:10.00, u:166.31, theta1:17.283, theta2:0.636, e:0.252
t:5.00, r:10.00, omega:10.25, omega_m:10.00, u:166.31, theta1:17.283, theta2:0.636, e:0.252
t:5.01, r:0.00, omega:10.25, omega_m:3.68, u:0.00, theta1:17.282, theta2:0.639, e:6.573
t:5.02, r:0.00, omega:10.25, omega_m:1.35, u:0.00, theta1:17.280, theta2:0.644, e:8.898
t:5.03, r:0.00, omega:10.25, omega_m:0.50, u:0.00, theta1:17.279, theta2:0.649, e:9.754
t:5.04, r:0.00, omega:10.25, omega_m:0.18, u:0.00, theta1:17.277, theta2:0.654, e:10.068
t:5.05, r:0.00, omega:10.25, omega_m:0.07, u:0.00, theta1:17.275, theta2:0.659, e:10.184
t:5.06, r:0.00, omega:10.25, omega_m:0.02, u:0.00, theta1:17.273, theta2:0.664, e:10.227
t:5.07, r:0.00, omega:10.25, omega_m:0.01, u:0.00, theta1:17.272, theta2:0.669, e:10.242
t:5.08, r:0.00, omega:10.25, omega_m:0.00, u:0.00, theta1:17.270, theta2:0.675, e:10.248
t:5.09, r:0.00, omega:10.25, omega_m:0.00, u:0.00, theta1:17.268, theta2:0.680, e:10.250
t:5.10, r:0.00, omega:10.25, omega_m:0.00, u:0.00, theta1:17.266, theta2:0.685, e:10.251
t:5.11, r:0.00, omega:10.25, omega_m:0.00, u:0.00, theta1:17.265, theta2:0.690, e:10.251
t:5.12, r:0.00, omega:10.25, omega_m:0.00, u:0.00, theta1:17.263, theta2:0.695, e:10.252
t:5.13, r:0.00, omega:10.25, omega_m:0.00, u:0.00, theta1:17.261, theta2:0.700, e:10.252
t:5.14, r:0.00, omega:10.25, omega_m:0.00, u:0.00, theta1:17.259, theta2:0.706, e:10.252
t:5.15, r:0.00, omega:10.25, omega_m:0.00, u:0.00, theta1:17.257, theta2:0.711, e:10.252
t:5.16, r:0.00, omega:10.25, omega_m:0.00, u:0.00, theta1:17.256, theta2:0.716, e:10.252
t:5.17, r:0.00, omega:10.25, omega_m:0.00, u:0.00, theta1:17.254, theta2:0.721, e:10.252
t:5.18, r:0.00, omega:10.25, omega_m:0.00, u:0.00, theta1:17.252, theta2:0.726, e:10.252
t:5.19, r:0.00, omega:10.25, omega_m:0.00, u:0.00, theta1:17.250, theta2:0.732, e:10.252
t:5.20, r:0.00, omega:10.25, omega_m:0.00, u:0.00, theta1:17.249, theta2:0.737, e:10.252
t:5.21, r:0.00, omega:10.25, omega_m:0.00, u:0.00, theta1:17.247, theta2:0.742, e:10.252
t:5.22, r:0.00, omega:10.25, omega_m:0.00, u:0.00, theta1:17.245, theta2:0.747, e:10.252
t:5.23, r:0.00, omega:10.25, omega_m:0.00, u:0.00, theta1:17.243, theta2:0.752, e:10.252
t:5.24, r:0.00, omega:10.25, omega_m:0.00, u:0.00, theta1:17.242, theta2:0.757, e:10.252
t:5.25, r:0.00, omega:10.25, omega_m:0.00, u:0.00, theta1:17.240, theta2:0.763, e:10.252
t:5.26, r:0.00, omega:10.25, omega_m:0.00, u:0.00, theta1:17.238, theta2:0.768, e:10.252
t:5.27, r:0.00, omega:10.25, omega_m:0.00, u:0.00, theta1:17.236, theta2:0.773, e:10.252
t:5.28, r:0.00, omega:10.25, omega_m:0.00, u:0.00, theta1:17.235, theta2:0.778, e:10.252
t:5.29, r:0.00, omega:10.25, omega_m:0.00, u:0.00, theta1:17.233, theta2:0.783, e:10.252
t:5.30, r:0.00, omega:10.25, omega_m:0.00, u:0.00, theta1:17.231, theta2:0.788, e:10.252
t:5.31, r:0.00, omega:10.25, omega_m:0.00, u:0.00, theta1:17.229, theta2:0.794, e:10.252
t:5.32, r:0.00, omega:10.25, omega_m:0.00, u:0.00, theta1:17.227, theta2:0.799, e:10.252
t:5.33, r:0.00, omega:10.25, omega_m:0.00, u:0.00, theta1:17.226, theta2:0.804, e:10.252
t:5.34, r:0.00, omega:10.25, omega_m:0.00, u:0.00, theta1:17.224, theta2:0.809, e:10.252
t:5.35, r:0.00, omega:10.25, omega_m:0.00, u:0.00, theta1:17.222, theta2:0.814, e:10.252
t:5.36, r:0.00, omega:10.25, omega_m:0.00, u:0.00, theta1:17.220, theta2:0.820, e:10.252
t:5.37, r:0.00, omega:10.25, omega_m:0.00, u:0.00, theta1:17.219, theta2:0.825, e:10.252
t:5.38, r:0.00, omega:10.25, omega_m:0.00, u:0.00, theta1:17.217, theta2:0.830, e:10.252
t:5.39, r:0.00, omega:10.25, omega_m:0.00, u:0.00, theta1:17.215, theta2:0.835, e:10.252
t:5.40, r:0.00, omega:10.25, omega_m:0.00, u:0.00, theta1:17.213, theta2:0.840, e:10.252
t:5.41, r:0.00, omega:10.25, omega_m:0.00, u:0.00, theta1:17.212, theta2:0.845, e:10.252
t:5.42, r:0.00, omega:10.25, omega_m:0.00, u:0.00, theta1:17.210, theta2:0.851, e:10.252
t:5.43, r:0.00, omega:10.25, omega_m:0.00, u:0.00, theta1:17.208, theta2:0.856, e:10.252
t:5.44, r:0.00, omega:10.25, omega_m:0.00, u:0.00, theta1:17.206, theta2:0.861, e:10.252
t:5.45, r:0.00, omega:10.25, omega_m:0.00, u:0.00, theta1:17.204, theta2:0.866, e:10.252
t:5.46, r:0.00, omega:10.25, omega_m:0.00, u:0.00, theta1:17.203, theta2:0.871, e:10.252
t:5.47, r:0.00, omega:10.25, omega_m:0.00, u:0.00, theta1:17.201, theta2:0.876, e:10.252
t:5.48, r:0.00, omega:0.00, omega_m:0.00, u:0.00, theta1:17.201, theta2:0.876, e:-0.000
t:5.49, r:0.00, omega:0.00, omega_m:0.00, u:0.00, theta1:17.201, theta2:0.876, e:-0.000
t:5.50, r:0.00, omega:0.00, omega_m:0.00, u:0.00, theta1:17.201, theta2:0.876, e:-0.000
t:5.51, r:0.00, omega:0.00, omega_m:0.00, u:0.00, theta1:17.201, theta2:0.876, e:-0.000
t:5.52, r:0.00, omega:0.00, omega_m:0.00, u:0.00, theta1:17.201, theta2:0.876, e:-0.000
t:5.53, r:0.00, omega:0.00, omega_m:0.00, u:0.00, theta1:17.201, theta2:0.876, e:-0.000
t:5.54, r:0.00, omega:0.00, omega_m:0.00, u:0.00, theta1:17.201, theta2:0.876, e:-0.000
t:5.55, r:0.00, omega:0.00, omega_m:0.00, u:0.00, theta1:17.201, theta2:0.876, e:-0.000
t:5.56, r:0.00, omega:0.00, omega_m:0.00, u:0.00, theta1:17.201, theta2:0.876, e:-0.000
t:5.57, r:0.00, omega:0.00, omega_m:0.00, u:0.00, theta1:17.201, theta2:0.876, e:-0.000
t:5.58, r:0.00, omega:0.00, omega_m:0.00, u:0.00, theta1:17.201, theta2:0.876, e:-0.000
t:5.59, r:0.00, omega:0.00, omega_m:0.00, u:0.00, theta1:17.201, theta2:0.876, e:-0.000
t:5.60, r:0.00, omega:0.00, omega_m:0.00, u:0.00, theta1:17.201, theta2:0.876, e:-0.000
t:5.61, r:0.00, omega:0.00, omega_m:0.00, u:0.00, theta1:17.201, theta2:0.876, e:-0.000
t:5.62, r:0.00, omega:0.00, omega_m:0.00, u:0.00, theta1:17.201, theta2:0.876, e:-0.000
t:5.63, r:0.00, omega:0.00, omega_m:0.00, u:0.00, theta1:17.201, theta2:0.876, e:-0.000
t:5.64, r:0.00, omega:0.00, omega_m:0.00, u:0.00, theta1:17.201, theta2:0.876, e:-0.000
t:5.65, r:0.00, omega:0.00, omega_m:0.00, u:0.00, theta1:17.201, theta2:0.876, e:-0.000
t:5.66, r:0.00, omega:0.00, omega_m:0.00, u:0.00, theta1:17.201, theta2:0.876, e:-0.000
t:5.67, r:0.00, omega:0.00, omega_m:0.00, u:0.00, theta1:17.201, theta2:0.876, e:-0.000
t:5.68, r:0.00, omega:0.00, omega_m:0.00, u:0.00, theta1:17.201, theta2:0.876, e:-0.000
t:5.69, r:0.00, omega:0.00, omega_m:0.00, u:0.00, theta1:17.201, theta2:0.876, e:-0.000
t:5.70, r:0.00, omega:0.00, omega_m:0.00, u:0.00, theta1:17.201, theta2:0.876, e:-0.000
t:5.71, r:0.00, omega:0.00, omega_m:0.00, u:0.00, theta1:17.201, theta2:0.876, e:-0.000
t:5.72, r:0.00, omega:0.00, omega_m:0.00, u:0.00, theta1:17.201, theta2:0.876, e:-0.000
t:5.73, r:0.00, omega:0.00, omega_m:0.00, u:0.00, theta1:17.201, theta2:0.876, e:-0.000
t:5.74, r:0.00, omega:0.00, omega_m:0.00, u:0.00, theta1:17.201, theta2:0.876, e:-0.000
t:5.75, r:0.00, omega:0.00, omega_m:0.00, u:0.00, theta1:17.201, theta2:0.876, e:-0.000
t:5.76, r:0.00, omega:0.00, omega_m:0.00, u:0.00, theta1:17.201, theta2:0.876, e:-0.000
t:5.77, r:0.00, omega:0.00, omega_m:0.00, u:0.00, theta1:17.201, theta2:0.876, e:-0.000
t:5.78, r:0.00, omega:0.00, omega_m:0.00, u:0.00, theta1:17.201, theta2:0.876, e:-0.000
t:5.79, r:0.00, omega:0.00, omega_m:0.00, u:0.00, theta1:17.201, theta2:0.876, e:-0.000
t:5.80, r:0.00, omega:0.00, omega_m:0.00, u:0.00, theta1:17.201, theta2:0.876, e:-0.000
t:5.81, r:0.00, omega:0.00, omega_m:0.00, u:0.00, theta1:17.201, theta2:0.876, e:-0.000
t:5.82, r:0.00, omega:0.00, omega_m:0.00, u:0.00, theta1:17.201, theta2:0.876, e:-0.000
t:5.83, r:0.00, omega:0.00, omega_m:0.00, u:0.00, theta1:17.201, theta2:0.876, e:-0.000
t:5.84, r:0.00, omega:0.00, omega_m:0.00, u:0.00, theta1:17.201, theta2:0.876, e:-0.000
t:5.85, r:0.00, omega:0.00, omega_m:0.00, u:0.00, theta1:17.201, theta2:0.876, e:-0.000
t:5.86, r:0.00, omega:0.00, omega_m:0.00, u:0.00, theta1:17.201, theta2:0.876, e:-0.000
t:5.87, r:0.00, omega:0.00, omega_m:0.00, u:0.00, theta1:17.201, theta2:0.876, e:-0.000
t:5.88, r:0.00, omega:0.00, omega_m:0.00, u:0.00, theta1:17.201, theta2:0.876, e:-0.000
t:5.89, r:0.00, omega:0.00, omega_m:0.00, u:0.00, theta1:17.201, theta2:0.876, e:-0.000
t:5.90, r:0.00, omega:0.00, omega_m:0.00, u:0.00, theta1:17.201, theta2:0.876, e:-0.000
t:5.91, r:0.00, omega:0.00, omega_m:0.00, u:0.00, theta1:17.201, theta2:0.876, e:-0.000
t:5.92, r:0.00, omega:0.00, omega_m:0.00, u:0.00, theta1:17.201, theta2:0.876, e:-0.000
t:5.93, r:0.00, omega:0.00, omega_m:0.00, u:0.00, theta1:17.201, theta2:0.876, e:-0.000
t:5.94, r:0.00, omega:0.00, omega_m:0.00, u:0.00, theta1:17.201, theta2:0.876, e:-0.000
t:5.95, r:0.00, omega:0.00, omega_m:0.00, u:0.00, theta1:17.201, theta2:0.876, e:-0.000
t:5.96, r:0.00, omega:0.00, omega_m:0.00, u:0.00, theta1:17.201, theta2:0.876, e:-0.000
t:5.97, r:0.00, omega:0.00, omega_m:0.00, u:0.00, theta1:17.201, theta2:0.876, e:-0.000
t:5.98, r:0.00, omega:0.00, omega_m:0.00, u:0.00, theta1:17.201, theta2:0.876, e:-0.000
t:5.99, r:0.00, omega:0.00, omega_m:0.00, u:0.00, theta1:17.201, theta2:0.876, e:-0.000
t:6.00, r:0.00, omega:0.00, omega_m:0.00, u:0.00, theta1:17.201, theta2:0.876, e:-0.000
t:6.01, r:-10.00, omega:0.00, omega_m:-6.32, u:-172.03, theta1:17.203, theta2:0.876, e:6.321
t:6.02, r:-10.00, omega:0.00, omega_m:-8.65, u:-172.06, theta1:17.206, theta2:0.876, e:8.647
t:6.03, r:-10.00, omega:0.00, omega_m:-9.50, u:-172.09, theta1:17.209, theta2:0.876, e:9.502
t:6.04, r:-10.00, omega:0.00, omega_m:-9.82, u:-172.12, theta1:17.212, theta2:0.876, e:9.817
t:6.05, r:-10.00, omega:0.00, omega_m:-9.93, u:-172.15, theta1:17.215, theta2:0.876, e:9.933
t:6.06, r:-10.00, omega:-0.48, omega_m:-9.98, u:-171.76, theta1:17.219, theta2:0.876, e:9.491
t:6.07, r:-10.00, omega:-0.48, omega_m:-9.99, u:-171.79, theta1:17.222, theta2:0.875, e:9.507
t:6.08, r:-10.00, omega:-0.48, omega_m:-10.00, u:-171.82, theta1:17.225, theta2:0.875, e:9.513
t:6.09, r:-10.00, omega:-0.48, omega_m:-10.00, u:-171.86, theta1:17.228, theta2:0.875, e:9.515
t:6.10, r:-10.00, omega:-0.48, omega_m:-10.00, u:-171.89, theta1:17.231, theta2:0.874, e:9.515
t:6.11, r:-10.00, omega:-10.40, omega_m:-10.00, u:-163.21, theta1:17.231, theta2:0.875, e:-0.404
t:6.12, r:-10.00, omega:-10.40, omega_m:-10.00, u:-163.20, theta1:17.231, theta2:0.875, e:-0.404
t:6.13, r:-10.00, omega:-10.40, omega_m:-10.00, u:-163.20, theta1:17.230, theta2:0.875, e:-0.404
t:6.14, r:-10.00, omega:-10.40, omega_m:-10.00, u:-163.19, theta1:17.230, theta2:0.875, e:-0.404
t:6.15, r:-10.00, omega:-10.40, omega_m:-10.00, u:-163.19, theta1:17.230, theta2:0.875, e:-0.404
t:6.16, r:-10.00, omega:-11.01, omega_m:-10.00, u:-162.64, theta1:17.229, theta2:0.876, e:-1.013
t:6.17, r:-10.00, omega:-11.01, omega_m:-10.00, u:-162.63, theta1:17.228, theta2:0.877, e:-1.013
t:6.18, r:-10.00, omega:-11.01, omega_m:-10.00, u:-162.62, theta1:17.228, theta2:0.877, e:-1.013
t:6.19, r:-10.00, omega:-11.01, omega_m:-10.00, u:-162.60, theta1:17.227, theta2:0.878, e:-1.013
t:6.20, r:-10.00, omega:-11.01, omega_m:-10.00, u:-162.59, theta1:17.226, theta2:0.878, e:-1.013
t:6.21, r:-10.00, omega:-10.65, omega_m:-10.00, u:-162.90, theta1:17.226, theta2:0.879, e:-0.653
t:6.22, r:-10.00, omega:-10.65, omega_m:-10.00, u:-162.89, theta1:17.225, theta2:0.879, e:-0.653
t:6.23, r:-10.00, omega:-10.65, omega_m:-10.00, u:-162.88, theta1:17.225, theta2:0.879, e:-0.653
t:6.24, r:-10.00, omega:-10.65, omega_m:-10.00, u:-162.88, theta1:17.225, theta2:0.880, e:-0.653
t:6.25, r:-10.00, omega:-10.65, omega_m:-10.00, u:-162.87, theta1:17.224, theta2:0.880, e:-0.653
t:6.26, r:-10.00, omega:-10.70, omega_m:-10.00, u:-162.82, theta1:17.224, theta2:0.880, e:-0.698
t:6.27, r:-10.00, omega:-10.70, omega_m:-10.00, u:-162.81, theta1:17.223, theta2:0.881, e:-0.698
t:6.28, r:-10.00, omega:-10.70, omega_m:-10.00, u:-162.80, theta1:17.223, theta2:0.881, e:-0.698
t:6.29, r:-10.00, omega:-10.70, omega_m:-10.00, u:-162.79, theta1:17.222, theta2:0.881, e:-0.698
t:6.30, r:-10.00, omega:-10.70, omega_m:-10.00, u:-162.78, theta1:17.222, theta2:0.882, e:-0.698
t:6.31, r:-10.00, omega:-10.10, omega_m:-10.00, u:-163.31, theta1:17.222, theta2:0.882, e:-0.104
t:6.32, r:-10.00, omega:-10.10, omega_m:-10.00, u:-163.31, theta1:17.222, theta2:0.882, e:-0.104
t:6.33, r:-10.00, omega:-10.10, omega_m:-10.00, u:-163.30, theta1:17.222, theta2:0.882, e:-0.104
t:6.34, r:-10.00, omega:-10.10, omega_m:-10.00, u:-163.30, theta1:17.221, theta2:0.882, e:-0.104
t:6.35, r:-10.00, omega:-10.10, omega_m:-10.00, u:-163.30, theta1:17.221, theta2:0.882, e:-0.104
t:6.36, r:-10.00, omega:-11.00, omega_m:-10.00, u:-162.50, theta1:17.221, theta2:0.883, e:-1.002
t:6.37, r:-10.00, omega:-11.00, omega_m:-10.00, u:-162.49, theta1:17.220, theta2:0.883, e:-1.002
t:6.38, r:-10.00, omega:-11.00, omega_m:-10.00, u:-162.47, theta1:17.219, theta2:0.884, e:-1.002
t:6.39, r:-10.00, omega:-11.00, omega_m:-10.00, u:-162.46, theta1:17.219, theta2:0.884, e:-1.002
t:6.40, r:-10.00, omega:-11.00, omega_m:-10.00, u:-162.45, theta1:17.218, theta2:0.885, e:-1.002
t:6.41, r:-10.00, omega:-10.56, omega_m:-10.00, u:-162.83, theta1:17.218, theta2:0.885, e:-0.562
t:6.42, r:-10.00, omega:-10.56, omega_m:-10.00, u:-162.82, theta1:17.217, theta2:0.885, e:-0.562
t:6.43, r:-10.00, omega:-10.56, omega_m:-10.00, u:-162.82, theta1:17.217, theta2:0.886, e:-0.562
t:6.44, r:-10.00, omega:-10.56, omega_m:-10.00, u:-162.81, theta1:17.217, theta2:0.886, e:-0.562
t:6.45, r:-10.00, omega:-10.56, omega_m:-10.00, u:-162.80, theta1:17.216, theta2:0.886, e:-0.562
t:6.46, r:-10.00, omega:-9.84, omega_m:-10.00, u:-163.44, theta1:17.216, theta2:0.886, e:0.158
t:6.47, r:-10.00, omega:-9.84, omega_m:-10.00, u:-163.44, theta1:17.216, theta2:0.886, e:0.158
t:6.48, r:-10.00, omega:-9.84, omega_m:-10.00, u:-163.44, theta1:17.216, theta2:0.886, e:0.158
t:6.49, r:-10.00, omega:-9.84, omega_m:-10.00, u:-163.44, theta1:17.216, theta2:0.886, e:0.158
t:6.50, r:-10.00, omega:-9.84, omega_m:-10.00, u:-163.45, theta1:17.216, theta2:0.886, e:0.158
t:6.51, r:-10.00, omega:-10.63, omega_m:-10.00, u:-162.74, theta1:17.216, theta2:0.886, e:-0.626
t:6.52, r:-10.00, omega:-10.63, omega_m:-10.00, u:-162.74, theta1:17.216, theta2:0.886, e:-0.626
t:6.53, r:-10.00, omega:-10.63, omega_m:-10.00, u:-162.73, theta1:17.215, theta2:0.887, e:-0.626
t:6.54, r:-10.00, omega:-10.63, omega_m:-10.00, u:-162.72, theta1:17.215, theta2:0.887, e:-0.626
t:6.55, r:-10.00, omega:-10.63, omega_m:-10.00, u:-162.71, theta1:17.214, theta2:0.887, e:-0.626
t:6.56, r:-10.00, omega:-10.46, omega_m:-10.00, u:-162.86, theta1:17.214, theta2:0.888, e:-0.456
t:6.57, r:-10.00, omega:-10.46, omega_m:-10.00, u:-162.85, theta1:17.214, theta2:0.888, e:-0.456
t:6.58, r:-10.00, omega:-10.46, omega_m:-10.00, u:-162.85, theta1:17.213, theta2:0.888, e:-0.456
t:6.59, r:-10.00, omega:-10.46, omega_m:-10.00, u:-162.84, theta1:17.213, theta2:0.888, e:-0.456
t:6.60, r:-10.00, omega:-10.46, omega_m:-10.00, u:-162.84, theta1:17.213, theta2:0.889, e:-0.456
t:6.61, r:-10.00, omega:-10.18, omega_m:-10.00, u:-163.08, theta1:17.213, theta2:0.889, e:-0.181
t:6.62, r:-10.00, omega:-10.18, omega_m:-10.00, u:-163.08, theta1:17.213, theta2:0.889, e:-0.181
t:6.63, r:-10.00, omega:-10.18, omega_m:-10.00, u:-163.07, theta1:17.212, theta2:0.889, e:-0.181
t:6.64, r:-10.00, omega:-10.18, omega_m:-10.00, u:-163.07, theta1:17.212, theta2:0.889, e:-0.181
t:6.65, r:-10.00, omega:-10.18, omega_m:-10.00, u:-163.07, theta1:17.212, theta2:0.889, e:-0.181
t:6.66, r:-10.00, omega:-10.94, omega_m:-10.00, u:-162.38, theta1:17.212, theta2:0.890, e:-0.939
t:6.67, r:-10.00, omega:-10.94, omega_m:-10.00, u:-162.37, theta1:17.211, theta2:0.890, e:-0.939
t:6.68, r:-10.00, omega:-10.94, omega_m:-10.00, u:-162.36, theta1:17.210, theta2:0.891, e:-0.939
t:6.69, r:-10.00, omega:-10.94, omega_m:-10.00, u:-162.35, theta1:17.210, theta2:0.891, e:-0.939
t:6.70, r:-10.00, omega:-10.94, omega_m:-10.00, u:-162.34, theta1:17.209, theta2:0.892, e:-0.939
t:6.71, r:-10.00, omega:-10.61, omega_m:-10.00, u:-162.62, theta1:17.209, theta2:0.892, e:-0.614
t:6.72, r:-10.00, omega:-10.61, omega_m:-10.00, u:-162.61, theta1:17.208, theta2:0.892, e:-0.614
t:6.73, r:-10.00, omega:-10.61, omega_m:-10.00, u:-162.60, theta1:17.208, theta2:0.893, e:-0.614
t:6.74, r:-10.00, omega:-10.61, omega_m:-10.00, u:-162.60, theta1:17.207, theta2:0.893, e:-0.614
t:6.75, r:-10.00, omega:-10.61, omega_m:-10.00, u:-162.59, theta1:17.207, theta2:0.893, e:-0.614
t:6.76, r:-10.00, omega:-10.19, omega_m:-10.00, u:-162.96, theta1:17.207, theta2:0.893, e:-0.192
t:6.77, r:-10.00, omega:-10.19, omega_m:-10.00, u:-162.96, theta1:17.207, theta2:0.893, e:-0.192
t:6.78, r:-10.00, omega:-10.19, omega_m:-10.00, u:-162.96, theta1:17.207, theta2:0.893, e:-0.192
t:6.79, r:-10.00, omega:-10.19, omega_m:-10.00, u:-162.96, theta1:17.206, theta2:0.894, e:-0.192
t:6.80, r:-10.00, omega:-10.19, omega_m:-10.00, u:-162.96, theta1:17.206, theta2:0.894, e:-0.192
t:6.81, r:-10.00, omega:-10.58, omega_m:-10.00, u:-162.60, theta1:17.206, theta2:0.894, e:-0.576
t:6.82, r:-10.00, omega:-10.58, omega_m:-10.00, u:-162.60, theta1:17.206, theta2:0.894, e:-0.576
t:6.83, r:-10.00, omega:-10.58, omega_m:-10.00, u:-162.59, theta1:17.205, theta2:0.895, e:-0.576
t:6.84, r:-10.00, omega:-10.58, omega_m:-10.00, u:-162.58, theta1:17.205, theta2:0.895, e:-0.576
t:6.85, r:-10.00, omega:-10.58, omega_m:-10.00, u:-162.58, theta1:17.204, theta2:0.895, e:-0.576
t:6.86, r:-10.00, omega:-10.84, omega_m:-10.00, u:-162.33, theta1:17.204, theta2:0.896, e:-0.840
t:6.87, r:-10.00, omega:-10.84, omega_m:-10.00, u:-162.32, theta1:17.203, theta2:0.896, e:-0.840
t:6.88, r:-10.00, omega:-10.84, omega_m:-10.00, u:-162.31, theta1:17.203, theta2:0.896, e:-0.840
t:6.89, r:-10.00, omega:-10.84, omega_m:-10.00, u:-162.30, theta1:17.202, theta2:0.897, e:-0.840
t:6.90, r:-10.00, omega:-10.84, omega_m:-10.00, u:-162.29, theta1:17.202, theta2:0.897, e:-0.840
t:6.91, r:-10.00, omega:-10.16, omega_m:-10.00, u:-162.90, theta1:17.201, theta2:0.897, e:-0.160
t:6.92, r:-10.00, omega:-10.16, omega_m:-10.00, u:-162.89, theta1:17.201, theta2:0.898, e:-0.160
t:6.93, r:-10.00, omega:-10.16, omega_m:-10.00, u:-162.89, theta1:17.201, theta2:0.898, e:-0.160
t:6.94, r:-10.00, omega:-10.16, omega_m:-10.00, u:-162.89, theta1:17.201, theta2:0.898, e:-0.160
t:6.95, r:-10.00, omega:-10.16, omega_m:-10.00, u:-162.89, theta1:17.201, theta2:0.898, e:-0.160
t:6.96, r:-10.00, omega:-10.40, omega_m:-10.00, u:-162.67, theta1:17.201, theta2:0.898, e:-0.396
t:6.97, r:-10.00, omega:-10.40, omega_m:-10.00, u:-162.67, theta1:17.200, theta2:0.898, e:-0.396
t:6.98, r:-10.00, omega:-10.40, omega_m:-10.00, u:-162.66, theta1:17.200, theta2:0.898, e:-0.396
t:6.99, r:-10.00, omega:-10.40, omega_m:-10.00, u:-162.66, theta1:17.200, theta2:0.899, e:-0.396
t:7.00, r:-10.00, omega:-10.40, omega_m:-10.00, u:-162.65, theta1:17.200, theta2:0.899, e:-0.396
t:7.01, r:0.00, omega:-10.47, omega_m:-3.68, u:0.00, theta1:17.199, theta2:0.902, e:-6.794
t:7.02, r:0.00, omega:-10.47, omega_m:-1.35, u:0.00, theta1:17.197, theta2:0.907, e:-9.120
t:7.03, r:0.00, omega:-10.47, omega_m:-0.50, u:0.00, theta1:17.195, theta2:0.912, e:-9.975
t:7.04, r:0.00, omega:-10.47, omega_m:-0.18, u:0.00, theta1:17.193, theta2:0.917, e:-10.290
t:7.05, r:0.00, omega:-10.47, omega_m:-0.07, u:0.00, theta1:17.192, theta2:0.923, e:-10.406
t:7.06, r:0.00, omega:-10.47, omega_m:-0.02, u:0.00, theta1:17.190, theta2:0.928, e:-10.448
t:7.07, r:0.00, omega:-10.47, omega_m:-0.01, u:0.00, theta1:17.188, theta2:0.934, e:-10.464
t:7.08, r:0.00, omega:-10.47, omega_m:-0.00, u:0.00, theta1:17.186, theta2:0.939, e:-10.470
t:7.09, r:0.00, omega:-10.47, omega_m:-0.00, u:0.00, theta1:17.184, theta2:0.944, e:-10.472
t:7.10, r:0.00, omega:-10.47, omega_m:-0.00, u:0.00, theta1:17.183, theta2:0.950, e:-10.473
t:7.11, r:0.00, omega:-10.47, omega_m:-0.00, u:0.00, theta1:17.181, theta2:0.955, e:-10.473
t:7.12, r:0.00, omega:-10.47, omega_m:-0.00, u:0.00, theta1:17.179, theta2:0.960, e:-10.473
t:7.13, r:0.00, omega:-10.47, omega_m:-0.00, u:0.00, theta1:17.177, theta2:0.966, e:-10.473
t:7.14, r:0.00, omega:-10.47, omega_m:-0.00, u:0.00, theta1:17.175, theta2:0.971, e:-10.473
t:7.15, r:0.00, omega:-10.47, omega_m:-0.00, u:0.00, theta1:17.174, theta2:0.977, e:-10.473
t:7.16, r:0.00, omega:-10.47, omega_m:-0.00, u:0.00, theta1:17.172, theta2:0.982, e:-10.473
t:7.17, r:0.00, omega:-10.47, omega_m:-0.00, u:0.00, theta1:17.170, theta2:0.987, e:-10.473
t:7.18, r:0.00, omega:-10.47, omega_m:-0.00, u:0.00, theta1:17.168, theta2:0.993, e:-10.473
t:7.19, r:0.00, omega:-10.47, omega_m:-0.00, u:0.00, theta1:17.166, theta2:0.998, e:-10.473
t:7.20, r:0.00, omega:-10.47, omega_m:-0.00, u:0.00, theta1:17.165, theta2:1.003, e:-10.473
t:7.21, r:0.00, omega:-10.47, omega_m:-0.00, u:0.00, theta1:17.163, theta2:1.009, e:-10.473
t:7.22, r:0.00, omega:-10.47, omega_m:-0.00, u:0.00, theta1:17.161, theta2:1.014, e:-10.473
t:7.23, r:0.00, omega:-10.47, omega_m:-0.00, u:0.00, theta1:17.159, theta2:1.020, e:-10.473
t:7.24, r:0.00, omega:-10.47, omega_m:-0.00, u:0.00, theta1:17.157, theta2:1.025, e:-10.473
t:7.25, r:0.00, omega:-10.47, omega_m:-0.00, u:0.00, theta1:17.156, theta2:1.030, e:-10.473
t:7.26, r:0.00, omega:-10.47, omega_m:-0.00, u:0.00, theta1:17.154, theta2:1.036, e:-10.473
t:7.27, r:0.00, omega:-10.47, omega_m:-0.00, u:0.00, theta1:17.152, theta2:1.041, e:-10.473
t:7.28, r:0.00, omega:-10.47, omega_m:-0.00, u:0.00, theta1:17.150, theta2:1.047, e:-10.473
t:7.29, r:0.00, omega:-10.47, omega_m:-0.00, u:0.00, theta1:17.149, theta2:1.052, e:-10.473
t:7.30, r:0.00, omega:-10.47, omega_m:-0.00, u:0.00, theta1:17.147, theta2:1.057, e:-10.473
t:7.31, r:0.00, omega:-10.47, omega_m:-0.00, u:0.00, theta1:17.145, theta2:1.063, e:-10.473
t:7.32, r:0.00, omega:-10.47, omega_m:-0.00, u:0.00, theta1:17.143, theta2:1.068, e:-10.473
t:7.33, r:0.00, omega:-10.47, omega_m:-0.00, u:0.00, theta1:17.141, theta2:1.073, e:-10.473
t:7.34, r:0.00, omega:-10.47, omega_m:-0.00, u:0.00, theta1:17.140, theta2:1.079, e:-10.473
t:7.35, r:0.00, omega:-10.47, omega_m:-0.00, u:0.00, theta1:17.138, theta2:1.084, e:-10.473
t:7.36, r:0.00, omega:-10.47, omega_m:-0.00, u:0.00, theta1:17.136, theta2:1.089, e:-10.473
t:7.37, r:0.00, omega:-10.47, omega_m:-0.00, u:0.00, theta1:17.134, theta2:1.095, e:-10.473
t:7.38, r:0.00, omega:-10.47, omega_m:-0.00, u:0.00, theta1:17.132, theta2:1.100, e:-10.473
t:7.39, r:0.00, omega:-10.47, omega_m:-0.00, u:0.00, theta1:17.131, theta2:1.106, e:-10.473
t:7.40, r:0.00, omega:-10.47, omega_m:-0.00, u:0.00, theta1:17.129, theta2:1.111, e:-10.473
t:7.41, r:0.00, omega:-10.47, omega_m:-0.00, u:0.00, theta1:17.127, theta2:1.116, e:-10.473
t:7.42, r:0.00, omega:-10.47, omega_m:-0.00, u:0.00, theta1:17.125, theta2:1.122, e:-10.473
t:7.43, r:0.00, omega:-10.47, omega_m:-0.00, u:0.00, theta1:17.123, theta2:1.127, e:-10.473
t:7.44, r:0.00, omega:-10.47, omega_m:-0.00, u:0.00, theta1:17.122, theta2:1.132, e:-10.473
t:7.45, r:0.00, omega:-10.47, omega_m:-0.00, u:0.00, theta1:17.120, theta2:1.138, e:-10.473
t:7.46, r:0.00, omega:-10.47, omega_m:-0.00, u:0.00, theta1:17.118, theta2:1.143, e:-10.473
t:7.47, r:0.00, omega:-10.47, omega_m:-0.00, u:0.00, theta1:17.116, theta2:1.149, e:-10.473
t:7.48, r:0.00, omega:-10.47, omega_m:-0.00, u:0.00, theta1:17.114, theta2:1.154, e:-10.473
t:7.49, r:0.00, omega:-10.47, omega_m:-0.00, u:0.00, theta1:17.113, theta2:1.159, e:-10.473
t:7.50, r:0.00, omega:-10.47, omega_m:-0.00, u:0.00, theta1:17.111, theta2:1.165, e:-10.473
t:7.51, r:0.00, omega:0.00, omega_m:-0.00, u:0.00, theta1:17.111, theta2:1.165, e:0.000
t:7.52, r:0.00, omega:0.00, omega_m:-0.00, u:0.00, theta1:17.111, theta2:1.165, e:0.000
t:7.53, r:0.00, omega:0.00, omega_m:-0.00, u:0.00, theta1:17.111, theta2:1.165, e:0.000
t:7.54, r:0.00, omega:0.00, omega_m:-0.00, u:0.00, theta1:17.111, theta2:1.165, e:0.000
t:7.55, r:0.00, omega:0.00, omega_m:-0.00, u:0.00, theta1:17.111, theta2:1.165, e:0.000
t:7.56, r:0.00, omega:0.00, omega_m:-0.00, u:0.00, theta1:17.111, theta2:1.165, e:0.000
t:7.57, r:0.00, omega:0.00, omega_m:-0.00, u:0.00, theta1:17.111, theta2:1.165, e:0.000
t:7.58, r:0.00, omega:0.00, omega_m:-0.00, u:0.00, theta1:17.111, theta2:1.165, e:0.000
t:7.59, r:0.00, omega:0.00, omega_m:-0.00, u:0.00, theta1:17.111, theta2:1.165, e:0.000
t:7.60, r:0.00, omega:0.00, omega_m:-0.00, u:0.00, theta1:17.111, theta2:1.165, e:0.000
t:7.61, r:0.00, omega:0.00, omega_m:-0.00, u:0.00, theta1:17.111, theta2:1.165, e:0.000
t:7.62, r:0.00, omega:0.00, omega_m:-0.00, u:0.00, theta1:17.111, theta2:1.165, e:0.000
t:7.63, r:0.00, omega:0.00, omega_m:-0.00, u:0.00, theta1:17.111, theta2:1.165, e:0.000
t:7.64, r:0.00, omega:0.00, omega_m:-0.00, u:0.00, theta1:17.111, theta2:1.165, e:0.000
t:7.65, r:0.00, omega:0.00, omega_m:-0.00, u:0.00, theta1:17.111, theta2:1.165, e:0.000
t:7.66, r:0.00, omega:0.00, omega_m:-0.00, u:0.00, theta1:17.111, theta2:1.165, e:0.000
t:7.67, r:0.00, omega:0.00, omega_m:-0.00, u:0.00, theta1:17.111, theta2:1.165, e:0.000
t:7.68, r:0.00, omega:0.00, omega_m:-0.00, u:0.00, theta1:17.111, theta2:1.165, e:0.000
t:7.69, r:0.00, omega:0.00, omega_m:-0.00, u:0.00, theta1:17.111, theta2:1.165, e:0.000
t:7.70, r:0.00, omega:0.00, omega_m:-0.00, u:0.00, theta1:17.111, theta2:1.165, e:0.000
t:7.71, r:0.00, omega:0.00, omega_m:-0.00, u:0.00, theta1:17.111, theta2:1.165, e:0.000
t:7.72, r:0.00, omega:0.00, omega_m:-0.00, u:0.00, theta1:17.111, theta2:1.165, e:0.000
t:7.73, r:0.00, omega:0.00, omega_m:-0.00, u:0.00, theta1:17.111, theta2:1.165, e:0.000
t:7.74, r:0.00, omega:0.00, omega_m:-0.00, u:0.00, theta1:17.111, theta2:1.165, e:0.000
t:7.75, r:0.00, omega:0.00, omega_m:-0.00, u:0.00, theta1:17.111, theta2:1.165, e:0.000
t:7.76, r:0.00, omega:0.00, omega_m:-0.00, u:0.00, theta1:17.111, theta2:1.165, e:0.000
t:7.77, r:0.00, omega:0.00, omega_m:-0.00, u:0.00, theta1:17.111, theta2:1.165, e:0.000
t:7.78, r:0.00, omega:0.00, omega_m:-0.00, u:0.00, theta1:17.111, theta2:1.165, e:0.000
t:7.79, r:0.00, omega:0.00, omega_m:-0.00, u:0.00, theta1:17.111, theta2:1.165, e:0.000
t:7.80, r:0.00, omega:0.00, omega_m:-0.00, u:0.00, theta1:17.111, theta2:1.165, e:0.000
t:7.81, r:0.00, omega:0.00, omega_m:-0.00, u:0.00, theta1:17.111, theta2:1.165, e:0.000
t:7.82, r:0.00, omega:0.00, omega_m:-0.00, u:0.00, theta1:17.111, theta2:1.165, e:0.000
t:7.83, r:0.00, omega:0.00, omega_m:-0.00, u:0.00, theta1:17.111, theta2:1.165, e:0.000
t:7.84, r:0.00, omega:0.00, omega_m:-0.00, u:0.00, theta1:17.111, theta2:1.165, e:0.000
t:7.85, r:0.00, omega:0.00, omega_m:-0.00, u:0.00, theta1:17.111, theta2:1.165, e:0.000
t:7.86, r:0.00, omega:0.00, omega_m:-0.00, u:0.00, theta1:17.111, theta2:1.165, e:0.000
t:7.87, r:0.00, omega:0.00, omega_m:-0.00, u:0.00, theta1:17.111, theta2:1.165, e:0.000
t:7.88, r:0.00, omega:0.00, omega_m:-0.00, u:0.00, theta1:17.111, theta2:1.165, e:0.000
t:7.89, r:0.00, omega:0.00, omega_m:-0.00, u:0.00, theta1:17.111, theta2:1.165, e:0.000
t:7.90, r:0.00, omega:0.00, omega_m:-0.00, u:0.00, theta1:17.111, theta2:1.165, e:0.000
t:7.91, r:0.00, omega:0.00, omega_m:-0.00, u:0.00, theta1:17.111, theta2:1.165, e:0.000
t:7.92, r:0.00, omega:0.00, omega_m:-0.00, u:0.00, theta1:17.111, theta2:1.165, e:0.000
t:7.93, r:0.00, omega:0.00, omega_m:-0.00, u:0.00, theta1:17.111, theta2:1.165, e:0.000
t:7.94, r:0.00, omega:0.00, omega_m:-0.00, u:0.00, theta1:17.111, theta2:1.165, e:0.000
t:7.95, r:0.00, omega:0.00, omega_m:-0.00, u:0.00, theta1:17.111, theta2:1.165, e:0.000
t:7.96, r:0.00, omega:0.00, omega_m:-0.00, u:0.00, theta1:17.111, theta2:1.165, e:0.000
t:7.97, r:0.00, omega:0.00, omega_m:-0.00, u:0.00, theta1:17.111, theta2:1.165, e:0.000
t:7.98, r:0.00, omega:0.00, omega_m:-0.00, u:0.00, theta1:17.111, theta2:1.165, e:0.000
t:7.99, r:0.00, omega:0.00, omega_m:-0.00, u:0.00, theta1:17.111, theta2:1.165, e:0.000
t:8.00, r:0.00, omega:0.00, omega_m:-0.00, u:0.00, theta1:17.111, theta2:1.165, e:0.000
t:8.01, r:10.00, omega:0.00, omega_m:6.32, u:171.13, theta1:17.113, theta2:1.165, e:-6.321
t:8.02, r:10.00, omega:0.00, omega_m:8.65, u:171.16, theta1:17.116, theta2:1.164, e:-8.647
t:8.03, r:10.00, omega:0.52, omega_m:9.50, u:170.59, theta1:17.119, theta2:1.164, e:-8.987
t:8.04, r:10.00, omega:0.52, omega_m:9.82, u:170.62, theta1:17.122, theta2:1.164, e:-9.302
t:8.05, r:10.00, omega:0.52, omega_m:9.93, u:170.65, theta1:17.125, theta2:1.163, e:-9.417
t:8.06, r:10.00, omega:0.52, omega_m:9.98, u:170.68, theta1:17.128, theta2:1.163, e:-9.460
t:8.07, r:10.00, omega:0.52, omega_m:9.99, u:170.71, theta1:17.131, theta2:1.163, e:-9.476
t:8.08, r:10.00, omega:0.52, omega_m:10.00, u:170.74, theta1:17.134, theta2:1.162, e:-9.481
t:8.09, r:10.00, omega:8.05, omega_m:10.00, u:162.00, theta1:17.135, theta2:1.162, e:-1.950
t:8.10, r:10.00, omega:8.05, omega_m:10.00, u:162.01, theta1:17.135, theta2:1.161, e:-1.950
t:8.11, r:10.00, omega:8.05, omega_m:10.00, u:162.02, theta1:17.136, theta2:1.160, e:-1.951
t:8.12, r:10.00, omega:8.05, omega_m:10.00, u:162.04, theta1:17.137, theta2:1.159, e:-1.951
t:8.13, r:10.00, omega:8.05, omega_m:10.00, u:162.05, theta1:17.137, theta2:1.158, e:-1.951
t:8.14, r:10.00, omega:10.52, omega_m:10.00, u:159.18, theta1:17.137, theta2:1.159, e:0.525
t:8.15, r:10.00, omega:10.52, omega_m:10.00, u:159.17, theta1:17.137, theta2:1.159, e:0.525
t:8.16, r:10.00, omega:10.52, omega_m:10.00, u:159.16, theta1:17.136, theta2:1.159, e:0.525
t:8.17, r:10.00, omega:10.52, omega_m:10.00, u:159.16, theta1:17.136, theta2:1.159, e:0.525
t:8.18, r:10.00, omega:10.52, omega_m:10.00, u:159.15, theta1:17.136, theta2:1.160, e:0.525
t:8.19, r:10.00, omega:10.24, omega_m:10.00, u:159.48, theta1:17.135, theta2:1.160, e:0.239
t:8.20, r:10.00, omega:10.24, omega_m:10.00, u:159.48, theta1:17.135, theta2:1.160, e:0.239
t:8.21, r:10.00, omega:10.24, omega_m:10.00, u:159.47, theta1:17.135, theta2:1.160, e:0.239
t:8.22, r:10.00, omega:10.24, omega_m:10.00, u:159.47, theta1:17.135, theta2:1.160, e:0.239
t:8.23, r:10.00, omega:10.24, omega_m:10.00, u:159.47, theta1:17.135, theta2:1.160, e:0.239
t:8.24, r:10.00, omega:10.24, omega_m:10.00, u:159.47, theta1:17.135, theta2:1.160, e:0.239
t:8.25, r:10.00, omega:9.48, omega_m:10.00, u:160.35, theta1:17.135, theta2:1.160, e:-0.524
t:8.26, r:10.00, omega:9.48, omega_m:10.00, u:160.36, theta1:17.135, theta2:1.160, e:-0.524
t:8.27, r:10.00, omega:9.48, omega_m:10.00, u:160.36, theta1:17.135, theta2:1.160, e:-0.524
t:8.28, r:10.00, omega:9.48, omega_m:10.00, u:160.37, theta1:17.135, theta2:1.159, e:-0.524
t:8.29, r:10.00, omega:9.48, omega_m:10.00, u:160.37, theta1:17.136, theta2:1.159, e:-0.524
t:8.30, r:10.00, omega:11.05, omega_m:10.00, u:158.54, theta1:17.135, theta2:1.160, e:1.046
t:8.31, r:10.00, omega:11.05, omega_m:10.00, u:158.53, theta1:17.134, theta2:1.160, e:1.046
t:8.32, r:10.00, omega:11.05, omega_m:10.00, u:158.51, theta1:17.133, theta2:1.161, e:1.046
t:8.33, r:10.00, omega:11.05, omega_m:10.00, u:158.50, theta1:17.133, theta2:1.161, e:1.046
t:8.34, r:10.00, omega:11.05, omega_m:10.00, u:158.49, theta1:17.132, theta2:1.162, e:1.046
t:8.35, r:10.00, omega:9.61, omega_m:10.00, u:160.16, theta1:17.132, theta2:1.162, e:-0.390
t:8.36, r:10.00, omega:9.61, omega_m:10.00, u:160.16, theta1:17.132, theta2:1.162, e:-0.390
t:8.37, r:10.00, omega:9.61, omega_m:10.00, u:160.16, theta1:17.132, theta2:1.161, e:-0.390
t:8.38, r:10.00, omega:9.61, omega_m:10.00, u:160.17, theta1:17.133, theta2:1.161, e:-0.390
t:8.39, r:10.00, omega:9.61, omega_m:10.00, u:160.17, theta1:17.133, theta2:1.161, e:-0.390
t:8.40, r:10.00, omega:9.84, omega_m:10.00, u:159.90, theta1:17.133, theta2:1.161, e:-0.158
t:8.41, r:10.00, omega:9.84, omega_m:10.00, u:159.90, theta1:17.133, theta2:1.161, e:-0.158
t:8.42, r:10.00, omega:9.84, omega_m:10.00, u:159.90, theta1:17.133, theta2:1.161, e:-0.158
t:8.43, r:10.00, omega:9.84, omega_m:10.00, u:159.91, theta1:17.133, theta2:1.161, e:-0.158
t:8.44, r:10.00, omega:9.84, omega_m:10.00, u:159.91, theta1:17.133, theta2:1.161, e:-0.158
t:8.45, r:10.00, omega:9.84, omega_m:10.00, u:159.91, theta1:17.133, theta2:1.161, e:-0.158
t:8.46, r:10.00, omega:10.13, omega_m:10.00, u:159.57, theta1:17.133, theta2:1.161, e:0.129
t:8.47, r:10.00, omega:10.13, omega_m:10.00, u:159.57, theta1:17.133, theta2:1.161, e:0.129
t:8.48, r:10.00, omega:10.13, omega_m:10.00, u:159.57, theta1:17.133, theta2:1.161, e:0.129
t:8.49, r:10.00, omega:10.13, omega_m:10.00, u:159.57, theta1:17.133, theta2:1.161, e:0.129
t:8.50, r:10.00, omega:10.13, omega_m:10.00, u:159.57, theta1:17.133, theta2:1.161, e:0.129
t:8.51, r:10.00, omega:10.32, omega_m:10.00, u:159.34, theta1:17.132, theta2:1.161, e:0.318
t:8.52, r:10.00, omega:10.32, omega_m:10.00, u:159.34, theta1:17.132, theta2:1.161, e:0.318
t:8.53, r:10.00, omega:10.32, omega_m:10.00, u:159.34, theta1:17.132, theta2:1.161, e:0.318
t:8.54, r:10.00, omega:10.32, omega_m:10.00, u:159.33, theta1:17.132, theta2:1.161, e:0.318
t:8.55, r:10.00, omega:10.32, omega_m:10.00, u:159.33, theta1:17.131, theta2:1.162, e:0.318
t:8.56, r:10.00, omega:9.40, omega_m:10.00, u:160.40, theta1:17.132, theta2:1.161, e:-0.604
t:8.57, r:10.00, omega:9.40, omega_m:10.00, u:160.41, theta1:17.132, theta2:1.161, e:-0.604
t:8.58, r:10.00, omega:9.40, omega_m:10.00, u:160.41, theta1:17.132, theta2:1.161, e:-0.604
t:8.59, r:10.00, omega:9.40, omega_m:10.00, u:160.42, theta1:17.132, theta2:1.160, e:-0.604
t:8.60, r:10.00, omega:9.40, omega_m:10.00, u:160.42, theta1:17.132, theta2:1.160, e:-0.604
t:8.61, r:10.00, omega:10.60, omega_m:10.00, u:159.02, theta1:17.132, theta2:1.160, e:0.602
t:8.62, r:10.00, omega:10.60, omega_m:10.00, u:159.01, theta1:17.132, theta2:1.161, e:0.602
t:8.63, r:10.00, omega:10.60, omega_m:10.00, u:159.00, theta1:17.131, theta2:1.161, e:0.602
t:8.64, r:10.00, omega:10.60, omega_m:10.00, u:158.99, theta1:17.131, theta2:1.161, e:0.602
t:8.65, r:10.00, omega:10.60, omega_m:10.00, u:158.99, theta1:17.130, theta2:1.162, e:0.602
t:8.66, r:10.00, omega:9.84, omega_m:10.00, u:159.88, theta1:17.131, theta2:1.162, e:-0.163
t:8.67, r:10.00, omega:9.84, omega_m:10.00, u:159.88, theta1:17.131, theta2:1.162, e:-0.163
t:8.68, r:10.00, omega:9.84, omega_m:10.00, u:159.88, theta1:17.131, theta2:1.161, e:-0.163
t:8.69, r:10.00, omega:9.84, omega_m:10.00, u:159.88, theta1:17.131, theta2:1.161, e:-0.163
t:8.70, r:10.00, omega:9.84, omega_m:10.00, u:159.88, theta1:17.131, theta2:1.161, e:-0.163
t:8.71, r:10.00, omega:9.84, omega_m:10.00, u:159.89, theta1:17.131, theta2:1.161, e:-0.163
t:8.72, r:10.00, omega:9.38, omega_m:10.00, u:160.42, theta1:17.131, theta2:1.161, e:-0.621
t:8.73, r:10.00, omega:9.38, omega_m:10.00, u:160.43, theta1:17.131, theta2:1.161, e:-0.621
t:8.74, r:10.00, omega:9.38, omega_m:10.00, u:160.43, theta1:17.131, theta2:1.160, e:-0.621
t:8.75, r:10.00, omega:9.38, omega_m:10.00, u:160.44, theta1:17.132, theta2:1.160, e:-0.621
t:8.76, r:10.00, omega:9.38, omega_m:10.00, u:160.44, theta1:17.132, theta2:1.160, e:-0.621
t:8.77, r:10.00, omega:10.05, omega_m:10.00, u:159.66, theta1:17.132, theta2:1.160, e:0.052
t:8.78, r:10.00, omega:10.05, omega_m:10.00, u:159.66, theta1:17.132, theta2:1.160, e:0.052
t:8.79, r:10.00, omega:10.05, omega_m:10.00, u:159.66, theta1:17.132, theta2:1.160, e:0.052
t:8.80, r:10.00, omega:10.05, omega_m:10.00, u:159.66, theta1:17.132, theta2:1.160, e:0.052
t:8.81, r:10.00, omega:10.05, omega_m:10.00, u:159.66, theta1:17.132, theta2:1.160, e:0.052
t:8.82, r:10.00, omega:10.16, omega_m:10.00, u:159.53, theta1:17.132, theta2:1.160, e:0.158
t:8.83, r:10.00, omega:10.16, omega_m:10.00, u:159.53, theta1:17.131, theta2:1.160, e:0.158
t:8.84, r:10.00, omega:10.16, omega_m:10.00, u:159.53, theta1:17.131, theta2:1.160, e:0.158
t:8.85, r:10.00, omega:10.16, omega_m:10.00, u:159.53, theta1:17.131, theta2:1.160, e:0.158
t:8.86, r:10.00, omega:10.16, omega_m:10.00, u:159.53, theta1:17.131, theta2:1.160, e:0.158
t:8.87, r:10.00, omega:10.16, omega_m:10.00, u:159.52, theta1:17.131, theta2:1.160, e:0.158
t:8.88, r:10.00, omega:9.21, omega_m:10.00, u:160.63, theta1:17.131, theta2:1.160, e:-0.791
t:8.89, r:10.00, omega:9.21, omega_m:10.00, u:160.64, theta1:17.132, theta2:1.160, e:-0.791
t:8.90, r:10.00, omega:9.21, omega_m:10.00, u:160.64, theta1:17.132, theta2:1.159, e:-0.791
t:8.91, r:10.00, omega:9.21, omega_m:10.00, u:160.65, theta1:17.132, theta2:1.159, e:-0.791
t:8.92, r:10.00, omega:9.21, omega_m:10.00, u:160.65, theta1:17.132, theta2:1.158, e:-0.791
t:8.93, r:10.00, omega:10.05, omega_m:10.00, u:159.68, theta1:17.132, theta2:1.159, e:0.047
t:8.94, r:10.00, omega:10.05, omega_m:10.00, u:159.68, theta1:17.132, theta2:1.159, e:0.047
t:8.95, r:10.00, omega:10.05, omega_m:10.00, u:159.68, theta1:17.132, theta2:1.159, e:0.047
t:8.96, r:10.00, omega:10.05, omega_m:10.00, u:159.68, theta1:17.132, theta2:1.159, e:0.047
t:8.97, r:10.00, omega:10.05, omega_m:10.00, u:159.68, theta1:17.132, theta2:1.159, e:0.047
t:8.98, r:10.00, omega:10.41, omega_m:10.00, u:159.25, theta1:17.132, theta2:1.159, e:0.412
t:8.99, r:10.00, omega:10.41, omega_m:10.00, u:159.25, theta1:17.132, theta2:1.159, e:0.412
t:9.00, r:10.00, omega:10.41, omega_m:10.00, u:159.24, theta1:17.131, theta2:1.159, e:0.412
t:9.01, r:0.00, omega:10.41, omega_m:3.68, u:0.00, theta1:17.130, theta2:1.163, e:6.733
t:9.02, r:0.00, omega:10.41, omega_m:1.35, u:0.00, theta1:17.129, theta2:1.167, e:9.058
t:9.03, r:0.00, omega:10.41, omega_m:0.50, u:0.00, theta1:17.127, theta2:1.172, e:9.914
t:9.04, r:0.00, omega:10.41, omega_m:0.18, u:0.00, theta1:17.125, theta2:1.178, e:10.228
t:9.05, r:0.00, omega:10.41, omega_m:0.07, u:0.00, theta1:17.123, theta2:1.183, e:10.344
t:9.06, r:0.00, omega:10.41, omega_m:0.02, u:0.00, theta1:17.122, theta2:1.188, e:10.387
t:9.07, r:0.00, omega:10.41, omega_m:0.01, u:0.00, theta1:17.120, theta2:1.193, e:10.402
t:9.08, r:0.00, omega:10.41, omega_m:0.00, u:0.00, theta1:17.118, theta2:1.199, e:10.408
t:9.09, r:0.00, omega:10.41, omega_m:0.00, u:0.00, theta1:17.116, theta2:1.204, e:10.410
t:9.10, r:0.00, omega:10.41, omega_m:0.00, u:0.00, theta1:17.114, theta2:1.209, e:10.411
t:9.11, r:0.00, omega:10.41, omega_m:0.00, u:0.00, theta1:17.113, theta2:1.215, e:10.411
t:9.12, r:0.00, omega:10.41, omega_m:0.00, u:0.00, theta1:17.111, theta2:1.220, e:10.412
t:9.13, r:0.00, omega:10.41, omega_m:0.00, u:0.00, theta1:17.109, theta2:1.225, e:10.412
t:9.14, r:0.00, omega:10.41, omega_m:0.00, u:0.00, theta1:17.107, theta2:1.230, e:10.412
t:9.15, r:0.00, omega:10.41, omega_m:0.00, u:0.00, theta1:17.106, theta2:1.236, e:10.412
t:9.16, r:0.00, omega:10.41, omega_m:0.00, u:0.00, theta1:17.104, theta2:1.241, e:10.412
t:9.17, r:0.00, omega:10.41, omega_m:0.00, u:0.00, theta1:17.102, theta2:1.246, e:10.412
t:9.18, r:0.00, omega:10.41, omega_m:0.00, u:0.00, theta1:17.100, theta2:1.252, e:10.412
t:9.19, r:0.00, omega:10.41, omega_m:0.00, u:0.00, theta1:17.098, theta2:1.257, e:10.412
t:9.20, r:0.00, omega:10.41, omega_m:0.00, u:0.00, theta1:17.097, theta2:1.262, e:10.412
t:9.21, r:0.00, omega:10.41, omega_m:0.00, u:0.00, theta1:17.095, theta2:1.267, e:10.412
t:9.22, r:0.00, omega:10.41, omega_m:0.00, u:0.00, theta1:17.093, theta2:1.273, e:10.412
t:9.23, r:0.00, omega:10.41, omega_m:0.00, u:0.00, theta1:17.091, theta2:1.278, e:10.412
t:9.24, r:0.00, omega:10.41, omega_m:0.00, u:0.00, theta1:17.090, theta2:1.283, e:10.412
t:9.25, r:0.00, omega:10.41, omega_m:0.00, u:0.00, theta1:17.088, theta2:1.289, e:10.412
t:9.26, r:0.00, omega:10.41, omega_m:0.00, u:0.00, theta1:17.086, theta2:1.294, e:10.412
t:9.27, r:0.00, omega:10.41, omega_m:0.00, u:0.00, theta1:17.084, theta2:1.299, e:10.412
t:9.28, r:0.00, omega:10.41, omega_m:0.00, u:0.00, theta1:17.082, theta2:1.304, e:10.412
t:9.29, r:0.00, omega:10.41, omega_m:0.00, u:0.00, theta1:17.081, theta2:1.310, e:10.412
t:9.30, r:0.00, omega:10.41, omega_m:0.00, u:0.00, theta1:17.079, theta2:1.315, e:10.412
t:9.31, r:0.00, omega:10.41, omega_m:0.00, u:0.00, theta1:17.077, theta2:1.320, e:10.412
t:9.32, r:0.00, omega:10.41, omega_m:0.00, u:0.00, theta1:17.075, theta2:1.326, e:10.412
t:9.33, r:0.00, omega:10.41, omega_m:0.00, u:0.00, theta1:17.074, theta2:1.331, e:10.412
t:9.34, r:0.00, omega:10.41, omega_m:0.00, u:0.00, theta1:17.072, theta2:1.336, e:10.412
t:9.35, r:0.00, omega:10.41, omega_m:0.00, u:0.00, theta1:17.070, theta2:1.341, e:10.412
t:9.36, r:0.00, omega:10.41, omega_m:0.00, u:0.00, theta1:17.068, theta2:1.347, e:10.412
t:9.37, r:0.00, omega:10.41, omega_m:0.00, u:0.00, theta1:17.066, theta2:1.352, e:10.412
t:9.38, r:0.00, omega:10.41, omega_m:0.00, u:0.00, theta1:17.065, theta2:1.357, e:10.412
t:9.39, r:0.00, omega:10.41, omega_m:0.00, u:0.00, theta1:17.063, theta2:1.363, e:10.412
t:9.40, r:0.00, omega:10.41, omega_m:0.00, u:0.00, theta1:17.061, theta2:1.368, e:10.412
t:9.41, r:0.00, omega:10.41, omega_m:0.00, u:0.00, theta1:17.059, theta2:1.373, e:10.412
t:9.42, r:0.00, omega:10.41, omega_m:0.00, u:0.00, theta1:17.058, theta2:1.378, e:10.412
t:9.43, r:0.00, omega:10.41, omega_m:0.00, u:0.00, theta1:17.056, theta2:1.384, e:10.412
t:9.44, r:0.00, omega:10.41, omega_m:0.00, u:0.00, theta1:17.054, theta2:1.389, e:10.412
t:9.45, r:0.00, omega:10.41, omega_m:0.00, u:0.00, theta1:17.052, theta2:1.394, e:10.412
t:9.46, r:0.00, omega:10.41, omega_m:0.00, u:0.00, theta1:17.050, theta2:1.399, e:10.412
t:9.47, r:0.00, omega:10.41, omega_m:0.00, u:0.00, theta1:17.049, theta2:1.405, e:10.412
t:9.48, r:0.00, omega:0.00, omega_m:0.00, u:0.00, theta1:17.049, theta2:1.405, e:-0.000
t:9.49, r:0.00, omega:0.00, omega_m:0.00, u:0.00, theta1:17.049, theta2:1.405, e:-0.000
t:9.50, r:0.00, omega:0.00, omega_m:0.00, u:0.00, theta1:17.049, theta2:1.405, e:-0.000
t:9.51, r:0.00, omega:0.00, omega_m:0.00, u:0.00, theta1:17.049, theta2:1.405, e:-0.000
t:9.52, r:0.00, omega:0.00, omega_m:0.00, u:0.00, theta1:17.049, theta2:1.405, e:-0.000
t:9.53, r:0.00, omega:0.00, omega_m:0.00, u:0.00, theta1:17.049, theta2:1.405, e:-0.000
t:9.54, r:0.00, omega:0.00, omega_m:0.00, u:0.00, theta1:17.049, theta2:1.405, e:-0.000
t:9.55, r:0.00, omega:0.00, omega_m:0.00, u:0.00, theta1:17.049, theta2:1.405, e:-0.000
t:9.56, r:0.00, omega:0.00, omega_m:0.00, u:0.00, theta1:17.049, theta2:1.405, e:-0.000
t:9.57, r:0.00, omega:0.00, omega_m:0.00, u:0.00, theta1:17.049, theta2:1.405, e:-0.000
t:9.58, r:0.00, omega:0.00, omega_m:0.00, u:0.00, theta1:17.049, theta2:1.405, e:-0.000
t:9.59, r:0.00, omega:0.00, omega_m:0.00, u:0.00, theta1:17.049, theta2:1.405, e:-0.000
t:9.60, r:0.00, omega:0.00, omega_m:0.00, u:0.00, theta1:17.049, theta2:1.405, e:-0.000
t:9.61, r:0.00, omega:0.00, omega_m:0.00, u:0.00, theta1:17.049, theta2:1.405, e:-0.000
t:9.62, r:0.00, omega:0.00, omega_m:0.00, u:0.00, theta1:17.049, theta2:1.405, e:-0.000
t:9.63, r:0.00, omega:0.00, omega_m:0.00, u:0.00, theta1:17.049, theta2:1.405, e:-0.000
t:9.64, r:0.00, omega:0.00, omega_m:0.00, u:0.00, theta1:17.049, theta2:1.405, e:-0.000
t:9.65, r:0.00, omega:0.00, omega_m:0.00, u:0.00, theta1:17.049, theta2:1.405, e:-0.000
t:9.66, r:0.00, omega:0.00, omega_m:0.00, u:0.00, theta1:17.049, theta2:1.405, e:-0.000
t:9.67, r:0.00, omega:0.00, omega_m:0.00, u:0.00, theta1:17.049, theta2:1.405, e:-0.000
t:9.68, r:0.00, omega:0.00, omega_m:0.00, u:0.00, theta1:17.049, theta2:1.405, e:-0.000
t:9.69, r:0.00, omega:0.00, omega_m:0.00, u:0.00, theta1:17.049, theta2:1.405, e:-0.000
t:9.70, r:0.00, omega:0.00, omega_m:0.00, u:0.00, theta1:17.049, theta2:1.405, e:-0.000
t:9.71, r:0.00, omega:0.00, omega_m:0.00, u:0.00, theta1:17.049, theta2:1.405, e:-0.000
t:9.72, r:0.00, omega:0.00, omega_m:0.00, u:0.00, theta1:17.049, theta2:1.405, e:-0.000
t:9.73, r:0.00, omega:0.00, omega_m:0.00, u:0.00, theta1:17.049, theta2:1.405, e:-0.000
t:9.74, r:0.00, omega:0.00, omega_m:0.00, u:0.00, theta1:17.049, theta2:1.405, e:-0.000
t:9.75, r:0.00, omega:0.00, omega_m:0.00, u:0.00, theta1:17.049, theta2:1.405, e:-0.000
t:9.76, r:0.00, omega:0.00, omega_m:0.00, u:0.00, theta1:17.049, theta2:1.405, e:-0.000
t:9.77, r:0.00, omega:0.00, omega_m:0.00, u:0.00, theta1:17.049, theta2:1.405, e:-0.000
t:9.78, r:0.00, omega:0.00, omega_m:0.00, u:0.00, theta1:17.049, theta2:1.405, e:-0.000
t:9.79, r:0.00, omega:0.00, omega_m:0.00, u:0.00, theta1:17.049, theta2:1.405, e:-0.000
t:9.80, r:0.00, omega:0.00, omega_m:0.00, u:0.00, theta1:17.049, theta2:1.405, e:-0.000
t:9.81, r:0.00, omega:0.00, omega_m:0.00, u:0.00, theta1:17.049, theta2:1.405, e:-0.000
t:9.82, r:0.00, omega:0.00, omega_m:0.00, u:0.00, theta1:17.049, theta2:1.405, e:-0.000
t:9.83, r:0.00, omega:0.00, omega_m:0.00, u:0.00, theta1:17.049, theta2:1.405, e:-0.000
t:9.84, r:0.00, omega:0.00, omega_m:0.00, u:0.00, theta1:17.049, theta2:1.405, e:-0.000
t:9.85, r:0.00, omega:0.00, omega_m:0.00, u:0.00, theta1:17.049, theta2:1.405, e:-0.000
t:9.86, r:0.00, omega:0.00, omega_m:0.00, u:0.00, theta1:17.049, theta2:1.405, e:-0.000
t:9.87, r:0.00, omega:0.00, omega_m:0.00, u:0.00, theta1:17.049, theta2:1.405, e:-0.000
t:9.88, r:0.00, omega:0.00, omega_m:0.00, u:0.00, theta1:17.049, theta2:1.405, e:-0.000
t:9.89, r:0.00, omega:0.00, omega_m:0.00, u:0.00, theta1:17.049, theta2:1.405, e:-0.000
t:9.90, r:0.00, omega:0.00, omega_m:0.00, u:0.00, theta1:17.049, theta2:1.405, e:-0.000
t:9.91, r:0.00, omega:0.00, omega_m:0.00, u:0.00, theta1:17.049, theta2:1.405, e:-0.000
t:9.92, r:0.00, omega:0.00, omega_m:0.00, u:0.00, theta1:17.049, theta2:1.405, e:-0.000
t:9.93, r:0.00, omega:0.00, omega_m:0.00, u:0.00, theta1:17.049, theta2:1.405, e:-0.000
t:9.94, r:0.00, omega:0.00, omega_m:0.00, u:0.00, theta1:17.049, theta2:1.405, e:-0.000
t:9.95, r:0.00, omega:0.00, omega_m:0.00, u:0.00, theta1:17.049, theta2:1.405, e:-0.000
t:9.96, r:0.00, omega:0.00, omega_m:0.00, u:0.00, theta1:17.049, theta2:1.405, e:-0.000
t:9.97, r:0.00, omega:0.00, omega_m:0.00, u:0.00, theta1:17.049, theta2:1.405, e:-0.000
t:9.98, r:0.00, omega:0.00, omega_m:0.00, u:0.00, theta1:17.049, theta2:1.405, e:-0.000
t:9.99, r:0.00, omega:0.00, omega_m:0.00, u:0.00, theta1:17.049, theta2:1.405, e:-0.000
t:10.00, r:0.00, omega:0.00, omega_m:0.00, u:0.00, theta1:17.049, theta2:1.405, e:-0.000
t:10.01, r:-10.00, omega:0.00, omega_m:-6.32, u:-170.51, theta1:17.051, theta2:1.405, e:6.321
t:10.02, r:-10.00, omega:0.00, omega_m:-8.65, u:-170.54, theta1:17.054, theta2:1.405, e:8.647
t:10.03, r:-10.00, omega:0.00, omega_m:-9.50, u:-170.57, theta1:17.057, theta2:1.404, e:9.502
t:10.04, r:-10.00, omega:0.00, omega_m:-9.82, u:-170.60, theta1:17.060, theta2:1.404, e:9.817
t:10.05, r:-10.00, omega:0.00, omega_m:-9.93, u:-170.63, theta1:17.063, theta2:1.404, e:9.933
t:10.06, r:-10.00, omega:-0.49, omega_m:-9.98, u:-169.98, theta1:17.066, theta2:1.404, e:9.489
t:10.07, r:-10.00, omega:-0.49, omega_m:-9.99, u:-170.01, theta1:17.069, theta2:1.403, e:9.505
t:10.08, r:-10.00, omega:-0.49, omega_m:-10.00, u:-170.04, theta1:17.073, theta2:1.403, e:9.510
t:10.09, r:-10.00, omega:-0.49, omega_m:-10.00, u:-170.08, theta1:17.076, theta2:1.403, e:9.513
t:10.10, r:-10.00, omega:-0.49, omega_m:-10.00, u:-170.11, theta1:17.079, theta2:1.402, e:9.513
t:10.11, r:-10.00, omega:-10.31, omega_m:-10.00, u:-156.33, theta1:17.079, theta2:1.402, e:-0.310
t:10.12, r:-10.00, omega:-10.31, omega_m:-10.00, u:-156.32, theta1:17.078, theta2:1.403, e:-0.310
t:10.13, r:-10.00, omega:-10.31, omega_m:-10.00, u:-156.32, theta1:17.078, theta2:1.403, e:-0.310
t:10.14, r:-10.00, omega:-10.31, omega_m:-10.00, u:-156.32, theta1:17.078, theta2:1.403, e:-0.310
t:10.15, r:-10.00, omega:-10.31, omega_m:-10.00, u:-156.31, theta1:17.078, theta2:1.403, e:-0.310
t:10.16, r:-10.00, omega:-11.13, omega_m:-10.00, u:-155.15, theta1:17.077, theta2:1.404, e:-1.126
t:10.17, r:-10.00, omega:-11.13, omega_m:-10.00, u:-155.14, theta1:17.076, theta2:1.404, e:-1.126
t:10.18, r:-10.00, omega:-11.13, omega_m:-10.00, u:-155.12, theta1:17.076, theta2:1.405, e:-1.126
t:10.19, r:-10.00, omega:-11.13, omega_m:-10.00, u:-155.11, theta1:17.075, theta2:1.406, e:-1.126
t:10.20, r:-10.00, omega:-11.13, omega_m:-10.00, u:-155.10, theta1:17.074, theta2:1.406, e:-1.126
t:10.21, r:-10.00, omega:-10.28, omega_m:-10.00, u:-156.28, theta1:17.074, theta2:1.406, e:-0.280
t:10.22, r:-10.00, omega:-10.28, omega_m:-10.00, u:-156.28, theta1:17.074, theta2:1.406, e:-0.280
t:10.23, r:-10.00, omega:-10.28, omega_m:-10.00, u:-156.28, theta1:17.074, theta2:1.407, e:-0.280
t:10.24, r:-10.00, omega:-10.28, omega_m:-10.00, u:-156.27, theta1:17.073, theta2:1.407, e:-0.280
t:10.25, r:-10.00, omega:-10.28, omega_m:-10.00, u:-156.27, theta1:17.073, theta2:1.407, e:-0.280
t:10.26, r:-10.00, omega:-10.28, omega_m:-10.00, u:-156.27, theta1:17.073, theta2:1.407, e:-0.280
t:10.27, r:-10.00, omega:-9.30, omega_m:-10.00, u:-157.65, theta1:17.073, theta2:1.407, e:0.702
t:10.28, r:-10.00, omega:-9.30, omega_m:-10.00, u:-157.66, theta1:17.073, theta2:1.406, e:0.702
t:10.29, r:-10.00, omega:-9.30, omega_m:-10.00, u:-157.66, theta1:17.074, theta2:1.406, e:0.702
t:10.30, r:-10.00, omega:-9.30, omega_m:-10.00, u:-157.67, theta1:17.074, theta2:1.406, e:0.702
t:10.31, r:-10.00, omega:-9.30, omega_m:-10.00, u:-157.67, theta1:17.074, theta2:1.405, e:0.702
t:10.32, r:-10.00, omega:-10.33, omega_m:-10.00, u:-156.22, theta1:17.074, theta2:1.405, e:-0.327
t:10.33, r:-10.00, omega:-10.33, omega_m:-10.00, u:-156.22, theta1:17.074, theta2:1.406, e:-0.327
t:10.34, r:-10.00, omega:-10.33, omega_m:-10.00, u:-156.22, theta1:17.073, theta2:1.406, e:-0.327
t:10.35, r:-10.00, omega:-10.33, omega_m:-10.00, u:-156.21, theta1:17.073, theta2:1.406, e:-0.327
t:10.36, r:-10.00, omega:-10.33, omega_m:-10.00, u:-156.21, theta1:17.073, theta2:1.406, e:-0.327
t:10.37, r:-10.00, omega:-10.00, omega_m:-10.00, u:-156.68, theta1:17.073, theta2:1.406, e:0.005
t:10.38, r:-10.00, omega:-10.00, omega_m:-10.00, u:-156.68, theta1:17.073, theta2:1.406, e:0.005
t:10.39, r:-10.00, omega:-10.00, omega_m:-10.00, u:-156.68, theta1:17.073, theta2:1.406, e:0.005
t:10.40, r:-10.00, omega:-10.00, omega_m:-10.00, u:-156.68, theta1:17.073, theta2:1.406, e:0.005
t:10.41, r:-10.00, omega:-10.00, omega_m:-10.00, u:-156.68, theta1:17.073, theta2:1.406, e:0.005
t:10.42, r:-10.00, omega:-9.74, omega_m:-10.00, u:-157.04, theta1:17.073, theta2:1.406, e:0.261
t:10.43, r:-10.00, omega:-9.74, omega_m:-10.00, u:-157.04, theta1:17.073, theta2:1.406, e:0.261
t:10.44, r:-10.00, omega:-9.74, omega_m:-10.00, u:-157.04, theta1:17.073, theta2:1.406, e:0.261
t:10.45, r:-10.00, omega:-9.74, omega_m:-10.00, u:-157.04, theta1:17.073, theta2:1.406, e:0.261
t:10.46, r:-10.00, omega:-9.74, omega_m:-10.00, u:-157.05, theta1:17.073, theta2:1.405, e:0.261
t:10.47, r:-10.00, omega:-10.24, omega_m:-10.00, u:-156.34, theta1:17.073, theta2:1.406, e:-0.239
t:10.48, r:-10.00, omega:-10.24, omega_m:-10.00, u:-156.34, theta1:17.073, theta2:1.406, e:-0.239
t:10.49, r:-10.00, omega:-10.24, omega_m:-10.00, u:-156.34, theta1:17.073, theta2:1.406, e:-0.239
t:10.50, r:-10.00, omega:-10.24, omega_m:-10.00, u:-156.33, theta1:17.073, theta2:1.406, e:-0.239
t:10.51, r:-10.00, omega:-10.24, omega_m:-10.00, u:-156.33, theta1:17.073, theta2:1.406, e:-0.239
t:10.52, r:-10.00, omega:-10.40, omega_m:-10.00, u:-156.09, theta1:17.072, theta2:1.406, e:-0.403
t:10.53, r:-10.00, omega:-10.40, omega_m:-10.00, u:-156.09, theta1:17.072, theta2:1.406, e:-0.403
t:10.54, r:-10.00, omega:-10.40, omega_m:-10.00, u:-156.08, theta1:17.072, theta2:1.407, e:-0.403
t:10.55, r:-10.00, omega:-10.40, omega_m:-10.00, u:-156.08, theta1:17.072, theta2:1.407, e:-0.403
t:10.56, r:-10.00, omega:-10.40, omega_m:-10.00, u:-156.08, theta1:17.071, theta2:1.407, e:-0.403
t:10.57, r:-10.00, omega:-10.40, omega_m:-10.00, u:-156.07, theta1:17.071, theta2:1.407, e:-0.403
t:10.58, r:-10.00, omega:-9.75, omega_m:-10.00, u:-156.99, theta1:17.071, theta2:1.407, e:0.252
t:10.59, r:-10.00, omega:-9.75, omega_m:-10.00, u:-157.00, theta1:17.071, theta2:1.407, e:0.252
t:10.60, r:-10.00, omega:-9.75, omega_m:-10.00, u:-157.00, theta1:17.071, theta2:1.407, e:0.252
t:10.61, r:-10.00, omega:-9.75, omega_m:-10.00, u:-157.00, theta1:17.071, theta2:1.407, e:0.252
t:10.62, r:-10.00, omega:-9.75, omega_m:-10.00, u:-157.00, theta1:17.071, theta2:1.407, e:0.252
t:10.63, r:-10.00, omega:-9.93, omega_m:-10.00, u:-156.75, theta1:17.071, theta2:1.407, e:0.073
t:10.64, r:-10.00, omega:-9.93, omega_m:-10.00, u:-156.75, theta1:17.071, theta2:1.407, e:0.073
t:10.65, r:-10.00, omega:-9.93, omega_m:-10.00, u:-156.75, theta1:17.071, theta2:1.407, e:0.073
t:10.66, r:-10.00, omega:-9.93, omega_m:-10.00, u:-156.75, theta1:17.072, theta2:1.407, e:0.073
t:10.67, r:-10.00, omega:-9.93, omega_m:-10.00, u:-156.75, theta1:17.072, theta2:1.406, e:0.073
t:10.68, r:-10.00, omega:-10.09, omega_m:-10.00, u:-156.52, theta1:17.071, theta2:1.407, e:-0.093
t:10.69, r:-10.00, omega:-10.09, omega_m:-10.00, u:-156.52, theta1:17.071, theta2:1.407, e:-0.093
t:10.70, r:-10.00, omega:-10.09, omega_m:-10.00, u:-156.52, theta1:17.071, theta2:1.407, e:-0.093
t:10.71, r:-10.00, omega:-10.09, omega_m:-10.00, u:-156.52, theta1:17.071, theta2:1.407, e:-0.093
t:10.72, r:-10.00, omega:-10.09, omega_m:-10.00, u:-156.52, theta1:17.071, theta2:1.407, e:-0.093
t:10.73, r:-10.00, omega:-10.02, omega_m:-10.00, u:-156.61, theta1:17.071, theta2:1.407, e:-0.023
t:10.74, r:-10.00, omega:-10.02, omega_m:-10.00, u:-156.61, theta1:17.071, theta2:1.407, e:-0.023
t:10.75, r:-10.00, omega:-10.02, omega_m:-10.00, u:-156.61, theta1:17.071, theta2:1.407, e:-0.023
t:10.76, r:-10.00, omega:-10.02, omega_m:-10.00, u:-156.61, theta1:17.071, theta2:1.407, e:-0.023
t:10.77, r:-10.00, omega:-10.02, omega_m:-10.00, u:-156.61, theta1:17.071, theta2:1.407, e:-0.023
t:10.78, r:-10.00, omega:-10.02, omega_m:-10.00, u:-156.61, theta1:17.071, theta2:1.407, e:-0.023
t:10.79, r:-10.00, omega:-10.13, omega_m:-10.00, u:-156.45, theta1:17.071, theta2:1.407, e:-0.133
t:10.80, r:-10.00, omega:-10.13, omega_m:-10.00, u:-156.45, theta1:17.071, theta2:1.407, e:-0.133
t:10.81, r:-10.00, omega:-10.13, omega_m:-10.00, u:-156.45, theta1:17.071, theta2:1.407, e:-0.133
t:10.82, r:-10.00, omega:-10.13, omega_m:-10.00, u:-156.45, theta1:17.071, theta2:1.407, e:-0.133
t:10.83, r:-10.00, omega:-10.13, omega_m:-10.00, u:-156.45, theta1:17.071, theta2:1.407, e:-0.133
t:10.84, r:-10.00, omega:-10.58, omega_m:-10.00, u:-155.81, theta1:17.070, theta2:1.407, e:-0.579
t:10.85, r:-10.00, omega:-10.58, omega_m:-10.00, u:-155.81, theta1:17.070, theta2:1.408, e:-0.579
t:10.86, r:-10.00, omega:-10.58, omega_m:-10.00, u:-155.80, theta1:17.070, theta2:1.408, e:-0.579
t:10.87, r:-10.00, omega:-10.58, omega_m:-10.00, u:-155.79, theta1:17.069, theta2:1.408, e:-0.579
t:10.88, r:-10.00, omega:-10.58, omega_m:-10.00, u:-155.79, theta1:17.069, theta2:1.409, e:-0.579
t:10.89, r:-10.00, omega:-9.75, omega_m:-10.00, u:-156.96, theta1:17.069, theta2:1.408, e:0.250
t:10.90, r:-10.00, omega:-9.75, omega_m:-10.00, u:-156.96, theta1:17.069, theta2:1.408, e:0.250
t:10.91, r:-10.00, omega:-9.75, omega_m:-10.00, u:-156.96, theta1:17.069, theta2:1.408, e:0.250
t:10.92, r:-10.00, omega:-9.75, omega_m:-10.00, u:-156.96, theta1:17.069, theta2:1.408, e:0.250
t:10.93, r:-10.00, omega:-9.75, omega_m:-10.00, u:-156.96, theta1:17.069, theta2:1.408, e:0.250
t:10.94, r:-10.00, omega:-9.60, omega_m:-10.00, u:-157.18, theta1:17.069, theta2:1.408, e:0.401
t:10.95, r:-10.00, omega:-9.60, omega_m:-10.00, u:-157.18, theta1:17.069, theta2:1.408, e:0.401
t:10.96, r:-10.00, omega:-9.60, omega_m:-10.00, u:-157.19, theta1:17.070, theta2:1.407, e:0.401
t:10.97, r:-10.00, omega:-9.60, omega_m:-10.00, u:-157.19, theta1:17.070, theta2:1.407, e:0.401
t:10.98, r:-10.00, omega:-9.60, omega_m:-10.00, u:-157.19, theta1:17.070, theta2:1.407, e:0.401
t:10.99, r:-10.00, omega:-10.30, omega_m:-10.00, u:-156.20, theta1:17.070, theta2:1.407, e:-0.299
t:11.00, r:-10.00, omega:-10.30, omega_m:-10.00, u:-156.20, theta1:17.069, theta2:1.407, e:-0.299
t:11.01, r:0.00, omega:-10.30, omega_m:-3.68, u:0.00, theta1:17.068, theta2:1.411, e:-6.620
t:11.02, r:0.00, omega:-10.30, omega_m:-1.35, u:0.00, theta1:17.067, theta2:1.415, e:-8.946
t:11.03, r:0.00, omega:-10.30, omega_m:-0.50, u:0.00, theta1:17.065, theta2:1.420, e:-9.801
t:11.04, r:0.00, omega:-10.30, omega_m:-0.18, u:0.00, theta1:17.063, theta2:1.425, e:-10.116
t:11.05, r:0.00, omega:-10.30, omega_m:-0.07, u:0.00, theta1:17.062, theta2:1.430, e:-10.232
t:11.06, r:0.00, omega:-10.30, omega_m:-0.02, u:0.00, theta1:17.060, theta2:1.435, e:-10.274
t:11.07, r:0.00, omega:-10.30, omega_m:-0.01, u:0.00, theta1:17.058, theta2:1.440, e:-10.290
t:11.08, r:0.00, omega:-10.30, omega_m:-0.00, u:0.00, theta1:17.056, theta2:1.446, e:-10.296
t:11.09, r:0.00, omega:-10.30, omega_m:-0.00, u:0.00, theta1:17.055, theta2:1.451, e:-10.298
t:11.10, r:0.00, omega:-10.30, omega_m:-0.00, u:0.00, theta1:17.053, theta2:1.456, e:-10.299
t:11.11, r:0.00, omega:-10.30, omega_m:-0.00, u:0.00, theta1:17.051, theta2:1.461, e:-10.299
t:11.12, r:0.00, omega:-10.30, omega_m:-0.00, u:0.00, theta1:17.049, theta2:1.466, e:-10.299
t:11.13, r:0.00, omega:-10.30, omega_m:-0.00, u:0.00, theta1:17.048, theta2:1.471, e:-10.299
t:11.14, r:0.00, omega:-10.30, omega_m:-0.00, u:0.00, theta1:17.046, theta2:1.477, e:-10.299
t:11.15, r:0.00, omega:-10.30, omega_m:-0.00, u:0.00, theta1:17.044, theta2:1.482, e:-10.299
t:11.16, r:0.00, omega:-10.30, omega_m:-0.00, u:0.00, theta1:17.042, theta2:1.487, e:-10.299
t:11.17, r:0.00, omega:-10.30, omega_m:-0.00, u:0.00, theta1:17.041, theta2:1.492, e:-10.299
t:11.18, r:0.00, omega:-10.30, omega_m:-0.00, u:0.00, theta1:17.039, theta2:1.497, e:-10.299
t:11.19, r:0.00, omega:-10.30, omega_m:-0.00, u:0.00, theta1:17.037, theta2:1.502, e:-10.299
t:11.20, r:0.00, omega:-10.30, omega_m:-0.00, u:0.00, theta1:17.035, theta2:1.507, e:-10.299
t:11.21, r:0.00, omega:-10.30, omega_m:-0.00, u:0.00, theta1:17.034, theta2:1.513, e:-10.299
t:11.22, r:0.00, omega:-10.30, omega_m:-0.00, u:0.00, theta1:17.032, theta2:1.518, e:-10.299
t:11.23, r:0.00, omega:-10.30, omega_m:-0.00, u:0.00, theta1:17.030, theta2:1.523, e:-10.299
t:11.24, r:0.00, omega:-10.30, omega_m:-0.00, u:0.00, theta1:17.028, theta2:1.528, e:-10.299
t:11.25, r:0.00, omega:-10.30, omega_m:-0.00, u:0.00, theta1:17.027, theta2:1.533, e:-10.299
t:11.26, r:0.00, omega:-10.30, omega_m:-0.00, u:0.00, theta1:17.025, theta2:1.538, e:-10.299
t:11.27, r:0.00, omega:-10.30, omega_m:-0.00, u:0.00, theta1:17.023, theta2:1.543, e:-10.299
t:11.28, r:0.00, omega:-10.30, omega_m:-0.00, u:0.00, theta1:17.021, theta2:1.549, e:-10.299
t:11.29, r:0.00, omega:-10.30, omega_m:-0.00, u:0.00, theta1:17.020, theta2:1.554, e:-10.299
t:11.30, r:0.00, omega:-10.30, omega_m:-0.00, u:0.00, theta1:17.018, theta2:1.559, e:-10.299
t:11.31, r:0.00, omega:-10.30, omega_m:-0.00, u:0.00, theta1:17.016, theta2:1.564, e:-10.299
t:11.32, r:0.00, omega:-10.30, omega_m:-0.00, u:0.00, theta1:17.014, theta2:1.569, e:-10.299
t:11.33, r:0.00, omega:-10.30, omega_m:-0.00, u:0.00, theta1:17.012, theta2:1.574, e:-10.299
t:11.34, r:0.00, omega:-10.30, omega_m:-0.00, u:0.00, theta1:17.011, theta2:1.579, e:-10.299
t:11.35, r:0.00, omega:-10.30, omega_m:-0.00, u:0.00, theta1:17.009, theta2:1.585, e:-10.299
t:11.36, r:0.00, omega:-10.30, omega_m:-0.00, u:0.00, theta1:17.007, theta2:1.590, e:-10.299
t:11.37, r:0.00, omega:-10.30, omega_m:-0.00, u:0.00, theta1:17.005, theta2:1.595, e:-10.299
t:11.38, r:0.00, omega:-10.30, omega_m:-0.00, u:0.00, theta1:17.004, theta2:1.600, e:-10.299
t:11.39, r:0.00, omega:-10.30, omega_m:-0.00, u:0.00, theta1:17.002, theta2:1.605, e:-10.299
t:11.40, r:0.00, omega:-10.30, omega_m:-0.00, u:0.00, theta1:17.000, theta2:1.610, e:-10.299
t:11.41, r:0.00, omega:-10.30, omega_m:-0.00, u:0.00, theta1:16.998, theta2:1.615, e:-10.299
t:11.42, r:0.00, omega:-10.30, omega_m:-0.00, u:0.00, theta1:16.997, theta2:1.621, e:-10.299
t:11.43, r:0.00, omega:-10.30, omega_m:-0.00, u:0.00, theta1:16.995, theta2:1.626, e:-10.299
t:11.44, r:0.00, omega:-10.30, omega_m:-0.00, u:0.00, theta1:16.993, theta2:1.631, e:-10.299
t:11.45, r:0.00, omega:-10.30, omega_m:-0.00, u:0.00, theta1:16.991, theta2:1.636, e:-10.299
t:11.46, r:0.00, omega:-10.30, omega_m:-0.00, u:0.00, theta1:16.990, theta2:1.641, e:-10.299
t:11.47, r:0.00, omega:-10.30, omega_m:-0.00, u:0.00, theta1:16.988, theta2:1.646, e:-10.299
t:11.48, r:0.00, omega:-10.30, omega_m:-0.00, u:0.00, theta1:16.986, theta2:1.651, e:-10.299
t:11.49, r:0.00, omega:-10.30, omega_m:-0.00, u:0.00, theta1:16.984, theta2:1.657, e:-10.299
t:11.50, r:0.00, omega:0.00, omega_m:-0.00, u:0.00, theta1:16.984, theta2:1.657, e:0.000
t:11.51, r:0.00, omega:0.00, omega_m:-0.00, u:0.00, theta1:16.984, theta2:1.657, e:0.000
t:11.52, r:0.00, omega:0.00, omega_m:-0.00, u:0.00, theta1:16.984, theta2:1.657, e:0.000
t:11.53, r:0.00, omega:0.00, omega_m:-0.00, u:0.00, theta1:16.984, theta2:1.657, e:0.000
t:11.54, r:0.00, omega:0.00, omega_m:-0.00, u:0.00, theta1:16.984, theta2:1.657, e:0.000
t:11.55, r:0.00, omega:0.00, omega_m:-0.00, u:0.00, theta1:16.984, theta2:1.657, e:0.000
t:11.56, r:0.00, omega:0.00, omega_m:-0.00, u:0.00, theta1:16.984, theta2:1.657, e:0.000
t:11.57, r:0.00, omega:0.00, omega_m:-0.00, u:0.00, theta1:16.984, theta2:1.657, e:0.000
t:11.58, r:0.00, omega:0.00, omega_m:-0.00, u:0.00, theta1:16.984, theta2:1.657, e:0.000
t:11.59, r:0.00, omega:0.00, omega_m:-0.00, u:0.00, theta1:16.984, theta2:1.657, e:0.000
t:11.60, r:0.00, omega:0.00, omega_m:-0.00, u:0.00, theta1:16.984, theta2:1.657, e:0.000
t:11.61, r:0.00, omega:0.00, omega_m:-0.00, u:0.00, theta1:16.984, theta2:1.657, e:0.000
t:11.62, r:0.00, omega:0.00, omega_m:-0.00, u:0.00, theta1:16.984, theta2:1.657, e:0.000
t:11.63, r:0.00, omega:0.00, omega_m:-0.00, u:0.00, theta1:16.984, theta2:1.657, e:0.000
t:11.64, r:0.00, omega:0.00, omega_m:-0.00, u:0.00, theta1:16.984, theta2:1.657, e:0.000
t:11.65, r:0.00, omega:0.00, omega_m:-0.00, u:0.00, theta1:16.984, theta2:1.657, e:0.000
t:11.66, r:0.00, omega:0.00, omega_m:-0.00, u:0.00, theta1:16.984, theta2:1.657, e:0.000
t:11.67, r:0.00, omega:0.00, omega_m:-0.00, u:0.00, theta1:16.984, theta2:1.657, e:0.000
t:11.68, r:0.00, omega:0.00, omega_m:-0.00, u:0.00, theta1:16.984, theta2:1.657, e:0.000
t:11.69, r:0.00, omega:0.00, omega_m:-0.00, u:0.00, theta1:16.984, theta2:1.657, e:0.000
t:11.70, r:0.00, omega:0.00, omega_m:-0.00, u:0.00, theta1:16.984, theta2:1.657, e:0.000
t:11.71, r:0.00, omega:0.00, omega_m:-0.00, u:0.00, theta1:16.984, theta2:1.657, e:0.000
t:11.72, r:0.00, omega:0.00, omega_m:-0.00, u:0.00, theta1:16.984, theta2:1.657, e:0.000
t:11.73, r:0.00, omega:0.00, omega_m:-0.00, u:0.00, theta1:16.984, theta2:1.657, e:0.000
t:11.74, r:0.00, omega:0.00, omega_m:-0.00, u:0.00, theta1:16.984, theta2:1.657, e:0.000
t:11.75, r:0.00, omega:0.00, omega_m:-0.00, u:0.00, theta1:16.984, theta2:1.657, e:0.000
t:11.76, r:0.00, omega:0.00, omega_m:-0.00, u:0.00, theta1:16.984, theta2:1.657, e:0.000
t:11.77, r:0.00, omega:0.00, omega_m:-0.00, u:0.00, theta1:16.984, theta2:1.657, e:0.000
t:11.78, r:0.00, omega:0.00, omega_m:-0.00, u:0.00, theta1:16.984, theta2:1.657, e:0.000
t:11.79, r:0.00, omega:0.00, omega_m:-0.00, u:0.00, theta1:16.984, theta2:1.657, e:0.000
t:11.80, r:0.00, omega:0.00, omega_m:-0.00, u:0.00, theta1:16.984, theta2:1.657, e:0.000
t:11.81, r:0.00, omega:0.00, omega_m:-0.00, u:0.00, theta1:16.984, theta2:1.657, e:0.000
t:11.82, r:0.00, omega:0.00, omega_m:-0.00, u:0.00, theta1:16.984, theta2:1.657, e:0.000
t:11.83, r:0.00, omega:0.00, omega_m:-0.00, u:0.00, theta1:16.984, theta2:1.657, e:0.000
t:11.84, r:0.00, omega:0.00, omega_m:-0.00, u:0.00, theta1:16.984, theta2:1.657, e:0.000
t:11.85, r:0.00, omega:0.00, omega_m:-0.00, u:0.00, theta1:16.984, theta2:1.657, e:0.000
t:11.86, r:0.00, omega:0.00, omega_m:-0.00, u:0.00, theta1:16.984, theta2:1.657, e:0.000
t:11.87, r:0.00, omega:0.00, omega_m:-0.00, u:0.00, theta1:16.984, theta2:1.657, e:0.000
t:11.88, r:0.00, omega:0.00, omega_m:-0.00, u:0.00, theta1:16.984, theta2:1.657, e:0.000
t:11.89, r:0.00, omega:0.00, omega_m:-0.00, u:0.00, theta1:16.984, theta2:1.657, e:0.000
t:11.90, r:0.00, omega:0.00, omega_m:-0.00, u:0.00, theta1:16.984, theta2:1.657, e:0.000
t:11.91, r:0.00, omega:0.00, omega_m:-0.00, u:0.00, theta1:16.984, theta2:1.657, e:0.000
t:11.92, r:0.00, omega:0.00, omega_m:-0.00, u:0.00, theta1:16.984, theta2:1.657, e:0.000
t:11.93, r:0.00, omega:0.00, omega_m:-0.00, u:0.00, theta1:16.984, theta2:1.657, e:0.000
t:11.94, r:0.00, omega:0.00, omega_m:-0.00, u:0.00, theta1:16.984, theta2:1.657, e:0.000
t:11.95, r:0.00, omega:0.00, omega_m:-0.00, u:0.00, theta1:16.984, theta2:1.657, e:0.000
t:11.96, r:0.00, omega:0.00, omega_m:-0.00, u:0.00, theta1:16.984, theta2:1.657, e:0.000
t:11.97, r:0.00, omega:0.00, omega_m:-0.00, u:0.00, theta1:16.984, theta2:1.657, e:0.000
t:11.98, r:0.00, omega:0.00, omega_m:-0.00, u:0.00, theta1:16.984, theta2:1.657, e:0.000
t:11.99, r:0.00, omega:0.00, omega_m:-0.00, u:0.00, theta1:16.984, theta2:1.657, e:0.000
t:12.00, r:0.00, omega:0.00, omega_m:-0.00, u:0.00, theta1:16.984, theta2:1.657, e:0.000
t:12.01, r:10.00, omega:0.00, omega_m:6.32, u:169.87, theta1:16.987, theta2:1.656, e:-6.321
t:12.02, r:10.00, omega:0.00, omega_m:8.65, u:169.89, theta1:16.989, theta2:1.656, e:-8.647
t:12.03, r:10.00, omega:0.00, omega_m:9.50, u:169.93, theta1:16.993, theta2:1.656, e:-9.502
t:12.04, r:10.00, omega:0.00, omega_m:9.82, u:169.96, theta1:16.996, theta2:1.656, e:-9.817
t:12.05, r:10.00, omega:0.50, omega_m:9.93, u:169.17, theta1:16.999, theta2:1.656, e:-9.436
t:12.06, r:10.00, omega:0.50, omega_m:9.98, u:169.20, theta1:17.002, theta2:1.655, e:-9.478
t:12.07, r:10.00, omega:0.50, omega_m:9.99, u:169.23, theta1:17.005, theta2:1.655, e:-9.494
t:12.08, r:10.00, omega:0.50, omega_m:10.00, u:169.26, theta1:17.008, theta2:1.654, e:-9.500
t:12.09, r:10.00, omega:0.50, omega_m:10.00, u:169.29, theta1:17.011, theta2:1.654, e:-9.502
t:12.10, r:10.00, omega:9.82, omega_m:10.00, u:153.88, theta1:17.012, theta2:1.654, e:-0.181
t:12.11, r:10.00, omega:9.82, omega_m:10.00, u:153.88, theta1:17.012, theta2:1.654, e:-0.181
t:12.12, r:10.00, omega:9.82, omega_m:10.00, u:153.88, theta1:17.012, theta2:1.654, e:-0.181
t:12.13, r:10.00, omega:9.82, omega_m:10.00, u:153.88, theta1:17.012, theta2:1.654, e:-0.181
t:12.14, r:10.00, omega:9.82, omega_m:10.00, u:153.88, theta1:17.012, theta2:1.654, e:-0.181
t:12.15, r:10.00, omega:10.24, omega_m:10.00, u:153.19, theta1:17.012, theta2:1.654, e:0.237
t:12.16, r:10.00, omega:10.24, omega_m:10.00, u:153.18, theta1:17.011, theta2:1.654, e:0.237
t:12.17, r:10.00, omega:10.24, omega_m:10.00, u:153.18, theta1:17.011, theta2:1.654, e:0.237
t:12.18, r:10.00, omega:10.24, omega_m:10.00, u:153.18, theta1:17.011, theta2:1.654, e:0.237
t:12.19, r:10.00, omega:10.24, omega_m:10.00, u:153.18, theta1:17.011, theta2:1.654, e:0.237
t:12.20, r:10.00, omega:10.24, omega_m:10.00, u:153.17, theta1:17.011, theta2:1.654, e:0.237
t:12.21, r:10.00, omega:9.47, omega_m:10.00, u:154.44, theta1:17.011, theta2:1.654, e:-0.525
t:12.22, r:10.00, omega:9.47, omega_m:10.00, u:154.44, theta1:17.011, theta2:1.654, e:-0.525
t:12.23, r:10.00, omega:9.47, omega_m:10.00, u:154.45, theta1:17.011, theta2:1.653, e:-0.525
t:12.24, r:10.00, omega:9.47, omega_m:10.00, u:154.45, theta1:17.011, theta2:1.653, e:-0.525
t:12.25, r:10.00, omega:9.47, omega_m:10.00, u:154.46, theta1:17.012, theta2:1.653, e:-0.525
t:12.26, r:10.00, omega:9.47, omega_m:10.00, u:154.46, theta1:17.012, theta2:1.653, e:-0.525
t:12.27, r:10.00, omega:8.97, omega_m:10.00, u:155.30, theta1:17.012, theta2:1.652, e:-1.027
t:12.28, r:10.00, omega:8.97, omega_m:10.00, u:155.30, theta1:17.013, theta2:1.652, e:-1.027
t:12.29, r:10.00, omega:8.97, omega_m:10.00, u:155.31, theta1:17.013, theta2:1.651, e:-1.027
t:12.30, r:10.00, omega:8.97, omega_m:10.00, u:155.32, theta1:17.013, theta2:1.651, e:-1.027
t:12.31, r:10.00, omega:8.97, omega_m:10.00, u:155.33, theta1:17.014, theta2:1.650, e:-1.027
t:12.32, r:10.00, omega:9.76, omega_m:10.00, u:154.02, theta1:17.014, theta2:1.650, e:-0.236
t:12.33, r:10.00, omega:9.76, omega_m:10.00, u:154.03, theta1:17.014, theta2:1.650, e:-0.236
t:12.34, r:10.00, omega:9.76, omega_m:10.00, u:154.03, theta1:17.014, theta2:1.650, e:-0.236
t:12.35, r:10.00, omega:9.76, omega_m:10.00, u:154.03, theta1:17.014, theta2:1.650, e:-0.236
t:12.36, r:10.00, omega:9.76, omega_m:10.00, u:154.03, theta1:17.014, theta2:1.650, e:-0.236
t:12.37, r:10.00, omega:9.62, omega_m:10.00, u:154.27, theta1:17.014, theta2:1.650, e:-0.377
t:12.38, r:10.00, omega:9.62, omega_m:10.00, u:154.27, theta1:17.014, theta2:1.649, e:-0.377
t:12.39, r:10.00, omega:9.62, omega_m:10.00, u:154.27, theta1:17.014, theta2:1.649, e:-0.377
t:12.40, r:10.00, omega:9.62, omega_m:10.00, u:154.28, theta1:17.014, theta2:1.649, e:-0.377
t:12.41, r:10.00, omega:9.62, omega_m:10.00, u:154.28, theta1:17.015, theta2:1.649, e:-0.377
t:12.42, r:10.00, omega:9.62, omega_m:10.00, u:154.28, theta1:17.015, theta2:1.649, e:-0.377
t:12.43, r:10.00, omega:9.24, omega_m:10.00, u:154.92, theta1:17.015, theta2:1.648, e:-0.759
t:12.44, r:10.00, omega:9.24, omega_m:10.00, u:154.92, theta1:17.015, theta2:1.648, e:-0.759
t:12.45, r:10.00, omega:9.24, omega_m:10.00, u:154.93, theta1:17.015, theta2:1.647, e:-0.759
t:12.46, r:10.00, omega:9.24, omega_m:10.00, u:154.94, theta1:17.016, theta2:1.647, e:-0.759
t:12.47, r:10.00, omega:9.24, omega_m:10.00, u:154.94, theta1:17.016, theta2:1.647, e:-0.759
t:12.48, r:10.00, omega:9.24, omega_m:10.00, u:154.95, theta1:17.016, theta2:1.646, e:-0.759
t:12.49, r:10.00, omega:9.80, omega_m:10.00, u:154.02, theta1:17.016, theta2:1.646, e:-0.196
t:12.50, r:10.00, omega:9.80, omega_m:10.00, u:154.02, theta1:17.016, theta2:1.646, e:-0.196
t:12.51, r:10.00, omega:9.80, omega_m:10.00, u:154.02, theta1:17.016, theta2:1.646, e:-0.196
t:12.52, r:10.00, omega:9.80, omega_m:10.00, u:154.03, theta1:17.016, theta2:1.646, e:-0.196
t:12.53, r:10.00, omega:9.80, omega_m:10.00, u:154.03, theta1:17.016, theta2:1.646, e:-0.196
t:12.54, r:10.00, omega:9.12, omega_m:10.00, u:155.16, theta1:17.017, theta2:1.645, e:-0.877
t:12.55, r:10.00, omega:9.12, omega_m:10.00, u:155.16, theta1:17.017, theta2:1.645, e:-0.877
t:12.56, r:10.00, omega:9.12, omega_m:10.00, u:155.17, theta1:17.017, theta2:1.645, e:-0.877
t:12.57, r:10.00, omega:9.12, omega_m:10.00, u:155.18, theta1:17.018, theta2:1.644, e:-0.877
t:12.58, r:10.00, omega:9.12, omega_m:10.00, u:155.18, theta1:17.018, theta2:1.644, e:-0.877
t:12.59, r:10.00, omega:9.12, omega_m:10.00, u:155.19, theta1:17.018, theta2:1.643, e:-0.877
t:12.60, r:10.00, omega:9.70, omega_m:10.00, u:154.25, theta1:17.018, theta2:1.643, e:-0.302
t:12.61, r:10.00, omega:9.70, omega_m:10.00, u:154.25, theta1:17.018, theta2:1.643, e:-0.302
t:12.62, r:10.00, omega:9.70, omega_m:10.00, u:154.25, theta1:17.019, theta2:1.643, e:-0.302
t:12.63, r:10.00, omega:9.70, omega_m:10.00, u:154.25, theta1:17.019, theta2:1.643, e:-0.302
t:12.64, r:10.00, omega:9.70, omega_m:10.00, u:154.26, theta1:17.019, theta2:1.643, e:-0.302
t:12.65, r:10.00, omega:9.50, omega_m:10.00, u:154.59, theta1:17.019, theta2:1.642, e:-0.502
t:12.66, r:10.00, omega:9.50, omega_m:10.00, u:154.59, theta1:17.019, theta2:1.642, e:-0.502
t:12.67, r:10.00, omega:9.50, omega_m:10.00, u:154.60, theta1:17.019, theta2:1.642, e:-0.502
t:12.68, r:10.00, omega:9.50, omega_m:10.00, u:154.60, theta1:17.019, theta2:1.642, e:-0.502
t:12.69, r:10.00, omega:9.50, omega_m:10.00, u:154.61, theta1:17.020, theta2:1.641, e:-0.502
t:12.70, r:10.00, omega:9.95, omega_m:10.00, u:153.86, theta1:17.020, theta2:1.641, e:-0.048
t:12.71, r:10.00, omega:9.95, omega_m:10.00, u:153.86, theta1:17.020, theta2:1.641, e:-0.048
t:12.72, r:10.00, omega:9.95, omega_m:10.00, u:153.86, theta1:17.020, theta2:1.641, e:-0.048
t:12.73, r:10.00, omega:9.95, omega_m:10.00, u:153.86, theta1:17.020, theta2:1.641, e:-0.048
t:12.74, r:10.00, omega:9.95, omega_m:10.00, u:153.86, theta1:17.020, theta2:1.641, e:-0.048
t:12.75, r:10.00, omega:9.95, omega_m:10.00, u:153.86, theta1:17.020, theta2:1.641, e:-0.048
t:12.76, r:10.00, omega:8.74, omega_m:10.00, u:155.86, theta1:17.020, theta2:1.641, e:-1.257
t:12.77, r:10.00, omega:8.74, omega_m:10.00, u:155.87, theta1:17.020, theta2:1.640, e:-1.257
t:12.78, r:10.00, omega:8.74, omega_m:10.00, u:155.87, theta1:17.021, theta2:1.640, e:-1.257
t:12.79, r:10.00, omega:8.74, omega_m:10.00, u:155.88, theta1:17.021, theta2:1.639, e:-1.257
t:12.80, r:10.00, omega:8.74, omega_m:10.00, u:155.89, theta1:17.022, theta2:1.638, e:-1.257
t:12.81, r:10.00, omega:8.74, omega_m:10.00, u:155.90, theta1:17.022, theta2:1.638, e:-1.257
t:12.82, r:10.00, omega:9.79, omega_m:10.00, u:154.19, theta1:17.022, theta2:1.638, e:-0.209
t:12.83, r:10.00, omega:9.79, omega_m:10.00, u:154.19, theta1:17.022, theta2:1.638, e:-0.209
t:12.84, r:10.00, omega:9.79, omega_m:10.00, u:154.19, theta1:17.022, theta2:1.638, e:-0.209
t:12.85, r:10.00, omega:9.79, omega_m:10.00, u:154.19, theta1:17.022, theta2:1.637, e:-0.209
t:12.86, r:10.00, omega:9.79, omega_m:10.00, u:154.19, theta1:17.022, theta2:1.637, e:-0.209
t:12.87, r:10.00, omega:9.77, omega_m:10.00, u:154.23, theta1:17.023, theta2:1.637, e:-0.232
t:12.88, r:10.00, omega:9.77, omega_m:10.00, u:154.23, theta1:17.023, theta2:1.637, e:-0.232
t:12.89, r:10.00, omega:9.77, omega_m:10.00, u:154.24, theta1:17.023, theta2:1.637, e:-0.232
t:12.90, r:10.00, omega:9.77, omega_m:10.00, u:154.24, theta1:17.023, theta2:1.637, e:-0.232
t:12.91, r:10.00, omega:9.77, omega_m:10.00, u:154.24, theta1:17.023, theta2:1.637, e:-0.232
t:12.92, r:10.00, omega:9.77, omega_m:10.00, u:154.24, theta1:17.023, theta2:1.637, e:-0.232
t:12.93, r:10.00, omega:8.86, omega_m:10.00, u:155.74, theta1:17.023, theta2:1.636, e:-1.143
t:12.94, r:10.00, omega:8.86, omega_m:10.00, u:155.75, theta1:17.024, theta2:1.636, e:-1.143
t:12.95, r:10.00, omega:8.86, omega_m:10.00, u:155.76, theta1:17.024, theta2:1.635, e:-1.143
t:12.96, r:10.00, omega:8.86, omega_m:10.00, u:155.77, theta1:17.024, theta2:1.635, e:-1.143
t:12.97, r:10.00, omega:8.86, omega_m:10.00, u:155.78, theta1:17.025, theta2:1.634, e:-1.143
t:12.98, r:10.00, omega:8.86, omega_m:10.00, u:155.78, theta1:17.025, theta2:1.633, e:-1.143
t:12.99, r:10.00, omega:9.47, omega_m:10.00, u:154.78, theta1:17.025, theta2:1.633, e:-0.527
t:13.00, r:10.00, omega:9.47, omega_m:10.00, u:154.79, theta1:17.026, theta2:1.633, e:-0.527
t:13.01, r:0.00, omega:9.47, omega_m:3.68, u:0.00, theta1:17.025, theta2:1.636, e:5.794
t:13.02, r:0.00, omega:9.47, omega_m:1.35, u:0.00, theta1:17.023, theta2:1.639, e:8.119
t:13.03, r:0.00, omega:9.47, omega_m:0.50, u:0.00, theta1:17.022, theta2:1.643, e:8.975
t:13.04, r:0.00, omega:9.47, omega_m:0.18, u:0.00, theta1:17.020, theta2:1.648, e:9.290
t:13.05, r:0.00, omega:9.47, omega_m:0.07, u:0.00, theta1:17.018, theta2:1.652, e:9.405
t:13.06, r:0.00, omega:9.47, omega_m:0.02, u:0.00, theta1:17.017, theta2:1.656, e:9.448
t:13.07, r:0.00, omega:9.47, omega_m:0.01, u:0.00, theta1:17.015, theta2:1.661, e:9.464
t:13.08, r:0.00, omega:9.47, omega_m:0.00, u:0.00, theta1:17.014, theta2:1.665, e:9.469
t:13.09, r:0.00, omega:9.47, omega_m:0.00, u:0.00, theta1:17.012, theta2:1.669, e:9.472
t:13.10, r:0.00, omega:9.47, omega_m:0.00, u:0.00, theta1:17.010, theta2:1.674, e:9.472
t:13.11, r:0.00, omega:9.47, omega_m:0.00, u:0.00, theta1:17.009, theta2:1.678, e:9.473
t:13.12, r:0.00, omega:9.47, omega_m:0.00, u:0.00, theta1:17.007, theta2:1.682, e:9.473
t:13.13, r:0.00, omega:9.47, omega_m:0.00, u:0.00, theta1:17.006, theta2:1.687, e:9.473
t:13.14, r:0.00, omega:9.47, omega_m:0.00, u:0.00, theta1:17.004, theta2:1.691, e:9.473
t:13.15, r:0.00, omega:9.47, omega_m:0.00, u:0.00, theta1:17.002, theta2:1.695, e:9.473
t:13.16, r:0.00, omega:9.47, omega_m:0.00, u:0.00, theta1:17.001, theta2:1.700, e:9.473
t:13.17, r:0.00, omega:9.47, omega_m:0.00, u:0.00, theta1:16.999, theta2:1.704, e:9.473
t:13.18, r:0.00, omega:9.47, omega_m:0.00, u:0.00, theta1:16.998, theta2:1.708, e:9.473
t:13.19, r:0.00, omega:9.47, omega_m:0.00, u:0.00, theta1:16.996, theta2:1.713, e:9.473
t:13.20, r:0.00, omega:9.47, omega_m:0.00, u:0.00, theta1:16.994, theta2:1.717, e:9.473
t:13.21, r:0.00, omega:9.47, omega_m:0.00, u:0.00, theta1:16.993, theta2:1.721, e:9.473
t:13.22, r:0.00, omega:9.47, omega_m:0.00, u:0.00, theta1:16.991, theta2:1.726, e:9.473
t:13.23, r:0.00, omega:9.47, omega_m:0.00, u:0.00, theta1:16.989, theta2:1.730, e:9.473
t:13.24, r:0.00, omega:9.47, omega_m:0.00, u:0.00, theta1:16.988, theta2:1.734, e:9.473
t:13.25, r:0.00, omega:9.47, omega_m:0.00, u:0.00, theta1:16.986, theta2:1.738, e:9.473
t:13.26, r:0.00, omega:9.47, omega_m:0.00, u:0.00, theta1:16.985, theta2:1.743, e:9.473
t:13.27, r:0.00, omega:9.47, omega_m:0.00, u:0.00, theta1:16.983, theta2:1.747, e:9.473
t:13.28, r:0.00, omega:9.47, omega_m:0.00, u:0.00, theta1:16.981, theta2:1.751, e:9.473
t:13.29, r:0.00, omega:9.47, omega_m:0.00, u:0.00, theta1:16.980, theta2:1.756, e:9.473
t:13.30, r:0.00, omega:9.47, omega_m:0.00, u:0.00, theta1:16.978, theta2:1.760, e:9.473
t:13.31, r:0.00, omega:9.47, omega_m:0.00, u:0.00, theta1:16.977, theta2:1.764, e:9.473
t:13.32, r:0.00, omega:9.47, omega_m:0.00, u:0.00, theta1:16.975, theta2:1.769, e:9.473
t:13.33, r:0.00, omega:9.47, omega_m:0.00, u:0.00, theta1:16.973, theta2:1.773, e:9.473
t:13.34, r:0.00, omega:9.47, omega_m:0.00, u:0.00, theta1:16.972, theta2:1.777, e:9.473
t:13.35, r:0.00, omega:9.47, omega_m:0.00, u:0.00, theta1:16.970, theta2:1.782, e:9.473
t:13.36, r:0.00, omega:9.47, omega_m:0.00, u:0.00, theta1:16.969, theta2:1.786, e:9.473
t:13.37, r:0.00, omega:9.47, omega_m:0.00, u:0.00, theta1:16.967, theta2:1.790, e:9.473
t:13.38, r:0.00, omega:9.47, omega_m:0.00, u:0.00, theta1:16.965, theta2:1.795, e:9.473
t:13.39, r:0.00, omega:9.47, omega_m:0.00, u:0.00, theta1:16.964, theta2:1.799, e:9.473
t:13.40, r:0.00, omega:9.47, omega_m:0.00, u:0.00, theta1:16.962, theta2:1.803, e:9.473
t:13.41, r:0.00, omega:9.47, omega_m:0.00, u:0.00, theta1:16.961, theta2:1.808, e:9.473
t:13.42, r:0.00, omega:9.47, omega_m:0.00, u:0.00, theta1:16.959, theta2:1.812, e:9.473
t:13.43, r:0.00, omega:9.47, omega_m:0.00, u:0.00, theta1:16.957, theta2:1.816, e:9.473
t:13.44, r:0.00, omega:9.47, omega_m:0.00, u:0.00, theta1:16.956, theta2:1.821, e:9.473
t:13.45, r:0.00, omega:9.47, omega_m:0.00, u:0.00, theta1:16.954, theta2:1.825, e:9.473
t:13.46, r:0.00, omega:9.47, omega_m:0.00, u:0.00, theta1:16.952, theta2:1.829, e:9.473
t:13.47, r:0.00, omega:9.47, omega_m:0.00, u:0.00, theta1:16.951, theta2:1.833, e:9.473
t:13.48, r:0.00, omega:9.47, omega_m:0.00, u:0.00, theta1:16.949, theta2:1.838, e:9.473
t:13.49, r:0.00, omega:0.00, omega_m:0.00, u:0.00, theta1:16.949, theta2:1.838, e:-0.000
t:13.50, r:0.00, omega:0.00, omega_m:0.00, u:0.00, theta1:16.949, theta2:1.838, e:-0.000
t:13.51, r:0.00, omega:0.00, omega_m:0.00, u:0.00, theta1:16.949, theta2:1.838, e:-0.000
t:13.52, r:0.00, omega:0.00, omega_m:0.00, u:0.00, theta1:16.949, theta2:1.838, e:-0.000
t:13.53, r:0.00, omega:0.00, omega_m:0.00, u:0.00, theta1:16.949, theta2:1.838, e:-0.000
t:13.54, r:0.00, omega:0.00, omega_m:0.00, u:0.00, theta1:16.949, theta2:1.838, e:-0.000
t:13.55, r:0.00, omega:0.00, omega_m:0.00, u:0.00, theta1:16.949, theta2:1.838, e:-0.000
t:13.56, r:0.00, omega:0.00, omega_m:0.00, u:0.00, theta1:16.949, theta2:1.838, e:-0.000
t:13.57, r:0.00, omega:0.00, omega_m:0.00, u:0.00, theta1:16.949, theta2:1.838, e:-0.000
t:13.58, r:0.00, omega:0.00, omega_m:0.00, u:0.00, theta1:16.949, theta2:1.838, e:-0.000
t:13.59, r:0.00, omega:0.00, omega_m:0.00, u:0.00, theta1:16.949, theta2:1.838, e:-0.000
t:13.60, r:0.00, omega:0.00, omega_m:0.00, u:0.00, theta1:16.949, theta2:1.838, e:-0.000
t:13.61, r:0.00, omega:0.00, omega_m:0.00, u:0.00, theta1:16.949, theta2:1.838, e:-0.000
t:13.62, r:0.00, omega:0.00, omega_m:0.00, u:0.00, theta1:16.949, theta2:1.838, e:-0.000
t:13.63, r:0.00, omega:0.00, omega_m:0.00, u:0.00, theta1:16.949, theta2:1.838, e:-0.000
t:13.64, r:0.00, omega:0.00, omega_m:0.00, u:0.00, theta1:16.949, theta2:1.838, e:-0.000
t:13.65, r:0.00, omega:0.00, omega_m:0.00, u:0.00, theta1:16.949, theta2:1.838, e:-0.000
t:13.66, r:0.00, omega:0.00, omega_m:0.00, u:0.00, theta1:16.949, theta2:1.838, e:-0.000
t:13.67, r:0.00, omega:0.00, omega_m:0.00, u:0.00, theta1:16.949, theta2:1.838, e:-0.000
t:13.68, r:0.00, omega:0.00, omega_m:0.00, u:0.00, theta1:16.949, theta2:1.838, e:-0.000
t:13.69, r:0.00, omega:0.00, omega_m:0.00, u:0.00, theta1:16.949, theta2:1.838, e:-0.000
t:13.70, r:0.00, omega:0.00, omega_m:0.00, u:0.00, theta1:16.949, theta2:1.838, e:-0.000
t:13.71, r:0.00, omega:0.00, omega_m:0.00, u:0.00, theta1:16.949, theta2:1.838, e:-0.000
t:13.72, r:0.00, omega:0.00, omega_m:0.00, u:0.00, theta1:16.949, theta2:1.838, e:-0.000
t:13.73, r:0.00, omega:0.00, omega_m:0.00, u:0.00, theta1:16.949, theta2:1.838, e:-0.000
t:13.74, r:0.00, omega:0.00, omega_m:0.00, u:0.00, theta1:16.949, theta2:1.838, e:-0.000
t:13.75, r:0.00, omega:0.00, omega_m:0.00, u:0.00, theta1:16.949, theta2:1.838, e:-0.000
t:13.76, r:0.00, omega:0.00, omega_m:0.00, u:0.00, theta1:16.949, theta2:1.838, e:-0.000
t:13.77, r:0.00, omega:0.00, omega_m:0.00, u:0.00, theta1:16.949, theta2:1.838, e:-0.000
t:13.78, r:0.00, omega:0.00, omega_m:0.00, u:0.00, theta1:16.949, theta2:1.838, e:-0.000
t:13.79, r:0.00, omega:0.00, omega_m:0.00, u:0.00, theta1:16.949, theta2:1.838, e:-0.000
t:13.80, r:0.00, omega:0.00, omega_m:0.00, u:0.00, theta1:16.949, theta2:1.838, e:-0.000
t:13.81, r:0.00, omega:0.00, omega_m:0.00, u:0.00, theta1:16.949, theta2:1.838, e:-0.000
t:13.82, r:0.00, omega:0.00, omega_m:0.00, u:0.00, theta1:16.949, theta2:1.838, e:-0.000
t:13.83, r:0.00, omega:0.00, omega_m:0.00, u:0.00, theta1:16.949, theta2:1.838, e:-0.000
t:13.84, r:0.00, omega:0.00, omega_m:0.00, u:0.00, theta1:16.949, theta2:1.838, e:-0.000
t:13.85, r:0.00, omega:0.00, omega_m:0.00, u:0.00, theta1:16.949, theta2:1.838, e:-0.000
t:13.86, r:0.00, omega:0.00, omega_m:0.00, u:0.00, theta1:16.949, theta2:1.838, e:-0.000
t:13.87, r:0.00, omega:0.00, omega_m:0.00, u:0.00, theta1:16.949, theta2:1.838, e:-0.000
t:13.88, r:0.00, omega:0.00, omega_m:0.00, u:0.00, theta1:16.949, theta2:1.838, e:-0.000
t:13.89, r:0.00, omega:0.00, omega_m:0.00, u:0.00, theta1:16.949, theta2:1.838, e:-0.000
t:13.90, r:0.00, omega:0.00, omega_m:0.00, u:0.00, theta1:16.949, theta2:1.838, e:-0.000
t:13.91, r:0.00, omega:0.00, omega_m:0.00, u:0.00, theta1:16.949, theta2:1.838, e:-0.000
t:13.92, r:0.00, omega:0.00, omega_m:0.00, u:0.00, theta1:16.949, theta2:1.838, e:-0.000
t:13.93, r:0.00, omega:0.00, omega_m:0.00, u:0.00, theta1:16.949, theta2:1.838, e:-0.000
t:13.94, r:0.00, omega:0.00, omega_m:0.00, u:0.00, theta1:16.949, theta2:1.838, e:-0.000
t:13.95, r:0.00, omega:0.00, omega_m:0.00, u:0.00, theta1:16.949, theta2:1.838, e:-0.000
t:13.96, r:0.00, omega:0.00, omega_m:0.00, u:0.00, theta1:16.949, theta2:1.838, e:-0.000
t:13.97, r:0.00, omega:0.00, omega_m:0.00, u:0.00, theta1:16.949, theta2:1.838, e:-0.000
t:13.98, r:0.00, omega:0.00, omega_m:0.00, u:0.00, theta1:16.949, theta2:1.838, e:-0.000
t:13.99, r:0.00, omega:0.00, omega_m:0.00, u:0.00, theta1:16.949, theta2:1.838, e:-0.000
t:14.00, r:0.00, omega:0.00, omega_m:0.00, u:0.00, theta1:16.949, theta2:1.838, e:-0.000
t:14.01, r:-10.00, omega:0.00, omega_m:-6.32, u:-169.51, theta1:16.951, theta2:1.838, e:6.321
t:14.02, r:-10.00, omega:0.00, omega_m:-8.65, u:-169.54, theta1:16.954, theta2:1.838, e:8.647
t:14.03, r:-10.00, omega:0.00, omega_m:-9.50, u:-169.57, theta1:16.957, theta2:1.837, e:9.502
t:14.04, r:-10.00, omega:0.00, omega_m:-9.82, u:-169.61, theta1:16.961, theta2:1.837, e:9.817
t:14.05, r:-10.00, omega:0.00, omega_m:-9.93, u:-169.64, theta1:16.964, theta2:1.837, e:9.933
t:14.06, r:-10.00, omega:-0.49, omega_m:-9.98, u:-168.77, theta1:16.967, theta2:1.837, e:9.487
t:14.07, r:-10.00, omega:-0.49, omega_m:-9.99, u:-168.81, theta1:16.970, theta2:1.836, e:9.503
t:14.08, r:-10.00, omega:-0.49, omega_m:-10.00, u:-168.84, theta1:16.973, theta2:1.836, e:9.509
t:14.09, r:-10.00, omega:-0.49, omega_m:-10.00, u:-168.87, theta1:16.976, theta2:1.835, e:9.511
t:14.10, r:-10.00, omega:-0.49, omega_m:-10.00, u:-168.90, theta1:16.980, theta2:1.835, e:9.511
t:14.11, r:-10.00, omega:-10.28, omega_m:-10.00, u:-150.93, theta1:16.979, theta2:1.835, e:-0.279
t:14.12, r:-10.00, omega:-10.28, omega_m:-10.00, u:-150.93, theta1:16.979, theta2:1.835, e:-0.279
t:14.13, r:-10.00, omega:-10.28, omega_m:-10.00, u:-150.93, theta1:16.979, theta2:1.835, e:-0.279
t:14.14, r:-10.00, omega:-10.28, omega_m:-10.00, u:-150.92, theta1:16.979, theta2:1.835, e:-0.279
t:14.15, r:-10.00, omega:-10.28, omega_m:-10.00, u:-150.92, theta1:16.979, theta2:1.836, e:-0.279
t:14.16, r:-10.00, omega:-10.89, omega_m:-10.00, u:-149.79, theta1:16.978, theta2:1.836, e:-0.888
t:14.17, r:-10.00, omega:-10.89, omega_m:-10.00, u:-149.78, theta1:16.977, theta2:1.837, e:-0.888
t:14.18, r:-10.00, omega:-10.89, omega_m:-10.00, u:-149.77, theta1:16.977, theta2:1.837, e:-0.888
t:14.19, r:-10.00, omega:-10.89, omega_m:-10.00, u:-149.76, theta1:16.976, theta2:1.837, e:-0.888
t:14.20, r:-10.00, omega:-10.89, omega_m:-10.00, u:-149.75, theta1:16.976, theta2:1.838, e:-0.888
t:14.21, r:-10.00, omega:-10.89, omega_m:-10.00, u:-149.73, theta1:16.975, theta2:1.838, e:-0.888
t:14.22, r:-10.00, omega:-8.93, omega_m:-10.00, u:-153.35, theta1:16.975, theta2:1.838, e:1.075
t:14.23, r:-10.00, omega:-8.93, omega_m:-10.00, u:-153.36, theta1:16.976, theta2:1.837, e:1.075
t:14.24, r:-10.00, omega:-8.93, omega_m:-10.00, u:-153.37, theta1:16.976, theta2:1.837, e:1.075
t:14.25, r:-10.00, omega:-8.93, omega_m:-10.00, u:-153.37, theta1:16.977, theta2:1.836, e:1.075
t:14.26, r:-10.00, omega:-8.93, omega_m:-10.00, u:-153.38, theta1:16.977, theta2:1.836, e:1.075
t:14.27, r:-10.00, omega:-9.70, omega_m:-10.00, u:-151.96, theta1:16.977, theta2:1.836, e:0.298
t:14.28, r:-10.00, omega:-9.70, omega_m:-10.00, u:-151.96, theta1:16.977, theta2:1.836, e:0.298
t:14.29, r:-10.00, omega:-9.70, omega_m:-10.00, u:-151.96, theta1:16.977, theta2:1.835, e:0.298
t:14.30, r:-10.00, omega:-9.70, omega_m:-10.00, u:-151.97, theta1:16.977, theta2:1.835, e:0.298
t:14.31, r:-10.00, omega:-9.70, omega_m:-10.00, u:-151.97, theta1:16.977, theta2:1.835, e:0.298
t:14.32, r:-10.00, omega:-9.70, omega_m:-10.00, u:-151.97, theta1:16.977, theta2:1.835, e:0.298
t:14.33, r:-10.00, omega:-9.41, omega_m:-10.00, u:-152.50, theta1:16.978, theta2:1.835, e:0.586
t:14.34, r:-10.00, omega:-9.41, omega_m:-10.00, u:-152.51, theta1:16.978, theta2:1.834, e:0.586
t:14.35, r:-10.00, omega:-9.41, omega_m:-10.00, u:-152.51, theta1:16.978, theta2:1.834, e:0.586
t:14.36, r:-10.00, omega:-9.41, omega_m:-10.00, u:-152.52, theta1:16.978, theta2:1.834, e:0.586
t:14.37, r:-10.00, omega:-9.41, omega_m:-10.00, u:-152.52, theta1:16.978, theta2:1.834, e:0.586
t:14.38, r:-10.00, omega:-9.47, omega_m:-10.00, u:-152.42, theta1:16.979, theta2:1.833, e:0.530
t:14.39, r:-10.00, omega:-9.47, omega_m:-10.00, u:-152.43, theta1:16.979, theta2:1.833, e:0.530
t:14.40, r:-10.00, omega:-9.47, omega_m:-10.00, u:-152.43, theta1:16.979, theta2:1.833, e:0.530
t:14.41, r:-10.00, omega:-9.47, omega_m:-10.00, u:-152.44, theta1:16.979, theta2:1.833, e:0.530
t:14.42, r:-10.00, omega:-9.47, omega_m:-10.00, u:-152.44, theta1:16.979, theta2:1.832, e:0.530
t:14.43, r:-10.00, omega:-9.82, omega_m:-10.00, u:-151.80, theta1:16.979, theta2:1.832, e:0.177
t:14.44, r:-10.00, omega:-9.82, omega_m:-10.00, u:-151.80, theta1:16.979, theta2:1.832, e:0.177
t:14.45, r:-10.00, omega:-9.82, omega_m:-10.00, u:-151.80, theta1:16.979, theta2:1.832, e:0.177
t:14.46, r:-10.00, omega:-9.82, omega_m:-10.00, u:-151.80, theta1:16.980, theta2:1.832, e:0.177
t:14.47, r:-10.00, omega:-9.82, omega_m:-10.00, u:-151.80, theta1:16.980, theta2:1.832, e:0.177
t:14.48, r:-10.00, omega:-9.82, omega_m:-10.00, u:-151.80, theta1:16.980, theta2:1.832, e:0.177
t:14.49, r:-10.00, omega:-9.96, omega_m:-10.00, u:-151.56, theta1:16.980, theta2:1.832, e:0.045
t:14.50, r:-10.00, omega:-9.96, omega_m:-10.00, u:-151.56, theta1:16.980, theta2:1.832, e:0.045
t:14.51, r:-10.00, omega:-9.96, omega_m:-10.00, u:-151.56, theta1:16.980, theta2:1.832, e:0.045
t:14.52, r:-10.00, omega:-9.96, omega_m:-10.00, u:-151.56, theta1:16.980, theta2:1.832, e:0.045
t:14.53, r:-10.00, omega:-9.96, omega_m:-10.00, u:-151.56, theta1:16.980, theta2:1.832, e:0.045
t:14.54, r:-10.00, omega:-9.29, omega_m:-10.00, u:-152.78, theta1:16.980, theta2:1.831, e:0.706
t:14.55, r:-10.00, omega:-9.29, omega_m:-10.00, u:-152.79, theta1:16.980, theta2:1.831, e:0.706
t:14.56, r:-10.00, omega:-9.29, omega_m:-10.00, u:-152.79, theta1:16.980, theta2:1.831, e:0.706
t:14.57, r:-10.00, omega:-9.29, omega_m:-10.00, u:-152.80, theta1:16.981, theta2:1.830, e:0.706
t:14.58, r:-10.00, omega:-9.29, omega_m:-10.00, u:-152.80, theta1:16.981, theta2:1.830, e:0.706
t:14.59, r:-10.00, omega:-9.29, omega_m:-10.00, u:-152.81, theta1:16.981, theta2:1.830, e:0.706
t:14.60, r:-10.00, omega:-9.60, omega_m:-10.00, u:-152.25, theta1:16.981, theta2:1.829, e:0.399
t:14.61, r:-10.00, omega:-9.60, omega_m:-10.00, u:-152.25, theta1:16.981, theta2:1.829, e:0.399
t:14.62, r:-10.00, omega:-9.60, omega_m:-10.00, u:-152.25, theta1:16.982, theta2:1.829, e:0.399
t:14.63, r:-10.00, omega:-9.60, omega_m:-10.00, u:-152.26, theta1:16.982, theta2:1.829, e:0.399
t:14.64, r:-10.00, omega:-9.60, omega_m:-10.00, u:-152.26, theta1:16.982, theta2:1.829, e:0.399
t:14.65, r:-10.00, omega:-9.70, omega_m:-10.00, u:-152.08, theta1:16.982, theta2:1.828, e:0.301
t:14.66, r:-10.00, omega:-9.70, omega_m:-10.00, u:-152.09, theta1:16.982, theta2:1.828, e:0.301
t:14.67, r:-10.00, omega:-9.70, omega_m:-10.00, u:-152.09, theta1:16.982, theta2:1.828, e:0.301
t:14.68, r:-10.00, omega:-9.70, omega_m:-10.00, u:-152.09, theta1:16.982, theta2:1.828, e:0.301
t:14.69, r:-10.00, omega:-9.70, omega_m:-10.00, u:-152.09, theta1:16.982, theta2:1.828, e:0.301
t:14.70, r:-10.00, omega:-9.70, omega_m:-10.00, u:-152.10, theta1:16.982, theta2:1.828, e:0.301
t:14.71, r:-10.00, omega:-9.65, omega_m:-10.00, u:-152.18, theta1:16.982, theta2:1.828, e:0.346
t:14.72, r:-10.00, omega:-9.65, omega_m:-10.00, u:-152.19, theta1:16.983, theta2:1.827, e:0.346
t:14.73, r:-10.00, omega:-9.65, omega_m:-10.00, u:-152.19, theta1:16.983, theta2:1.827, e:0.346
t:14.74, r:-10.00, omega:-9.65, omega_m:-10.00, u:-152.19, theta1:16.983, theta2:1.827, e:0.346
t:14.75, r:-10.00, omega:-9.65, omega_m:-10.00, u:-152.19, theta1:16.983, theta2:1.827, e:0.346
t:14.76, r:-10.00, omega:-9.73, omega_m:-10.00, u:-152.06, theta1:16.983, theta2:1.827, e:0.274
t:14.77, r:-10.00, omega:-9.73, omega_m:-10.00, u:-152.07, theta1:16.983, theta2:1.827, e:0.274
t:14.78, r:-10.00, omega:-9.73, omega_m:-10.00, u:-152.07, theta1:16.983, theta2:1.826, e:0.274
t:14.79, r:-10.00, omega:-9.73, omega_m:-10.00, u:-152.07, theta1:16.983, theta2:1.826, e:0.274
t:14.80, r:-10.00, omega:-9.73, omega_m:-10.00, u:-152.07, theta1:16.983, theta2:1.826, e:0.274
t:14.81, r:-10.00, omega:-10.05, omega_m:-10.00, u:-151.47, theta1:16.983, theta2:1.826, e:-0.054
t:14.82, r:-10.00, omega:-10.05, omega_m:-10.00, u:-151.47, theta1:16.983, theta2:1.826, e:-0.054
t:14.83, r:-10.00, omega:-10.05, omega_m:-10.00, u:-151.47, theta1:16.983, theta2:1.826, e:-0.054
t:14.84, r:-10.00, omega:-10.05, omega_m:-10.00, u:-151.47, theta1:16.983, theta2:1.826, e:-0.054
t:14.85, r:-10.00, omega:-10.05, omega_m:-10.00, u:-151.47, theta1:16.983, theta2:1.826, e:-0.054
t:14.86, r:-10.00, omega:-10.05, omega_m:-10.00, u:-151.47, theta1:16.983, theta2:1.826, e:-0.054
t:14.87, r:-10.00, omega:-9.32, omega_m:-10.00, u:-152.82, theta1:16.983, theta2:1.826, e:0.684
t:14.88, r:-10.00, omega:-9.32, omega_m:-10.00, u:-152.83, theta1:16.984, theta2:1.826, e:0.684
t:14.89, r:-10.00, omega:-9.32, omega_m:-10.00, u:-152.83, theta1:16.984, theta2:1.825, e:0.684
t:14.90, r:-10.00, omega:-9.32, omega_m:-10.00, u:-152.84, theta1:16.984, theta2:1.825, e:0.684
t:14.91, r:-10.00, omega:-9.32, omega_m:-10.00, u:-152.84, theta1:16.984, theta2:1.825, e:0.684
t:14.92, r:-10.00, omega:-9.48, omega_m:-10.00, u:-152.54, theta1:16.984, theta2:1.824, e:0.516
t:14.93, r:-10.00, omega:-9.48, omega_m:-10.00, u:-152.55, theta1:16.985, theta2:1.824, e:0.516
t:14.94, r:-10.00, omega:-9.48, omega_m:-10.00, u:-152.55, theta1:16.985, theta2:1.824, e:0.516
t:14.95, r:-10.00, omega:-9.48, omega_m:-10.00, u:-152.55, theta1:16.985, theta2:1.824, e:0.516
t:14.96, r:-10.00, omega:-9.48, omega_m:-10.00, u:-152.56, theta1:16.985, theta2:1.823, e:0.516
t:14.97, r:-10.00, omega:-9.48, omega_m:-10.00, u:-152.56, theta1:16.985, theta2:1.823, e:0.516
t:14.98, r:-10.00, omega:-9.80, omega_m:-10.00, u:-151.99, theta1:16.985, theta2:1.823, e:0.202
t:14.99, r:-10.00, omega:-9.80, omega_m:-10.00, u:-151.99, theta1:16.985, theta2:1.823, e:0.202
t:15.00, r:-10.00, omega:-9.80, omega_m:-10.00, u:-152.00, theta1:16.986, theta2:1.823, e:0.202
t:15.01, r:0.00, omega:-9.80, omega_m:-3.68, u:0.00, theta1:16.984, theta2:1.826, e:-6.119
t:15.02, r:0.00, omega:-9.80, omega_m:-1.35, u:0.00, theta1:16.983, theta2:1.830, e:-8.445
t:15.03, r:0.00, omega:-9.80, omega_m:-0.50, u:0.00, theta1:16.981, theta2:1.834, e:-9.300
t:15.04, r:0.00, omega:-9.80, omega_m:-0.18, u:0.00, theta1:16.980, theta2:1.839, e:-9.615
t:15.05, r:0.00, omega:-6.75, omega_m:-0.07, u:0.00, theta1:16.979, theta2:1.841, e:-6.686
t:15.06, r:0.00, omega:-6.75, omega_m:-0.02, u:0.00, theta1:16.978, theta2:1.843, e:-6.728
t:15.07, r:0.00, omega:-6.75, omega_m:-0.01, u:0.00, theta1:16.976, theta2:1.845, e:-6.744
t:15.08, r:0.00, omega:-6.75, omega_m:-0.00, u:0.00, theta1:16.975, theta2:1.847, e:-6.750
t:15.09, r:0.00, omega:-6.75, omega_m:-0.00, u:0.00, theta1:16.974, theta2:1.849, e:-6.752
t:15.10, r:0.00, omega:-6.75, omega_m:-0.00, u:0.00, theta1:16.973, theta2:1.851, e:-6.753
t:15.11, r:0.00, omega:-6.75, omega_m:-0.00, u:0.00, theta1:16.972, theta2:1.854, e:-6.753
t:15.12, r:0.00, omega:-6.75, omega_m:-0.00, u:0.00, theta1:16.971, theta2:1.856, e:-6.753
t:15.13, r:0.00, omega:-6.75, omega_m:-0.00, u:0.00, theta1:16.970, theta2:1.858, e:-6.753
t:15.14, r:0.00, omega:-6.75, omega_m:-0.00, u:0.00, theta1:16.968, theta2:1.860, e:-6.753
t:15.15, r:0.00, omega:-6.75, omega_m:-0.00, u:0.00, theta1:16.967, theta2:1.862, e:-6.753
t:15.16, r:0.00, omega:-6.75, omega_m:-0.00, u:0.00, theta1:16.966, theta2:1.864, e:-6.753
t:15.17, r:0.00, omega:-6.75, omega_m:-0.00, u:0.00, theta1:16.965, theta2:1.867, e:-6.753
t:15.18, r:0.00, omega:-6.75, omega_m:-0.00, u:0.00, theta1:16.964, theta2:1.869, e:-6.753
t:15.19, r:0.00, omega:-6.75, omega_m:-0.00, u:0.00, theta1:16.963, theta2:1.871, e:-6.753
t:15.20, r:0.00, omega:-6.75, omega_m:-0.00, u:0.00, theta1:16.962, theta2:1.873, e:-6.753
t:15.21, r:0.00, omega:-6.75, omega_m:-0.00, u:0.00, theta1:16.960, theta2:1.875, e:-6.753
t:15.22, r:0.00, omega:-6.75, omega_m:-0.00, u:0.00, theta1:16.959, theta2:1.877, e:-6.753
t:15.23, r:0.00, omega:-6.75, omega_m:-0.00, u:0.00, theta1:16.958, theta2:1.879, e:-6.753
t:15.24, r:0.00, omega:-6.75, omega_m:-0.00, u:0.00, theta1:16.957, theta2:1.882, e:-6.753
t:15.25, r:0.00, omega:-6.75, omega_m:-0.00, u:0.00, theta1:16.956, theta2:1.884, e:-6.753
t:15.26, r:0.00, omega:-6.75, omega_m:-0.00, u:0.00, theta1:16.955, theta2:1.886, e:-6.753
t:15.27, r:0.00, omega:-6.75, omega_m:-0.00, u:0.00, theta1:16.954, theta2:1.888, e:-6.753
t:15.28, r:0.00, omega:-6.75, omega_m:-0.00, u:0.00, theta1:16.952, theta2:1.890, e:-6.753
t:15.29, r:0.00, omega:-6.75, omega_m:-0.00, u:0.00, theta1:16.951, theta2:1.892, e:-6.753
t:15.30, r:0.00, omega:-6.75, omega_m:-0.00, u:0.00, theta1:16.950, theta2:1.895, e:-6.753
t:15.31, r:0.00, omega:-6.75, omega_m:-0.00, u:0.00, theta1:16.949, theta2:1.897, e:-6.753
t:15.32, r:0.00, omega:-6.75, omega_m:-0.00, u:0.00, theta1:16.948, theta2:1.899, e:-6.753
t:15.33, r:0.00, omega:-6.75, omega_m:-0.00, u:0.00, theta1:16.947, theta2:1.901, e:-6.753
t:15.34, r:0.00, omega:-6.75, omega_m:-0.00, u:0.00, theta1:16.945, theta2:1.903, e:-6.753
t:15.35, r:0.00, omega:-6.75, omega_m:-0.00, u:0.00, theta1:16.944, theta2:1.905, e:-6.753
t:15.36, r:0.00, omega:-6.75, omega_m:-0.00, u:0.00, theta1:16.943, theta2:1.907, e:-6.753
t:15.37, r:0.00, omega:-6.75, omega_m:-0.00, u:0.00, theta1:16.942, theta2:1.910, e:-6.753
t:15.38, r:0.00, omega:-6.75, omega_m:-0.00, u:0.00, theta1:16.941, theta2:1.912, e:-6.753
t:15.39, r:0.00, omega:-6.75, omega_m:-0.00, u:0.00, theta1:16.940, theta2:1.914, e:-6.753
t:15.40, r:0.00, omega:-6.75, omega_m:-0.00, u:0.00, theta1:16.939, theta2:1.916, e:-6.753
t:15.41, r:0.00, omega:-6.75, omega_m:-0.00, u:0.00, theta1:16.937, theta2:1.918, e:-6.753
t:15.42, r:0.00, omega:-6.75, omega_m:-0.00, u:0.00, theta1:16.936, theta2:1.920, e:-6.753
t:15.43, r:0.00, omega:-6.75, omega_m:-0.00, u:0.00, theta1:16.935, theta2:1.923, e:-6.753
t:15.44, r:0.00, omega:-6.75, omega_m:-0.00, u:0.00, theta1:16.934, theta2:1.925, e:-6.753
t:15.45, r:0.00, omega:-6.75, omega_m:-0.00, u:0.00, theta1:16.933, theta2:1.927, e:-6.753
t:15.46, r:0.00, omega:-6.75, omega_m:-0.00, u:0.00, theta1:16.932, theta2:1.929, e:-6.753
t:15.47, r:0.00, omega:-6.75, omega_m:-0.00, u:0.00, theta1:16.931, theta2:1.931, e:-6.753
t:15.48, r:0.00, omega:-6.75, omega_m:-0.00, u:0.00, theta1:16.929, theta2:1.933, e:-6.753
t:15.49, r:0.00, omega:-6.75, omega_m:-0.00, u:0.00, theta1:16.928, theta2:1.935, e:-6.753
t:15.50, r:0.00, omega:-6.75, omega_m:-0.00, u:0.00, theta1:16.927, theta2:1.938, e:-6.753
t:15.51, r:0.00, omega:-6.75, omega_m:-0.00, u:0.00, theta1:16.926, theta2:1.940, e:-6.753
t:15.52, r:0.00, omega:-6.75, omega_m:-0.00, u:0.00, theta1:16.925, theta2:1.942, e:-6.753
t:15.53, r:0.00, omega:-6.75, omega_m:-0.00, u:0.00, theta1:16.924, theta2:1.944, e:-6.753
t:15.54, r:0.00, omega:-6.75, omega_m:-0.00, u:0.00, theta1:16.923, theta2:1.946, e:-6.753
t:15.55, r:0.00, omega:0.00, omega_m:-0.00, u:0.00, theta1:16.923, theta2:1.946, e:0.000
t:15.56, r:0.00, omega:0.00, omega_m:-0.00, u:0.00, theta1:16.923, theta2:1.946, e:0.000
t:15.57, r:0.00, omega:0.00, omega_m:-0.00, u:0.00, theta1:16.923, theta2:1.946, e:0.000
t:15.58, r:0.00, omega:0.00, omega_m:-0.00, u:0.00, theta1:16.923, theta2:1.946, e:0.000
t:15.59, r:0.00, omega:0.00, omega_m:-0.00, u:0.00, theta1:16.923, theta2:1.946, e:0.000
t:15.60, r:0.00, omega:0.00, omega_m:-0.00, u:0.00, theta1:16.923, theta2:1.946, e:0.000
t:15.61, r:0.00, omega:0.00, omega_m:-0.00, u:0.00, theta1:16.923, theta2:1.946, e:0.000
t:15.62, r:0.00, omega:0.00, omega_m:-0.00, u:0.00, theta1:16.923, theta2:1.946, e:0.000
t:15.63, r:0.00, omega:0.00, omega_m:-0.00, u:0.00, theta1:16.923, theta2:1.946, e:0.000
t:15.64, r:0.00, omega:0.00, omega_m:-0.00, u:0.00, theta1:16.923, theta2:1.946, e:0.000
t:15.65, r:0.00, omega:0.00, omega_m:-0.00, u:0.00, theta1:16.923, theta2:1.946, e:0.000
t:15.66, r:0.00, omega:0.00, omega_m:-0.00, u:0.00, theta1:16.923, theta2:1.946, e:0.000
t:15.67, r:0.00, omega:0.00, omega_m:-0.00, u:0.00, theta1:16.923, theta2:1.946, e:0.000
t:15.68, r:0.00, omega:0.00, omega_m:-0.00, u:0.00, theta1:16.923, theta2:1.946, e:0.000
t:15.69, r:0.00, omega:0.00, omega_m:-0.00, u:0.00, theta1:16.923, theta2:1.946, e:0.000
t:15.70, r:0.00, omega:0.00, omega_m:-0.00, u:0.00, theta1:16.923, theta2:1.946, e:0.000
t:15.71, r:0.00, omega:0.00, omega_m:-0.00, u:0.00, theta1:16.923, theta2:1.946, e:0.000
t:15.72, r:0.00, omega:0.00, omega_m:-0.00, u:0.00, theta1:16.923, theta2:1.946, e:0.000
t:15.73, r:0.00, omega:0.00, omega_m:-0.00, u:0.00, theta1:16.923, theta2:1.946, e:0.000
t:15.74, r:0.00, omega:0.00, omega_m:-0.00, u:0.00, theta1:16.923, theta2:1.946, e:0.000
t:15.75, r:0.00, omega:0.00, omega_m:-0.00, u:0.00, theta1:16.923, theta2:1.946, e:0.000
t:15.76, r:0.00, omega:0.00, omega_m:-0.00, u:0.00, theta1:16.923, theta2:1.946, e:0.000
t:15.77, r:0.00, omega:0.00, omega_m:-0.00, u:0.00, theta1:16.923, theta2:1.946, e:0.000
t:15.78, r:0.00, omega:0.00, omega_m:-0.00, u:0.00, theta1:16.923, theta2:1.946, e:0.000
t:15.79, r:0.00, omega:0.00, omega_m:-0.00, u:0.00, theta1:16.923, theta2:1.946, e:0.000
t:15.80, r:0.00, omega:0.00, omega_m:-0.00, u:0.00, theta1:16.923, theta2:1.946, e:0.000
t:15.81, r:0.00, omega:0.00, omega_m:-0.00, u:0.00, theta1:16.923, theta2:1.946, e:0.000
t:15.82, r:0.00, omega:0.00, omega_m:-0.00, u:0.00, theta1:16.923, theta2:1.946, e:0.000
t:15.83, r:0.00, omega:0.00, omega_m:-0.00, u:0.00, theta1:16.923, theta2:1.946, e:0.000
t:15.84, r:0.00, omega:0.00, omega_m:-0.00, u:0.00, theta1:16.923, theta2:1.946, e:0.000
t:15.85, r:0.00, omega:0.00, omega_m:-0.00, u:0.00, theta1:16.923, theta2:1.946, e:0.000
t:15.86, r:0.00, omega:0.00, omega_m:-0.00, u:0.00, theta1:16.923, theta2:1.946, e:0.000
t:15.87, r:0.00, omega:0.00, omega_m:-0.00, u:0.00, theta1:16.923, theta2:1.946, e:0.000
t:15.88, r:0.00, omega:0.00, omega_m:-0.00, u:0.00, theta1:16.923, theta2:1.946, e:0.000
t:15.89, r:0.00, omega:0.00, omega_m:-0.00, u:0.00, theta1:16.923, theta2:1.946, e:0.000
t:15.90, r:0.00, omega:0.00, omega_m:-0.00, u:0.00, theta1:16.923, theta2:1.946, e:0.000
t:15.91, r:0.00, omega:0.00, omega_m:-0.00, u:0.00, theta1:16.923, theta2:1.946, e:0.000
t:15.92, r:0.00, omega:0.00, omega_m:-0.00, u:0.00, theta1:16.923, theta2:1.946, e:0.000
t:15.93, r:0.00, omega:0.00, omega_m:-0.00, u:0.00, theta1:16.923, theta2:1.946, e:0.000
t:15.94, r:0.00, omega:0.00, omega_m:-0.00, u:0.00, theta1:16.923, theta2:1.946, e:0.000
t:15.95, r:0.00, omega:0.00, omega_m:-0.00, u:0.00, theta1:16.923, theta2:1.946, e:0.000
t:15.96, r:0.00, omega:0.00, omega_m:-0.00, u:0.00, theta1:16.923, theta2:1.946, e:0.000
t:15.97, r:0.00, omega:0.00, omega_m:-0.00, u:0.00, theta1:16.923, theta2:1.946, e:0.000
t:15.98, r:0.00, omega:0.00, omega_m:-0.00, u:0.00, theta1:16.923, theta2:1.946, e:0.000
t:15.99, r:0.00, omega:0.00, omega_m:-0.00, u:0.00, theta1:16.923, theta2:1.946, e:0.000
t:16.00, r:0.00, omega:0.00, omega_m:-0.00, u:0.00, theta1:16.923, theta2:1.946, e:0.000
t:16.01, r:10.00, omega:0.00, omega_m:6.32, u:169.25, theta1:16.925, theta2:1.946, e:-6.321
t:16.02, r:10.00, omega:0.00, omega_m:8.65, u:169.28, theta1:16.928, theta2:1.946, e:-8.647
t:16.03, r:10.00, omega:0.00, omega_m:9.50, u:169.31, theta1:16.931, theta2:1.946, e:-9.502
t:16.04, r:10.00, omega:0.00, omega_m:9.82, u:169.34, theta1:16.934, theta2:1.946, e:-9.817
t:16.05, r:10.00, omega:0.00, omega_m:9.93, u:169.37, theta1:16.937, theta2:1.945, e:-9.933
t:16.06, r:10.00, omega:0.00, omega_m:9.98, u:169.41, theta1:16.941, theta2:1.945, e:-9.975
t:16.07, r:10.00, omega:0.52, omega_m:9.99, u:168.43, theta1:16.944, theta2:1.945, e:-9.475
t:16.08, r:10.00, omega:0.52, omega_m:10.00, u:168.46, theta1:16.947, theta2:1.944, e:-9.480
t:16.09, r:10.00, omega:0.52, omega_m:10.00, u:168.50, theta1:16.950, theta2:1.944, e:-9.482
t:16.10, r:10.00, omega:0.52, omega_m:10.00, u:168.53, theta1:16.953, theta2:1.943, e:-9.483
t:16.11, r:10.00, omega:0.52, omega_m:10.00, u:168.56, theta1:16.956, theta2:1.943, e:-9.484
t:16.12, r:10.00, omega:10.24, omega_m:10.00, u:149.67, theta1:16.956, theta2:1.943, e:0.239
t:16.13, r:10.00, omega:10.24, omega_m:10.00, u:149.66, theta1:16.956, theta2:1.943, e:0.239
t:16.14, r:10.00, omega:10.24, omega_m:10.00, u:149.66, theta1:16.956, theta2:1.943, e:0.239
t:16.15, r:10.00, omega:10.24, omega_m:10.00, u:149.66, theta1:16.956, theta2:1.943, e:0.239
t:16.16, r:10.00, omega:10.24, omega_m:10.00, u:149.65, theta1:16.955, theta2:1.944, e:0.239
t:16.17, r:10.00, omega:10.08, omega_m:10.00, u:149.96, theta1:16.955, theta2:1.944, e:0.081
t:16.18, r:10.00, omega:10.08, omega_m:10.00, u:149.96, theta1:16.955, theta2:1.944, e:0.081
t:16.19, r:10.00, omega:10.08, omega_m:10.00, u:149.96, theta1:16.955, theta2:1.944, e:0.081
t:16.20, r:10.00, omega:10.08, omega_m:10.00, u:149.96, theta1:16.955, theta2:1.944, e:0.081
t:16.21, r:10.00, omega:10.08, omega_m:10.00, u:149.96, theta1:16.955, theta2:1.944, e:0.081
t:16.22, r:10.00, omega:10.08, omega_m:10.00, u:149.95, theta1:16.955, theta2:1.944, e:0.081
t:16.23, r:10.00, omega:9.08, omega_m:10.00, u:151.90, theta1:16.955, theta2:1.943, e:-0.917
t:16.24, r:10.00, omega:9.08, omega_m:10.00, u:151.91, theta1:16.956, theta2:1.943, e:-0.917
t:16.25, r:10.00, omega:9.08, omega_m:10.00, u:151.92, theta1:16.956, theta2:1.943, e:-0.917
t:16.26, r:10.00, omega:9.08, omega_m:10.00, u:151.92, theta1:16.956, theta2:1.942, e:-0.917
t:16.27, r:10.00, omega:9.08, omega_m:10.00, u:151.93, theta1:16.957, theta2:1.942, e:-0.917
t:16.28, r:10.00, omega:9.08, omega_m:10.00, u:151.94, theta1:16.957, theta2:1.941, e:-0.917
t:16.29, r:10.00, omega:8.88, omega_m:10.00, u:152.34, theta1:16.957, theta2:1.941, e:-1.118
t:16.30, r:10.00, omega:8.88, omega_m:10.00, u:152.34, theta1:16.958, theta2:1.940, e:-1.118
t:16.31, r:10.00, omega:8.88, omega_m:10.00, u:152.35, theta1:16.958, theta2:1.940, e:-1.118
t:16.32, r:10.00, omega:8.88, omega_m:10.00, u:152.36, theta1:16.958, theta2:1.939, e:-1.118
t:16.33, r:10.00, omega:8.88, omega_m:10.00, u:152.37, theta1:16.959, theta2:1.939, e:-1.118
t:16.34, r:10.00, omega:9.68, omega_m:10.00, u:150.82, theta1:16.959, theta2:1.938, e:-0.319
t:16.35, r:10.00, omega:9.68, omega_m:10.00, u:150.83, theta1:16.959, theta2:1.938, e:-0.319
t:16.36, r:10.00, omega:9.68, omega_m:10.00, u:150.83, theta1:16.959, theta2:1.938, e:-0.319
t:16.37, r:10.00, omega:9.68, omega_m:10.00, u:150.83, theta1:16.959, theta2:1.938, e:-0.319
t:16.38, r:10.00, omega:9.68, omega_m:10.00, u:150.83, theta1:16.959, theta2:1.938, e:-0.319
t:16.39, r:10.00, omega:9.68, omega_m:10.00, u:150.84, theta1:16.959, theta2:1.938, e:-0.319
t:16.40, r:10.00, omega:9.44, omega_m:10.00, u:151.31, theta1:16.960, theta2:1.937, e:-0.560
t:16.41, r:10.00, omega:9.44, omega_m:10.00, u:151.31, theta1:16.960, theta2:1.937, e:-0.560
t:16.42, r:10.00, omega:9.44, omega_m:10.00, u:151.32, theta1:16.960, theta2:1.937, e:-0.560
t:16.43, r:10.00, omega:9.44, omega_m:10.00, u:151.32, theta1:16.960, theta2:1.937, e:-0.560
t:16.44, r:10.00, omega:9.44, omega_m:10.00, u:151.33, theta1:16.960, theta2:1.936, e:-0.560
t:16.45, r:10.00, omega:9.44, omega_m:10.00, u:151.33, theta1:16.960, theta2:1.936, e:-0.560
t:16.46, r:10.00, omega:8.67, omega_m:10.00, u:152.82, theta1:16.961, theta2:1.935, e:-1.327
t:16.47, r:10.00, omega:8.67, omega_m:10.00, u:152.83, theta1:16.961, theta2:1.935, e:-1.327
t:16.48, r:10.00, omega:8.67, omega_m:10.00, u:152.84, theta1:16.962, theta2:1.934, e:-1.327
t:16.49, r:10.00, omega:8.67, omega_m:10.00, u:152.85, theta1:16.962, theta2:1.934, e:-1.327
t:16.50, r:10.00, omega:8.67, omega_m:10.00, u:152.86, theta1:16.963, theta2:1.933, e:-1.327
t:16.51, r:10.00, omega:9.49, omega_m:10.00, u:151.29, theta1:16.963, theta2:1.933, e:-0.512
t:16.52, r:10.00, omega:9.49, omega_m:10.00, u:151.30, theta1:16.963, theta2:1.932, e:-0.512
t:16.53, r:10.00, omega:9.49, omega_m:10.00, u:151.30, theta1:16.963, theta2:1.932, e:-0.512
t:16.54, r:10.00, omega:9.49, omega_m:10.00, u:151.30, theta1:16.963, theta2:1.932, e:-0.512
t:16.55, r:10.00, omega:9.49, omega_m:10.00, u:151.31, theta1:16.964, theta2:1.932, e:-0.512
t:16.56, r:10.00, omega:9.49, omega_m:10.00, u:151.31, theta1:16.964, theta2:1.931, e:-0.512
t:16.57, r:10.00, omega:9.24, omega_m:10.00, u:151.80, theta1:16.964, theta2:1.931, e:-0.763
t:16.58, r:10.00, omega:9.24, omega_m:10.00, u:151.81, theta1:16.964, theta2:1.931, e:-0.763
t:16.59, r:10.00, omega:9.24, omega_m:10.00, u:151.81, theta1:16.964, theta2:1.930, e:-0.763
t:16.60, r:10.00, omega:9.24, omega_m:10.00, u:151.82, theta1:16.965, theta2:1.930, e:-0.763
t:16.61, r:10.00, omega:9.24, omega_m:10.00, u:151.83, theta1:16.965, theta2:1.930, e:-0.763
t:16.62, r:10.00, omega:9.24, omega_m:10.00, u:151.83, theta1:16.965, theta2:1.929, e:-0.763
t:16.63, r:10.00, omega:9.38, omega_m:10.00, u:151.56, theta1:16.965, theta2:1.929, e:-0.621
t:16.64, r:10.00, omega:9.38, omega_m:10.00, u:151.57, theta1:16.966, theta2:1.929, e:-0.621
t:16.65, r:10.00, omega:9.38, omega_m:10.00, u:151.57, theta1:16.966, theta2:1.928, e:-0.621
t:16.66, r:10.00, omega:9.38, omega_m:10.00, u:151.58, theta1:16.966, theta2:1.928, e:-0.621
t:16.67, r:10.00, omega:9.38, omega_m:10.00, u:151.58, theta1:16.966, theta2:1.928, e:-0.621
t:16.68, r:10.00, omega:9.45, omega_m:10.00, u:151.46, theta1:16.966, theta2:1.927, e:-0.554
t:16.69, r:10.00, omega:9.45, omega_m:10.00, u:151.46, theta1:16.967, theta2:1.927, e:-0.554
t:16.70, r:10.00, omega:9.45, omega_m:10.00, u:151.47, theta1:16.967, theta2:1.927, e:-0.554
t:16.71, r:10.00, omega:9.45, omega_m:10.00, u:151.47, theta1:16.967, theta2:1.927, e:-0.554
t:16.72, r:10.00, omega:9.45, omega_m:10.00, u:151.48, theta1:16.967, theta2:1.926, e:-0.554
t:16.73, r:10.00, omega:9.45, omega_m:10.00, u:151.48, theta1:16.967, theta2:1.926, e:-0.554
t:16.74, r:10.00, omega:9.52, omega_m:10.00, u:151.35, theta1:16.967, theta2:1.926, e:-0.483
t:16.75, r:10.00, omega:9.52, omega_m:10.00, u:151.35, theta1:16.968, theta2:1.926, e:-0.483
t:16.76, r:10.00, omega:9.52, omega_m:10.00, u:151.35, theta1:16.968, theta2:1.925, e:-0.483
t:16.77, r:10.00, omega:9.52, omega_m:10.00, u:151.36, theta1:16.968, theta2:1.925, e:-0.483
t:16.78, r:10.00, omega:9.52, omega_m:10.00, u:151.36, theta1:16.968, theta2:1.925, e:-0.483
t:16.79, r:10.00, omega:9.52, omega_m:10.00, u:151.37, theta1:16.968, theta2:1.925, e:-0.483
t:16.80, r:10.00, omega:8.87, omega_m:10.00, u:152.61, theta1:16.969, theta2:1.924, e:-1.127
t:16.81, r:10.00, omega:8.87, omega_m:10.00, u:152.62, theta1:16.969, theta2:1.924, e:-1.127
t:16.82, r:10.00, omega:8.87, omega_m:10.00, u:152.63, theta1:16.969, theta2:1.923, e:-1.127
t:16.83, r:10.00, omega:8.87, omega_m:10.00, u:152.64, theta1:16.970, theta2:1.923, e:-1.127
t:16.84, r:10.00, omega:8.87, omega_m:10.00, u:152.65, theta1:16.970, theta2:1.922, e:-1.127
t:16.85, r:10.00, omega:9.53, omega_m:10.00, u:151.39, theta1:16.970, theta2:1.922, e:-0.473
t:16.86, r:10.00, omega:9.53, omega_m:10.00, u:151.40, theta1:16.970, theta2:1.922, e:-0.473
t:16.87, r:10.00, omega:9.53, omega_m:10.00, u:151.40, theta1:16.971, theta2:1.921, e:-0.473
t:16.88, r:10.00, omega:9.53, omega_m:10.00, u:151.40, theta1:16.971, theta2:1.921, e:-0.473
t:16.89, r:10.00, omega:9.53, omega_m:10.00, u:151.41, theta1:16.971, theta2:1.921, e:-0.473
t:16.90, r:10.00, omega:9.53, omega_m:10.00, u:151.41, theta1:16.971, theta2:1.921, e:-0.473
t:16.91, r:10.00, omega:9.34, omega_m:10.00, u:151.77, theta1:16.971, theta2:1.920, e:-0.657
t:16.92, r:10.00, omega:9.34, omega_m:10.00, u:151.78, theta1:16.972, theta2:1.920, e:-0.657
t:16.93, r:10.00, omega:9.34, omega_m:10.00, u:151.78, theta1:16.972, theta2:1.920, e:-0.657
t:16.94, r:10.00, omega:9.34, omega_m:10.00, u:151.79, theta1:16.972, theta2:1.919, e:-0.657
t:16.95, r:10.00, omega:9.34, omega_m:10.00, u:151.79, theta1:16.972, theta2:1.919, e:-0.657
t:16.96, r:10.00, omega:9.34, omega_m:10.00, u:151.80, theta1:16.972, theta2:1.919, e:-0.657
t:16.97, r:10.00, omega:8.62, omega_m:10.00, u:153.19, theta1:16.973, theta2:1.918, e:-1.376
t:16.98, r:10.00, omega:8.62, omega_m:10.00, u:153.20, theta1:16.973, theta2:1.918, e:-1.376
t:16.99, r:10.00, omega:8.62, omega_m:10.00, u:153.21, theta1:16.974, theta2:1.917, e:-1.376
t:17.00, r:10.00, omega:8.62, omega_m:10.00, u:153.22, theta1:16.974, theta2:1.916, e:-1.376
t:17.01, r:0.00, omega:8.62, omega_m:3.68, u:0.00, theta1:16.973, theta2:1.918, e:4.945
t:17.02, r:0.00, omega:9.80, omega_m:1.35, u:0.00, theta1:16.972, theta2:1.922, e:8.449
t:17.03, r:0.00, omega:9.80, omega_m:0.50, u:0.00, theta1:16.970, theta2:1.927, e:9.305
t:17.04, r:0.00, omega:9.80, omega_m:0.18, u:0.00, theta1:16.969, theta2:1.931, e:9.619
t:17.05, r:0.00, omega:9.80, omega_m:0.07, u:0.00, theta1:16.967, theta2:1.936, e:9.735
t:17.06, r:0.00, omega:9.80, omega_m:0.02, u:0.00, theta1:16.965, theta2:1.940, e:9.778
t:17.07, r:0.00, omega:9.80, omega_m:0.01, u:0.00, theta1:16.964, theta2:1.945, e:9.793
t:17.08, r:0.00, omega:9.80, omega_m:0.00, u:0.00, theta1:16.962, theta2:1.950, e:9.799
t:17.09, r:0.00, omega:9.80, omega_m:0.00, u:0.00, theta1:16.960, theta2:1.954, e:9.801
t:17.10, r:0.00, omega:9.80, omega_m:0.00, u:0.00, theta1:16.959, theta2:1.959, e:9.802
t:17.11, r:0.00, omega:9.80, omega_m:0.00, u:0.00, theta1:16.957, theta2:1.963, e:9.802
t:17.12, r:0.00, omega:9.80, omega_m:0.00, u:0.00, theta1:16.955, theta2:1.968, e:9.802
t:17.13, r:0.00, omega:9.80, omega_m:0.00, u:0.00, theta1:16.954, theta2:1.973, e:9.802
t:17.14, r:0.00, omega:9.80, omega_m:0.00, u:0.00, theta1:16.952, theta2:1.977, e:9.802
t:17.15, r:0.00, omega:9.80, omega_m:0.00, u:0.00, theta1:16.950, theta2:1.982, e:9.802
t:17.16, r:0.00, omega:9.80, omega_m:0.00, u:0.00, theta1:16.949, theta2:1.987, e:9.802
t:17.17, r:0.00, omega:9.80, omega_m:0.00, u:0.00, theta1:16.947, theta2:1.991, e:9.802
t:17.18, r:0.00, omega:9.80, omega_m:0.00, u:0.00, theta1:16.945, theta2:1.996, e:9.802
t:17.19, r:0.00, omega:9.80, omega_m:0.00, u:0.00, theta1:16.944, theta2:2.000, e:9.802
t:17.20, r:0.00, omega:9.80, omega_m:0.00, u:0.00, theta1:16.942, theta2:2.005, e:9.802
t:17.21, r:0.00, omega:9.80, omega_m:0.00, u:0.00, theta1:16.940, theta2:2.010, e:9.802
t:17.22, r:0.00, omega:9.80, omega_m:0.00, u:0.00, theta1:16.939, theta2:2.014, e:9.802
t:17.23, r:0.00, omega:9.80, omega_m:0.00, u:0.00, theta1:16.937, theta2:2.019, e:9.802
t:17.24, r:0.00, omega:9.80, omega_m:0.00, u:0.00, theta1:16.936, theta2:2.023, e:9.802
t:17.25, r:0.00, omega:9.80, omega_m:0.00, u:0.00, theta1:16.934, theta2:2.028, e:9.802
t:17.26, r:0.00, omega:9.80, omega_m:0.00, u:0.00, theta1:16.932, theta2:2.033, e:9.802
t:17.27, r:0.00, omega:9.80, omega_m:0.00, u:0.00, theta1:16.931, theta2:2.037, e:9.802
t:17.28, r:0.00, omega:9.80, omega_m:0.00, u:0.00, theta1:16.929, theta2:2.042, e:9.802
t:17.29, r:0.00, omega:9.80, omega_m:0.00, u:0.00, theta1:16.927, theta2:2.046, e:9.802
t:17.30, r:0.00, omega:9.80, omega_m:0.00, u:0.00, theta1:16.926, theta2:2.051, e:9.802
t:17.31, r:0.00, omega:9.80, omega_m:0.00, u:0.00, theta1:16.924, theta2:2.056, e:9.802
t:17.32, r:0.00, omega:9.80, omega_m:0.00, u:0.00, theta1:16.922, theta2:2.060, e:9.802
t:17.33, r:0.00, omega:9.80, omega_m:0.00, u:0.00, theta1:16.921, theta2:2.065, e:9.802
t:17.34, r:0.00, omega:9.80, omega_m:0.00, u:0.00, theta1:16.919, theta2:2.069, e:9.802
t:17.35, r:0.00, omega:9.80, omega_m:0.00, u:0.00, theta1:16.917, theta2:2.074, e:9.802
t:17.36, r:0.00, omega:9.80, omega_m:0.00, u:0.00, theta1:16.916, theta2:2.079, e:9.802
t:17.37, r:0.00, omega:9.80, omega_m:0.00, u:0.00, theta1:16.914, theta2:2.083, e:9.802
t:17.38, r:0.00, omega:9.80, omega_m:0.00, u:0.00, theta1:16.912, theta2:2.088, e:9.802
t:17.39, r:0.00, omega:9.80, omega_m:0.00, u:0.00, theta1:16.911, theta2:2.092, e:9.802
t:17.40, r:0.00, omega:9.80, omega_m:0.00, u:0.00, theta1:16.909, theta2:2.097, e:9.802
t:17.41, r:0.00, omega:9.80, omega_m:0.00, u:0.00, theta1:16.907, theta2:2.102, e:9.802
t:17.42, r:0.00, omega:9.80, omega_m:0.00, u:0.00, theta1:16.906, theta2:2.106, e:9.802
t:17.43, r:0.00, omega:9.80, omega_m:0.00, u:0.00, theta1:16.904, theta2:2.111, e:9.802
t:17.44, r:0.00, omega:9.80, omega_m:0.00, u:0.00, theta1:16.902, theta2:2.115, e:9.802
t:17.45, r:0.00, omega:9.80, omega_m:0.00, u:0.00, theta1:16.901, theta2:2.120, e:9.802
t:17.46, r:0.00, omega:9.80, omega_m:0.00, u:0.00, theta1:16.899, theta2:2.125, e:9.802
t:17.47, r:0.00, omega:9.80, omega_m:0.00, u:0.00, theta1:16.897, theta2:2.129, e:9.802
t:17.48, r:0.00, omega:9.80, omega_m:0.00, u:0.00, theta1:16.896, theta2:2.134, e:9.802
t:17.49, r:0.00, omega:9.80, omega_m:0.00, u:0.00, theta1:16.894, theta2:2.138, e:9.802
t:17.50, r:0.00, omega:9.80, omega_m:0.00, u:0.00, theta1:16.892, theta2:2.143, e:9.802
t:17.51, r:0.00, omega:9.80, omega_m:0.00, u:0.00, theta1:16.891, theta2:2.148, e:9.802
t:17.52, r:0.00, omega:0.00, omega_m:0.00, u:0.00, theta1:16.891, theta2:2.148, e:-0.000
t:17.53, r:0.00, omega:0.00, omega_m:0.00, u:0.00, theta1:16.891, theta2:2.148, e:-0.000
t:17.54, r:0.00, omega:0.00, omega_m:0.00, u:0.00, theta1:16.891, theta2:2.148, e:-0.000
t:17.55, r:0.00, omega:0.00, omega_m:0.00, u:0.00, theta1:16.891, theta2:2.148, e:-0.000
t:17.56, r:0.00, omega:0.00, omega_m:0.00, u:0.00, theta1:16.891, theta2:2.148, e:-0.000
t:17.57, r:0.00, omega:0.00, omega_m:0.00, u:0.00, theta1:16.891, theta2:2.148, e:-0.000
t:17.58, r:0.00, omega:0.00, omega_m:0.00, u:0.00, theta1:16.891, theta2:2.148, e:-0.000
t:17.59, r:0.00, omega:0.00, omega_m:0.00, u:0.00, theta1:16.891, theta2:2.148, e:-0.000
t:17.60, r:0.00, omega:0.00, omega_m:0.00, u:0.00, theta1:16.891, theta2:2.148, e:-0.000
t:17.61, r:0.00, omega:0.00, omega_m:0.00, u:0.00, theta1:16.891, theta2:2.148, e:-0.000
t:17.62, r:0.00, omega:0.00, omega_m:0.00, u:0.00, theta1:16.891, theta2:2.148, e:-0.000
t:17.63, r:0.00, omega:0.00, omega_m:0.00, u:0.00, theta1:16.891, theta2:2.148, e:-0.000
t:17.64, r:0.00, omega:0.00, omega_m:0.00, u:0.00, theta1:16.891, theta2:2.148, e:-0.000
t:17.65, r:0.00, omega:0.00, omega_m:0.00, u:0.00, theta1:16.891, theta2:2.148, e:-0.000
t:17.66, r:0.00, omega:0.00, omega_m:0.00, u:0.00, theta1:16.891, theta2:2.148, e:-0.000
t:17.67, r:0.00, omega:0.00, omega_m:0.00, u:0.00, theta1:16.891, theta2:2.148, e:-0.000
t:17.68, r:0.00, omega:0.00, omega_m:0.00, u:0.00, theta1:16.891, theta2:2.148, e:-0.000
t:17.69, r:0.00, omega:0.00, omega_m:0.00, u:0.00, theta1:16.891, theta2:2.148, e:-0.000
t:17.70, r:0.00, omega:0.00, omega_m:0.00, u:0.00, theta1:16.891, theta2:2.148, e:-0.000
t:17.71, r:0.00, omega:0.00, omega_m:0.00, u:0.00, theta1:16.891, theta2:2.148, e:-0.000
t:17.72, r:0.00, omega:0.00, omega_m:0.00, u:0.00, theta1:16.891, theta2:2.148, e:-0.000
t:17.73, r:0.00, omega:0.00, omega_m:0.00, u:0.00, theta1:16.891, theta2:2.148, e:-0.000
t:17.74, r:0.00, omega:0.00, omega_m:0.00, u:0.00, theta1:16.891, theta2:2.148, e:-0.000
t:17.75, r:0.00, omega:0.00, omega_m:0.00, u:0.00, theta1:16.891, theta2:2.148, e:-0.000
t:17.76, r:0.00, omega:0.00, omega_m:0.00, u:0.00, theta1:16.891, theta2:2.148, e:-0.000
t:17.77, r:0.00, omega:0.00, omega_m:0.00, u:0.00, theta1:16.891, theta2:2.148, e:-0.000
t:17.78, r:0.00, omega:0.00, omega_m:0.00, u:0.00, theta1:16.891, theta2:2.148, e:-0.000
t:17.79, r:0.00, omega:0.00, omega_m:0.00, u:0.00, theta1:16.891, theta2:2.148, e:-0.000
t:17.80, r:0.00, omega:0.00, omega_m:0.00, u:0.00, theta1:16.891, theta2:2.148, e:-0.000
t:17.81, r:0.00, omega:0.00, omega_m:0.00, u:0.00, theta1:16.891, theta2:2.148, e:-0.000
t:17.82, r:0.00, omega:0.00, omega_m:0.00, u:0.00, theta1:16.891, theta2:2.148, e:-0.000
t:17.83, r:0.00, omega:0.00, omega_m:0.00, u:0.00, theta1:16.891, theta2:2.148, e:-0.000
t:17.84, r:0.00, omega:0.00, omega_m:0.00, u:0.00, theta1:16.891, theta2:2.148, e:-0.000
t:17.85, r:0.00, omega:0.00, omega_m:0.00, u:0.00, theta1:16.891, theta2:2.148, e:-0.000
t:17.86, r:0.00, omega:0.00, omega_m:0.00, u:0.00, theta1:16.891, theta2:2.148, e:-0.000
t:17.87, r:0.00, omega:0.00, omega_m:0.00, u:0.00, theta1:16.891, theta2:2.148, e:-0.000
t:17.88, r:0.00, omega:0.00, omega_m:0.00, u:0.00, theta1:16.891, theta2:2.148, e:-0.000
t:17.89, r:0.00, omega:0.00, omega_m:0.00, u:0.00, theta1:16.891, theta2:2.148, e:-0.000
t:17.90, r:0.00, omega:0.00, omega_m:0.00, u:0.00, theta1:16.891, theta2:2.148, e:-0.000
t:17.91, r:0.00, omega:0.00, omega_m:0.00, u:0.00, theta1:16.891, theta2:2.148, e:-0.000
t:17.92, r:0.00, omega:0.00, omega_m:0.00, u:0.00, theta1:16.891, theta2:2.148, e:-0.000
t:17.93, r:0.00, omega:0.00, omega_m:0.00, u:0.00, theta1:16.891, theta2:2.148, e:-0.000
t:17.94, r:0.00, omega:0.00, omega_m:0.00, u:0.00, theta1:16.891, theta2:2.148, e:-0.000
t:17.95, r:0.00, omega:0.00, omega_m:0.00, u:0.00, theta1:16.891, theta2:2.148, e:-0.000
t:17.96, r:0.00, omega:0.00, omega_m:0.00, u:0.00, theta1:16.891, theta2:2.148, e:-0.000
t:17.97, r:0.00, omega:0.00, omega_m:0.00, u:0.00, theta1:16.891, theta2:2.148, e:-0.000
t:17.98, r:0.00, omega:0.00, omega_m:0.00, u:0.00, theta1:16.891, theta2:2.148, e:-0.000
t:17.99, r:0.00, omega:0.00, omega_m:0.00, u:0.00, theta1:16.891, theta2:2.148, e:-0.000
t:18.00, r:0.00, omega:0.00, omega_m:0.00, u:0.00, theta1:16.891, theta2:2.148, e:-0.000
t:18.01, r:-10.00, omega:0.00, omega_m:-6.32, u:-168.93, theta1:16.893, theta2:2.147, e:6.321
t:18.02, r:-10.00, omega:0.00, omega_m:-8.65, u:-168.96, theta1:16.896, theta2:2.147, e:8.647
t:18.03, r:-10.00, omega:0.00, omega_m:-9.50, u:-168.99, theta1:16.899, theta2:2.147, e:9.502
t:18.04, r:-10.00, omega:0.00, omega_m:-9.82, u:-169.02, theta1:16.902, theta2:2.147, e:9.817
t:18.05, r:-10.00, omega:0.00, omega_m:-9.93, u:-169.05, theta1:16.905, theta2:2.147, e:9.933
t:18.06, r:-10.00, omega:0.00, omega_m:-9.98, u:-169.09, theta1:16.909, theta2:2.146, e:9.975
t:18.07, r:-10.00, omega:-0.50, omega_m:-9.99, u:-168.05, theta1:16.912, theta2:2.146, e:9.494
t:18.08, r:-10.00, omega:-0.50, omega_m:-10.00, u:-168.08, theta1:16.915, theta2:2.146, e:9.500
t:18.09, r:-10.00, omega:-0.50, omega_m:-10.00, u:-168.12, theta1:16.918, theta2:2.145, e:9.502
t:18.10, r:-10.00, omega:-0.50, omega_m:-10.00, u:-168.15, theta1:16.921, theta2:2.145, e:9.503
t:18.11, r:-10.00, omega:-0.50, omega_m:-10.00, u:-168.18, theta1:16.924, theta2:2.144, e:9.503
t:18.12, r:-10.00, omega:-10.56, omega_m:-10.00, u:-146.60, theta1:16.924, theta2:2.144, e:-0.557
t:18.13, r:-10.00, omega:-10.56, omega_m:-10.00, u:-146.59, theta1:16.924, theta2:2.145, e:-0.557
t:18.14, r:-10.00, omega:-10.56, omega_m:-10.00, u:-146.59, theta1:16.923, theta2:2.145, e:-0.557
t:18.15, r:-10.00, omega:-10.56, omega_m:-10.00, u:-146.58, theta1:16.923, theta2:2.145, e:-0.557
t:18.16, r:-10.00, omega:-10.56, omega_m:-10.00, u:-146.57, theta1:16.923, theta2:2.146, e:-0.557
t:18.17, r:-10.00, omega:-10.56, omega_m:-10.00, u:-146.57, theta1:16.922, theta2:2.146, e:-0.557
t:18.18, r:-10.00, omega:-10.04, omega_m:-10.00, u:-147.67, theta1:16.922, theta2:2.146, e:-0.043
t:18.19, r:-10.00, omega:-10.04, omega_m:-10.00, u:-147.67, theta1:16.922, theta2:2.146, e:-0.043
t:18.20, r:-10.00, omega:-10.04, omega_m:-10.00, u:-147.67, theta1:16.922, theta2:2.146, e:-0.043
t:18.21, r:-10.00, omega:-10.04, omega_m:-10.00, u:-147.67, theta1:16.922, theta2:2.146, e:-0.043
t:18.22, r:-10.00, omega:-10.04, omega_m:-10.00, u:-147.67, theta1:16.922, theta2:2.146, e:-0.043
t:18.23, r:-10.00, omega:-9.39, omega_m:-10.00, u:-149.07, theta1:16.922, theta2:2.146, e:0.609
t:18.24, r:-10.00, omega:-9.39, omega_m:-10.00, u:-149.08, theta1:16.922, theta2:2.145, e:0.609
t:18.25, r:-10.00, omega:-9.39, omega_m:-10.00, u:-149.08, theta1:16.923, theta2:2.145, e:0.609
t:18.26, r:-10.00, omega:-9.39, omega_m:-10.00, u:-149.09, theta1:16.923, theta2:2.145, e:0.609
t:18.27, r:-10.00, omega:-9.39, omega_m:-10.00, u:-149.09, theta1:16.923, theta2:2.145, e:0.609
t:18.28, r:-10.00, omega:-9.39, omega_m:-10.00, u:-149.10, theta1:16.923, theta2:2.144, e:0.609
t:18.29, r:-10.00, omega:-9.22, omega_m:-10.00, u:-149.47, theta1:16.923, theta2:2.144, e:0.781
t:18.30, r:-10.00, omega:-9.22, omega_m:-10.00, u:-149.48, theta1:16.924, theta2:2.143, e:0.781
t:18.31, r:-10.00, omega:-9.22, omega_m:-10.00, u:-149.48, theta1:16.924, theta2:2.143, e:0.781
t:18.32, r:-10.00, omega:-9.22, omega_m:-10.00, u:-149.49, theta1:16.924, theta2:2.143, e:0.781
t:18.33, r:-10.00, omega:-9.22, omega_m:-10.00, u:-149.50, theta1:16.925, theta2:2.142, e:0.781
t:18.34, r:-10.00, omega:-9.22, omega_m:-10.00, u:-149.50, theta1:16.925, theta2:2.142, e:0.781
t:18.35, r:-10.00, omega:-9.27, omega_m:-10.00, u:-149.41, theta1:16.925, theta2:2.142, e:0.734
t:18.36, r:-10.00, omega:-9.27, omega_m:-10.00, u:-149.41, theta1:16.925, theta2:2.141, e:0.734
t:18.37, r:-10.00, omega:-9.27, omega_m:-10.00, u:-149.42, theta1:16.926, theta2:2.141, e:0.734
t:18.38, r:-10.00, omega:-9.27, omega_m:-10.00, u:-149.42, theta1:16.926, theta2:2.141, e:0.734
t:18.39, r:-10.00, omega:-9.27, omega_m:-10.00, u:-149.43, theta1:16.926, theta2:2.140, e:0.734
t:18.40, r:-10.00, omega:-9.56, omega_m:-10.00, u:-148.80, theta1:16.926, theta2:2.140, e:0.437
t:18.41, r:-10.00, omega:-9.56, omega_m:-10.00, u:-148.80, theta1:16.926, theta2:2.140, e:0.437
t:18.42, r:-10.00, omega:-9.56, omega_m:-10.00, u:-148.80, theta1:16.926, theta2:2.140, e:0.437
t:18.43, r:-10.00, omega:-9.56, omega_m:-10.00, u:-148.81, theta1:16.927, theta2:2.139, e:0.437
t:18.44, r:-10.00, omega:-9.56, omega_m:-10.00, u:-148.81, theta1:16.927, theta2:2.139, e:0.437
t:18.45, r:-10.00, omega:-9.77, omega_m:-10.00, u:-148.37, theta1:16.927, theta2:2.139, e:0.231
t:18.46, r:-10.00, omega:-9.77, omega_m:-10.00, u:-148.37, theta1:16.927, theta2:2.139, e:0.231
t:18.47, r:-10.00, omega:-9.77, omega_m:-10.00, u:-148.38, theta1:16.927, theta2:2.139, e:0.231
t:18.48, r:-10.00, omega:-9.77, omega_m:-10.00, u:-148.38, theta1:16.927, theta2:2.139, e:0.231
t:18.49, r:-10.00, omega:-9.77, omega_m:-10.00, u:-148.38, theta1:16.927, theta2:2.138, e:0.231
t:18.50, r:-10.00, omega:-9.77, omega_m:-10.00, u:-148.38, theta1:16.927, theta2:2.138, e:0.231
t:18.51, r:-10.00, omega:-9.08, omega_m:-10.00, u:-149.87, theta1:16.927, theta2:2.138, e:0.923
t:18.52, r:-10.00, omega:-9.08, omega_m:-10.00, u:-149.88, theta1:16.928, theta2:2.137, e:0.923
t:18.53, r:-10.00, omega:-9.08, omega_m:-10.00, u:-149.88, theta1:16.928, theta2:2.137, e:0.923
t:18.54, r:-10.00, omega:-9.08, omega_m:-10.00, u:-149.89, theta1:16.928, theta2:2.137, e:0.923
t:18.55, r:-10.00, omega:-9.08, omega_m:-10.00, u:-149.90, theta1:16.929, theta2:2.136, e:0.923
t:18.56, r:-10.00, omega:-9.08, omega_m:-10.00, u:-149.90, theta1:16.929, theta2:2.136, e:0.923
t:18.57, r:-10.00, omega:-9.31, omega_m:-10.00, u:-149.41, theta1:16.929, theta2:2.135, e:0.688
t:18.58, r:-10.00, omega:-9.31, omega_m:-10.00, u:-149.41, theta1:16.929, theta2:2.135, e:0.688
t:18.59, r:-10.00, omega:-9.31, omega_m:-10.00, u:-149.42, theta1:16.930, theta2:2.135, e:0.688
t:18.60, r:-10.00, omega:-9.31, omega_m:-10.00, u:-149.42, theta1:16.930, theta2:2.134, e:0.688
t:18.61, r:-10.00, omega:-9.31, omega_m:-10.00, u:-149.43, theta1:16.930, theta2:2.134, e:0.688
t:18.62, r:-10.00, omega:-9.81, omega_m:-10.00, u:-148.36, theta1:16.930, theta2:2.134, e:0.186
t:18.63, r:-10.00, omega:-9.81, omega_m:-10.00, u:-148.36, theta1:16.930, theta2:2.134, e:0.186
t:18.64, r:-10.00, omega:-9.81, omega_m:-10.00, u:-148.36, theta1:16.930, theta2:2.134, e:0.186
t:18.65, r:-10.00, omega:-9.81, omega_m:-10.00, u:-148.36, theta1:16.930, theta2:2.134, e:0.186
t:18.66, r:-10.00, omega:-9.81, omega_m:-10.00, u:-148.37, theta1:16.930, theta2:2.134, e:0.186
t:18.67, r:-10.00, omega:-9.81, omega_m:-10.00, u:-148.37, theta1:16.931, theta2:2.133, e:0.186
t:18.68, r:-10.00, omega:-9.34, omega_m:-10.00, u:-149.37, theta1:16.931, theta2:2.133, e:0.655
t:18.69, r:-10.00, omega:-9.34, omega_m:-10.00, u:-149.38, theta1:16.931, theta2:2.133, e:0.655
t:18.70, r:-10.00, omega:-9.34, omega_m:-10.00, u:-149.38, theta1:16.931, theta2:2.133, e:0.655
t:18.71, r:-10.00, omega:-9.34, omega_m:-10.00, u:-149.39, theta1:16.931, theta2:2.132, e:0.655
t:18.72, r:-10.00, omega:-9.34, omega_m:-10.00, u:-149.39, theta1:16.932, theta2:2.132, e:0.655
t:18.73, r:-10.00, omega:-9.22, omega_m:-10.00, u:-149.66, theta1:16.932, theta2:2.132, e:0.778
t:18.74, r:-10.00, omega:-9.22, omega_m:-10.00, u:-149.67, theta1:16.932, theta2:2.131, e:0.778
t:18.75, r:-10.00, omega:-9.22, omega_m:-10.00, u:-149.67, theta1:16.932, theta2:2.131, e:0.778
t:18.76, r:-10.00, omega:-9.22, omega_m:-10.00, u:-149.68, theta1:16.933, theta2:2.130, e:0.778
t:18.77, r:-10.00, omega:-9.22, omega_m:-10.00, u:-149.69, theta1:16.933, theta2:2.130, e:0.778
t:18.78, r:-10.00, omega:-9.22, omega_m:-10.00, u:-149.69, theta1:16.933, theta2:2.130, e:0.778
t:18.79, r:-10.00, omega:-10.00, omega_m:-10.00, u:-148.04, theta1:16.933, theta2:2.130, e:0.004
t:18.80, r:-10.00, omega:-10.00, omega_m:-10.00, u:-148.04, theta1:16.933, theta2:2.130, e:0.004
t:18.81, r:-10.00, omega:-10.00, omega_m:-10.00, u:-148.04, theta1:16.933, theta2:2.130, e:0.004
t:18.82, r:-10.00, omega:-10.00, omega_m:-10.00, u:-148.04, theta1:16.933, theta2:2.130, e:0.004
t:18.83, r:-10.00, omega:-10.00, omega_m:-10.00, u:-148.04, theta1:16.933, theta2:2.130, e:0.004
t:18.84, r:-10.00, omega:-9.04, omega_m:-10.00, u:-150.09, theta1:16.933, theta2:2.129, e:0.962
t:18.85, r:-10.00, omega:-9.04, omega_m:-10.00, u:-150.10, theta1:16.934, theta2:2.129, e:0.962
t:18.86, r:-10.00, omega:-9.04, omega_m:-10.00, u:-150.10, theta1:16.934, theta2:2.128, e:0.962
t:18.87, r:-10.00, omega:-9.04, omega_m:-10.00, u:-150.11, theta1:16.934, theta2:2.128, e:0.962
t:18.88, r:-10.00, omega:-9.04, omega_m:-10.00, u:-150.12, theta1:16.935, theta2:2.127, e:0.962
t:18.89, r:-10.00, omega:-9.04, omega_m:-10.00, u:-150.13, theta1:16.935, theta2:2.127, e:0.962
t:18.90, r:-10.00, omega:-9.15, omega_m:-10.00, u:-149.91, theta1:16.935, theta2:2.127, e:0.855
t:18.91, r:-10.00, omega:-9.15, omega_m:-10.00, u:-149.91, theta1:16.936, theta2:2.126, e:0.855
t:18.92, r:-10.00, omega:-9.15, omega_m:-10.00, u:-149.92, theta1:16.936, theta2:2.126, e:0.855
t:18.93, r:-10.00, omega:-9.15, omega_m:-10.00, u:-149.93, theta1:16.936, theta2:2.125, e:0.855
t:18.94, r:-10.00, omega:-9.15, omega_m:-10.00, u:-149.93, theta1:16.936, theta2:2.125, e:0.855
t:18.95, r:-10.00, omega:-9.15, omega_m:-10.00, u:-149.94, theta1:16.937, theta2:2.124, e:0.855
t:18.96, r:-10.00, omega:-9.56, omega_m:-10.00, u:-149.06, theta1:16.937, theta2:2.124, e:0.438
t:18.97, r:-10.00, omega:-9.56, omega_m:-10.00, u:-149.06, theta1:16.937, theta2:2.124, e:0.438
t:18.98, r:-10.00, omega:-9.56, omega_m:-10.00, u:-149.06, theta1:16.937, theta2:2.124, e:0.438
t:18.99, r:-10.00, omega:-9.56, omega_m:-10.00, u:-149.07, theta1:16.937, theta2:2.124, e:0.438
t:19.00, r:-10.00, omega:-9.56, omega_m:-10.00, u:-149.07, theta1:16.937, theta2:2.123, e:0.438
t:19.01, r:0.00, omega:-9.06, omega_m:-3.68, u:0.00, theta1:16.937, theta2:2.126, e:-5.379
t:19.02, r:0.00, omega:-9.06, omega_m:-1.35, u:0.00, theta1:16.935, theta2:2.129, e:-7.704
t:19.03, r:0.00, omega:-9.06, omega_m:-0.50, u:0.00, theta1:16.934, theta2:2.133, e:-8.560
t:19.04, r:0.00, omega:-9.06, omega_m:-0.18, u:0.00, theta1:16.932, theta2:2.137, e:-8.874
t:19.05, r:0.00, omega:-9.06, omega_m:-0.07, u:0.00, theta1:16.931, theta2:2.140, e:-8.990
t:19.06, r:0.00, omega:-9.06, omega_m:-0.02, u:0.00, theta1:16.929, theta2:2.144, e:-9.033
t:19.07, r:0.00, omega:-9.06, omega_m:-0.01, u:0.00, theta1:16.928, theta2:2.148, e:-9.048
t:19.08, r:0.00, omega:-9.06, omega_m:-0.00, u:0.00, theta1:16.926, theta2:2.152, e:-9.054
t:19.09, r:0.00, omega:-9.06, omega_m:-0.00, u:0.00, theta1:16.925, theta2:2.156, e:-9.056
t:19.10, r:0.00, omega:-9.06, omega_m:-0.00, u:0.00, theta1:16.923, theta2:2.160, e:-9.057
t:19.11, r:0.00, omega:-9.06, omega_m:-0.00, u:0.00, theta1:16.922, theta2:2.164, e:-9.057
t:19.12, r:0.00, omega:-9.06, omega_m:-0.00, u:0.00, theta1:16.920, theta2:2.168, e:-9.057
t:19.13, r:0.00, omega:-9.06, omega_m:-0.00, u:0.00, theta1:16.919, theta2:2.172, e:-9.058
t:19.14, r:0.00, omega:-9.06, omega_m:-0.00, u:0.00, theta1:16.917, theta2:2.176, e:-9.058
t:19.15, r:0.00, omega:-9.06, omega_m:-0.00, u:0.00, theta1:16.915, theta2:2.179, e:-9.058
t:19.16, r:0.00, omega:-9.06, omega_m:-0.00, u:0.00, theta1:16.914, theta2:2.183, e:-9.058
t:19.17, r:0.00, omega:-9.06, omega_m:-0.00, u:0.00, theta1:16.912, theta2:2.187, e:-9.058
t:19.18, r:0.00, omega:-9.06, omega_m:-0.00, u:0.00, theta1:16.911, theta2:2.191, e:-9.058
t:19.19, r:0.00, omega:-9.06, omega_m:-0.00, u:0.00, theta1:16.909, theta2:2.195, e:-9.058
t:19.20, r:0.00, omega:-9.06, omega_m:-0.00, u:0.00, theta1:16.908, theta2:2.199, e:-9.058
t:19.21, r:0.00, omega:-9.06, omega_m:-0.00, u:0.00, theta1:16.906, theta2:2.203, e:-9.058
t:19.22, r:0.00, omega:-9.06, omega_m:-0.00, u:0.00, theta1:16.905, theta2:2.207, e:-9.058
t:19.23, r:0.00, omega:-9.06, omega_m:-0.00, u:0.00, theta1:16.903, theta2:2.211, e:-9.058
t:19.24, r:0.00, omega:-9.06, omega_m:-0.00, u:0.00, theta1:16.902, theta2:2.215, e:-9.058
t:19.25, r:0.00, omega:-9.06, omega_m:-0.00, u:0.00, theta1:16.900, theta2:2.218, e:-9.058
t:19.26, r:0.00, omega:-9.06, omega_m:-0.00, u:0.00, theta1:16.899, theta2:2.222, e:-9.058
t:19.27, r:0.00, omega:-9.06, omega_m:-0.00, u:0.00, theta1:16.897, theta2:2.226, e:-9.058
t:19.28, r:0.00, omega:-9.06, omega_m:-0.00, u:0.00, theta1:16.896, theta2:2.230, e:-9.058
t:19.29, r:0.00, omega:-9.06, omega_m:-0.00, u:0.00, theta1:16.894, theta2:2.234, e:-9.058
t:19.30, r:0.00, omega:-9.06, omega_m:-0.00, u:0.00, theta1:16.892, theta2:2.238, e:-9.058
t:19.31, r:0.00, omega:-9.06, omega_m:-0.00, u:0.00, theta1:16.891, theta2:2.242, e:-9.058
t:19.32, r:0.00, omega:-9.06, omega_m:-0.00, u:0.00, theta1:16.889, theta2:2.246, e:-9.058
t:19.33, r:0.00, omega:-9.06, omega_m:-0.00, u:0.00, theta1:16.888, theta2:2.250, e:-9.058
t:19.34, r:0.00, omega:-9.06, omega_m:-0.00, u:0.00, theta1:16.886, theta2:2.254, e:-9.058
t:19.35, r:0.00, omega:-9.06, omega_m:-0.00, u:0.00, theta1:16.885, theta2:2.257, e:-9.058
t:19.36, r:0.00, omega:-9.06, omega_m:-0.00, u:0.00, theta1:16.883, theta2:2.261, e:-9.058
t:19.37, r:0.00, omega:-9.06, omega_m:-0.00, u:0.00, theta1:16.882, theta2:2.265, e:-9.058
t:19.38, r:0.00, omega:-9.06, omega_m:-0.00, u:0.00, theta1:16.880, theta2:2.269, e:-9.058
t:19.39, r:0.00, omega:-9.06, omega_m:-0.00, u:0.00, theta1:16.879, theta2:2.273, e:-9.058
t:19.40, r:0.00, omega:-9.06, omega_m:-0.00, u:0.00, theta1:16.877, theta2:2.277, e:-9.058
t:19.41, r:0.00, omega:-9.06, omega_m:-0.00, u:0.00, theta1:16.876, theta2:2.281, e:-9.058
t:19.42, r:0.00, omega:-9.06, omega_m:-0.00, u:0.00, theta1:16.874, theta2:2.285, e:-9.058
t:19.43, r:0.00, omega:-9.06, omega_m:-0.00, u:0.00, theta1:16.873, theta2:2.289, e:-9.058
t:19.44, r:0.00, omega:-9.06, omega_m:-0.00, u:0.00, theta1:16.871, theta2:2.293, e:-9.058
t:19.45, r:0.00, omega:-9.06, omega_m:-0.00, u:0.00, theta1:16.870, theta2:2.296, e:-9.058
t:19.46, r:0.00, omega:-9.06, omega_m:-0.00, u:0.00, theta1:16.868, theta2:2.300, e:-9.058
t:19.47, r:0.00, omega:-9.06, omega_m:-0.00, u:0.00, theta1:16.866, theta2:2.304, e:-9.058
t:19.48, r:0.00, omega:-9.06, omega_m:-0.00, u:0.00, theta1:16.865, theta2:2.308, e:-9.058
t:19.49, r:0.00, omega:-9.06, omega_m:-0.00, u:0.00, theta1:16.863, theta2:2.312, e:-9.058
t:19.50, r:0.00, omega:-9.06, omega_m:-0.00, u:0.00, theta1:16.862, theta2:2.316, e:-9.058
t:19.51, r:0.00, omega:0.00, omega_m:-0.00, u:0.00, theta1:16.862, theta2:2.316, e:0.000
t:19.52, r:0.00, omega:0.00, omega_m:-0.00, u:0.00, theta1:16.862, theta2:2.316, e:0.000
t:19.53, r:0.00, omega:0.00, omega_m:-0.00, u:0.00, theta1:16.862, theta2:2.316, e:0.000
t:19.54, r:0.00, omega:0.00, omega_m:-0.00, u:0.00, theta1:16.862, theta2:2.316, e:0.000
t:19.55, r:0.00, omega:0.00, omega_m:-0.00, u:0.00, theta1:16.862, theta2:2.316, e:0.000
t:19.56, r:0.00, omega:0.00, omega_m:-0.00, u:0.00, theta1:16.862, theta2:2.316, e:0.000
t:19.57, r:0.00, omega:0.00, omega_m:-0.00, u:0.00, theta1:16.862, theta2:2.316, e:0.000
t:19.58, r:0.00, omega:0.00, omega_m:-0.00, u:0.00, theta1:16.862, theta2:2.316, e:0.000
t:19.59, r:0.00, omega:0.00, omega_m:-0.00, u:0.00, theta1:16.862, theta2:2.316, e:0.000
t:19.60, r:0.00, omega:0.00, omega_m:-0.00, u:0.00, theta1:16.862, theta2:2.316, e:0.000
t:19.61, r:0.00, omega:0.00, omega_m:-0.00, u:0.00, theta1:16.862, theta2:2.316, e:0.000
t:19.62, r:0.00, omega:0.00, omega_m:-0.00, u:0.00, theta1:16.862, theta2:2.316, e:0.000
t:19.63, r:0.00, omega:0.00, omega_m:-0.00, u:0.00, theta1:16.862, theta2:2.316, e:0.000
t:19.64, r:0.00, omega:0.00, omega_m:-0.00, u:0.00, theta1:16.862, theta2:2.316, e:0.000
t:19.65, r:0.00, omega:0.00, omega_m:-0.00, u:0.00, theta1:16.862, theta2:2.316, e:0.000
t:19.66, r:0.00, omega:0.00, omega_m:-0.00, u:0.00, theta1:16.862, theta2:2.316, e:0.000
t:19.67, r:0.00, omega:0.00, omega_m:-0.00, u:0.00, theta1:16.862, theta2:2.316, e:0.000
t:19.68, r:0.00, omega:0.00, omega_m:-0.00, u:0.00, theta1:16.862, theta2:2.316, e:0.000
t:19.69, r:0.00, omega:0.00, omega_m:-0.00, u:0.00, theta1:16.862, theta2:2.316, e:0.000
t:19.70, r:0.00, omega:0.00, omega_m:-0.00, u:0.00, theta1:16.862, theta2:2.316, e:0.000
t:19.71, r:0.00, omega:0.00, omega_m:-0.00, u:0.00, theta1:16.862, theta2:2.316, e:0.000
t:19.72, r:0.00, omega:0.00, omega_m:-0.00, u:0.00, theta1:16.862, theta2:2.316, e:0.000
t:19.73, r:0.00, omega:0.00, omega_m:-0.00, u:0.00, theta1:16.862, theta2:2.316, e:0.000
t:19.74, r:0.00, omega:0.00, omega_m:-0.00, u:0.00, theta1:16.862, theta2:2.316, e:0.000
t:19.75, r:0.00, omega:0.00, omega_m:-0.00, u:0.00, theta1:16.862, theta2:2.316, e:0.000
t:19.76, r:0.00, omega:0.00, omega_m:-0.00, u:0.00, theta1:16.862, theta2:2.316, e:0.000
t:19.77, r:0.00, omega:0.00, omega_m:-0.00, u:0.00, theta1:16.862, theta2:2.316, e:0.000
t:19.78, r:0.00, omega:0.00, omega_m:-0.00, u:0.00, theta1:16.862, theta2:2.316, e:0.000
t:19.79, r:0.00, omega:0.00, omega_m:-0.00, u:0.00, theta1:16.862, theta2:2.316, e:0.000
t:19.80, r:0.00, omega:0.00, omega_m:-0.00, u:0.00, theta1:16.862, theta2:2.316, e:0.000
t:19.81, r:0.00, omega:0.00, omega_m:-0.00, u:0.00, theta1:16.862, theta2:2.316, e:0.000
t:19.82, r:0.00, omega:0.00, omega_m:-0.00, u:0.00, theta1:16.862, theta2:2.316, e:0.000
t:19.83, r:0.00, omega:0.00, omega_m:-0.00, u:0.00, theta1:16.862, theta2:2.316, e:0.000
t:19.84, r:0.00, omega:0.00, omega_m:-0.00, u:0.00, theta1:16.862, theta2:2.316, e:0.000
t:19.85, r:0.00, omega:0.00, omega_m:-0.00, u:0.00, theta1:16.862, theta2:2.316, e:0.000
t:19.86, r:0.00, omega:0.00, omega_m:-0.00, u:0.00, theta1:16.862, theta2:2.316, e:0.000
t:19.87, r:0.00, omega:0.00, omega_m:-0.00, u:0.00, theta1:16.862, theta2:2.316, e:0.000
t:19.88, r:0.00, omega:0.00, omega_m:-0.00, u:0.00, theta1:16.862, theta2:2.316, e:0.000
t:19.89, r:0.00, omega:0.00, omega_m:-0.00, u:0.00, theta1:16.862, theta2:2.316, e:0.000
t:19.90, r:0.00, omega:0.00, omega_m:-0.00, u:0.00, theta1:16.862, theta2:2.316, e:0.000
t:19.91, r:0.00, omega:0.00, omega_m:-0.00, u:0.00, theta1:16.862, theta2:2.316, e:0.000
t:19.92, r:0.00, omega:0.00, omega_m:-0.00, u:0.00, theta1:16.862, theta2:2.316, e:0.000
t:19.93, r:0.00, omega:0.00, omega_m:-0.00, u:0.00, theta1:16.862, theta2:2.316, e:0.000
t:19.94, r:0.00, omega:0.00, omega_m:-0.00, u:0.00, theta1:16.862, theta2:2.316, e:0.000
t:19.95, r:0.00, omega:0.00, omega_m:-0.00, u:0.00, theta1:16.862, theta2:2.316, e:0.000
t:19.96, r:0.00, omega:0.00, omega_m:-0.00, u:0.00, theta1:16.862, theta2:2.316, e:0.000
t:19.97, r:0.00, omega:0.00, omega_m:-0.00, u:0.00, theta1:16.862, theta2:2.316, e:0.000
t:19.98, r:0.00, omega:0.00, omega_m:-0.00, u:0.00, theta1:16.862, theta2:2.316, e:0.000
t:19.99, r:0.00, omega:0.00, omega_m:-0.00, u:0.00, theta1:16.862, theta2:2.316, e:0.000
t:20.00, r:0.00, omega:0.00, omega_m:-0.00, u:0.00, theta1:16.862, theta2:2.316, e:0.000
t:20.01, r:10.00, omega:0.00, omega_m:6.32, u:168.64, theta1:16.864, theta2:2.316, e:-6.321
t:20.02, r:10.00, omega:0.00, omega_m:8.65, u:168.67, theta1:16.867, theta2:2.316, e:-8.647
t:20.03, r:10.00, omega:0.00, omega_m:9.50, u:168.70, theta1:16.870, theta2:2.315, e:-9.502
t:20.04, r:10.00, omega:0.00, omega_m:9.82, u:168.73, theta1:16.873, theta2:2.315, e:-9.817
t:20.05, r:10.00, omega:0.00, omega_m:9.93, u:168.77, theta1:16.877, theta2:2.315, e:-9.933
t:20.06, r:10.00, omega:0.00, omega_m:9.98, u:168.80, theta1:16.880, theta2:2.315, e:-9.975
t:20.07, r:10.00, omega:0.00, omega_m:9.99, u:168.83, theta1:16.883, theta2:2.314, e:-9.991
t:20.08, r:10.00, omega:0.00, omega_m:10.00, u:168.86, theta1:16.886, theta2:2.314, e:-9.997
t:20.09, r:10.00, omega:0.49, omega_m:10.00, u:167.77, theta1:16.890, theta2:2.314, e:-9.512
t:20.10, r:10.00, omega:0.49, omega_m:10.00, u:167.80, theta1:16.893, theta2:2.313, e:-9.512
t:20.11, r:10.00, omega:0.49, omega_m:10.00, u:167.83, theta1:16.896, theta2:2.313, e:-9.513
t:20.12, r:10.00, omega:0.49, omega_m:10.00, u:167.86, theta1:16.899, theta2:2.312, e:-9.513
t:20.13, r:10.00, omega:0.49, omega_m:10.00, u:167.90, theta1:16.902, theta2:2.312, e:-9.513
t:20.14, r:10.00, omega:10.23, omega_m:10.00, u:145.36, theta1:16.902, theta2:2.312, e:0.232
t:20.15, r:10.00, omega:10.23, omega_m:10.00, u:145.36, theta1:16.902, theta2:2.312, e:0.232
t:20.16, r:10.00, omega:10.23, omega_m:10.00, u:145.36, theta1:16.902, theta2:2.312, e:0.232
t:20.17, r:10.00, omega:10.23, omega_m:10.00, u:145.36, theta1:16.902, theta2:2.312, e:0.232
t:20.18, r:10.00, omega:10.23, omega_m:10.00, u:145.35, theta1:16.901, theta2:2.312, e:0.232
t:20.19, r:10.00, omega:9.99, omega_m:10.00, u:145.91, theta1:16.901, theta2:2.312, e:-0.010
t:20.20, r:10.00, omega:9.99, omega_m:10.00, u:145.91, theta1:16.901, theta2:2.312, e:-0.010
t:20.21, r:10.00, omega:9.99, omega_m:10.00, u:145.91, theta1:16.901, theta2:2.312, e:-0.010
t:20.22, r:10.00, omega:9.99, omega_m:10.00, u:145.91, theta1:16.901, theta2:2.312, e:-0.010
t:20.23, r:10.00, omega:9.99, omega_m:10.00, u:145.91, theta1:16.901, theta2:2.312, e:-0.010
t:20.24, r:10.00, omega:9.99, omega_m:10.00, u:145.91, theta1:16.901, theta2:2.312, e:-0.010
t:20.25, r:10.00, omega:8.83, omega_m:10.00, u:148.61, theta1:16.902, theta2:2.312, e:-1.172
t:20.26, r:10.00, omega:8.83, omega_m:10.00, u:148.62, theta1:16.902, theta2:2.311, e:-1.172
t:20.27, r:10.00, omega:8.83, omega_m:10.00, u:148.63, theta1:16.903, theta2:2.311, e:-1.172
t:20.28, r:10.00, omega:8.83, omega_m:10.00, u:148.63, theta1:16.903, theta2:2.310, e:-1.172
t:20.29, r:10.00, omega:8.83, omega_m:10.00, u:148.64, theta1:16.903, theta2:2.310, e:-1.172
t:20.30, r:10.00, omega:8.83, omega_m:10.00, u:148.65, theta1:16.904, theta2:2.309, e:-1.172
t:20.31, r:10.00, omega:8.34, omega_m:10.00, u:149.80, theta1:16.904, theta2:2.308, e:-1.664
t:20.32, r:10.00, omega:8.34, omega_m:10.00, u:149.81, theta1:16.905, theta2:2.308, e:-1.664
t:20.33, r:10.00, omega:8.34, omega_m:10.00, u:149.82, theta1:16.905, theta2:2.307, e:-1.664
t:20.34, r:10.00, omega:8.34, omega_m:10.00, u:149.84, theta1:16.906, theta2:2.306, e:-1.664
t:20.35, r:10.00, omega:8.34, omega_m:10.00, u:149.85, theta1:16.907, theta2:2.306, e:-1.664
t:20.36, r:10.00, omega:8.34, omega_m:10.00, u:149.86, theta1:16.907, theta2:2.305, e:-1.664
t:20.37, r:10.00, omega:9.74, omega_m:10.00, u:146.62, theta1:16.907, theta2:2.305, e:-0.258
t:20.38, r:10.00, omega:9.74, omega_m:10.00, u:146.62, theta1:16.907, theta2:2.305, e:-0.258
t:20.39, r:10.00, omega:9.74, omega_m:10.00, u:146.62, theta1:16.907, theta2:2.304, e:-0.258
t:20.40, r:10.00, omega:9.74, omega_m:10.00, u:146.63, theta1:16.907, theta2:2.304, e:-0.258
t:20.41, r:10.00, omega:9.74, omega_m:10.00, u:146.63, theta1:16.908, theta2:2.304, e:-0.258
t:20.42, r:10.00, omega:9.74, omega_m:10.00, u:146.63, theta1:16.908, theta2:2.304, e:-0.258
t:20.43, r:10.00, omega:8.90, omega_m:10.00, u:148.57, theta1:16.908, theta2:2.304, e:-1.095
t:20.44, r:10.00, omega:8.90, omega_m:10.00, u:148.58, theta1:16.908, theta2:2.303, e:-1.095
t:20.45, r:10.00, omega:8.90, omega_m:10.00, u:148.58, theta1:16.909, theta2:2.302, e:-1.095
t:20.46, r:10.00, omega:8.90, omega_m:10.00, u:148.59, theta1:16.909, theta2:2.302, e:-1.095
t:20.47, r:10.00, omega:8.90, omega_m:10.00, u:148.60, theta1:16.909, theta2:2.301, e:-1.095
t:20.48, r:10.00, omega:8.90, omega_m:10.00, u:148.61, theta1:16.910, theta2:2.301, e:-1.095
t:20.49, r:10.00, omega:8.66, omega_m:10.00, u:149.19, theta1:16.910, theta2:2.300, e:-1.345
t:20.50, r:10.00, omega:8.66, omega_m:10.00, u:149.20, theta1:16.911, theta2:2.300, e:-1.345
t:20.51, r:10.00, omega:8.66, omega_m:10.00, u:149.21, theta1:16.911, theta2:2.299, e:-1.345
t:20.52, r:10.00, omega:8.66, omega_m:10.00, u:149.22, theta1:16.912, theta2:2.298, e:-1.345
t:20.53, r:10.00, omega:8.66, omega_m:10.00, u:149.23, theta1:16.912, theta2:2.298, e:-1.345
t:20.54, r:10.00, omega:9.22, omega_m:10.00, u:147.94, theta1:16.912, theta2:2.298, e:-0.779
t:20.55, r:10.00, omega:9.22, omega_m:10.00, u:147.94, theta1:16.913, theta2:2.297, e:-0.779
t:20.56, r:10.00, omega:9.22, omega_m:10.00, u:147.95, theta1:16.913, theta2:2.297, e:-0.779
t:20.57, r:10.00, omega:9.22, omega_m:10.00, u:147.96, theta1:16.913, theta2:2.296, e:-0.779
t:20.58, r:10.00, omega:9.22, omega_m:10.00, u:147.96, theta1:16.913, theta2:2.296, e:-0.779
t:20.59, r:10.00, omega:9.22, omega_m:10.00, u:147.97, theta1:16.914, theta2:2.296, e:-0.779
t:20.60, r:10.00, omega:8.87, omega_m:10.00, u:148.79, theta1:16.914, theta2:2.295, e:-1.135
t:20.61, r:10.00, omega:8.87, omega_m:10.00, u:148.80, theta1:16.914, theta2:2.295, e:-1.135
t:20.62, r:10.00, omega:8.87, omega_m:10.00, u:148.81, theta1:16.915, theta2:2.294, e:-1.135
t:20.63, r:10.00, omega:8.87, omega_m:10.00, u:148.82, theta1:16.915, theta2:2.294, e:-1.135
t:20.64, r:10.00, omega:8.87, omega_m:10.00, u:148.83, theta1:16.915, theta2:2.293, e:-1.135
t:20.65, r:10.00, omega:8.87, omega_m:10.00, u:148.84, theta1:16.916, theta2:2.292, e:-1.135
t:20.66, r:10.00, omega:8.89, omega_m:10.00, u:148.79, theta1:16.916, theta2:2.292, e:-1.113
t:20.67, r:10.00, omega:8.89, omega_m:10.00, u:148.80, theta1:16.917, theta2:2.291, e:-1.113
t:20.68, r:10.00, omega:8.89, omega_m:10.00, u:148.81, theta1:16.917, theta2:2.291, e:-1.113
t:20.69, r:10.00, omega:8.89, omega_m:10.00, u:148.82, theta1:16.917, theta2:2.290, e:-1.113
t:20.70, r:10.00, omega:8.89, omega_m:10.00, u:148.83, theta1:16.918, theta2:2.290, e:-1.113
t:20.71, r:10.00, omega:8.89, omega_m:10.00, u:148.83, theta1:16.918, theta2:2.289, e:-1.113
t:20.72, r:10.00, omega:9.29, omega_m:10.00, u:147.92, theta1:16.918, theta2:2.289, e:-0.711
t:20.73, r:10.00, omega:9.29, omega_m:10.00, u:147.92, theta1:16.918, theta2:2.289, e:-0.711
t:20.74, r:10.00, omega:9.29, omega_m:10.00, u:147.93, theta1:16.919, theta2:2.288, e:-0.711
t:20.75, r:10.00, omega:9.29, omega_m:10.00, u:147.94, theta1:16.919, theta2:2.288, e:-0.711
t:20.76, r:10.00, omega:9.29, omega_m:10.00, u:147.94, theta1:16.919, theta2:2.288, e:-0.711
t:20.77, r:10.00, omega:9.29, omega_m:10.00, u:147.95, theta1:16.919, theta2:2.287, e:-0.711
t:20.78, r:10.00, omega:8.95, omega_m:10.00, u:148.74, theta1:16.920, theta2:2.287, e:-1.054
t:20.79, r:10.00, omega:8.95, omega_m:10.00, u:148.75, theta1:16.920, theta2:2.286, e:-1.054
t:20.80, r:10.00, omega:8.95, omega_m:10.00, u:148.76, theta1:16.920, theta2:2.286, e:-1.054
t:20.81, r:10.00, omega:8.95, omega_m:10.00, u:148.76, theta1:16.921, theta2:2.285, e:-1.054
t:20.82, r:10.00, omega:8.95, omega_m:10.00, u:148.77, theta1:16.921, theta2:2.285, e:-1.054
t:20.83, r:10.00, omega:8.95, omega_m:10.00, u:148.78, theta1:16.922, theta2:2.284, e:-1.054
t:20.84, r:10.00, omega:8.42, omega_m:10.00, u:149.99, theta1:16.922, theta2:2.284, e:-1.580
t:20.85, r:10.00, omega:8.42, omega_m:10.00, u:150.00, theta1:16.923, theta2:2.283, e:-1.580
t:20.86, r:10.00, omega:8.42, omega_m:10.00, u:150.02, theta1:16.923, theta2:2.282, e:-1.580
t:20.87, r:10.00, omega:8.42, omega_m:10.00, u:150.03, theta1:16.924, theta2:2.281, e:-1.580
t:20.88, r:10.00, omega:8.42, omega_m:10.00, u:150.04, theta1:16.924, theta2:2.281, e:-1.580
t:20.89, r:10.00, omega:9.63, omega_m:10.00, u:147.29, theta1:16.924, theta2:2.281, e:-0.375
t:20.90, r:10.00, omega:9.63, omega_m:10.00, u:147.29, theta1:16.924, theta2:2.280, e:-0.375
t:20.91, r:10.00, omega:9.63, omega_m:10.00, u:147.30, theta1:16.925, theta2:2.280, e:-0.375
t:20.92, r:10.00, omega:9.63, omega_m:10.00, u:147.30, theta1:16.925, theta2:2.280, e:-0.375
t:20.93, r:10.00, omega:9.63, omega_m:10.00, u:147.30, theta1:16.925, theta2:2.280, e:-0.375
t:20.94, r:10.00, omega:9.63, omega_m:10.00, u:147.31, theta1:16.925, theta2:2.280, e:-0.375
t:20.95, r:10.00, omega:9.03, omega_m:10.00, u:148.67, theta1:16.925, theta2:2.279, e:-0.970
t:20.96, r:10.00, omega:9.03, omega_m:10.00, u:148.68, theta1:16.926, theta2:2.279, e:-0.970
t:20.97, r:10.00, omega:9.03, omega_m:10.00, u:148.69, theta1:16.926, theta2:2.278, e:-0.970
t:20.98, r:10.00, omega:9.03, omega_m:10.00, u:148.69, theta1:16.926, theta2:2.278, e:-0.970
t:20.99, r:10.00, omega:9.03, omega_m:10.00, u:148.70, theta1:16.926, theta2:2.277, e:-0.970
t:21.00, r:10.00, omega:9.03, omega_m:10.00, u:148.71, theta1:16.927, theta2:2.277, e:-0.970
t:21.01, r:0.00, omega:8.34, omega_m:3.68, u:0.00, theta1:16.926, theta2:2.279, e:4.659
t:21.02, r:0.00, omega:8.34, omega_m:1.35, u:0.00, theta1:16.925, theta2:2.281, e:6.984
t:21.03, r:0.00, omega:8.34, omega_m:0.50, u:0.00, theta1:16.924, theta2:2.285, e:7.840
t:21.04, r:0.00, omega:8.34, omega_m:0.18, u:0.00, theta1:16.922, theta2:2.288, e:8.154
t:21.05, r:0.00, omega:8.34, omega_m:0.07, u:0.00, theta1:16.921, theta2:2.291, e:8.270
t:21.06, r:0.00, omega:8.34, omega_m:0.02, u:0.00, theta1:16.919, theta2:2.294, e:8.313
t:21.07, r:0.00, omega:8.34, omega_m:0.01, u:0.00, theta1:16.918, theta2:2.298, e:8.328
t:21.08, r:0.00, omega:8.34, omega_m:0.00, u:0.00, theta1:16.917, theta2:2.301, e:8.334
t:21.09, r:0.00, omega:8.34, omega_m:0.00, u:0.00, theta1:16.915, theta2:2.304, e:8.336
t:21.10, r:0.00, omega:8.34, omega_m:0.00, u:0.00, theta1:16.914, theta2:2.307, e:8.337
t:21.11, r:0.00, omega:8.34, omega_m:0.00, u:0.00, theta1:16.912, theta2:2.311, e:8.337
t:21.12, r:0.00, omega:8.34, omega_m:0.00, u:0.00, theta1:16.911, theta2:2.314, e:8.337
t:21.13, r:0.00, omega:8.34, omega_m:0.00, u:0.00, theta1:16.909, theta2:2.317, e:8.338
t:21.14, r:0.00, omega:8.34, omega_m:0.00, u:0.00, theta1:16.908, theta2:2.321, e:8.338
t:21.15, r:0.00, omega:8.34, omega_m:0.00, u:0.00, theta1:16.907, theta2:2.324, e:8.338
t:21.16, r:0.00, omega:8.34, omega_m:0.00, u:0.00, theta1:16.905, theta2:2.327, e:8.338
t:21.17, r:0.00, omega:8.34, omega_m:0.00, u:0.00, theta1:16.904, theta2:2.330, e:8.338
t:21.18, r:0.00, omega:8.34, omega_m:0.00, u:0.00, theta1:16.902, theta2:2.334, e:8.338
t:21.19, r:0.00, omega:8.34, omega_m:0.00, u:0.00, theta1:16.901, theta2:2.337, e:8.338
t:21.20, r:0.00, omega:8.34, omega_m:0.00, u:0.00, theta1:16.900, theta2:2.340, e:8.338
t:21.21, r:0.00, omega:8.34, omega_m:0.00, u:0.00, theta1:16.898, theta2:2.344, e:8.338
t:21.22, r:0.00, omega:8.34, omega_m:0.00, u:0.00, theta1:16.897, theta2:2.347, e:8.338
t:21.23, r:0.00, omega:8.34, omega_m:0.00, u:0.00, theta1:16.895, theta2:2.350, e:8.338
t:21.24, r:0.00, omega:8.34, omega_m:0.00, u:0.00, theta1:16.894, theta2:2.353, e:8.338
t:21.25, r:0.00, omega:8.34, omega_m:0.00, u:0.00, theta1:16.893, theta2:2.357, e:8.338
t:21.26, r:0.00, omega:8.34, omega_m:0.00, u:0.00, theta1:16.891, theta2:2.360, e:8.338
t:21.27, r:0.00, omega:8.34, omega_m:0.00, u:0.00, theta1:16.890, theta2:2.363, e:8.338
t:21.28, r:0.00, omega:8.34, omega_m:0.00, u:0.00, theta1:16.888, theta2:2.366, e:8.338
t:21.29, r:0.00, omega:8.34, omega_m:0.00, u:0.00, theta1:16.887, theta2:2.370, e:8.338
t:21.30, r:0.00, omega:8.34, omega_m:0.00, u:0.00, theta1:16.886, theta2:2.373, e:8.338
t:21.31, r:0.00, omega:8.34, omega_m:0.00, u:0.00, theta1:16.884, theta2:2.376, e:8.338
t:21.32, r:0.00, omega:8.34, omega_m:0.00, u:0.00, theta1:16.883, theta2:2.380, e:8.338
t:21.33, r:0.00, omega:8.34, omega_m:0.00, u:0.00, theta1:16.881, theta2:2.383, e:8.338
t:21.34, r:0.00, omega:8.34, omega_m:0.00, u:0.00, theta1:16.880, theta2:2.386, e:8.338
t:21.35, r:0.00, omega:8.34, omega_m:0.00, u:0.00, theta1:16.878, theta2:2.389, e:8.338
t:21.36, r:0.00, omega:8.34, omega_m:0.00, u:0.00, theta1:16.877, theta2:2.393, e:8.338
t:21.37, r:0.00, omega:8.34, omega_m:0.00, u:0.00, theta1:16.876, theta2:2.396, e:8.338
t:21.38, r:0.00, omega:8.34, omega_m:0.00, u:0.00, theta1:16.874, theta2:2.399, e:8.338
t:21.39, r:0.00, omega:8.34, omega_m:0.00, u:0.00, theta1:16.873, theta2:2.403, e:8.338
t:21.40, r:0.00, omega:8.34, omega_m:0.00, u:0.00, theta1:16.871, theta2:2.406, e:8.338
t:21.41, r:0.00, omega:8.34, omega_m:0.00, u:0.00, theta1:16.870, theta2:2.409, e:8.338
t:21.42, r:0.00, omega:8.34, omega_m:0.00, u:0.00, theta1:16.869, theta2:2.412, e:8.338
t:21.43, r:0.00, omega:8.34, omega_m:0.00, u:0.00, theta1:16.867, theta2:2.416, e:8.338
t:21.44, r:0.00, omega:8.34, omega_m:0.00, u:0.00, theta1:16.866, theta2:2.419, e:8.338
t:21.45, r:0.00, omega:8.34, omega_m:0.00, u:0.00, theta1:16.864, theta2:2.422, e:8.338
t:21.46, r:0.00, omega:8.34, omega_m:0.00, u:0.00, theta1:16.863, theta2:2.425, e:8.338
t:21.47, r:0.00, omega:8.34, omega_m:0.00, u:0.00, theta1:16.862, theta2:2.429, e:8.338
t:21.48, r:0.00, omega:8.34, omega_m:0.00, u:0.00, theta1:16.860, theta2:2.432, e:8.338
t:21.49, r:0.00, omega:8.34, omega_m:0.00, u:0.00, theta1:16.859, theta2:2.435, e:8.338
t:21.50, r:0.00, omega:8.34, omega_m:0.00, u:0.00, theta1:16.857, theta2:2.439, e:8.338
t:21.51, r:0.00, omega:0.00, omega_m:0.00, u:0.00, theta1:16.857, theta2:2.439, e:-0.000
t:21.52, r:0.00, omega:0.00, omega_m:0.00, u:0.00, theta1:16.857, theta2:2.439, e:-0.000
t:21.53, r:0.00, omega:0.00, omega_m:0.00, u:0.00, theta1:16.857, theta2:2.439, e:-0.000
t:21.54, r:0.00, omega:0.00, omega_m:0.00, u:0.00, theta1:16.857, theta2:2.439, e:-0.000
t:21.55, r:0.00, omega:0.00, omega_m:0.00, u:0.00, theta1:16.857, theta2:2.439, e:-0.000
t:21.56, r:0.00, omega:0.00, omega_m:0.00, u:0.00, theta1:16.857, theta2:2.439, e:-0.000
t:21.57, r:0.00, omega:0.00, omega_m:0.00, u:0.00, theta1:16.857, theta2:2.439, e:-0.000
t:21.58, r:0.00, omega:0.00, omega_m:0.00, u:0.00, theta1:16.857, theta2:2.439, e:-0.000
t:21.59, r:0.00, omega:0.00, omega_m:0.00, u:0.00, theta1:16.857, theta2:2.439, e:-0.000
t:21.60, r:0.00, omega:0.00, omega_m:0.00, u:0.00, theta1:16.857, theta2:2.439, e:-0.000
t:21.61, r:0.00, omega:0.00, omega_m:0.00, u:0.00, theta1:16.857, theta2:2.439, e:-0.000
t:21.62, r:0.00, omega:0.00, omega_m:0.00, u:0.00, theta1:16.857, theta2:2.439, e:-0.000
t:21.63, r:0.00, omega:0.00, omega_m:0.00, u:0.00, theta1:16.857, theta2:2.439, e:-0.000
t:21.64, r:0.00, omega:0.00, omega_m:0.00, u:0.00, theta1:16.857, theta2:2.439, e:-0.000
t:21.65, r:0.00, omega:0.00, omega_m:0.00, u:0.00, theta1:16.857, theta2:2.439, e:-0.000
t:21.66, r:0.00, omega:0.00, omega_m:0.00, u:0.00, theta1:16.857, theta2:2.439, e:-0.000
t:21.67, r:0.00, omega:0.00, omega_m:0.00, u:0.00, theta1:16.857, theta2:2.439, e:-0.000
t:21.68, r:0.00, omega:0.00, omega_m:0.00, u:0.00, theta1:16.857, theta2:2.439, e:-0.000
t:21.69, r:0.00, omega:0.00, omega_m:0.00, u:0.00, theta1:16.857, theta2:2.439, e:-0.000
t:21.70, r:0.00, omega:0.00, omega_m:0.00, u:0.00, theta1:16.857, theta2:2.439, e:-0.000
t:21.71, r:0.00, omega:0.00, omega_m:0.00, u:0.00, theta1:16.857, theta2:2.439, e:-0.000
t:21.72, r:0.00, omega:0.00, omega_m:0.00, u:0.00, theta1:16.857, theta2:2.439, e:-0.000
t:21.73, r:0.00, omega:0.00, omega_m:0.00, u:0.00, theta1:16.857, theta2:2.439, e:-0.000
t:21.74, r:0.00, omega:0.00, omega_m:0.00, u:0.00, theta1:16.857, theta2:2.439, e:-0.000
t:21.75, r:0.00, omega:0.00, omega_m:0.00, u:0.00, theta1:16.857, theta2:2.439, e:-0.000
t:21.76, r:0.00, omega:0.00, omega_m:0.00, u:0.00, theta1:16.857, theta2:2.439, e:-0.000
t:21.77, r:0.00, omega:0.00, omega_m:0.00, u:0.00, theta1:16.857, theta2:2.439, e:-0.000
t:21.78, r:0.00, omega:0.00, omega_m:0.00, u:0.00, theta1:16.857, theta2:2.439, e:-0.000
t:21.79, r:0.00, omega:0.00, omega_m:0.00, u:0.00, theta1:16.857, theta2:2.439, e:-0.000
t:21.80, r:0.00, omega:0.00, omega_m:0.00, u:0.00, theta1:16.857, theta2:2.439, e:-0.000
t:21.81, r:0.00, omega:0.00, omega_m:0.00, u:0.00, theta1:16.857, theta2:2.439, e:-0.000
t:21.82, r:0.00, omega:0.00, omega_m:0.00, u:0.00, theta1:16.857, theta2:2.439, e:-0.000
t:21.83, r:0.00, omega:0.00, omega_m:0.00, u:0.00, theta1:16.857, theta2:2.439, e:-0.000
t:21.84, r:0.00, omega:0.00, omega_m:0.00, u:0.00, theta1:16.857, theta2:2.439, e:-0.000
t:21.85, r:0.00, omega:0.00, omega_m:0.00, u:0.00, theta1:16.857, theta2:2.439, e:-0.000
t:21.86, r:0.00, omega:0.00, omega_m:0.00, u:0.00, theta1:16.857, theta2:2.439, e:-0.000
t:21.87, r:0.00, omega:0.00, omega_m:0.00, u:0.00, theta1:16.857, theta2:2.439, e:-0.000
t:21.88, r:0.00, omega:0.00, omega_m:0.00, u:0.00, theta1:16.857, theta2:2.439, e:-0.000
t:21.89, r:0.00, omega:0.00, omega_m:0.00, u:0.00, theta1:16.857, theta2:2.439, e:-0.000
t:21.90, r:0.00, omega:0.00, omega_m:0.00, u:0.00, theta1:16.857, theta2:2.439, e:-0.000
t:21.91, r:0.00, omega:0.00, omega_m:0.00, u:0.00, theta1:16.857, theta2:2.439, e:-0.000
t:21.92, r:0.00, omega:0.00, omega_m:0.00, u:0.00, theta1:16.857, theta2:2.439, e:-0.000
t:21.93, r:0.00, omega:0.00, omega_m:0.00, u:0.00, theta1:16.857, theta2:2.439, e:-0.000
t:21.94, r:0.00, omega:0.00, omega_m:0.00, u:0.00, theta1:16.857, theta2:2.439, e:-0.000
t:21.95, r:0.00, omega:0.00, omega_m:0.00, u:0.00, theta1:16.857, theta2:2.439, e:-0.000
t:21.96, r:0.00, omega:0.00, omega_m:0.00, u:0.00, theta1:16.857, theta2:2.439, e:-0.000
t:21.97, r:0.00, omega:0.00, omega_m:0.00, u:0.00, theta1:16.857, theta2:2.439, e:-0.000
t:21.98, r:0.00, omega:0.00, omega_m:0.00, u:0.00, theta1:16.857, theta2:2.439, e:-0.000
t:21.99, r:0.00, omega:0.00, omega_m:0.00, u:0.00, theta1:16.857, theta2:2.439, e:-0.000
t:22.00, r:0.00, omega:0.00, omega_m:0.00, u:0.00, theta1:16.857, theta2:2.439, e:-0.000
t:22.01, r:-10.00, omega:0.00, omega_m:-6.32, u:-168.59, theta1:16.859, theta2:2.438, e:6.321
t:22.02, r:-10.00, omega:0.00, omega_m:-8.65, u:-168.62, theta1:16.862, theta2:2.438, e:8.647
t:22.03, r:-10.00, omega:0.00, omega_m:-9.50, u:-168.65, theta1:16.865, theta2:2.438, e:9.502
t:22.04, r:-10.00, omega:0.00, omega_m:-9.82, u:-168.69, theta1:16.869, theta2:2.438, e:9.817
t:22.05, r:-10.00, omega:0.00, omega_m:-9.93, u:-168.72, theta1:16.872, theta2:2.437, e:9.933
t:22.06, r:-10.00, omega:0.00, omega_m:-9.98, u:-168.75, theta1:16.875, theta2:2.437, e:9.975
t:22.07, r:-10.00, omega:0.00, omega_m:-9.99, u:-168.79, theta1:16.879, theta2:2.437, e:9.991
t:22.08, r:-10.00, omega:-0.49, omega_m:-10.00, u:-167.62, theta1:16.882, theta2:2.437, e:9.506
t:22.09, r:-10.00, omega:-0.49, omega_m:-10.00, u:-167.66, theta1:16.885, theta2:2.436, e:9.509
t:22.10, r:-10.00, omega:-0.49, omega_m:-10.00, u:-167.69, theta1:16.888, theta2:2.436, e:9.509
t:22.11, r:-10.00, omega:-0.49, omega_m:-10.00, u:-167.72, theta1:16.891, theta2:2.435, e:9.510
t:22.12, r:-10.00, omega:-0.49, omega_m:-10.00, u:-167.75, theta1:16.894, theta2:2.435, e:9.510
t:22.13, r:-10.00, omega:-10.41, omega_m:-10.00, u:-143.58, theta1:16.894, theta2:2.435, e:-0.415
t:22.14, r:-10.00, omega:-10.41, omega_m:-10.00, u:-143.58, theta1:16.894, theta2:2.435, e:-0.415
t:22.15, r:-10.00, omega:-10.41, omega_m:-10.00, u:-143.57, theta1:16.894, theta2:2.435, e:-0.415
t:22.16, r:-10.00, omega:-10.41, omega_m:-10.00, u:-143.57, theta1:16.893, theta2:2.435, e:-0.415
t:22.17, r:-10.00, omega:-10.41, omega_m:-10.00, u:-143.56, theta1:16.893, theta2:2.436, e:-0.415
t:22.18, r:-10.00, omega:-10.53, omega_m:-10.00, u:-143.27, theta1:16.893, theta2:2.436, e:-0.534
t:22.19, r:-10.00, omega:-10.53, omega_m:-10.00, u:-143.26, theta1:16.892, theta2:2.436, e:-0.534
t:22.20, r:-10.00, omega:-10.53, omega_m:-10.00, u:-143.25, theta1:16.892, theta2:2.436, e:-0.534
t:22.21, r:-10.00, omega:-10.53, omega_m:-10.00, u:-143.25, theta1:16.892, theta2:2.437, e:-0.534
t:22.22, r:-10.00, omega:-10.53, omega_m:-10.00, u:-143.24, theta1:16.891, theta2:2.437, e:-0.534
t:22.23, r:-10.00, omega:-10.53, omega_m:-10.00, u:-143.23, theta1:16.891, theta2:2.437, e:-0.534
t:22.24, r:-10.00, omega:-8.95, omega_m:-10.00, u:-147.10, theta1:16.891, theta2:2.437, e:1.050
t:22.25, r:-10.00, omega:-8.95, omega_m:-10.00, u:-147.11, theta1:16.892, theta2:2.436, e:1.050
t:22.26, r:-10.00, omega:-8.95, omega_m:-10.00, u:-147.12, theta1:16.892, theta2:2.436, e:1.050
t:22.27, r:-10.00, omega:-8.95, omega_m:-10.00, u:-147.13, theta1:16.892, theta2:2.435, e:1.050
t:22.28, r:-10.00, omega:-8.95, omega_m:-10.00, u:-147.13, theta1:16.893, theta2:2.435, e:1.050
t:22.29, r:-10.00, omega:-8.95, omega_m:-10.00, u:-147.14, theta1:16.893, theta2:2.434, e:1.050
t:22.30, r:-10.00, omega:-8.77, omega_m:-10.00, u:-147.60, theta1:16.893, theta2:2.434, e:1.234
t:22.31, r:-10.00, omega:-8.77, omega_m:-10.00, u:-147.61, theta1:16.894, theta2:2.433, e:1.234
t:22.32, r:-10.00, omega:-8.77, omega_m:-10.00, u:-147.62, theta1:16.894, theta2:2.433, e:1.234
t:22.33, r:-10.00, omega:-8.77, omega_m:-10.00, u:-147.63, theta1:16.895, theta2:2.432, e:1.234
t:22.34, r:-10.00, omega:-8.77, omega_m:-10.00, u:-147.63, theta1:16.895, theta2:2.431, e:1.234
t:22.35, r:-10.00, omega:-8.77, omega_m:-10.00, u:-147.64, theta1:16.895, theta2:2.431, e:1.234
t:22.36, r:-10.00, omega:-9.35, omega_m:-10.00, u:-146.23, theta1:16.896, theta2:2.431, e:0.651
t:22.37, r:-10.00, omega:-9.35, omega_m:-10.00, u:-146.24, theta1:16.896, theta2:2.430, e:0.651
t:22.38, r:-10.00, omega:-9.35, omega_m:-10.00, u:-146.24, theta1:16.896, theta2:2.430, e:0.651
t:22.39, r:-10.00, omega:-9.35, omega_m:-10.00, u:-146.25, theta1:16.896, theta2:2.430, e:0.651
t:22.40, r:-10.00, omega:-9.35, omega_m:-10.00, u:-146.25, theta1:16.896, theta2:2.429, e:0.651
t:22.41, r:-10.00, omega:-9.45, omega_m:-10.00, u:-146.00, theta1:16.897, theta2:2.429, e:0.547
t:22.42, r:-10.00, omega:-9.45, omega_m:-10.00, u:-146.01, theta1:16.897, theta2:2.429, e:0.547
t:22.43, r:-10.00, omega:-9.45, omega_m:-10.00, u:-146.01, theta1:16.897, theta2:2.428, e:0.547
t:22.44, r:-10.00, omega:-9.45, omega_m:-10.00, u:-146.02, theta1:16.897, theta2:2.428, e:0.547
t:22.45, r:-10.00, omega:-9.45, omega_m:-10.00, u:-146.02, theta1:16.897, theta2:2.428, e:0.547
t:22.46, r:-10.00, omega:-9.45, omega_m:-10.00, u:-146.03, theta1:16.898, theta2:2.428, e:0.547
t:22.47, r:-10.00, omega:-8.76, omega_m:-10.00, u:-147.73, theta1:16.898, theta2:2.427, e:1.243
t:22.48, r:-10.00, omega:-8.76, omega_m:-10.00, u:-147.74, theta1:16.898, theta2:2.427, e:1.243
t:22.49, r:-10.00, omega:-8.76, omega_m:-10.00, u:-147.74, theta1:16.899, theta2:2.426, e:1.243
t:22.50, r:-10.00, omega:-8.76, omega_m:-10.00, u:-147.75, theta1:16.899, theta2:2.425, e:1.243
t:22.51, r:-10.00, omega:-8.76, omega_m:-10.00, u:-147.76, theta1:16.900, theta2:2.425, e:1.243
t:22.52, r:-10.00, omega:-8.76, omega_m:-10.00, u:-147.77, theta1:16.900, theta2:2.424, e:1.243
t:22.53, r:-10.00, omega:-9.62, omega_m:-10.00, u:-145.68, theta1:16.900, theta2:2.424, e:0.377
t:22.54, r:-10.00, omega:-9.62, omega_m:-10.00, u:-145.68, theta1:16.900, theta2:2.424, e:0.377
t:22.55, r:-10.00, omega:-9.62, omega_m:-10.00, u:-145.68, theta1:16.900, theta2:2.424, e:0.377
t:22.56, r:-10.00, omega:-9.62, omega_m:-10.00, u:-145.69, theta1:16.901, theta2:2.423, e:0.377
t:22.57, r:-10.00, omega:-9.62, omega_m:-10.00, u:-145.69, theta1:16.901, theta2:2.423, e:0.377
t:22.58, r:-10.00, omega:-9.27, omega_m:-10.00, u:-146.55, theta1:16.901, theta2:2.423, e:0.731
t:22.59, r:-10.00, omega:-9.27, omega_m:-10.00, u:-146.56, theta1:16.901, theta2:2.423, e:0.731
t:22.60, r:-10.00, omega:-9.27, omega_m:-10.00, u:-146.56, theta1:16.901, theta2:2.422, e:0.731
t:22.61, r:-10.00, omega:-9.27, omega_m:-10.00, u:-146.57, theta1:16.902, theta2:2.422, e:0.731
t:22.62, r:-10.00, omega:-9.27, omega_m:-10.00, u:-146.57, theta1:16.902, theta2:2.421, e:0.731
t:22.63, r:-10.00, omega:-9.27, omega_m:-10.00, u:-146.58, theta1:16.902, theta2:2.421, e:0.731
t:22.64, r:-10.00, omega:-8.95, omega_m:-10.00, u:-147.37, theta1:16.902, theta2:2.421, e:1.054
t:22.65, r:-10.00, omega:-8.95, omega_m:-10.00, u:-147.38, theta1:16.903, theta2:2.420, e:1.054
t:22.66, r:-10.00, omega:-8.95, omega_m:-10.00, u:-147.39, theta1:16.903, theta2:2.420, e:1.054
t:22.67, r:-10.00, omega:-8.95, omega_m:-10.00, u:-147.39, theta1:16.903, theta2:2.419, e:1.054
t:22.68, r:-10.00, omega:-8.95, omega_m:-10.00, u:-147.40, theta1:16.904, theta2:2.419, e:1.054
t:22.69, r:-10.00, omega:-8.95, omega_m:-10.00, u:-147.41, theta1:16.904, theta2:2.418, e:1.054
t:22.70, r:-10.00, omega:-9.34, omega_m:-10.00, u:-146.47, theta1:16.904, theta2:2.418, e:0.664
t:22.71, r:-10.00, omega:-9.34, omega_m:-10.00, u:-146.48, theta1:16.905, theta2:2.417, e:0.664
t:22.72, r:-10.00, omega:-9.34, omega_m:-10.00, u:-146.48, theta1:16.905, theta2:2.417, e:0.664
t:22.73, r:-10.00, omega:-9.34, omega_m:-10.00, u:-146.49, theta1:16.905, theta2:2.417, e:0.664
t:22.74, r:-10.00, omega:-9.34, omega_m:-10.00, u:-146.49, theta1:16.905, theta2:2.417, e:0.664
t:22.75, r:-10.00, omega:-9.51, omega_m:-10.00, u:-146.08, theta1:16.905, theta2:2.416, e:0.492
t:22.76, r:-10.00, omega:-9.51, omega_m:-10.00, u:-146.08, theta1:16.906, theta2:2.416, e:0.492
t:22.77, r:-10.00, omega:-9.51, omega_m:-10.00, u:-146.09, theta1:16.906, theta2:2.416, e:0.492
t:22.78, r:-10.00, omega:-9.51, omega_m:-10.00, u:-146.09, theta1:16.906, theta2:2.416, e:0.492
t:22.79, r:-10.00, omega:-9.51, omega_m:-10.00, u:-146.10, theta1:16.906, theta2:2.415, e:0.492
t:22.80, r:-10.00, omega:-9.51, omega_m:-10.00, u:-146.10, theta1:16.906, theta2:2.415, e:0.492
t:22.81, r:-10.00, omega:-8.85, omega_m:-10.00, u:-147.69, theta1:16.907, theta2:2.415, e:1.147
t:22.82, r:-10.00, omega:-8.85, omega_m:-10.00, u:-147.70, theta1:16.907, theta2:2.414, e:1.147
t:22.83, r:-10.00, omega:-8.85, omega_m:-10.00, u:-147.71, theta1:16.907, theta2:2.413, e:1.147
t:22.84, r:-10.00, omega:-8.85, omega_m:-10.00, u:-147.72, theta1:16.908, theta2:2.413, e:1.147
t:22.85, r:-10.00, omega:-8.85, omega_m:-10.00, u:-147.72, theta1:16.908, theta2:2.412, e:1.147
t:22.86, r:-10.00, omega:-8.85, omega_m:-10.00, u:-147.73, theta1:16.909, theta2:2.412, e:1.147
t:22.87, r:-10.00, omega:-9.34, omega_m:-10.00, u:-146.57, theta1:16.909, theta2:2.412, e:0.662
t:22.88, r:-10.00, omega:-9.34, omega_m:-10.00, u:-146.57, theta1:16.909, theta2:2.411, e:0.662
t:22.89, r:-10.00, omega:-9.34, omega_m:-10.00, u:-146.58, theta1:16.909, theta2:2.411, e:0.662
t:22.90, r:-10.00, omega:-9.34, omega_m:-10.00, u:-146.59, theta1:16.909, theta2:2.411, e:0.662
t:22.91, r:-10.00, omega:-9.34, omega_m:-10.00, u:-146.59, theta1:16.910, theta2:2.410, e:0.662
t:22.92, r:-10.00, omega:-9.44, omega_m:-10.00, u:-146.34, theta1:16.910, theta2:2.410, e:0.556
t:22.93, r:-10.00, omega:-9.44, omega_m:-10.00, u:-146.34, theta1:16.910, theta2:2.410, e:0.556
t:22.94, r:-10.00, omega:-9.44, omega_m:-10.00, u:-146.35, theta1:16.910, theta2:2.409, e:0.556
t:22.95, r:-10.00, omega:-9.44, omega_m:-10.00, u:-146.35, theta1:16.910, theta2:2.409, e:0.556
t:22.96, r:-10.00, omega:-9.44, omega_m:-10.00, u:-146.36, theta1:16.911, theta2:2.409, e:0.556
t:22.97, r:-10.00, omega:-9.44, omega_m:-10.00, u:-146.36, theta1:16.911, theta2:2.409, e:0.556
t:22.98, r:-10.00, omega:-8.90, omega_m:-10.00, u:-147.68, theta1:16.911, theta2:2.408, e:1.099
t:22.99, r:-10.00, omega:-8.90, omega_m:-10.00, u:-147.68, theta1:16.911, theta2:2.408, e:1.099
t:23.00, r:-10.00, omega:-8.90, omega_m:-10.00, u:-147.69, theta1:16.912, theta2:2.407, e:1.099
t:23.01, r:0.00, omega:-8.90, omega_m:-3.68, u:0.00, theta1:16.911, theta2:2.409, e:-5.223
t:23.02, r:0.00, omega:-8.90, omega_m:-1.35, u:0.00, theta1:16.910, theta2:2.412, e:-7.548
t:23.03, r:0.00, omega:-8.90, omega_m:-0.50, u:0.00, theta1:16.908, theta2:2.416, e:-8.404
t:23.04, r:0.00, omega:-8.90, omega_m:-0.18, u:0.00, theta1:16.907, theta2:2.420, e:-8.718
t:23.05, r:0.00, omega:-8.90, omega_m:-0.07, u:0.00, theta1:16.905, theta2:2.423, e:-8.834
t:23.06, r:0.00, omega:-8.90, omega_m:-0.02, u:0.00, theta1:16.904, theta2:2.427, e:-8.877
t:23.07, r:0.00, omega:-8.90, omega_m:-0.01, u:0.00, theta1:16.902, theta2:2.431, e:-8.892
t:23.08, r:0.00, omega:-8.90, omega_m:-0.00, u:0.00, theta1:16.901, theta2:2.435, e:-8.898
t:23.09, r:0.00, omega:-8.90, omega_m:-0.00, u:0.00, theta1:16.899, theta2:2.438, e:-8.900
t:23.10, r:0.00, omega:-8.90, omega_m:-0.00, u:0.00, theta1:16.898, theta2:2.442, e:-8.901
t:23.11, r:0.00, omega:-8.90, omega_m:-0.00, u:0.00, theta1:16.896, theta2:2.446, e:-8.901
t:23.12, r:0.00, omega:-8.90, omega_m:-0.00, u:0.00, theta1:16.895, theta2:2.450, e:-8.901
t:23.13, r:0.00, omega:-8.90, omega_m:-0.00, u:0.00, theta1:16.893, theta2:2.453, e:-8.901
t:23.14, r:0.00, omega:-8.90, omega_m:-0.00, u:0.00, theta1:16.892, theta2:2.457, e:-8.901
t:23.15, r:0.00, omega:-8.90, omega_m:-0.00, u:0.00, theta1:16.890, theta2:2.461, e:-8.901
t:23.16, r:0.00, omega:-8.90, omega_m:-0.00, u:0.00, theta1:16.889, theta2:2.464, e:-8.901
t:23.17, r:0.00, omega:-8.90, omega_m:-0.00, u:0.00, theta1:16.887, theta2:2.468, e:-8.901
t:23.18, r:0.00, omega:-8.90, omega_m:-0.00, u:0.00, theta1:16.886, theta2:2.472, e:-8.901
t:23.19, r:0.00, omega:-8.90, omega_m:-0.00, u:0.00, theta1:16.884, theta2:2.476, e:-8.901
t:23.20, r:0.00, omega:-8.90, omega_m:-0.00, u:0.00, theta1:16.883, theta2:2.479, e:-8.901
t:23.21, r:0.00, omega:-8.90, omega_m:-0.00, u:0.00, theta1:16.881, theta2:2.483, e:-8.901
t:23.22, r:0.00, omega:-8.90, omega_m:-0.00, u:0.00, theta1:16.880, theta2:2.487, e:-8.901
t:23.23, r:0.00, omega:-8.90, omega_m:-0.00, u:0.00, theta1:16.878, theta2:2.491, e:-8.901
t:23.24, r:0.00, omega:-8.90, omega_m:-0.00, u:0.00, theta1:16.877, theta2:2.494, e:-8.901
t:23.25, r:0.00, omega:-8.90, omega_m:-0.00, u:0.00, theta1:16.875, theta2:2.498, e:-8.901
t:23.26, r:0.00, omega:-8.90, omega_m:-0.00, u:0.00, theta1:16.874, theta2:2.502, e:-8.901
t:23.27, r:0.00, omega:-8.90, omega_m:-0.00, u:0.00, theta1:16.872, theta2:2.506, e:-8.901
t:23.28, r:0.00, omega:-8.90, omega_m:-0.00, u:0.00, theta1:16.871, theta2:2.509, e:-8.901
t:23.29, r:0.00, omega:-8.90, omega_m:-0.00, u:0.00, theta1:16.869, theta2:2.513, e:-8.901
t:23.30, r:0.00, omega:-8.90, omega_m:-0.00, u:0.00, theta1:16.868, theta2:2.517, e:-8.901
t:23.31, r:0.00, omega:-8.90, omega_m:-0.00, u:0.00, theta1:16.866, theta2:2.521, e:-8.901
t:23.32, r:0.00, omega:-8.90, omega_m:-0.00, u:0.00, theta1:16.865, theta2:2.524, e:-8.901
t:23.33, r:0.00, omega:-8.90, omega_m:-0.00, u:0.00, theta1:16.863, theta2:2.528, e:-8.901
t:23.34, r:0.00, omega:-8.90, omega_m:-0.00, u:0.00, theta1:16.862, theta2:2.532, e:-8.901
t:23.35, r:0.00, omega:-8.90, omega_m:-0.00, u:0.00, theta1:16.860, theta2:2.536, e:-8.901
t:23.36, r:0.00, omega:-8.90, omega_m:-0.00, u:0.00, theta1:16.859, theta2:2.539, e:-8.901
t:23.37, r:0.00, omega:-8.90, omega_m:-0.00, u:0.00, theta1:16.857, theta2:2.543, e:-8.901
t:23.38, r:0.00, omega:-8.90, omega_m:-0.00, u:0.00, theta1:16.856, theta2:2.547, e:-8.901
t:23.39, r:0.00, omega:-8.90, omega_m:-0.00, u:0.00, theta1:16.854, theta2:2.550, e:-8.901
t:23.40, r:0.00, omega:-8.90, omega_m:-0.00, u:0.00, theta1:16.853, theta2:2.554, e:-8.901
t:23.41, r:0.00, omega:-8.90, omega_m:-0.00, u:0.00, theta1:16.851, theta2:2.558, e:-8.901
t:23.42, r:0.00, omega:-8.90, omega_m:-0.00, u:0.00, theta1:16.850, theta2:2.562, e:-8.901
t:23.43, r:0.00, omega:-8.90, omega_m:-0.00, u:0.00, theta1:16.848, theta2:2.565, e:-8.901
t:23.44, r:0.00, omega:-8.90, omega_m:-0.00, u:0.00, theta1:16.847, theta2:2.569, e:-8.901
t:23.45, r:0.00, omega:-8.90, omega_m:-0.00, u:0.00, theta1:16.845, theta2:2.573, e:-8.901
t:23.46, r:0.00, omega:-8.90, omega_m:-0.00, u:0.00, theta1:16.844, theta2:2.577, e:-8.901
t:23.47, r:0.00, omega:-8.90, omega_m:-0.00, u:0.00, theta1:16.842, theta2:2.580, e:-8.901
t:23.48, r:0.00, omega:0.00, omega_m:-0.00, u:0.00, theta1:16.842, theta2:2.580, e:0.000
t:23.49, r:0.00, omega:0.00, omega_m:-0.00, u:0.00, theta1:16.842, theta2:2.580, e:0.000
t:23.50, r:0.00, omega:0.00, omega_m:-0.00, u:0.00, theta1:16.842, theta2:2.580, e:0.000
t:23.51, r:0.00, omega:0.00, omega_m:-0.00, u:0.00, theta1:16.842, theta2:2.580, e:0.000
t:23.52, r:0.00, omega:0.00, omega_m:-0.00, u:0.00, theta1:16.842, theta2:2.580, e:0.000
t:23.53, r:0.00, omega:0.00, omega_m:-0.00, u:0.00, theta1:16.842, theta2:2.580, e:0.000
t:23.54, r:0.00, omega:0.00, omega_m:-0.00, u:0.00, theta1:16.842, theta2:2.580, e:0.000
t:23.55, r:0.00, omega:0.00, omega_m:-0.00, u:0.00, theta1:16.842, theta2:2.580, e:0.000
t:23.56, r:0.00, omega:0.00, omega_m:-0.00, u:0.00, theta1:16.842, theta2:2.580, e:0.000
t:23.57, r:0.00, omega:0.00, omega_m:-0.00, u:0.00, theta1:16.842, theta2:2.580, e:0.000
t:23.58, r:0.00, omega:0.00, omega_m:-0.00, u:0.00, theta1:16.842, theta2:2.580, e:0.000
t:23.59, r:0.00, omega:0.00, omega_m:-0.00, u:0.00, theta1:16.842, theta2:2.580, e:0.000
t:23.60, r:0.00, omega:0.00, omega_m:-0.00, u:0.00, theta1:16.842, theta2:2.580, e:0.000
t:23.61, r:0.00, omega:0.00, omega_m:-0.00, u:0.00, theta1:16.842, theta2:2.580, e:0.000
t:23.62, r:0.00, omega:0.00, omega_m:-0.00, u:0.00, theta1:16.842, theta2:2.580, e:0.000
t:23.63, r:0.00, omega:0.00, omega_m:-0.00, u:0.00, theta1:16.842, theta2:2.580, e:0.000
t:23.64, r:0.00, omega:0.00, omega_m:-0.00, u:0.00, theta1:16.842, theta2:2.580, e:0.000
t:23.65, r:0.00, omega:0.00, omega_m:-0.00, u:0.00, theta1:16.842, theta2:2.580, e:0.000
t:23.66, r:0.00, omega:0.00, omega_m:-0.00, u:0.00, theta1:16.842, theta2:2.580, e:0.000
t:23.67, r:0.00, omega:0.00, omega_m:-0.00, u:0.00, theta1:16.842, theta2:2.580, e:0.000
t:23.68, r:0.00, omega:0.00, omega_m:-0.00, u:0.00, theta1:16.842, theta2:2.580, e:0.000
t:23.69, r:0.00, omega:0.00, omega_m:-0.00, u:0.00, theta1:16.842, theta2:2.580, e:0.000
t:23.70, r:0.00, omega:0.00, omega_m:-0.00, u:0.00, theta1:16.842, theta2:2.580, e:0.000
t:23.71, r:0.00, omega:0.00, omega_m:-0.00, u:0.00, theta1:16.842, theta2:2.580, e:0.000
t:23.72, r:0.00, omega:0.00, omega_m:-0.00, u:0.00, theta1:16.842, theta2:2.580, e:0.000
t:23.73, r:0.00, omega:0.00, omega_m:-0.00, u:0.00, theta1:16.842, theta2:2.580, e:0.000
t:23.74, r:0.00, omega:0.00, omega_m:-0.00, u:0.00, theta1:16.842, theta2:2.580, e:0.000
t:23.75, r:0.00, omega:0.00, omega_m:-0.00, u:0.00, theta1:16.842, theta2:2.580, e:0.000
t:23.76, r:0.00, omega:0.00, omega_m:-0.00, u:0.00, theta1:16.842, theta2:2.580, e:0.000
t:23.77, r:0.00, omega:0.00, omega_m:-0.00, u:0.00, theta1:16.842, theta2:2.580, e:0.000
t:23.78, r:0.00, omega:0.00, omega_m:-0.00, u:0.00, theta1:16.842, theta2:2.580, e:0.000
t:23.79, r:0.00, omega:0.00, omega_m:-0.00, u:0.00, theta1:16.842, theta2:2.580, e:0.000
t:23.80, r:0.00, omega:0.00, omega_m:-0.00, u:0.00, theta1:16.842, theta2:2.580, e:0.000
t:23.81, r:0.00, omega:0.00, omega_m:-0.00, u:0.00, theta1:16.842, theta2:2.580, e:0.000
t:23.82, r:0.00, omega:0.00, omega_m:-0.00, u:0.00, theta1:16.842, theta2:2.580, e:0.000
t:23.83, r:0.00, omega:0.00, omega_m:-0.00, u:0.00, theta1:16.842, theta2:2.580, e:0.000
t:23.84, r:0.00, omega:0.00, omega_m:-0.00, u:0.00, theta1:16.842, theta2:2.580, e:0.000
t:23.85, r:0.00, omega:0.00, omega_m:-0.00, u:0.00, theta1:16.842, theta2:2.580, e:0.000
t:23.86, r:0.00, omega:0.00, omega_m:-0.00, u:0.00, theta1:16.842, theta2:2.580, e:0.000
t:23.87, r:0.00, omega:0.00, omega_m:-0.00, u:0.00, theta1:16.842, theta2:2.580, e:0.000
t:23.88, r:0.00, omega:0.00, omega_m:-0.00, u:0.00, theta1:16.842, theta2:2.580, e:0.000
t:23.89, r:0.00, omega:0.00, omega_m:-0.00, u:0.00, theta1:16.842, theta2:2.580, e:0.000
t:23.90, r:0.00, omega:0.00, omega_m:-0.00, u:0.00, theta1:16.842, theta2:2.580, e:0.000
t:23.91, r:0.00, omega:0.00, omega_m:-0.00, u:0.00, theta1:16.842, theta2:2.580, e:0.000
t:23.92, r:0.00, omega:0.00, omega_m:-0.00, u:0.00, theta1:16.842, theta2:2.580, e:0.000
t:23.93, r:0.00, omega:0.00, omega_m:-0.00, u:0.00, theta1:16.842, theta2:2.580, e:0.000
t:23.94, r:0.00, omega:0.00, omega_m:-0.00, u:0.00, theta1:16.842, theta2:2.580, e:0.000
t:23.95, r:0.00, omega:0.00, omega_m:-0.00, u:0.00, theta1:16.842, theta2:2.580, e:0.000
t:23.96, r:0.00, omega:0.00, omega_m:-0.00, u:0.00, theta1:16.842, theta2:2.580, e:0.000
t:23.97, r:0.00, omega:0.00, omega_m:-0.00, u:0.00, theta1:16.842, theta2:2.580, e:0.000
t:23.98, r:0.00, omega:0.00, omega_m:-0.00, u:0.00, theta1:16.842, theta2:2.580, e:0.000
t:23.99, r:0.00, omega:0.00, omega_m:-0.00, u:0.00, theta1:16.842, theta2:2.580, e:0.000
t:24.00, r:0.00, omega:0.00, omega_m:-0.00, u:0.00, theta1:16.842, theta2:2.580, e:0.000
t:24.01, r:10.00, omega:0.00, omega_m:6.32, u:168.44, theta1:16.844, theta2:2.580, e:-6.321
t:24.02, r:10.00, omega:0.00, omega_m:8.65, u:168.47, theta1:16.847, theta2:2.580, e:-8.647
t:24.03, r:10.00, omega:0.00, omega_m:9.50, u:168.50, theta1:16.850, theta2:2.580, e:-9.502
t:24.04, r:10.00, omega:0.00, omega_m:9.82, u:168.54, theta1:16.854, theta2:2.579, e:-9.817
t:24.05, r:10.00, omega:0.00, omega_m:9.93, u:168.57, theta1:16.857, theta2:2.579, e:-9.933
t:24.06, r:10.00, omega:0.48, omega_m:9.98, u:167.35, theta1:16.860, theta2:2.579, e:-9.491
t:24.07, r:10.00, omega:0.48, omega_m:9.99, u:167.38, theta1:16.863, theta2:2.578, e:-9.507
t:24.08, r:10.00, omega:0.48, omega_m:10.00, u:167.42, theta1:16.866, theta2:2.578, e:-9.513
t:24.09, r:10.00, omega:0.48, omega_m:10.00, u:167.45, theta1:16.869, theta2:2.577, e:-9.515
t:24.10, r:10.00, omega:0.48, omega_m:10.00, u:167.48, theta1:16.873, theta2:2.577, e:-9.516
t:24.11, r:10.00, omega:0.48, omega_m:10.00, u:167.51, theta1:16.876, theta2:2.576, e:-9.516
t:24.12, r:10.00, omega:9.78, omega_m:10.00, u:143.58, theta1:16.876, theta2:2.576, e:-0.225
t:24.13, r:10.00, omega:9.78, omega_m:10.00, u:143.58, theta1:16.876, theta2:2.576, e:-0.225
t:24.14, r:10.00, omega:9.78, omega_m:10.00, u:143.58, theta1:16.876, theta2:2.576, e:-0.225
t:24.15, r:10.00, omega:9.78, omega_m:10.00, u:143.58, theta1:16.876, theta2:2.576, e:-0.225
t:24.16, r:10.00, omega:9.78, omega_m:10.00, u:143.58, theta1:16.876, theta2:2.576, e:-0.225
t:24.17, r:10.00, omega:10.06, omega_m:10.00, u:142.86, theta1:16.876, theta2:2.576, e:0.056
t:24.18, r:10.00, omega:10.06, omega_m:10.00, u:142.86, theta1:16.876, theta2:2.576, e:0.056
t:24.19, r:10.00, omega:10.06, omega_m:10.00, u:142.86, theta1:16.876, theta2:2.576, e:0.056
t:24.20, r:10.00, omega:10.06, omega_m:10.00, u:142.86, theta1:16.876, theta2:2.576, e:0.056
t:24.21, r:10.00, omega:10.06, omega_m:10.00, u:142.86, theta1:16.876, theta2:2.576, e:0.056
t:24.22, r:10.00, omega:10.06, omega_m:10.00, u:142.86, theta1:16.876, theta2:2.576, e:0.056
t:24.23, r:10.00, omega:8.54, omega_m:10.00, u:146.77, theta1:16.876, theta2:2.575, e:-1.459
t:24.24, r:10.00, omega:8.54, omega_m:10.00, u:146.78, theta1:16.877, theta2:2.575, e:-1.459
t:24.25, r:10.00, omega:8.54, omega_m:10.00, u:146.79, theta1:16.877, theta2:2.574, e:-1.459
t:24.26, r:10.00, omega:8.54, omega_m:10.00, u:146.80, theta1:16.878, theta2:2.573, e:-1.459
t:24.27, r:10.00, omega:8.54, omega_m:10.00, u:146.81, theta1:16.878, theta2:2.573, e:-1.459
t:24.28, r:10.00, omega:8.54, omega_m:10.00, u:146.82, theta1:16.879, theta2:2.572, e:-1.459
t:24.29, r:10.00, omega:8.56, omega_m:10.00, u:146.77, theta1:16.879, theta2:2.571, e:-1.436
t:24.30, r:10.00, omega:8.56, omega_m:10.00, u:146.78, theta1:16.880, theta2:2.571, e:-1.436
t:24.31, r:10.00, omega:8.56, omega_m:10.00, u:146.79, theta1:16.880, theta2:2.570, e:-1.436
t:24.32, r:10.00, omega:8.56, omega_m:10.00, u:146.80, theta1:16.881, theta2:2.569, e:-1.436
t:24.33, r:10.00, omega:8.56, omega_m:10.00, u:146.81, theta1:16.881, theta2:2.569, e:-1.436
t:24.34, r:10.00, omega:8.56, omega_m:10.00, u:146.82, theta1:16.882, theta2:2.568, e:-1.436
t:24.35, r:10.00, omega:8.62, omega_m:10.00, u:146.70, theta1:16.882, theta2:2.567, e:-1.385
t:24.36, r:10.00, omega:8.62, omega_m:10.00, u:146.71, theta1:16.883, theta2:2.567, e:-1.385
t:24.37, r:10.00, omega:8.62, omega_m:10.00, u:146.72, theta1:16.883, theta2:2.566, e:-1.385
t:24.38, r:10.00, omega:8.62, omega_m:10.00, u:146.73, theta1:16.884, theta2:2.566, e:-1.385
t:24.39, r:10.00, omega:8.62, omega_m:10.00, u:146.74, theta1:16.884, theta2:2.565, e:-1.385
t:24.40, r:10.00, omega:8.62, omega_m:10.00, u:146.75, theta1:16.884, theta2:2.564, e:-1.385
t:24.41, r:10.00, omega:8.96, omega_m:10.00, u:145.87, theta1:16.885, theta2:2.564, e:-1.036
t:24.42, r:10.00, omega:8.96, omega_m:10.00, u:145.87, theta1:16.885, theta2:2.563, e:-1.036
t:24.43, r:10.00, omega:8.96, omega_m:10.00, u:145.88, theta1:16.885, theta2:2.563, e:-1.036
t:24.44, r:10.00, omega:8.96, omega_m:10.00, u:145.89, theta1:16.886, theta2:2.562, e:-1.036
t:24.45, r:10.00, omega:8.96, omega_m:10.00, u:145.90, theta1:16.886, theta2:2.562, e:-1.036
t:24.46, r:10.00, omega:8.96, omega_m:10.00, u:145.90, theta1:16.886, theta2:2.561, e:-1.036
t:24.47, r:10.00, omega:8.86, omega_m:10.00, u:146.19, theta1:16.887, theta2:2.561, e:-1.143
t:24.48, r:10.00, omega:8.86, omega_m:10.00, u:146.20, theta1:16.887, theta2:2.560, e:-1.143
t:24.49, r:10.00, omega:8.86, omega_m:10.00, u:146.20, theta1:16.888, theta2:2.560, e:-1.143
t:24.50, r:10.00, omega:8.86, omega_m:10.00, u:146.21, theta1:16.888, theta2:2.559, e:-1.143
t:24.51, r:10.00, omega:8.86, omega_m:10.00, u:146.22, theta1:16.888, theta2:2.559, e:-1.143
t:24.52, r:10.00, omega:8.86, omega_m:10.00, u:146.23, theta1:16.889, theta2:2.558, e:-1.143
t:24.53, r:10.00, omega:8.74, omega_m:10.00, u:146.54, theta1:16.889, theta2:2.558, e:-1.260
t:24.54, r:10.00, omega:8.74, omega_m:10.00, u:146.55, theta1:16.890, theta2:2.557, e:-1.260
t:24.55, r:10.00, omega:8.74, omega_m:10.00, u:146.56, theta1:16.890, theta2:2.556, e:-1.260
t:24.56, r:10.00, omega:8.74, omega_m:10.00, u:146.57, theta1:16.890, theta2:2.556, e:-1.260
t:24.57, r:10.00, omega:8.74, omega_m:10.00, u:146.58, theta1:16.891, theta2:2.555, e:-1.260
t:24.58, r:10.00, omega:8.74, omega_m:10.00, u:146.59, theta1:16.891, theta2:2.555, e:-1.260
t:24.59, r:10.00, omega:8.70, omega_m:10.00, u:146.70, theta1:16.892, theta2:2.554, e:-1.301
t:24.60, r:10.00, omega:8.70, omega_m:10.00, u:146.71, theta1:16.892, theta2:2.553, e:-1.301
t:24.61, r:10.00, omega:8.70, omega_m:10.00, u:146.72, theta1:16.893, theta2:2.553, e:-1.301
t:24.62, r:10.00, omega:8.70, omega_m:10.00, u:146.73, theta1:16.893, theta2:2.552, e:-1.301
t:24.63, r:10.00, omega:8.70, omega_m:10.00, u:146.74, theta1:16.893, theta2:2.552, e:-1.301
t:24.64, r:10.00, omega:8.70, omega_m:10.00, u:146.75, theta1:16.894, theta2:2.551, e:-1.301
t:24.65, r:10.00, omega:8.76, omega_m:10.00, u:146.61, theta1:16.894, theta2:2.550, e:-1.242
t:24.66, r:10.00, omega:8.76, omega_m:10.00, u:146.61, theta1:16.895, theta2:2.550, e:-1.242
t:24.67, r:10.00, omega:8.76, omega_m:10.00, u:146.62, theta1:16.895, theta2:2.549, e:-1.242
t:24.68, r:10.00, omega:8.76, omega_m:10.00, u:146.63, theta1:16.895, theta2:2.549, e:-1.242
t:24.69, r:10.00, omega:8.76, omega_m:10.00, u:146.64, theta1:16.896, theta2:2.548, e:-1.242
t:24.70, r:10.00, omega:8.76, omega_m:10.00, u:146.65, theta1:16.896, theta2:2.548, e:-1.242
t:24.71, r:10.00, omega:8.63, omega_m:10.00, u:146.98, theta1:16.897, theta2:2.547, e:-1.366
t:24.72, r:10.00, omega:8.63, omega_m:10.00, u:146.99, theta1:16.897, theta2:2.546, e:-1.366
t:24.73, r:10.00, omega:8.63, omega_m:10.00, u:147.00, theta1:16.898, theta2:2.546, e:-1.366
t:24.74, r:10.00, omega:8.63, omega_m:10.00, u:147.01, theta1:16.898, theta2:2.545, e:-1.366
t:24.75, r:10.00, omega:8.63, omega_m:10.00, u:147.02, theta1:16.899, theta2:2.544, e:-1.366
t:24.76, r:10.00, omega:8.63, omega_m:10.00, u:147.03, theta1:16.899, theta2:2.544, e:-1.366
t:24.77, r:10.00, omega:8.90, omega_m:10.00, u:146.37, theta1:16.899, theta2:2.543, e:-1.104
t:24.78, r:10.00, omega:8.90, omega_m:10.00, u:146.38, theta1:16.900, theta2:2.543, e:-1.104
t:24.79, r:10.00, omega:8.90, omega_m:10.00, u:146.38, theta1:16.900, theta2:2.542, e:-1.104
t:24.80, r:10.00, omega:8.90, omega_m:10.00, u:146.39, theta1:16.900, theta2:2.542, e:-1.104
t:24.81, r:10.00, omega:8.90, omega_m:10.00, u:146.40, theta1:16.901, theta2:2.541, e:-1.104
t:24.82, r:10.00, omega:8.90, omega_m:10.00, u:146.41, theta1:16.901, theta2:2.541, e:-1.104
t:24.83, r:10.00, omega:8.87, omega_m:10.00, u:146.49, theta1:16.902, theta2:2.540, e:-1.133
t:24.84, r:10.00, omega:8.87, omega_m:10.00, u:146.50, theta1:16.902, theta2:2.540, e:-1.133
t:24.85, r:10.00, omega:8.87, omega_m:10.00, u:146.51, theta1:16.902, theta2:2.539, e:-1.133
t:24.86, r:10.00, omega:8.87, omega_m:10.00, u:146.52, theta1:16.903, theta2:2.539, e:-1.133
t:24.87, r:10.00, omega:8.87, omega_m:10.00, u:146.53, theta1:16.903, theta2:2.538, e:-1.133
t:24.88, r:10.00, omega:8.87, omega_m:10.00, u:146.54, theta1:16.903, theta2:2.538, e:-1.133
t:24.89, r:10.00, omega:8.51, omega_m:10.00, u:147.44, theta1:16.904, theta2:2.537, e:-1.486
t:24.90, r:10.00, omega:8.51, omega_m:10.00, u:147.45, theta1:16.904, theta2:2.536, e:-1.486
t:24.91, r:10.00, omega:8.51, omega_m:10.00, u:147.46, theta1:16.905, theta2:2.535, e:-1.486
t:24.92, r:10.00, omega:8.51, omega_m:10.00, u:147.47, theta1:16.905, theta2:2.535, e:-1.486
t:24.93, r:10.00, omega:8.51, omega_m:10.00, u:147.48, theta1:16.906, theta2:2.534, e:-1.486
t:24.94, r:10.00, omega:8.51, omega_m:10.00, u:147.49, theta1:16.906, theta2:2.533, e:-1.486
t:24.95, r:10.00, omega:9.05, omega_m:10.00, u:146.14, theta1:16.907, theta2:2.533, e:-0.949
t:24.96, r:10.00, omega:9.05, omega_m:10.00, u:146.15, theta1:16.907, theta2:2.533, e:-0.949
t:24.97, r:10.00, omega:9.05, omega_m:10.00, u:146.15, theta1:16.907, theta2:2.532, e:-0.949
t:24.98, r:10.00, omega:9.05, omega_m:10.00, u:146.16, theta1:16.908, theta2:2.532, e:-0.949
t:24.99, r:10.00, omega:9.05, omega_m:10.00, u:146.17, theta1:16.908, theta2:2.531, e:-0.949
t:25.00, r:10.00, omega:9.05, omega_m:10.00, u:146.18, theta1:16.908, theta2:2.531, e:-0.949
t:25.01, r:0.00, omega:9.05, omega_m:3.68, u:0.00, theta1:16.907, theta2:2.533, e:5.373
t:25.02, r:0.00, omega:9.05, omega_m:1.35, u:0.00, theta1:16.906, theta2:2.536, e:7.699
t:25.03, r:0.00, omega:9.05, omega_m:0.50, u:0.00, theta1:16.905, theta2:2.540, e:8.554
t:25.04, r:0.00, omega:9.05, omega_m:0.18, u:0.00, theta1:16.903, theta2:2.544, e:8.869
t:25.05, r:0.00, omega:9.05, omega_m:0.07, u:0.00, theta1:16.902, theta2:2.548, e:8.985
t:25.06, r:0.00, omega:9.05, omega_m:0.02, u:0.00, theta1:16.900, theta2:2.551, e:9.027
t:25.07, r:0.00, omega:9.05, omega_m:0.01, u:0.00, theta1:16.899, theta2:2.555, e:9.043
t:25.08, r:0.00, omega:9.05, omega_m:0.00, u:0.00, theta1:16.897, theta2:2.559, e:9.049
t:25.09, r:0.00, omega:9.05, omega_m:0.00, u:0.00, theta1:16.896, theta2:2.563, e:9.051
t:25.10, r:0.00, omega:9.05, omega_m:0.00, u:0.00, theta1:16.894, theta2:2.567, e:9.052
t:25.11, r:0.00, omega:9.05, omega_m:0.00, u:0.00, theta1:16.892, theta2:2.571, e:9.052
t:25.12, r:0.00, omega:9.05, omega_m:0.00, u:0.00, theta1:16.891, theta2:2.575, e:9.052
t:25.13, r:0.00, omega:9.05, omega_m:0.00, u:0.00, theta1:16.889, theta2:2.579, e:9.052
t:25.14, r:0.00, omega:9.05, omega_m:0.00, u:0.00, theta1:16.888, theta2:2.582, e:9.052
t:25.15, r:0.00, omega:9.05, omega_m:0.00, u:0.00, theta1:16.886, theta2:2.586, e:9.052
t:25.16, r:0.00, omega:9.05, omega_m:0.00, u:0.00, theta1:16.885, theta2:2.590, e:9.052
t:25.17, r:0.00, omega:9.05, omega_m:0.00, u:0.00, theta1:16.883, theta2:2.594, e:9.052
t:25.18, r:0.00, omega:9.05, omega_m:0.00, u:0.00, theta1:16.882, theta2:2.598, e:9.052
t:25.19, r:0.00, omega:9.05, omega_m:0.00, u:0.00, theta1:16.880, theta2:2.602, e:9.052
t:25.20, r:0.00, omega:9.05, omega_m:0.00, u:0.00, theta1:16.879, theta2:2.606, e:9.052
t:25.21, r:0.00, omega:9.05, omega_m:0.00, u:0.00, theta1:16.877, theta2:2.609, e:9.052
t:25.22, r:0.00, omega:9.05, omega_m:0.00, u:0.00, theta1:16.876, theta2:2.613, e:9.052
t:25.23, r:0.00, omega:9.05, omega_m:0.00, u:0.00, theta1:16.874, theta2:2.617, e:9.052
t:25.24, r:0.00, omega:9.05, omega_m:0.00, u:0.00, theta1:16.873, theta2:2.621, e:9.052
t:25.25, r:0.00, omega:9.05, omega_m:0.00, u:0.00, theta1:16.871, theta2:2.625, e:9.052
t:25.26, r:0.00, omega:9.05, omega_m:0.00, u:0.00, theta1:16.870, theta2:2.629, e:9.052
t:25.27, r:0.00, omega:9.05, omega_m:0.00, u:0.00, theta1:16.868, theta2:2.633, e:9.052
t:25.28, r:0.00, omega:9.05, omega_m:0.00, u:0.00, theta1:16.866, theta2:2.636, e:9.052
t:25.29, r:0.00, omega:9.05, omega_m:0.00, u:0.00, theta1:16.865, theta2:2.640, e:9.052
t:25.30, r:0.00, omega:9.05, omega_m:0.00, u:0.00, theta1:16.863, theta2:2.644, e:9.052
t:25.31, r:0.00, omega:9.05, omega_m:0.00, u:0.00, theta1:16.862, theta2:2.648, e:9.052
t:25.32, r:0.00, omega:9.05, omega_m:0.00, u:0.00, theta1:16.860, theta2:2.652, e:9.052
t:25.33, r:0.00, omega:9.05, omega_m:0.00, u:0.00, theta1:16.859, theta2:2.656, e:9.052
t:25.34, r:0.00, omega:9.05, omega_m:0.00, u:0.00, theta1:16.857, theta2:2.660, e:9.052
t:25.35, r:0.00, omega:9.05, omega_m:0.00, u:0.00, theta1:16.856, theta2:2.663, e:9.052
t:25.36, r:0.00, omega:9.05, omega_m:0.00, u:0.00, theta1:16.854, theta2:2.667, e:9.052
t:25.37, r:0.00, omega:9.05, omega_m:0.00, u:0.00, theta1:16.853, theta2:2.671, e:9.052
t:25.38, r:0.00, omega:9.05, omega_m:0.00, u:0.00, theta1:16.851, theta2:2.675, e:9.052
t:25.39, r:0.00, omega:9.05, omega_m:0.00, u:0.00, theta1:16.850, theta2:2.679, e:9.052
t:25.40, r:0.00, omega:9.05, omega_m:0.00, u:0.00, theta1:16.848, theta2:2.683, e:9.052
t:25.41, r:0.00, omega:9.05, omega_m:0.00, u:0.00, theta1:16.847, theta2:2.687, e:9.052
t:25.42, r:0.00, omega:9.05, omega_m:0.00, u:0.00, theta1:16.845, theta2:2.690, e:9.052
t:25.43, r:0.00, omega:9.05, omega_m:0.00, u:0.00, theta1:16.844, theta2:2.694, e:9.052
t:25.44, r:0.00, omega:9.05, omega_m:0.00, u:0.00, theta1:16.842, theta2:2.698, e:9.052
t:25.45, r:0.00, omega:9.05, omega_m:0.00, u:0.00, theta1:16.841, theta2:2.702, e:9.052
t:25.46, r:0.00, omega:9.05, omega_m:0.00, u:0.00, theta1:16.839, theta2:2.706, e:9.052
t:25.47, r:0.00, omega:9.05, omega_m:0.00, u:0.00, theta1:16.837, theta2:2.710, e:9.052
t:25.48, r:0.00, omega:9.05, omega_m:0.00, u:0.00, theta1:16.836, theta2:2.714, e:9.052
t:25.49, r:0.00, omega:9.05, omega_m:0.00, u:0.00, theta1:16.834, theta2:2.717, e:9.052
t:25.50, r:0.00, omega:9.05, omega_m:0.00, u:0.00, theta1:16.833, theta2:2.721, e:9.052
t:25.51, r:0.00, omega:0.00, omega_m:0.00, u:0.00, theta1:16.833, theta2:2.721, e:-0.000
t:25.52, r:0.00, omega:0.00, omega_m:0.00, u:0.00, theta1:16.833, theta2:2.721, e:-0.000
t:25.53, r:0.00, omega:0.00, omega_m:0.00, u:0.00, theta1:16.833, theta2:2.721, e:-0.000
t:25.54, r:0.00, omega:0.00, omega_m:0.00, u:0.00, theta1:16.833, theta2:2.721, e:-0.000
t:25.55, r:0.00, omega:0.00, omega_m:0.00, u:0.00, theta1:16.833, theta2:2.721, e:-0.000
t:25.56, r:0.00, omega:0.00, omega_m:0.00, u:0.00, theta1:16.833, theta2:2.721, e:-0.000
t:25.57, r:0.00, omega:0.00, omega_m:0.00, u:0.00, theta1:16.833, theta2:2.721, e:-0.000
t:25.58, r:0.00, omega:0.00, omega_m:0.00, u:0.00, theta1:16.833, theta2:2.721, e:-0.000
t:25.59, r:0.00, omega:0.00, omega_m:0.00, u:0.00, theta1:16.833, theta2:2.721, e:-0.000
t:25.60, r:0.00, omega:0.00, omega_m:0.00, u:0.00, theta1:16.833, theta2:2.721, e:-0.000
t:25.61, r:0.00, omega:0.00, omega_m:0.00, u:0.00, theta1:16.833, theta2:2.721, e:-0.000
t:25.62, r:0.00, omega:0.00, omega_m:0.00, u:0.00, theta1:16.833, theta2:2.721, e:-0.000
t:25.63, r:0.00, omega:0.00, omega_m:0.00, u:0.00, theta1:16.833, theta2:2.721, e:-0.000
t:25.64, r:0.00, omega:0.00, omega_m:0.00, u:0.00, theta1:16.833, theta2:2.721, e:-0.000
t:25.65, r:0.00, omega:0.00, omega_m:0.00, u:0.00, theta1:16.833, theta2:2.721, e:-0.000
t:25.66, r:0.00, omega:0.00, omega_m:0.00, u:0.00, theta1:16.833, theta2:2.721, e:-0.000
t:25.67, r:0.00, omega:0.00, omega_m:0.00, u:0.00, theta1:16.833, theta2:2.721, e:-0.000
t:25.68, r:0.00, omega:0.00, omega_m:0.00, u:0.00, theta1:16.833, theta2:2.721, e:-0.000
t:25.69, r:0.00, omega:0.00, omega_m:0.00, u:0.00, theta1:16.833, theta2:2.721, e:-0.000
t:25.70, r:0.00, omega:0.00, omega_m:0.00, u:0.00, theta1:16.833, theta2:2.721, e:-0.000
t:25.71, r:0.00, omega:0.00, omega_m:0.00, u:0.00, theta1:16.833, theta2:2.721, e:-0.000
t:25.72, r:0.00, omega:0.00, omega_m:0.00, u:0.00, theta1:16.833, theta2:2.721, e:-0.000
t:25.73, r:0.00, omega:0.00, omega_m:0.00, u:0.00, theta1:16.833, theta2:2.721, e:-0.000
t:25.74, r:0.00, omega:0.00, omega_m:0.00, u:0.00, theta1:16.833, theta2:2.721, e:-0.000
t:25.75, r:0.00, omega:0.00, omega_m:0.00, u:0.00, theta1:16.833, theta2:2.721, e:-0.000
t:25.76, r:0.00, omega:0.00, omega_m:0.00, u:0.00, theta1:16.833, theta2:2.721, e:-0.000
t:25.77, r:0.00, omega:0.00, omega_m:0.00, u:0.00, theta1:16.833, theta2:2.721, e:-0.000
t:25.78, r:0.00, omega:0.00, omega_m:0.00, u:0.00, theta1:16.833, theta2:2.721, e:-0.000
t:25.79, r:0.00, omega:0.00, omega_m:0.00, u:0.00, theta1:16.833, theta2:2.721, e:-0.000
t:25.80, r:0.00, omega:0.00, omega_m:0.00, u:0.00, theta1:16.833, theta2:2.721, e:-0.000
t:25.81, r:0.00, omega:0.00, omega_m:0.00, u:0.00, theta1:16.833, theta2:2.721, e:-0.000
t:25.82, r:0.00, omega:0.00, omega_m:0.00, u:0.00, theta1:16.833, theta2:2.721, e:-0.000
t:25.83, r:0.00, omega:0.00, omega_m:0.00, u:0.00, theta1:16.833, theta2:2.721, e:-0.000
t:25.84, r:0.00, omega:0.00, omega_m:0.00, u:0.00, theta1:16.833, theta2:2.721, e:-0.000
t:25.85, r:0.00, omega:0.00, omega_m:0.00, u:0.00, theta1:16.833, theta2:2.721, e:-0.000
t:25.86, r:0.00, omega:0.00, omega_m:0.00, u:0.00, theta1:16.833, theta2:2.721, e:-0.000
t:25.87, r:0.00, omega:0.00, omega_m:0.00, u:0.00, theta1:16.833, theta2:2.721, e:-0.000
t:25.88, r:0.00, omega:0.00, omega_m:0.00, u:0.00, theta1:16.833, theta2:2.721, e:-0.000
t:25.89, r:0.00, omega:0.00, omega_m:0.00, u:0.00, theta1:16.833, theta2:2.721, e:-0.000
t:25.90, r:0.00, omega:0.00, omega_m:0.00, u:0.00, theta1:16.833, theta2:2.721, e:-0.000
t:25.91, r:0.00, omega:0.00, omega_m:0.00, u:0.00, theta1:16.833, theta2:2.721, e:-0.000
t:25.92, r:0.00, omega:0.00, omega_m:0.00, u:0.00, theta1:16.833, theta2:2.721, e:-0.000
t:25.93, r:0.00, omega:0.00, omega_m:0.00, u:0.00, theta1:16.833, theta2:2.721, e:-0.000
t:25.94, r:0.00, omega:0.00, omega_m:0.00, u:0.00, theta1:16.833, theta2:2.721, e:-0.000
t:25.95, r:0.00, omega:0.00, omega_m:0.00, u:0.00, theta1:16.833, theta2:2.721, e:-0.000
t:25.96, r:0.00, omega:0.00, omega_m:0.00, u:0.00, theta1:16.833, theta2:2.721, e:-0.000
t:25.97, r:0.00, omega:0.00, omega_m:0.00, u:0.00, theta1:16.833, theta2:2.721, e:-0.000
t:25.98, r:0.00, omega:0.00, omega_m:0.00, u:0.00, theta1:16.833, theta2:2.721, e:-0.000
t:25.99, r:0.00, omega:0.00, omega_m:0.00, u:0.00, theta1:16.833, theta2:2.721, e:-0.000
t:26.00, r:0.00, omega:0.00, omega_m:0.00, u:0.00, theta1:16.833, theta2:2.721, e:-0.000
t:26.01, r:-10.00, omega:0.00, omega_m:-6.32, u:-168.35, theta1:16.835, theta2:2.721, e:6.321
t:26.02, r:-10.00, omega:0.00, omega_m:-8.65, u:-168.38, theta1:16.838, theta2:2.721, e:8.647
t:26.03, r:-10.00, omega:0.00, omega_m:-9.50, u:-168.41, theta1:16.841, theta2:2.721, e:9.502
t:26.04, r:-10.00, omega:0.00, omega_m:-9.82, u:-168.44, theta1:16.844, theta2:2.720, e:9.817
t:26.05, r:-10.00, omega:0.00, omega_m:-9.93, u:-168.48, theta1:16.848, theta2:2.720, e:9.933
t:26.06, r:-10.00, omega:0.00, omega_m:-9.98, u:-168.51, theta1:16.851, theta2:2.720, e:9.975
t:26.07, r:-10.00, omega:0.00, omega_m:-9.99, u:-168.54, theta1:16.854, theta2:2.720, e:9.991
t:26.08, r:-10.00, omega:0.00, omega_m:-10.00, u:-168.58, theta1:16.858, theta2:2.719, e:9.997
t:26.09, r:-10.00, omega:-0.48, omega_m:-10.00, u:-167.29, theta1:16.861, theta2:2.719, e:9.514
t:26.10, r:-10.00, omega:-0.48, omega_m:-10.00, u:-167.32, theta1:16.864, theta2:2.718, e:9.515
t:26.11, r:-10.00, omega:-0.48, omega_m:-10.00, u:-167.35, theta1:16.867, theta2:2.718, e:9.515
t:26.12, r:-10.00, omega:-0.48, omega_m:-10.00, u:-167.38, theta1:16.870, theta2:2.717, e:9.515
t:26.13, r:-10.00, omega:-11.00, omega_m:-10.00, u:-138.80, theta1:16.869, theta2:2.718, e:-1.001
t:26.14, r:-10.00, omega:-11.00, omega_m:-10.00, u:-138.78, theta1:16.869, theta2:2.718, e:-1.001
t:26.15, r:-10.00, omega:-11.00, omega_m:-10.00, u:-138.77, theta1:16.868, theta2:2.719, e:-1.001
t:26.16, r:-10.00, omega:-11.00, omega_m:-10.00, u:-138.76, theta1:16.867, theta2:2.719, e:-1.001
t:26.17, r:-10.00, omega:-11.00, omega_m:-10.00, u:-138.75, theta1:16.867, theta2:2.720, e:-1.001
t:26.18, r:-10.00, omega:-11.00, omega_m:-10.00, u:-138.73, theta1:16.866, theta2:2.720, e:-1.001
t:26.19, r:-10.00, omega:-9.87, omega_m:-10.00, u:-141.82, theta1:16.866, theta2:2.720, e:0.133
t:26.20, r:-10.00, omega:-9.87, omega_m:-10.00, u:-141.82, theta1:16.866, theta2:2.720, e:0.133
t:26.21, r:-10.00, omega:-9.87, omega_m:-10.00, u:-141.82, theta1:16.866, theta2:2.720, e:0.133
t:26.22, r:-10.00, omega:-9.87, omega_m:-10.00, u:-141.82, theta1:16.866, theta2:2.720, e:0.133
t:26.23, r:-10.00, omega:-9.87, omega_m:-10.00, u:-141.83, theta1:16.866, theta2:2.720, e:0.133
t:26.24, r:-10.00, omega:-9.87, omega_m:-10.00, u:-141.83, theta1:16.866, theta2:2.720, e:0.133
t:26.25, r:-10.00, omega:-8.24, omega_m:-10.00, u:-146.26, theta1:16.867, theta2:2.719, e:1.760
t:26.26, r:-10.00, omega:-8.24, omega_m:-10.00, u:-146.28, theta1:16.868, theta2:2.718, e:1.760
t:26.27, r:-10.00, omega:-8.24, omega_m:-10.00, u:-146.29, theta1:16.868, theta2:2.718, e:1.760
t:26.28, r:-10.00, omega:-8.24, omega_m:-10.00, u:-146.30, theta1:16.869, theta2:2.717, e:1.760
t:26.29, r:-10.00, omega:-8.24, omega_m:-10.00, u:-146.31, theta1:16.869, theta2:2.716, e:1.760
t:26.30, r:-10.00, omega:-8.24, omega_m:-10.00, u:-146.32, theta1:16.870, theta2:2.715, e:1.760
t:26.31, r:-10.00, omega:-9.11, omega_m:-10.00, u:-143.97, theta1:16.870, theta2:2.715, e:0.891
t:26.32, r:-10.00, omega:-9.11, omega_m:-10.00, u:-143.98, theta1:16.870, theta2:2.715, e:0.891
t:26.33, r:-10.00, omega:-9.11, omega_m:-10.00, u:-143.99, theta1:16.871, theta2:2.714, e:0.891
t:26.34, r:-10.00, omega:-9.11, omega_m:-10.00, u:-143.99, theta1:16.871, theta2:2.714, e:0.891
t:26.35, r:-10.00, omega:-9.11, omega_m:-10.00, u:-144.00, theta1:16.871, theta2:2.713, e:0.891
t:26.36, r:-10.00, omega:-9.31, omega_m:-10.00, u:-143.45, theta1:16.872, theta2:2.713, e:0.688
t:26.37, r:-10.00, omega:-9.31, omega_m:-10.00, u:-143.46, theta1:16.872, theta2:2.713, e:0.688
t:26.38, r:-10.00, omega:-9.31, omega_m:-10.00, u:-143.46, theta1:16.872, theta2:2.712, e:0.688
t:26.39, r:-10.00, omega:-9.31, omega_m:-10.00, u:-143.47, theta1:16.872, theta2:2.712, e:0.688
t:26.40, r:-10.00, omega:-9.31, omega_m:-10.00, u:-143.47, theta1:16.872, theta2:2.712, e:0.688
t:26.41, r:-10.00, omega:-9.31, omega_m:-10.00, u:-143.48, theta1:16.873, theta2:2.711, e:0.688
t:26.42, r:-10.00, omega:-9.31, omega_m:-10.00, u:-143.48, theta1:16.873, theta2:2.711, e:0.688
t:26.43, r:-10.00, omega:-8.61, omega_m:-10.00, u:-145.41, theta1:16.873, theta2:2.710, e:1.393
t:26.44, r:-10.00, omega:-8.61, omega_m:-10.00, u:-145.42, theta1:16.874, theta2:2.710, e:1.393
t:26.45, r:-10.00, omega:-8.61, omega_m:-10.00, u:-145.43, theta1:16.874, theta2:2.709, e:1.393
t:26.46, r:-10.00, omega:-8.61, omega_m:-10.00, u:-145.44, theta1:16.875, theta2:2.708, e:1.393
t:26.47, r:-10.00, omega:-8.61, omega_m:-10.00, u:-145.45, theta1:16.875, theta2:2.708, e:1.393
t:26.48, r:-10.00, omega:-9.23, omega_m:-10.00, u:-143.77, theta1:16.876, theta2:2.707, e:0.771
t:26.49, r:-10.00, omega:-9.23, omega_m:-10.00, u:-143.77, theta1:16.876, theta2:2.707, e:0.771
t:26.50, r:-10.00, omega:-9.23, omega_m:-10.00, u:-143.78, theta1:16.876, theta2:2.707, e:0.771
t:26.51, r:-10.00, omega:-9.23, omega_m:-10.00, u:-143.79, theta1:16.876, theta2:2.706, e:0.771
t:26.52, r:-10.00, omega:-9.23, omega_m:-10.00, u:-143.79, theta1:16.877, theta2:2.706, e:0.771
t:26.53, r:-10.00, omega:-9.23, omega_m:-10.00, u:-143.80, theta1:16.877, theta2:2.705, e:0.771
t:26.54, r:-10.00, omega:-9.03, omega_m:-10.00, u:-144.35, theta1:16.877, theta2:2.705, e:0.973
t:26.55, r:-10.00, omega:-9.03, omega_m:-10.00, u:-144.36, theta1:16.877, theta2:2.704, e:0.973
t:26.56, r:-10.00, omega:-9.03, omega_m:-10.00, u:-144.37, theta1:16.878, theta2:2.704, e:0.973
t:26.57, r:-10.00, omega:-9.03, omega_m:-10.00, u:-144.38, theta1:16.878, theta2:2.704, e:0.973
t:26.58, r:-10.00, omega:-9.03, omega_m:-10.00, u:-144.38, theta1:16.878, theta2:2.703, e:0.973
t:26.59, r:-10.00, omega:-9.03, omega_m:-10.00, u:-144.39, theta1:16.879, theta2:2.703, e:0.973
t:26.60, r:-10.00, omega:-8.83, omega_m:-10.00, u:-144.92, theta1:16.879, theta2:2.702, e:1.166
t:26.61, r:-10.00, omega:-8.83, omega_m:-10.00, u:-144.93, theta1:16.879, theta2:2.702, e:1.166
t:26.62, r:-10.00, omega:-8.83, omega_m:-10.00, u:-144.94, theta1:16.880, theta2:2.701, e:1.166
t:26.63, r:-10.00, omega:-8.83, omega_m:-10.00, u:-144.95, theta1:16.880, theta2:2.700, e:1.166
t:26.64, r:-10.00, omega:-8.83, omega_m:-10.00, u:-144.96, theta1:16.881, theta2:2.700, e:1.166
t:26.65, r:-10.00, omega:-8.83, omega_m:-10.00, u:-144.97, theta1:16.881, theta2:2.699, e:1.166
t:26.66, r:-10.00, omega:-9.13, omega_m:-10.00, u:-144.19, theta1:16.881, theta2:2.699, e:0.875
t:26.67, r:-10.00, omega:-9.13, omega_m:-10.00, u:-144.19, theta1:16.882, theta2:2.698, e:0.875
t:26.68, r:-10.00, omega:-9.13, omega_m:-10.00, u:-144.20, theta1:16.882, theta2:2.698, e:0.875
t:26.69, r:-10.00, omega:-9.13, omega_m:-10.00, u:-144.21, theta1:16.882, theta2:2.698, e:0.875
t:26.70, r:-10.00, omega:-9.13, omega_m:-10.00, u:-144.21, theta1:16.882, theta2:2.697, e:0.875
t:26.71, r:-10.00, omega:-9.28, omega_m:-10.00, u:-143.79, theta1:16.883, theta2:2.697, e:0.718
t:26.72, r:-10.00, omega:-9.28, omega_m:-10.00, u:-143.80, theta1:16.883, theta2:2.697, e:0.718
t:26.73, r:-10.00, omega:-9.28, omega_m:-10.00, u:-143.81, theta1:16.883, theta2:2.696, e:0.718
t:26.74, r:-10.00, omega:-9.28, omega_m:-10.00, u:-143.81, theta1:16.883, theta2:2.696, e:0.718
t:26.75, r:-10.00, omega:-9.28, omega_m:-10.00, u:-143.82, theta1:16.884, theta2:2.695, e:0.718
t:26.76, r:-10.00, omega:-9.28, omega_m:-10.00, u:-143.82, theta1:16.884, theta2:2.695, e:0.718
t:26.77, r:-10.00, omega:-8.64, omega_m:-10.00, u:-145.57, theta1:16.884, theta2:2.694, e:1.363
t:26.78, r:-10.00, omega:-8.64, omega_m:-10.00, u:-145.58, theta1:16.885, theta2:2.694, e:1.363
t:26.79, r:-10.00, omega:-8.64, omega_m:-10.00, u:-145.59, theta1:16.885, theta2:2.693, e:1.363
t:26.80, r:-10.00, omega:-8.64, omega_m:-10.00, u:-145.60, theta1:16.886, theta2:2.693, e:1.363
t:26.81, r:-10.00, omega:-8.64, omega_m:-10.00, u:-145.61, theta1:16.886, theta2:2.692, e:1.363
t:26.82, r:-10.00, omega:-8.64, omega_m:-10.00, u:-145.62, theta1:16.887, theta2:2.691, e:1.363
t:26.83, r:-10.00, omega:-9.16, omega_m:-10.00, u:-144.22, theta1:16.887, theta2:2.691, e:0.841
t:26.84, r:-10.00, omega:-9.16, omega_m:-10.00, u:-144.23, theta1:16.887, theta2:2.691, e:0.841
t:26.85, r:-10.00, omega:-9.16, omega_m:-10.00, u:-144.24, theta1:16.887, theta2:2.690, e:0.841
t:26.86, r:-10.00, omega:-9.16, omega_m:-10.00, u:-144.24, theta1:16.888, theta2:2.690, e:0.841
t:26.87, r:-10.00, omega:-9.16, omega_m:-10.00, u:-144.25, theta1:16.888, theta2:2.689, e:0.841
t:26.88, r:-10.00, omega:-9.16, omega_m:-10.00, u:-144.26, theta1:16.888, theta2:2.689, e:0.841
t:26.89, r:-10.00, omega:-9.20, omega_m:-10.00, u:-144.15, theta1:16.889, theta2:2.689, e:0.798
t:26.90, r:-10.00, omega:-9.20, omega_m:-10.00, u:-144.15, theta1:16.889, theta2:2.688, e:0.798
t:26.91, r:-10.00, omega:-9.20, omega_m:-10.00, u:-144.16, theta1:16.889, theta2:2.688, e:0.798
t:26.92, r:-10.00, omega:-9.20, omega_m:-10.00, u:-144.17, theta1:16.889, theta2:2.687, e:0.798
t:26.93, r:-10.00, omega:-9.20, omega_m:-10.00, u:-144.17, theta1:16.890, theta2:2.687, e:0.798
t:26.94, r:-10.00, omega:-9.20, omega_m:-10.00, u:-144.18, theta1:16.890, theta2:2.687, e:0.798
t:26.95, r:-10.00, omega:-8.75, omega_m:-10.00, u:-145.39, theta1:16.890, theta2:2.686, e:1.245
t:26.96, r:-10.00, omega:-8.75, omega_m:-10.00, u:-145.40, theta1:16.891, theta2:2.685, e:1.245
t:26.97, r:-10.00, omega:-8.75, omega_m:-10.00, u:-145.41, theta1:16.891, theta2:2.685, e:1.245
t:26.98, r:-10.00, omega:-8.75, omega_m:-10.00, u:-145.41, theta1:16.892, theta2:2.684, e:1.245
t:26.99, r:-10.00, omega:-8.75, omega_m:-10.00, u:-145.42, theta1:16.892, theta2:2.684, e:1.245
t:27.00, r:-10.00, omega:-8.75, omega_m:-10.00, u:-145.43, theta1:16.892, theta2:2.683, e:1.245
t:27.01, r:0.00, omega:-9.06, omega_m:-3.68, u:0.00, theta1:16.891, theta2:2.685, e:-5.386
t:27.02, r:0.00, omega:-9.06, omega_m:-1.35, u:0.00, theta1:16.890, theta2:2.689, e:-7.711
t:27.03, r:0.00, omega:-9.06, omega_m:-0.50, u:0.00, theta1:16.889, theta2:2.692, e:-8.567
t:27.04, r:0.00, omega:-9.06, omega_m:-0.18, u:0.00, theta1:16.887, theta2:2.696, e:-8.881
t:27.05, r:0.00, omega:-9.06, omega_m:-0.07, u:0.00, theta1:16.886, theta2:2.700, e:-8.997
t:27.06, r:0.00, omega:-9.06, omega_m:-0.02, u:0.00, theta1:16.884, theta2:2.704, e:-9.040
t:27.07, r:0.00, omega:-9.06, omega_m:-0.01, u:0.00, theta1:16.883, theta2:2.708, e:-9.055
t:27.08, r:0.00, omega:-9.06, omega_m:-0.00, u:0.00, theta1:16.881, theta2:2.712, e:-9.061
t:27.09, r:0.00, omega:-9.06, omega_m:-0.00, u:0.00, theta1:16.880, theta2:2.715, e:-9.063
t:27.10, r:0.00, omega:-9.06, omega_m:-0.00, u:0.00, theta1:16.878, theta2:2.719, e:-9.064
t:27.11, r:0.00, omega:-9.06, omega_m:-0.00, u:0.00, theta1:16.876, theta2:2.723, e:-9.064
t:27.12, r:0.00, omega:-9.06, omega_m:-0.00, u:0.00, theta1:16.875, theta2:2.727, e:-9.065
t:27.13, r:0.00, omega:-9.06, omega_m:-0.00, u:0.00, theta1:16.873, theta2:2.731, e:-9.065
t:27.14, r:0.00, omega:-9.06, omega_m:-0.00, u:0.00, theta1:16.872, theta2:2.735, e:-9.065
t:27.15, r:0.00, omega:-9.06, omega_m:-0.00, u:0.00, theta1:16.870, theta2:2.739, e:-9.065
t:27.16, r:0.00, omega:-9.06, omega_m:-0.00, u:0.00, theta1:16.869, theta2:2.742, e:-9.065
t:27.17, r:0.00, omega:-9.06, omega_m:-0.00, u:0.00, theta1:16.867, theta2:2.746, e:-9.065
t:27.18, r:0.00, omega:-9.06, omega_m:-0.00, u:0.00, theta1:16.866, theta2:2.750, e:-9.065
t:27.19, r:0.00, omega:-9.06, omega_m:-0.00, u:0.00, theta1:16.864, theta2:2.754, e:-9.065
t:27.20, r:0.00, omega:-9.06, omega_m:-0.00, u:0.00, theta1:16.863, theta2:2.758, e:-9.065
t:27.21, r:0.00, omega:-9.06, omega_m:-0.00, u:0.00, theta1:16.861, theta2:2.762, e:-9.065
t:27.22, r:0.00, omega:-9.06, omega_m:-0.00, u:0.00, theta1:16.860, theta2:2.766, e:-9.065
t:27.23, r:0.00, omega:-9.06, omega_m:-0.00, u:0.00, theta1:16.858, theta2:2.769, e:-9.065
t:27.24, r:0.00, omega:-9.06, omega_m:-0.00, u:0.00, theta1:16.857, theta2:2.773, e:-9.065
t:27.25, r:0.00, omega:-9.06, omega_m:-0.00, u:0.00, theta1:16.855, theta2:2.777, e:-9.065
t:27.26, r:0.00, omega:-9.06, omega_m:-0.00, u:0.00, theta1:16.854, theta2:2.781, e:-9.065
t:27.27, r:0.00, omega:-9.06, omega_m:-0.00, u:0.00, theta1:16.852, theta2:2.785, e:-9.065
t:27.28, r:0.00, omega:-9.06, omega_m:-0.00, u:0.00, theta1:16.851, theta2:2.789, e:-9.065
t:27.29, r:0.00, omega:-9.06, omega_m:-0.00, u:0.00, theta1:16.849, theta2:2.793, e:-9.065
t:27.30, r:0.00, omega:-9.06, omega_m:-0.00, u:0.00, theta1:16.847, theta2:2.796, e:-9.065
t:27.31, r:0.00, omega:-9.06, omega_m:-0.00, u:0.00, theta1:16.846, theta2:2.800, e:-9.065
t:27.32, r:0.00, omega:-9.06, omega_m:-0.00, u:0.00, theta1:16.844, theta2:2.804, e:-9.065
t:27.33, r:0.00, omega:-9.06, omega_m:-0.00, u:0.00, theta1:16.843, theta2:2.808, e:-9.065
t:27.34, r:0.00, omega:-9.06, omega_m:-0.00, u:0.00, theta1:16.841, theta2:2.812, e:-9.065
t:27.35, r:0.00, omega:-9.06, omega_m:-0.00, u:0.00, theta1:16.840, theta2:2.816, e:-9.065
t:27.36, r:0.00, omega:-9.06, omega_m:-0.00, u:0.00, theta1:16.838, theta2:2.820, e:-9.065
t:27.37, r:0.00, omega:-9.06, omega_m:-0.00, u:0.00, theta1:16.837, theta2:2.823, e:-9.065
t:27.38, r:0.00, omega:-9.06, omega_m:-0.00, u:0.00, theta1:16.835, theta2:2.827, e:-9.065
t:27.39, r:0.00, omega:-9.06, omega_m:-0.00, u:0.00, theta1:16.834, theta2:2.831, e:-9.065
t:27.40, r:0.00, omega:-9.06, omega_m:-0.00, u:0.00, theta1:16.832, theta2:2.835, e:-9.065
t:27.41, r:0.00, omega:-9.06, omega_m:-0.00, u:0.00, theta1:16.831, theta2:2.839, e:-9.065
t:27.42, r:0.00, omega:-9.06, omega_m:-0.00, u:0.00, theta1:16.829, theta2:2.843, e:-9.065
t:27.43, r:0.00, omega:-9.06, omega_m:-0.00, u:0.00, theta1:16.828, theta2:2.847, e:-9.065
t:27.44, r:0.00, omega:-9.06, omega_m:-0.00, u:0.00, theta1:16.826, theta2:2.850, e:-9.065
t:27.45, r:0.00, omega:-9.06, omega_m:-0.00, u:0.00, theta1:16.825, theta2:2.854, e:-9.065
t:27.46, r:0.00, omega:-9.06, omega_m:-0.00, u:0.00, theta1:16.823, theta2:2.858, e:-9.065
t:27.47, r:0.00, omega:-9.06, omega_m:-0.00, u:0.00, theta1:16.822, theta2:2.862, e:-9.065
t:27.48, r:0.00, omega:-9.06, omega_m:-0.00, u:0.00, theta1:16.820, theta2:2.866, e:-9.065
t:27.49, r:0.00, omega:-9.06, omega_m:-0.00, u:0.00, theta1:16.818, theta2:2.870, e:-9.065
t:27.50, r:0.00, omega:-9.06, omega_m:-0.00, u:0.00, theta1:16.817, theta2:2.873, e:-9.065
t:27.51, r:0.00, omega:0.00, omega_m:-0.00, u:0.00, theta1:16.817, theta2:2.873, e:0.000
t:27.52, r:0.00, omega:0.00, omega_m:-0.00, u:0.00, theta1:16.817, theta2:2.873, e:0.000
t:27.53, r:0.00, omega:0.00, omega_m:-0.00, u:0.00, theta1:16.817, theta2:2.873, e:0.000
t:27.54, r:0.00, omega:0.00, omega_m:-0.00, u:0.00, theta1:16.817, theta2:2.873, e:0.000
t:27.55, r:0.00, omega:0.00, omega_m:-0.00, u:0.00, theta1:16.817, theta2:2.873, e:0.000
t:27.56, r:0.00, omega:0.00, omega_m:-0.00, u:0.00, theta1:16.817, theta2:2.873, e:0.000
t:27.57, r:0.00, omega:0.00, omega_m:-0.00, u:0.00, theta1:16.817, theta2:2.873, e:0.000
t:27.58, r:0.00, omega:0.00, omega_m:-0.00, u:0.00, theta1:16.817, theta2:2.873, e:0.000
t:27.59, r:0.00, omega:0.00, omega_m:-0.00, u:0.00, theta1:16.817, theta2:2.873, e:0.000
t:27.60, r:0.00, omega:0.00, omega_m:-0.00, u:0.00, theta1:16.817, theta2:2.873, e:0.000
t:27.61, r:0.00, omega:0.00, omega_m:-0.00, u:0.00, theta1:16.817, theta2:2.873, e:0.000
t:27.62, r:0.00, omega:0.00, omega_m:-0.00, u:0.00, theta1:16.817, theta2:2.873, e:0.000
t:27.63, r:0.00, omega:0.00, omega_m:-0.00, u:0.00, theta1:16.817, theta2:2.873, e:0.000
t:27.64, r:0.00, omega:0.00, omega_m:-0.00, u:0.00, theta1:16.817, theta2:2.873, e:0.000
t:27.65, r:0.00, omega:0.00, omega_m:-0.00, u:0.00, theta1:16.817, theta2:2.873, e:0.000
t:27.66, r:0.00, omega:0.00, omega_m:-0.00, u:0.00, theta1:16.817, theta2:2.873, e:0.000
t:27.67, r:0.00, omega:0.00, omega_m:-0.00, u:0.00, theta1:16.817, theta2:2.873, e:0.000
t:27.68, r:0.00, omega:0.00, omega_m:-0.00, u:0.00, theta1:16.817, theta2:2.873, e:0.000
t:27.69, r:0.00, omega:0.00, omega_m:-0.00, u:0.00, theta1:16.817, theta2:2.873, e:0.000
t:27.70, r:0.00, omega:0.00, omega_m:-0.00, u:0.00, theta1:16.817, theta2:2.873, e:0.000
t:27.71, r:0.00, omega:0.00, omega_m:-0.00, u:0.00, theta1:16.817, theta2:2.873, e:0.000
t:27.72, r:0.00, omega:0.00, omega_m:-0.00, u:0.00, theta1:16.817, theta2:2.873, e:0.000
t:27.73, r:0.00, omega:0.00, omega_m:-0.00, u:0.00, theta1:16.817, theta2:2.873, e:0.000
t:27.74, r:0.00, omega:0.00, omega_m:-0.00, u:0.00, theta1:16.817, theta2:2.873, e:0.000
t:27.75, r:0.00, omega:0.00, omega_m:-0.00, u:0.00, theta1:16.817, theta2:2.873, e:0.000
t:27.76, r:0.00, omega:0.00, omega_m:-0.00, u:0.00, theta1:16.817, theta2:2.873, e:0.000
t:27.77, r:0.00, omega:0.00, omega_m:-0.00, u:0.00, theta1:16.817, theta2:2.873, e:0.000
t:27.78, r:0.00, omega:0.00, omega_m:-0.00, u:0.00, theta1:16.817, theta2:2.873, e:0.000
t:27.79, r:0.00, omega:0.00, omega_m:-0.00, u:0.00, theta1:16.817, theta2:2.873, e:0.000
t:27.80, r:0.00, omega:0.00, omega_m:-0.00, u:0.00, theta1:16.817, theta2:2.873, e:0.000
t:27.81, r:0.00, omega:0.00, omega_m:-0.00, u:0.00, theta1:16.817, theta2:2.873, e:0.000
t:27.82, r:0.00, omega:0.00, omega_m:-0.00, u:0.00, theta1:16.817, theta2:2.873, e:0.000
t:27.83, r:0.00, omega:0.00, omega_m:-0.00, u:0.00, theta1:16.817, theta2:2.873, e:0.000
t:27.84, r:0.00, omega:0.00, omega_m:-0.00, u:0.00, theta1:16.817, theta2:2.873, e:0.000
t:27.85, r:0.00, omega:0.00, omega_m:-0.00, u:0.00, theta1:16.817, theta2:2.873, e:0.000
t:27.86, r:0.00, omega:0.00, omega_m:-0.00, u:0.00, theta1:16.817, theta2:2.873, e:0.000
t:27.87, r:0.00, omega:0.00, omega_m:-0.00, u:0.00, theta1:16.817, theta2:2.873, e:0.000
t:27.88, r:0.00, omega:0.00, omega_m:-0.00, u:0.00, theta1:16.817, theta2:2.873, e:0.000
t:27.89, r:0.00, omega:0.00, omega_m:-0.00, u:0.00, theta1:16.817, theta2:2.873, e:0.000
t:27.90, r:0.00, omega:0.00, omega_m:-0.00, u:0.00, theta1:16.817, theta2:2.873, e:0.000
t:27.91, r:0.00, omega:0.00, omega_m:-0.00, u:0.00, theta1:16.817, theta2:2.873, e:0.000
t:27.92, r:0.00, omega:0.00, omega_m:-0.00, u:0.00, theta1:16.817, theta2:2.873, e:0.000
t:27.93, r:0.00, omega:0.00, omega_m:-0.00, u:0.00, theta1:16.817, theta2:2.873, e:0.000
t:27.94, r:0.00, omega:0.00, omega_m:-0.00, u:0.00, theta1:16.817, theta2:2.873, e:0.000
t:27.95, r:0.00, omega:0.00, omega_m:-0.00, u:0.00, theta1:16.817, theta2:2.873, e:0.000
t:27.96, r:0.00, omega:0.00, omega_m:-0.00, u:0.00, theta1:16.817, theta2:2.873, e:0.000
t:27.97, r:0.00, omega:0.00, omega_m:-0.00, u:0.00, theta1:16.817, theta2:2.873, e:0.000
t:27.98, r:0.00, omega:0.00, omega_m:-0.00, u:0.00, theta1:16.817, theta2:2.873, e:0.000
t:27.99, r:0.00, omega:0.00, omega_m:-0.00, u:0.00, theta1:16.817, theta2:2.873, e:0.000
t:28.00, r:0.00, omega:0.00, omega_m:-0.00, u:0.00, theta1:16.817, theta2:2.873, e:0.000
t:28.01, r:10.00, omega:0.00, omega_m:6.32, u:168.19, theta1:16.819, theta2:2.873, e:-6.321
t:28.02, r:10.00, omega:0.00, omega_m:8.65, u:168.22, theta1:16.822, theta2:2.873, e:-8.647
t:28.03, r:10.00, omega:0.51, omega_m:9.50, u:166.78, theta1:16.825, theta2:2.873, e:-8.991
t:28.04, r:10.00, omega:0.51, omega_m:9.82, u:166.81, theta1:16.828, theta2:2.872, e:-9.306
t:28.05, r:10.00, omega:0.51, omega_m:9.93, u:166.84, theta1:16.831, theta2:2.872, e:-9.422
t:28.06, r:10.00, omega:0.51, omega_m:9.98, u:166.88, theta1:16.834, theta2:2.871, e:-9.464
t:28.07, r:10.00, omega:0.51, omega_m:9.99, u:166.91, theta1:16.837, theta2:2.871, e:-9.480
t:28.08, r:10.00, omega:0.51, omega_m:10.00, u:166.94, theta1:16.841, theta2:2.870, e:-9.486
t:28.09, r:10.00, omega:8.49, omega_m:10.00, u:144.04, theta1:16.841, theta2:2.869, e:-1.505
t:28.10, r:10.00, omega:8.49, omega_m:10.00, u:144.05, theta1:16.842, theta2:2.869, e:-1.506
t:28.11, r:10.00, omega:8.49, omega_m:10.00, u:144.06, theta1:16.842, theta2:2.868, e:-1.506
t:28.12, r:10.00, omega:8.49, omega_m:10.00, u:144.07, theta1:16.843, theta2:2.867, e:-1.506
t:28.13, r:10.00, omega:8.49, omega_m:10.00, u:144.08, theta1:16.843, theta2:2.867, e:-1.506
t:28.14, r:10.00, omega:8.49, omega_m:10.00, u:144.09, theta1:16.844, theta2:2.866, e:-1.506
t:28.15, r:10.00, omega:9.70, omega_m:10.00, u:140.64, theta1:16.844, theta2:2.866, e:-0.301
t:28.16, r:10.00, omega:9.70, omega_m:10.00, u:140.64, theta1:16.844, theta2:2.866, e:-0.301
t:28.17, r:10.00, omega:9.70, omega_m:10.00, u:140.65, theta1:16.844, theta2:2.865, e:-0.301
t:28.18, r:10.00, omega:9.70, omega_m:10.00, u:140.65, theta1:16.844, theta2:2.865, e:-0.301
t:28.19, r:10.00, omega:9.70, omega_m:10.00, u:140.65, theta1:16.844, theta2:2.865, e:-0.301
t:28.20, r:10.00, omega:9.70, omega_m:10.00, u:140.65, theta1:16.844, theta2:2.865, e:-0.301
t:28.21, r:10.00, omega:8.44, omega_m:10.00, u:144.27, theta1:16.845, theta2:2.864, e:-1.558
t:28.22, r:10.00, omega:8.44, omega_m:10.00, u:144.28, theta1:16.845, theta2:2.864, e:-1.558
t:28.23, r:10.00, omega:8.44, omega_m:10.00, u:144.29, theta1:16.846, theta2:2.863, e:-1.558
t:28.24, r:10.00, omega:8.44, omega_m:10.00, u:144.30, theta1:16.846, theta2:2.862, e:-1.558
t:28.25, r:10.00, omega:8.44, omega_m:10.00, u:144.31, theta1:16.847, theta2:2.861, e:-1.558
t:28.26, r:10.00, omega:8.44, omega_m:10.00, u:144.32, theta1:16.847, theta2:2.861, e:-1.558
t:28.27, r:10.00, omega:8.58, omega_m:10.00, u:143.94, theta1:16.848, theta2:2.860, e:-1.420
t:28.28, r:10.00, omega:8.58, omega_m:10.00, u:143.95, theta1:16.848, theta2:2.859, e:-1.420
t:28.29, r:10.00, omega:8.58, omega_m:10.00, u:143.96, theta1:16.849, theta2:2.859, e:-1.420
t:28.30, r:10.00, omega:8.58, omega_m:10.00, u:143.97, theta1:16.849, theta2:2.858, e:-1.420
t:28.31, r:10.00, omega:8.58, omega_m:10.00, u:143.98, theta1:16.850, theta2:2.858, e:-1.420
t:28.32, r:10.00, omega:8.58, omega_m:10.00, u:143.99, theta1:16.850, theta2:2.857, e:-1.420
t:28.33, r:10.00, omega:8.88, omega_m:10.00, u:143.15, theta1:16.850, theta2:2.856, e:-1.124
t:28.34, r:10.00, omega:8.88, omega_m:10.00, u:143.16, theta1:16.851, theta2:2.856, e:-1.124
t:28.35, r:10.00, omega:8.88, omega_m:10.00, u:143.17, theta1:16.851, theta2:2.855, e:-1.124
t:28.36, r:10.00, omega:8.88, omega_m:10.00, u:143.18, theta1:16.852, theta2:2.855, e:-1.124
t:28.37, r:10.00, omega:8.88, omega_m:10.00, u:143.18, theta1:16.852, theta2:2.854, e:-1.124
t:28.38, r:10.00, omega:8.88, omega_m:10.00, u:143.19, theta1:16.852, theta2:2.854, e:-1.124
t:28.39, r:10.00, omega:8.23, omega_m:10.00, u:145.05, theta1:16.853, theta2:2.853, e:-1.771
t:28.40, r:10.00, omega:8.23, omega_m:10.00, u:145.06, theta1:16.853, theta2:2.852, e:-1.771
t:28.41, r:10.00, omega:8.23, omega_m:10.00, u:145.08, theta1:16.854, theta2:2.851, e:-1.771
t:28.42, r:10.00, omega:8.23, omega_m:10.00, u:145.09, theta1:16.855, theta2:2.851, e:-1.771
t:28.43, r:10.00, omega:8.23, omega_m:10.00, u:145.10, theta1:16.855, theta2:2.850, e:-1.771
t:28.44, r:10.00, omega:8.23, omega_m:10.00, u:145.11, theta1:16.856, theta2:2.849, e:-1.771
t:28.45, r:10.00, omega:8.91, omega_m:10.00, u:143.19, theta1:16.856, theta2:2.848, e:-1.092
t:28.46, r:10.00, omega:8.91, omega_m:10.00, u:143.19, theta1:16.857, theta2:2.848, e:-1.092
t:28.47, r:10.00, omega:8.91, omega_m:10.00, u:143.20, theta1:16.857, theta2:2.847, e:-1.092
t:28.48, r:10.00, omega:8.91, omega_m:10.00, u:143.21, theta1:16.857, theta2:2.847, e:-1.092
t:28.49, r:10.00, omega:8.91, omega_m:10.00, u:143.22, theta1:16.858, theta2:2.846, e:-1.092
t:28.50, r:10.00, omega:8.91, omega_m:10.00, u:143.23, theta1:16.858, theta2:2.846, e:-1.092
t:28.51, r:10.00, omega:8.71, omega_m:10.00, u:143.79, theta1:16.858, theta2:2.845, e:-1.286
t:28.52, r:10.00, omega:8.71, omega_m:10.00, u:143.80, theta1:16.859, theta2:2.845, e:-1.286
t:28.53, r:10.00, omega:8.71, omega_m:10.00, u:143.81, theta1:16.859, theta2:2.844, e:-1.286
t:28.54, r:10.00, omega:8.71, omega_m:10.00, u:143.82, theta1:16.860, theta2:2.844, e:-1.286
t:28.55, r:10.00, omega:8.71, omega_m:10.00, u:143.83, theta1:16.860, theta2:2.843, e:-1.286
t:28.56, r:10.00, omega:8.71, omega_m:10.00, u:143.84, theta1:16.861, theta2:2.842, e:-1.286
t:28.57, r:10.00, omega:8.44, omega_m:10.00, u:144.63, theta1:16.861, theta2:2.842, e:-1.561
t:28.58, r:10.00, omega:8.44, omega_m:10.00, u:144.64, theta1:16.862, theta2:2.841, e:-1.561
t:28.59, r:10.00, omega:8.44, omega_m:10.00, u:144.65, theta1:16.862, theta2:2.840, e:-1.561
t:28.60, r:10.00, omega:8.44, omega_m:10.00, u:144.66, theta1:16.863, theta2:2.839, e:-1.561
t:28.61, r:10.00, omega:8.44, omega_m:10.00, u:144.68, theta1:16.863, theta2:2.839, e:-1.561
t:28.62, r:10.00, omega:8.44, omega_m:10.00, u:144.69, theta1:16.864, theta2:2.838, e:-1.561
t:28.63, r:10.00, omega:9.14, omega_m:10.00, u:142.70, theta1:16.864, theta2:2.838, e:-0.860
t:28.64, r:10.00, omega:9.14, omega_m:10.00, u:142.71, theta1:16.864, theta2:2.837, e:-0.860
t:28.65, r:10.00, omega:9.14, omega_m:10.00, u:142.72, theta1:16.864, theta2:2.837, e:-0.860
t:28.66, r:10.00, omega:9.14, omega_m:10.00, u:142.72, theta1:16.865, theta2:2.836, e:-0.860
t:28.67, r:10.00, omega:9.14, omega_m:10.00, u:142.73, theta1:16.865, theta2:2.836, e:-0.860
t:28.68, r:10.00, omega:9.14, omega_m:10.00, u:142.74, theta1:16.865, theta2:2.836, e:-0.860
t:28.69, r:10.00, omega:8.52, omega_m:10.00, u:144.51, theta1:16.866, theta2:2.835, e:-1.482
t:28.70, r:10.00, omega:8.52, omega_m:10.00, u:144.52, theta1:16.866, theta2:2.834, e:-1.482
t:28.71, r:10.00, omega:8.52, omega_m:10.00, u:144.53, theta1:16.867, theta2:2.834, e:-1.482
t:28.72, r:10.00, omega:8.52, omega_m:10.00, u:144.54, theta1:16.867, theta2:2.833, e:-1.482
t:28.73, r:10.00, omega:8.52, omega_m:10.00, u:144.55, theta1:16.868, theta2:2.832, e:-1.482
t:28.74, r:10.00, omega:8.52, omega_m:10.00, u:144.56, theta1:16.868, theta2:2.832, e:-1.482
t:28.75, r:10.00, omega:8.73, omega_m:10.00, u:143.98, theta1:16.869, theta2:2.831, e:-1.272
t:28.76, r:10.00, omega:8.73, omega_m:10.00, u:143.99, theta1:16.869, theta2:2.830, e:-1.272
t:28.77, r:10.00, omega:8.73, omega_m:10.00, u:144.00, theta1:16.870, theta2:2.830, e:-1.272
t:28.78, r:10.00, omega:8.73, omega_m:10.00, u:144.01, theta1:16.870, theta2:2.829, e:-1.272
t:28.79, r:10.00, omega:8.73, omega_m:10.00, u:144.02, theta1:16.870, theta2:2.829, e:-1.272
t:28.80, r:10.00, omega:8.73, omega_m:10.00, u:144.03, theta1:16.871, theta2:2.828, e:-1.272
t:28.81, r:10.00, omega:8.88, omega_m:10.00, u:143.60, theta1:16.871, theta2:2.827, e:-1.117
t:28.82, r:10.00, omega:8.88, omega_m:10.00, u:143.60, theta1:16.872, theta2:2.827, e:-1.117
t:28.83, r:10.00, omega:8.88, omega_m:10.00, u:143.61, theta1:16.872, theta2:2.826, e:-1.117
t:28.84, r:10.00, omega:8.88, omega_m:10.00, u:143.62, theta1:16.872, theta2:2.826, e:-1.117
t:28.85, r:10.00, omega:8.88, omega_m:10.00, u:143.63, theta1:16.873, theta2:2.825, e:-1.117
t:28.86, r:10.00, omega:8.88, omega_m:10.00, u:143.64, theta1:16.873, theta2:2.825, e:-1.117
t:28.87, r:10.00, omega:8.84, omega_m:10.00, u:143.76, theta1:16.873, theta2:2.824, e:-1.156
t:28.88, r:10.00, omega:8.84, omega_m:10.00, u:143.77, theta1:16.874, theta2:2.824, e:-1.156
t:28.89, r:10.00, omega:8.84, omega_m:10.00, u:143.77, theta1:16.874, theta2:2.823, e:-1.156
t:28.90, r:10.00, omega:8.84, omega_m:10.00, u:143.78, theta1:16.875, theta2:2.823, e:-1.156
t:28.91, r:10.00, omega:8.84, omega_m:10.00, u:143.79, theta1:16.875, theta2:2.822, e:-1.156
t:28.92, r:10.00, omega:8.84, omega_m:10.00, u:143.80, theta1:16.875, theta2:2.822, e:-1.156
t:28.93, r:10.00, omega:8.38, omega_m:10.00, u:145.12, theta1:16.876, theta2:2.821, e:-1.621
t:28.94, r:10.00, omega:8.38, omega_m:10.00, u:145.14, theta1:16.876, theta2:2.820, e:-1.621
t:28.95, r:10.00, omega:8.38, omega_m:10.00, u:145.15, theta1:16.877, theta2:2.819, e:-1.621
t:28.96, r:10.00, omega:8.38, omega_m:10.00, u:145.16, theta1:16.877, theta2:2.819, e:-1.621
t:28.97, r:10.00, omega:8.38, omega_m:10.00, u:145.17, theta1:16.878, theta2:2.818, e:-1.621
t:28.98, r:10.00, omega:8.38, omega_m:10.00, u:145.18, theta1:16.879, theta2:2.817, e:-1.621
t:28.99, r:10.00, omega:8.86, omega_m:10.00, u:143.83, theta1:16.879, theta2:2.817, e:-1.140
t:29.00, r:10.00, omega:8.86, omega_m:10.00, u:143.84, theta1:16.879, theta2:2.816, e:-1.140
t:29.01, r:0.00, omega:8.86, omega_m:3.68, u:0.00, theta1:16.878, theta2:2.818, e:5.181
t:29.02, r:0.00, omega:8.86, omega_m:1.35, u:0.00, theta1:16.877, theta2:2.821, e:7.507
t:29.03, r:0.00, omega:8.86, omega_m:0.50, u:0.00, theta1:16.876, theta2:2.825, e:8.362
t:29.04, r:0.00, omega:8.86, omega_m:0.18, u:0.00, theta1:16.874, theta2:2.828, e:8.677
t:29.05, r:0.00, omega:8.86, omega_m:0.07, u:0.00, theta1:16.873, theta2:2.832, e:8.793
t:29.06, r:0.00, omega:8.86, omega_m:0.02, u:0.00, theta1:16.871, theta2:2.836, e:8.836
t:29.07, r:0.00, omega:8.86, omega_m:0.01, u:0.00, theta1:16.870, theta2:2.839, e:8.851
t:29.08, r:0.00, omega:8.86, omega_m:0.00, u:0.00, theta1:16.868, theta2:2.843, e:8.857
t:29.09, r:0.00, omega:8.86, omega_m:0.00, u:0.00, theta1:16.867, theta2:2.847, e:8.859
t:29.10, r:0.00, omega:8.86, omega_m:0.00, u:0.00, theta1:16.865, theta2:2.850, e:8.860
t:29.11, r:0.00, omega:8.86, omega_m:0.00, u:0.00, theta1:16.864, theta2:2.854, e:8.860
t:29.12, r:0.00, omega:8.86, omega_m:0.00, u:0.00, theta1:16.862, theta2:2.858, e:8.860
t:29.13, r:0.00, omega:8.86, omega_m:0.00, u:0.00, theta1:16.861, theta2:2.861, e:8.860
t:29.14, r:0.00, omega:8.86, omega_m:0.00, u:0.00, theta1:16.859, theta2:2.865, e:8.860
t:29.15, r:0.00, omega:8.86, omega_m:0.00, u:0.00, theta1:16.858, theta2:2.869, e:8.860
t:29.16, r:0.00, omega:8.86, omega_m:0.00, u:0.00, theta1:16.856, theta2:2.873, e:8.860
t:29.17, r:0.00, omega:8.86, omega_m:0.00, u:0.00, theta1:16.855, theta2:2.876, e:8.860
t:29.18, r:0.00, omega:8.86, omega_m:0.00, u:0.00, theta1:16.853, theta2:2.880, e:8.860
t:29.19, r:0.00, omega:8.86, omega_m:0.00, u:0.00, theta1:16.852, theta2:2.884, e:8.860
t:29.20, r:0.00, omega:8.86, omega_m:0.00, u:0.00, theta1:16.850, theta2:2.887, e:8.860
t:29.21, r:0.00, omega:8.86, omega_m:0.00, u:0.00, theta1:16.849, theta2:2.891, e:8.860
t:29.22, r:0.00, omega:8.86, omega_m:0.00, u:0.00, theta1:16.847, theta2:2.895, e:8.860
t:29.23, r:0.00, omega:8.86, omega_m:0.00, u:0.00, theta1:16.846, theta2:2.898, e:8.860
t:29.24, r:0.00, omega:8.86, omega_m:0.00, u:0.00, theta1:16.844, theta2:2.902, e:8.860
t:29.25, r:0.00, omega:8.86, omega_m:0.00, u:0.00, theta1:16.843, theta2:2.906, e:8.860
t:29.26, r:0.00, omega:8.86, omega_m:0.00, u:0.00, theta1:16.841, theta2:2.909, e:8.860
t:29.27, r:0.00, omega:8.86, omega_m:0.00, u:0.00, theta1:16.840, theta2:2.913, e:8.860
t:29.28, r:0.00, omega:8.86, omega_m:0.00, u:0.00, theta1:16.838, theta2:2.917, e:8.860
t:29.29, r:0.00, omega:8.86, omega_m:0.00, u:0.00, theta1:16.837, theta2:2.920, e:8.860
t:29.30, r:0.00, omega:8.86, omega_m:0.00, u:0.00, theta1:16.835, theta2:2.924, e:8.860
t:29.31, r:0.00, omega:8.86, omega_m:0.00, u:0.00, theta1:16.834, theta2:2.928, e:8.860
t:29.32, r:0.00, omega:8.86, omega_m:0.00, u:0.00, theta1:16.833, theta2:2.931, e:8.860
t:29.33, r:0.00, omega:8.86, omega_m:0.00, u:0.00, theta1:16.831, theta2:2.935, e:8.860
t:29.34, r:0.00, omega:8.86, omega_m:0.00, u:0.00, theta1:16.830, theta2:2.939, e:8.860
t:29.35, r:0.00, omega:8.86, omega_m:0.00, u:0.00, theta1:16.828, theta2:2.942, e:8.860
t:29.36, r:0.00, omega:8.86, omega_m:0.00, u:0.00, theta1:16.827, theta2:2.946, e:8.860
t:29.37, r:0.00, omega:8.86, omega_m:0.00, u:0.00, theta1:16.825, theta2:2.950, e:8.860
t:29.38, r:0.00, omega:8.86, omega_m:0.00, u:0.00, theta1:16.824, theta2:2.953, e:8.860
t:29.39, r:0.00, omega:8.86, omega_m:0.00, u:0.00, theta1:16.822, theta2:2.957, e:8.860
t:29.40, r:0.00, omega:8.86, omega_m:0.00, u:0.00, theta1:16.821, theta2:2.961, e:8.860
t:29.41, r:0.00, omega:8.86, omega_m:0.00, u:0.00, theta1:16.819, theta2:2.964, e:8.860
t:29.42, r:0.00, omega:8.86, omega_m:0.00, u:0.00, theta1:16.818, theta2:2.968, e:8.860
t:29.43, r:0.00, omega:8.86, omega_m:0.00, u:0.00, theta1:16.816, theta2:2.972, e:8.860
t:29.44, r:0.00, omega:8.86, omega_m:0.00, u:0.00, theta1:16.815, theta2:2.975, e:8.860
t:29.45, r:0.00, omega:8.86, omega_m:0.00, u:0.00, theta1:16.813, theta2:2.979, e:8.860
t:29.46, r:0.00, omega:8.86, omega_m:0.00, u:0.00, theta1:16.812, theta2:2.982, e:8.860
t:29.47, r:0.00, omega:8.86, omega_m:0.00, u:0.00, theta1:16.810, theta2:2.986, e:8.860
t:29.48, r:0.00, omega:8.86, omega_m:0.00, u:0.00, theta1:16.809, theta2:2.990, e:8.860
t:29.49, r:0.00, omega:0.00, omega_m:0.00, u:0.00, theta1:16.809, theta2:2.990, e:-0.000
t:29.50, r:0.00, omega:0.00, omega_m:0.00, u:0.00, theta1:16.809, theta2:2.990, e:-0.000
t:29.51, r:0.00, omega:0.00, omega_m:0.00, u:0.00, theta1:16.809, theta2:2.990, e:-0.000
t:29.52, r:0.00, omega:0.00, omega_m:0.00, u:0.00, theta1:16.809, theta2:2.990, e:-0.000
t:29.53, r:0.00, omega:0.00, omega_m:0.00, u:0.00, theta1:16.809, theta2:2.990, e:-0.000
t:29.54, r:0.00, omega:0.00, omega_m:0.00, u:0.00, theta1:16.809, theta2:2.990, e:-0.000
t:29.55, r:0.00, omega:0.00, omega_m:0.00, u:0.00, theta1:16.809, theta2:2.990, e:-0.000
t:29.56, r:0.00, omega:0.00, omega_m:0.00, u:0.00, theta1:16.809, theta2:2.990, e:-0.000
t:29.57, r:0.00, omega:0.00, omega_m:0.00, u:0.00, theta1:16.809, theta2:2.990, e:-0.000
t:29.58, r:0.00, omega:0.00, omega_m:0.00, u:0.00, theta1:16.809, theta2:2.990, e:-0.000
t:29.59, r:0.00, omega:0.00, omega_m:0.00, u:0.00, theta1:16.809, theta2:2.990, e:-0.000
t:29.60, r:0.00, omega:0.00, omega_m:0.00, u:0.00, theta1:16.809, theta2:2.990, e:-0.000
t:29.61, r:0.00, omega:0.00, omega_m:0.00, u:0.00, theta1:16.809, theta2:2.990, e:-0.000
t:29.62, r:0.00, omega:0.00, omega_m:0.00, u:0.00, theta1:16.809, theta2:2.990, e:-0.000
t:29.63, r:0.00, omega:0.00, omega_m:0.00, u:0.00, theta1:16.809, theta2:2.990, e:-0.000
t:29.64, r:0.00, omega:0.00, omega_m:0.00, u:0.00, theta1:16.809, theta2:2.990, e:-0.000
t:29.65, r:0.00, omega:0.00, omega_m:0.00, u:0.00, theta1:16.809, theta2:2.990, e:-0.000
t:29.66, r:0.00, omega:0.00, omega_m:0.00, u:0.00, theta1:16.809, theta2:2.990, e:-0.000
t:29.67, r:0.00, omega:0.00, omega_m:0.00, u:0.00, theta1:16.809, theta2:2.990, e:-0.000
t:29.68, r:0.00, omega:0.00, omega_m:0.00, u:0.00, theta1:16.809, theta2:2.990, e:-0.000
t:29.69, r:0.00, omega:0.00, omega_m:0.00, u:0.00, theta1:16.809, theta2:2.990, e:-0.000
t:29.70, r:0.00, omega:0.00, omega_m:0.00, u:0.00, theta1:16.809, theta2:2.990, e:-0.000
t:29.71, r:0.00, omega:0.00, omega_m:0.00, u:0.00, theta1:16.809, theta2:2.990, e:-0.000
t:29.72, r:0.00, omega:0.00, omega_m:0.00, u:0.00, theta1:16.809, theta2:2.990, e:-0.000
t:29.73, r:0.00, omega:0.00, omega_m:0.00, u:0.00, theta1:16.809, theta2:2.990, e:-0.000
t:29.74, r:0.00, omega:0.00, omega_m:0.00, u:0.00, theta1:16.809, theta2:2.990, e:-0.000
t:29.75, r:0.00, omega:0.00, omega_m:0.00, u:0.00, theta1:16.809, theta2:2.990, e:-0.000
t:29.76, r:0.00, omega:0.00, omega_m:0.00, u:0.00, theta1:16.809, theta2:2.990, e:-0.000
t:29.77, r:0.00, omega:0.00, omega_m:0.00, u:0.00, theta1:16.809, theta2:2.990, e:-0.000
t:29.78, r:0.00, omega:0.00, omega_m:0.00, u:0.00, theta1:16.809, theta2:2.990, e:-0.000
t:29.79, r:0.00, omega:0.00, omega_m:0.00, u:0.00, theta1:16.809, theta2:2.990, e:-0.000
t:29.80, r:0.00, omega:0.00, omega_m:0.00, u:0.00, theta1:16.809, theta2:2.990, e:-0.000
t:29.81, r:0.00, omega:0.00, omega_m:0.00, u:0.00, theta1:16.809, theta2:2.990, e:-0.000
t:29.82, r:0.00, omega:0.00, omega_m:0.00, u:0.00, theta1:16.809, theta2:2.990, e:-0.000
t:29.83, r:0.00, omega:0.00, omega_m:0.00, u:0.00, theta1:16.809, theta2:2.990, e:-0.000
t:29.84, r:0.00, omega:0.00, omega_m:0.00, u:0.00, theta1:16.809, theta2:2.990, e:-0.000
t:29.85, r:0.00, omega:0.00, omega_m:0.00, u:0.00, theta1:16.809, theta2:2.990, e:-0.000
t:29.86, r:0.00, omega:0.00, omega_m:0.00, u:0.00, theta1:16.809, theta2:2.990, e:-0.000
t:29.87, r:0.00, omega:0.00, omega_m:0.00, u:0.00, theta1:16.809, theta2:2.990, e:-0.000
t:29.88, r:0.00, omega:0.00, omega_m:0.00, u:0.00, theta1:16.809, theta2:2.990, e:-0.000
t:29.89, r:0.00, omega:0.00, omega_m:0.00, u:0.00, theta1:16.809, theta2:2.990, e:-0.000
t:29.90, r:0.00, omega:0.00, omega_m:0.00, u:0.00, theta1:16.809, theta2:2.990, e:-0.000
t:29.91, r:0.00, omega:0.00, omega_m:0.00, u:0.00, theta1:16.809, theta2:2.990, e:-0.000
t:29.92, r:0.00, omega:0.00, omega_m:0.00, u:0.00, theta1:16.809, theta2:2.990, e:-0.000
t:29.93, r:0.00, omega:0.00, omega_m:0.00, u:0.00, theta1:16.809, theta2:2.990, e:-0.000
t:29.94, r:0.00, omega:0.00, omega_m:0.00, u:0.00, theta1:16.809, theta2:2.990, e:-0.000
t:29.95, r:0.00, omega:0.00, omega_m:0.00, u:0.00, theta1:16.809, theta2:2.990, e:-0.000
t:29.96, r:0.00, omega:0.00, omega_m:0.00, u:0.00, theta1:16.809, theta2:2.990, e:-0.000
t:29.97, r:0.00, omega:0.00, omega_m:0.00, u:0.00, theta1:16.809, theta2:2.990, e:-0.000
t:29.98, r:0.00, omega:0.00, omega_m:0.00, u:0.00, theta1:16.809, theta2:2.990, e:-0.000
t:29.99, r:0.00, omega:0.00, omega_m:0.00, u:0.00, theta1:16.809, theta2:2.990, e:-0.000
t:30.00, r:0.00, omega:0.00, omega_m:0.00, u:0.00, theta1:16.809, theta2:2.990, e:-0.000
t:30.01, r:-10.00, omega:0.00, omega_m:-6.32, u:-168.11, theta1:16.811, theta2:2.990, e:6.321
t:30.02, r:-10.00, omega:0.00, omega_m:-8.65, u:-168.14, theta1:16.814, theta2:2.989, e:8.647
t:30.03, r:-10.00, omega:0.00, omega_m:-9.50, u:-168.17, theta1:16.817, theta2:2.989, e:9.502
t:30.04, r:-10.00, omega:0.00, omega_m:-9.82, u:-168.20, theta1:16.820, theta2:2.989, e:9.817
t:30.05, r:-10.00, omega:-0.50, omega_m:-9.93, u:-166.75, theta1:16.823, theta2:2.988, e:9.437
t:30.06, r:-10.00, omega:-0.50, omega_m:-9.98, u:-166.78, theta1:16.826, theta2:2.988, e:9.479
t:30.07, r:-10.00, omega:-0.50, omega_m:-9.99, u:-166.81, theta1:16.829, theta2:2.987, e:9.495
t:30.08, r:-10.00, omega:-0.50, omega_m:-10.00, u:-166.84, theta1:16.833, theta2:2.987, e:9.501
t:30.09, r:-10.00, omega:-0.50, omega_m:-10.00, u:-166.88, theta1:16.836, theta2:2.986, e:9.503
t:30.10, r:-10.00, omega:-9.73, omega_m:-10.00, u:-139.31, theta1:16.836, theta2:2.986, e:0.271
t:30.11, r:-10.00, omega:-9.73, omega_m:-10.00, u:-139.31, theta1:16.836, theta2:2.986, e:0.271
t:30.12, r:-10.00, omega:-9.73, omega_m:-10.00, u:-139.31, theta1:16.836, theta2:2.986, e:0.271
t:30.13, r:-10.00, omega:-9.73, omega_m:-10.00, u:-139.31, theta1:16.836, theta2:2.986, e:0.271
t:30.14, r:-10.00, omega:-9.73, omega_m:-10.00, u:-139.32, theta1:16.836, theta2:2.985, e:0.271
t:30.15, r:-10.00, omega:-10.12, omega_m:-10.00, u:-138.16, theta1:16.836, theta2:2.986, e:-0.117
t:30.16, r:-10.00, omega:-10.12, omega_m:-10.00, u:-138.16, theta1:16.836, theta2:2.986, e:-0.117
t:30.17, r:-10.00, omega:-10.12, omega_m:-10.00, u:-138.15, theta1:16.836, theta2:2.986, e:-0.117
t:30.18, r:-10.00, omega:-10.12, omega_m:-10.00, u:-138.15, theta1:16.836, theta2:2.986, e:-0.117
t:30.19, r:-10.00, omega:-10.12, omega_m:-10.00, u:-138.15, theta1:16.836, theta2:2.986, e:-0.117
t:30.20, r:-10.00, omega:-10.12, omega_m:-10.00, u:-138.15, theta1:16.836, theta2:2.986, e:-0.117
t:30.21, r:-10.00, omega:-10.12, omega_m:-10.00, u:-138.15, theta1:16.836, theta2:2.986, e:-0.117
t:30.22, r:-10.00, omega:-8.08, omega_m:-10.00, u:-144.26, theta1:16.836, theta2:2.985, e:1.925
t:30.23, r:-10.00, omega:-8.08, omega_m:-10.00, u:-144.27, theta1:16.837, theta2:2.984, e:1.925
t:30.24, r:-10.00, omega:-8.08, omega_m:-10.00, u:-144.28, theta1:16.838, theta2:2.983, e:1.925
t:30.25, r:-10.00, omega:-8.08, omega_m:-10.00, u:-144.30, theta1:16.838, theta2:2.983, e:1.925
t:30.26, r:-10.00, omega:-8.08, omega_m:-10.00, u:-144.31, theta1:16.839, theta2:2.982, e:1.925
t:30.27, r:-10.00, omega:-8.08, omega_m:-10.00, u:-144.32, theta1:16.839, theta2:2.981, e:1.925
t:30.28, r:-10.00, omega:-8.86, omega_m:-10.00, u:-142.01, theta1:16.840, theta2:2.980, e:1.144
t:30.29, r:-10.00, omega:-8.86, omega_m:-10.00, u:-142.01, theta1:16.840, theta2:2.980, e:1.144
t:30.30, r:-10.00, omega:-8.86, omega_m:-10.00, u:-142.02, theta1:16.841, theta2:2.979, e:1.144
t:30.31, r:-10.00, omega:-8.86, omega_m:-10.00, u:-142.03, theta1:16.841, theta2:2.979, e:1.144
t:30.32, r:-10.00, omega:-8.86, omega_m:-10.00, u:-142.04, theta1:16.841, theta2:2.978, e:1.144
t:30.33, r:-10.00, omega:-9.00, omega_m:-10.00, u:-141.62, theta1:16.842, theta2:2.978, e:1.001
t:30.34, r:-10.00, omega:-9.00, omega_m:-10.00, u:-141.63, theta1:16.842, theta2:2.977, e:1.001
t:30.35, r:-10.00, omega:-9.00, omega_m:-10.00, u:-141.64, theta1:16.842, theta2:2.977, e:1.001
t:30.36, r:-10.00, omega:-9.00, omega_m:-10.00, u:-141.64, theta1:16.843, theta2:2.976, e:1.001
t:30.37, r:-10.00, omega:-9.00, omega_m:-10.00, u:-141.65, theta1:16.843, theta2:2.976, e:1.001
t:30.38, r:-10.00, omega:-9.00, omega_m:-10.00, u:-141.66, theta1:16.843, theta2:2.975, e:1.001
t:30.39, r:-10.00, omega:-9.00, omega_m:-10.00, u:-141.67, theta1:16.844, theta2:2.975, e:1.001
t:30.40, r:-10.00, omega:-8.44, omega_m:-10.00, u:-143.34, theta1:16.844, theta2:2.974, e:1.559
t:30.41, r:-10.00, omega:-8.44, omega_m:-10.00, u:-143.35, theta1:16.845, theta2:2.973, e:1.559
t:30.42, r:-10.00, omega:-8.44, omega_m:-10.00, u:-143.36, theta1:16.845, theta2:2.973, e:1.559
t:30.43, r:-10.00, omega:-8.44, omega_m:-10.00, u:-143.37, theta1:16.846, theta2:2.972, e:1.559
t:30.44, r:-10.00, omega:-8.44, omega_m:-10.00, u:-143.38, theta1:16.846, theta2:2.971, e:1.559
t:30.45, r:-10.00, omega:-9.12, omega_m:-10.00, u:-141.36, theta1:16.847, theta2:2.971, e:0.877
t:30.46, r:-10.00, omega:-9.12, omega_m:-10.00, u:-141.37, theta1:16.847, theta2:2.970, e:0.877
t:30.47, r:-10.00, omega:-9.12, omega_m:-10.00, u:-141.38, theta1:16.847, theta2:2.970, e:0.877
t:30.48, r:-10.00, omega:-9.12, omega_m:-10.00, u:-141.38, theta1:16.847, theta2:2.970, e:0.877
t:30.49, r:-10.00, omega:-9.12, omega_m:-10.00, u:-141.39, theta1:16.848, theta2:2.969, e:0.877
t:30.50, r:-10.00, omega:-9.12, omega_m:-10.00, u:-141.40, theta1:16.848, theta2:2.969, e:0.877
t:30.51, r:-10.00, omega:-8.77, omega_m:-10.00, u:-142.45, theta1:16.848, theta2:2.968, e:1.229
t:30.52, r:-10.00, omega:-8.77, omega_m:-10.00, u:-142.46, theta1:16.849, theta2:2.968, e:1.229
t:30.53, r:-10.00, omega:-8.77, omega_m:-10.00, u:-142.47, theta1:16.849, theta2:2.967, e:1.229
t:30.54, r:-10.00, omega:-8.77, omega_m:-10.00, u:-142.48, theta1:16.850, theta2:2.966, e:1.229
t:30.55, r:-10.00, omega:-8.77, omega_m:-10.00, u:-142.49, theta1:16.850, theta2:2.966, e:1.229
t:30.56, r:-10.00, omega:-8.77, omega_m:-10.00, u:-142.50, theta1:16.850, theta2:2.965, e:1.229
t:30.57, r:-10.00, omega:-8.79, omega_m:-10.00, u:-142.46, theta1:16.851, theta2:2.965, e:1.213
t:30.58, r:-10.00, omega:-8.79, omega_m:-10.00, u:-142.47, theta1:16.851, theta2:2.964, e:1.213
t:30.59, r:-10.00, omega:-8.79, omega_m:-10.00, u:-142.48, theta1:16.852, theta2:2.964, e:1.213
t:30.60, r:-10.00, omega:-8.79, omega_m:-10.00, u:-142.49, theta1:16.852, theta2:2.963, e:1.213
t:30.61, r:-10.00, omega:-8.79, omega_m:-10.00, u:-142.50, theta1:16.852, theta2:2.962, e:1.213
t:30.62, r:-10.00, omega:-8.79, omega_m:-10.00, u:-142.50, theta1:16.853, theta2:2.962, e:1.213
t:30.63, r:-10.00, omega:-9.00, omega_m:-10.00, u:-141.87, theta1:16.853, theta2:2.961, e:0.997
t:30.64, r:-10.00, omega:-9.00, omega_m:-10.00, u:-141.88, theta1:16.854, theta2:2.961, e:0.997
t:30.65, r:-10.00, omega:-9.00, omega_m:-10.00, u:-141.89, theta1:16.854, theta2:2.960, e:0.997
t:30.66, r:-10.00, omega:-9.00, omega_m:-10.00, u:-141.89, theta1:16.854, theta2:2.960, e:0.997
t:30.67, r:-10.00, omega:-9.00, omega_m:-10.00, u:-141.90, theta1:16.855, theta2:2.959, e:0.997
t:30.68, r:-10.00, omega:-9.00, omega_m:-10.00, u:-141.91, theta1:16.855, theta2:2.959, e:0.997
t:30.69, r:-10.00, omega:-9.34, omega_m:-10.00, u:-140.93, theta1:16.855, theta2:2.959, e:0.663
t:30.70, r:-10.00, omega:-9.34, omega_m:-10.00, u:-140.93, theta1:16.855, theta2:2.958, e:0.663
t:30.71, r:-10.00, omega:-9.34, omega_m:-10.00, u:-140.94, theta1:16.856, theta2:2.958, e:0.663
t:30.72, r:-10.00, omega:-9.34, omega_m:-10.00, u:-140.94, theta1:16.856, theta2:2.958, e:0.663
t:30.73, r:-10.00, omega:-9.34, omega_m:-10.00, u:-140.95, theta1:16.856, theta2:2.957, e:0.663
t:30.74, r:-10.00, omega:-9.34, omega_m:-10.00, u:-140.95, theta1:16.856, theta2:2.957, e:0.663
t:30.75, r:-10.00, omega:-8.38, omega_m:-10.00, u:-143.79, theta1:16.857, theta2:2.956, e:1.618
t:30.76, r:-10.00, omega:-8.38, omega_m:-10.00, u:-143.80, theta1:16.857, theta2:2.956, e:1.618
t:30.77, r:-10.00, omega:-8.38, omega_m:-10.00, u:-143.81, theta1:16.858, theta2:2.955, e:1.618
t:30.78, r:-10.00, omega:-8.38, omega_m:-10.00, u:-143.82, theta1:16.858, theta2:2.954, e:1.618
t:30.79, r:-10.00, omega:-8.38, omega_m:-10.00, u:-143.83, theta1:16.859, theta2:2.953, e:1.618
t:30.80, r:-10.00, omega:-8.38, omega_m:-10.00, u:-143.84, theta1:16.859, theta2:2.953, e:1.618
t:30.81, r:-10.00, omega:-8.56, omega_m:-10.00, u:-143.34, theta1:16.860, theta2:2.952, e:1.442
t:30.82, r:-10.00, omega:-8.56, omega_m:-10.00, u:-143.35, theta1:16.860, theta2:2.951, e:1.442
t:30.83, r:-10.00, omega:-8.56, omega_m:-10.00, u:-143.36, theta1:16.861, theta2:2.951, e:1.442
t:30.84, r:-10.00, omega:-8.56, omega_m:-10.00, u:-143.37, theta1:16.861, theta2:2.950, e:1.442
t:30.85, r:-10.00, omega:-8.56, omega_m:-10.00, u:-143.38, theta1:16.862, theta2:2.949, e:1.442
t:30.86, r:-10.00, omega:-8.56, omega_m:-10.00, u:-143.39, theta1:16.862, theta2:2.949, e:1.442
t:30.87, r:-10.00, omega:-8.86, omega_m:-10.00, u:-142.50, theta1:16.863, theta2:2.948, e:1.138
t:30.88, r:-10.00, omega:-8.86, omega_m:-10.00, u:-142.51, theta1:16.863, theta2:2.948, e:1.138
t:30.89, r:-10.00, omega:-8.86, omega_m:-10.00, u:-142.52, theta1:16.863, theta2:2.947, e:1.138
t:30.90, r:-10.00, omega:-8.86, omega_m:-10.00, u:-142.53, theta1:16.864, theta2:2.947, e:1.138
t:30.91, r:-10.00, omega:-8.86, omega_m:-10.00, u:-142.53, theta1:16.864, theta2:2.946, e:1.138
t:30.92, r:-10.00, omega:-8.86, omega_m:-10.00, u:-142.54, theta1:16.865, theta2:2.945, e:1.138
t:30.93, r:-10.00, omega:-8.71, omega_m:-10.00, u:-143.01, theta1:16.865, theta2:2.945, e:1.294
t:30.94, r:-10.00, omega:-8.71, omega_m:-10.00, u:-143.02, theta1:16.865, theta2:2.944, e:1.294
t:30.95, r:-10.00, omega:-8.71, omega_m:-10.00, u:-143.03, theta1:16.866, theta2:2.944, e:1.294
t:30.96, r:-10.00, omega:-8.71, omega_m:-10.00, u:-143.04, theta1:16.866, theta2:2.943, e:1.294
t:30.97, r:-10.00, omega:-8.71, omega_m:-10.00, u:-143.05, theta1:16.867, theta2:2.942, e:1.294
t:30.98, r:-10.00, omega:-8.71, omega_m:-10.00, u:-143.06, theta1:16.867, theta2:2.942, e:1.294
t:30.99, r:-10.00, omega:-8.86, omega_m:-10.00, u:-142.61, theta1:16.867, theta2:2.941, e:1.138
t:31.00, r:-10.00, omega:-8.86, omega_m:-10.00, u:-142.62, theta1:16.868, theta2:2.941, e:1.138
t:31.01, r:0.00, omega:-8.86, omega_m:-3.68, u:0.00, theta1:16.867, theta2:2.943, e:-5.183
t:31.02, r:0.00, omega:-8.86, omega_m:-1.35, u:0.00, theta1:16.866, theta2:2.946, e:-7.509
t:31.03, r:0.00, omega:-8.86, omega_m:-0.50, u:0.00, theta1:16.864, theta2:2.950, e:-8.364
t:31.04, r:0.00, omega:-8.86, omega_m:-0.18, u:0.00, theta1:16.863, theta2:2.953, e:-8.679
t:31.05, r:0.00, omega:-8.86, omega_m:-0.07, u:0.00, theta1:16.861, theta2:2.957, e:-8.795
t:31.06, r:0.00, omega:-8.86, omega_m:-0.02, u:0.00, theta1:16.860, theta2:2.960, e:-8.837
t:31.07, r:0.00, omega:-8.86, omega_m:-0.01, u:0.00, theta1:16.858, theta2:2.964, e:-8.853
t:31.08, r:0.00, omega:-8.86, omega_m:-0.00, u:0.00, theta1:16.857, theta2:2.968, e:-8.859
t:31.09, r:0.00, omega:-8.86, omega_m:-0.00, u:0.00, theta1:16.855, theta2:2.971, e:-8.861
t:31.10, r:0.00, omega:-8.86, omega_m:-0.00, u:0.00, theta1:16.854, theta2:2.975, e:-8.861
t:31.11, r:0.00, omega:-8.86, omega_m:-0.00, u:0.00, theta1:16.852, theta2:2.979, e:-8.862
t:31.12, r:0.00, omega:-8.86, omega_m:-0.00, u:0.00, theta1:16.851, theta2:2.982, e:-8.862
t:31.13, r:0.00, omega:-8.86, omega_m:-0.00, u:0.00, theta1:16.849, theta2:2.986, e:-8.862
t:31.14, r:0.00, omega:-8.86, omega_m:-0.00, u:0.00, theta1:16.848, theta2:2.990, e:-8.862
t:31.15, r:0.00, omega:-8.86, omega_m:-0.00, u:0.00, theta1:16.846, theta2:2.993, e:-8.862
t:31.16, r:0.00, omega:-8.86, omega_m:-0.00, u:0.00, theta1:16.845, theta2:2.997, e:-8.862
t:31.17, r:0.00, omega:-8.86, omega_m:-0.00, u:0.00, theta1:16.843, theta2:3.001, e:-8.862
t:31.18, r:0.00, omega:-8.86, omega_m:-0.00, u:0.00, theta1:16.842, theta2:3.004, e:-8.862
t:31.19, r:0.00, omega:-8.86, omega_m:-0.00, u:0.00, theta1:16.840, theta2:3.008, e:-8.862
t:31.20, r:0.00, omega:-8.86, omega_m:-0.00, u:0.00, theta1:16.839, theta2:3.012, e:-8.862
t:31.21, r:0.00, omega:-8.86, omega_m:-0.00, u:0.00, theta1:16.837, theta2:3.015, e:-8.862
t:31.22, r:0.00, omega:-8.86, omega_m:-0.00, u:0.00, theta1:16.836, theta2:3.019, e:-8.862
t:31.23, r:0.00, omega:-8.86, omega_m:-0.00, u:0.00, theta1:16.835, theta2:3.023, e:-8.862
t:31.24, r:0.00, omega:-8.86, omega_m:-0.00, u:0.00, theta1:16.833, theta2:3.026, e:-8.862
t:31.25, r:0.00, omega:-8.86, omega_m:-0.00, u:0.00, theta1:16.832, theta2:3.030, e:-8.862
t:31.26, r:0.00, omega:-8.86, omega_m:-0.00, u:0.00, theta1:16.830, theta2:3.034, e:-8.862
t:31.27, r:0.00, omega:-8.86, omega_m:-0.00, u:0.00, theta1:16.829, theta2:3.037, e:-8.862
t:31.28, r:0.00, omega:-8.86, omega_m:-0.00, u:0.00, theta1:16.827, theta2:3.041, e:-8.862
t:31.29, r:0.00, omega:-8.86, omega_m:-0.00, u:0.00, theta1:16.826, theta2:3.045, e:-8.862
t:31.30, r:0.00, omega:-8.86, omega_m:-0.00, u:0.00, theta1:16.824, theta2:3.048, e:-8.862
t:31.31, r:0.00, omega:-8.86, omega_m:-0.00, u:0.00, theta1:16.823, theta2:3.052, e:-8.862
t:31.32, r:0.00, omega:-8.86, omega_m:-0.00, u:0.00, theta1:16.821, theta2:3.056, e:-8.862
t:31.33, r:0.00, omega:-8.86, omega_m:-0.00, u:0.00, theta1:16.820, theta2:3.059, e:-8.862
t:31.34, r:0.00, omega:-8.86, omega_m:-0.00, u:0.00, theta1:16.818, theta2:3.063, e:-8.862
t:31.35, r:0.00, omega:-8.86, omega_m:-0.00, u:0.00, theta1:16.817, theta2:3.067, e:-8.862
t:31.36, r:0.00, omega:-8.86, omega_m:-0.00, u:0.00, theta1:16.815, theta2:3.070, e:-8.862
t:31.37, r:0.00, omega:-8.86, omega_m:-0.00, u:0.00, theta1:16.814, theta2:3.074, e:-8.862
t:31.38, r:0.00, omega:-8.86, omega_m:-0.00, u:0.00, theta1:16.812, theta2:3.077, e:-8.862
t:31.39, r:0.00, omega:-8.86, omega_m:-0.00, u:0.00, theta1:16.811, theta2:3.081, e:-8.862
t:31.40, r:0.00, omega:-8.86, omega_m:-0.00, u:0.00, theta1:16.809, theta2:3.085, e:-8.862
t:31.41, r:0.00, omega:-8.86, omega_m:-0.00, u:0.00, theta1:16.808, theta2:3.088, e:-8.862
t:31.42, r:0.00, omega:-8.86, omega_m:-0.00, u:0.00, theta1:16.806, theta2:3.092, e:-8.862
t:31.43, r:0.00, omega:-8.86, omega_m:-0.00, u:0.00, theta1:16.805, theta2:3.096, e:-8.862
t:31.44, r:0.00, omega:-8.86, omega_m:-0.00, u:0.00, theta1:16.803, theta2:3.099, e:-8.862
t:31.45, r:0.00, omega:-8.86, omega_m:-0.00, u:0.00, theta1:16.802, theta2:3.103, e:-8.862
t:31.46, r:0.00, omega:-8.86, omega_m:-0.00, u:0.00, theta1:16.800, theta2:3.107, e:-8.862
t:31.47, r:0.00, omega:-8.86, omega_m:-0.00, u:0.00, theta1:16.799, theta2:3.110, e:-8.862
t:31.48, r:0.00, omega:-8.86, omega_m:-0.00, u:0.00, theta1:16.797, theta2:3.114, e:-8.862
t:31.49, r:0.00, omega:0.00, omega_m:-0.00, u:0.00, theta1:16.797, theta2:3.114, e:0.000
t:31.50, r:0.00, omega:0.00, omega_m:-0.00, u:0.00, theta1:16.797, theta2:3.114, e:0.000
t:31.51, r:0.00, omega:0.00, omega_m:-0.00, u:0.00, theta1:16.797, theta2:3.114, e:0.000
t:31.52, r:0.00, omega:0.00, omega_m:-0.00, u:0.00, theta1:16.797, theta2:3.114, e:0.000
t:31.53, r:0.00, omega:0.00, omega_m:-0.00, u:0.00, theta1:16.797, theta2:3.114, e:0.000
t:31.54, r:0.00, omega:0.00, omega_m:-0.00, u:0.00, theta1:16.797, theta2:3.114, e:0.000
t:31.55, r:0.00, omega:0.00, omega_m:-0.00, u:0.00, theta1:16.797, theta2:3.114, e:0.000
t:31.56, r:0.00, omega:0.00, omega_m:-0.00, u:0.00, theta1:16.797, theta2:3.114, e:0.000
t:31.57, r:0.00, omega:0.00, omega_m:-0.00, u:0.00, theta1:16.797, theta2:3.114, e:0.000
t:31.58, r:0.00, omega:0.00, omega_m:-0.00, u:0.00, theta1:16.797, theta2:3.114, e:0.000
t:31.59, r:0.00, omega:0.00, omega_m:-0.00, u:0.00, theta1:16.797, theta2:3.114, e:0.000
t:31.60, r:0.00, omega:0.00, omega_m:-0.00, u:0.00, theta1:16.797, theta2:3.114, e:0.000
t:31.61, r:0.00, omega:0.00, omega_m:-0.00, u:0.00, theta1:16.797, theta2:3.114, e:0.000
t:31.62, r:0.00, omega:0.00, omega_m:-0.00, u:0.00, theta1:16.797, theta2:3.114, e:0.000
t:31.63, r:0.00, omega:0.00, omega_m:-0.00, u:0.00, theta1:16.797, theta2:3.114, e:0.000
t:31.64, r:0.00, omega:0.00, omega_m:-0.00, u:0.00, theta1:16.797, theta2:3.114, e:0.000
t:31.65, r:0.00, omega:0.00, omega_m:-0.00, u:0.00, theta1:16.797, theta2:3.114, e:0.000
t:31.66, r:0.00, omega:0.00, omega_m:-0.00, u:0.00, theta1:16.797, theta2:3.114, e:0.000
t:31.67, r:0.00, omega:0.00, omega_m:-0.00, u:0.00, theta1:16.797, theta2:3.114, e:0.000
t:31.68, r:0.00, omega:0.00, omega_m:-0.00, u:0.00, theta1:16.797, theta2:3.114, e:0.000
t:31.69, r:0.00, omega:0.00, omega_m:-0.00, u:0.00, theta1:16.797, theta2:3.114, e:0.000
t:31.70, r:0.00, omega:0.00, omega_m:-0.00, u:0.00, theta1:16.797, theta2:3.114, e:0.000
t:31.71, r:0.00, omega:0.00, omega_m:-0.00, u:0.00, theta1:16.797, theta2:3.114, e:0.000
t:31.72, r:0.00, omega:0.00, omega_m:-0.00, u:0.00, theta1:16.797, theta2:3.114, e:0.000
t:31.73, r:0.00, omega:0.00, omega_m:-0.00, u:0.00, theta1:16.797, theta2:3.114, e:0.000
t:31.74, r:0.00, omega:0.00, omega_m:-0.00, u:0.00, theta1:16.797, theta2:3.114, e:0.000
t:31.75, r:0.00, omega:0.00, omega_m:-0.00, u:0.00, theta1:16.797, theta2:3.114, e:0.000
t:31.76, r:0.00, omega:0.00, omega_m:-0.00, u:0.00, theta1:16.797, theta2:3.114, e:0.000
t:31.77, r:0.00, omega:0.00, omega_m:-0.00, u:0.00, theta1:16.797, theta2:3.114, e:0.000
t:31.78, r:0.00, omega:0.00, omega_m:-0.00, u:0.00, theta1:16.797, theta2:3.114, e:0.000
t:31.79, r:0.00, omega:0.00, omega_m:-0.00, u:0.00, theta1:16.797, theta2:3.114, e:0.000
t:31.80, r:0.00, omega:0.00, omega_m:-0.00, u:0.00, theta1:16.797, theta2:3.114, e:0.000
t:31.81, r:0.00, omega:0.00, omega_m:-0.00, u:0.00, theta1:16.797, theta2:3.114, e:0.000
t:31.82, r:0.00, omega:0.00, omega_m:-0.00, u:0.00, theta1:16.797, theta2:3.114, e:0.000
t:31.83, r:0.00, omega:0.00, omega_m:-0.00, u:0.00, theta1:16.797, theta2:3.114, e:0.000
t:31.84, r:0.00, omega:0.00, omega_m:-0.00, u:0.00, theta1:16.797, theta2:3.114, e:0.000
t:31.85, r:0.00, omega:0.00, omega_m:-0.00, u:0.00, theta1:16.797, theta2:3.114, e:0.000
t:31.86, r:0.00, omega:0.00, omega_m:-0.00, u:0.00, theta1:16.797, theta2:3.114, e:0.000
t:31.87, r:0.00, omega:0.00, omega_m:-0.00, u:0.00, theta1:16.797, theta2:3.114, e:0.000
t:31.88, r:0.00, omega:0.00, omega_m:-0.00, u:0.00, theta1:16.797, theta2:3.114, e:0.000
t:31.89, r:0.00, omega:0.00, omega_m:-0.00, u:0.00, theta1:16.797, theta2:3.114, e:0.000
t:31.90, r:0.00, omega:0.00, omega_m:-0.00, u:0.00, theta1:16.797, theta2:3.114, e:0.000
t:31.91, r:0.00, omega:0.00, omega_m:-0.00, u:0.00, theta1:16.797, theta2:3.114, e:0.000
t:31.92, r:0.00, omega:0.00, omega_m:-0.00, u:0.00, theta1:16.797, theta2:3.114, e:0.000
t:31.93, r:0.00, omega:0.00, omega_m:-0.00, u:0.00, theta1:16.797, theta2:3.114, e:0.000
t:31.94, r:0.00, omega:0.00, omega_m:-0.00, u:0.00, theta1:16.797, theta2:3.114, e:0.000
t:31.95, r:0.00, omega:0.00, omega_m:-0.00, u:0.00, theta1:16.797, theta2:3.114, e:0.000
t:31.96, r:0.00, omega:0.00, omega_m:-0.00, u:0.00, theta1:16.797, theta2:3.114, e:0.000
t:31.97, r:0.00, omega:0.00, omega_m:-0.00, u:0.00, theta1:16.797, theta2:3.114, e:0.000
t:31.98, r:0.00, omega:0.00, omega_m:-0.00, u:0.00, theta1:16.797, theta2:3.114, e:0.000
t:31.99, r:0.00, omega:0.00, omega_m:-0.00, u:0.00, theta1:16.797, theta2:3.114, e:0.000
t:32.00, r:0.00, omega:0.00, omega_m:-0.00, u:0.00, theta1:16.797, theta2:3.114, e:0.000
t:32.01, r:10.00, omega:0.00, omega_m:6.32, u:167.99, theta1:16.799, theta2:3.114, e:-6.321
t:32.02, r:10.00, omega:0.00, omega_m:8.65, u:168.02, theta1:16.802, theta2:3.114, e:-8.647
t:32.03, r:10.00, omega:0.00, omega_m:9.50, u:168.05, theta1:16.805, theta2:3.113, e:-9.502
t:32.04, r:10.00, omega:0.00, omega_m:9.82, u:168.09, theta1:16.809, theta2:3.113, e:-9.817
t:32.05, r:10.00, omega:0.49, omega_m:9.93, u:166.58, theta1:16.812, theta2:3.112, e:-9.440
t:32.06, r:10.00, omega:0.49, omega_m:9.98, u:166.61, theta1:16.815, theta2:3.112, e:-9.482
t:32.07, r:10.00, omega:0.49, omega_m:9.99, u:166.65, theta1:16.818, theta2:3.111, e:-9.498
t:32.08, r:10.00, omega:0.49, omega_m:10.00, u:166.68, theta1:16.821, theta2:3.111, e:-9.504
t:32.09, r:10.00, omega:0.49, omega_m:10.00, u:166.71, theta1:16.824, theta2:3.110, e:-9.506
t:32.10, r:10.00, omega:0.49, omega_m:10.00, u:166.74, theta1:16.828, theta2:3.110, e:-9.507
t:32.11, r:10.00, omega:9.69, omega_m:10.00, u:138.16, theta1:16.828, theta2:3.110, e:-0.315
t:32.12, r:10.00, omega:9.69, omega_m:10.00, u:138.16, theta1:16.828, theta2:3.109, e:-0.315
t:32.13, r:10.00, omega:9.69, omega_m:10.00, u:138.16, theta1:16.828, theta2:3.109, e:-0.315
t:32.14, r:10.00, omega:9.69, omega_m:10.00, u:138.17, theta1:16.828, theta2:3.109, e:-0.315
t:32.15, r:10.00, omega:9.69, omega_m:10.00, u:138.17, theta1:16.828, theta2:3.109, e:-0.315
t:32.16, r:10.00, omega:9.77, omega_m:10.00, u:137.89, theta1:16.828, theta2:3.109, e:-0.225
t:32.17, r:10.00, omega:9.77, omega_m:10.00, u:137.90, theta1:16.828, theta2:3.109, e:-0.225
t:32.18, r:10.00, omega:9.77, omega_m:10.00, u:137.90, theta1:16.828, theta2:3.109, e:-0.225
t:32.19, r:10.00, omega:9.77, omega_m:10.00, u:137.90, theta1:16.828, theta2:3.108, e:-0.225
t:32.20, r:10.00, omega:9.77, omega_m:10.00, u:137.90, theta1:16.828, theta2:3.108, e:-0.225
t:32.21, r:10.00, omega:9.77, omega_m:10.00, u:137.90, theta1:16.828, theta2:3.108, e:-0.225
t:32.22, r:10.00, omega:8.11, omega_m:10.00, u:143.08, theta1:16.829, theta2:3.107, e:-1.887
t:32.23, r:10.00, omega:8.11, omega_m:10.00, u:143.09, theta1:16.830, theta2:3.107, e:-1.887
t:32.24, r:10.00, omega:8.11, omega_m:10.00, u:143.11, theta1:16.830, theta2:3.106, e:-1.887
t:32.25, r:10.00, omega:8.11, omega_m:10.00, u:143.12, theta1:16.831, theta2:3.105, e:-1.887
t:32.26, r:10.00, omega:8.11, omega_m:10.00, u:143.13, theta1:16.832, theta2:3.104, e:-1.887
t:32.27, r:10.00, omega:8.11, omega_m:10.00, u:143.14, theta1:16.832, theta2:3.103, e:-1.887
t:32.28, r:10.00, omega:8.11, omega_m:10.00, u:143.16, theta1:16.833, theta2:3.102, e:-1.887
t:32.29, r:10.00, omega:8.30, omega_m:10.00, u:142.58, theta1:16.833, theta2:3.102, e:-1.697
t:32.30, r:10.00, omega:8.30, omega_m:10.00, u:142.59, theta1:16.834, theta2:3.101, e:-1.697
t:32.31, r:10.00, omega:8.30, omega_m:10.00, u:142.60, theta1:16.835, theta2:3.100, e:-1.697
t:32.32, r:10.00, omega:8.30, omega_m:10.00, u:142.62, theta1:16.835, theta2:3.099, e:-1.697
t:32.33, r:10.00, omega:8.30, omega_m:10.00, u:142.63, theta1:16.836, theta2:3.099, e:-1.697
t:32.34, r:10.00, omega:8.30, omega_m:10.00, u:142.64, theta1:16.836, theta2:3.098, e:-1.697
t:32.35, r:10.00, omega:8.73, omega_m:10.00, u:141.33, theta1:16.837, theta2:3.097, e:-1.271
t:32.36, r:10.00, omega:8.73, omega_m:10.00, u:141.34, theta1:16.837, theta2:3.097, e:-1.271
t:32.37, r:10.00, omega:8.73, omega_m:10.00, u:141.35, theta1:16.838, theta2:3.096, e:-1.271
t:32.38, r:10.00, omega:8.73, omega_m:10.00, u:141.36, theta1:16.838, theta2:3.096, e:-1.271
t:32.39, r:10.00, omega:8.73, omega_m:10.00, u:141.37, theta1:16.838, theta2:3.095, e:-1.271
t:32.40, r:10.00, omega:8.73, omega_m:10.00, u:141.38, theta1:16.839, theta2:3.094, e:-1.271
t:32.41, r:10.00, omega:8.19, omega_m:10.00, u:143.06, theta1:16.839, theta2:3.094, e:-1.811
t:32.42, r:10.00, omega:8.19, omega_m:10.00, u:143.07, theta1:16.840, theta2:3.093, e:-1.811
t:32.43, r:10.00, omega:8.19, omega_m:10.00, u:143.08, theta1:16.841, theta2:3.092, e:-1.811
t:32.44, r:10.00, omega:8.19, omega_m:10.00, u:143.10, theta1:16.841, theta2:3.091, e:-1.811
t:32.45, r:10.00, omega:8.19, omega_m:10.00, u:143.11, theta1:16.842, theta2:3.090, e:-1.811
t:32.46, r:10.00, omega:8.19, omega_m:10.00, u:143.12, theta1:16.842, theta2:3.090, e:-1.811
t:32.47, r:10.00, omega:9.12, omega_m:10.00, u:140.26, theta1:16.843, theta2:3.089, e:-0.883
t:32.48, r:10.00, omega:9.12, omega_m:10.00, u:140.27, theta1:16.843, theta2:3.089, e:-0.883
t:32.49, r:10.00, omega:9.12, omega_m:10.00, u:140.28, theta1:16.843, theta2:3.088, e:-0.883
t:32.50, r:10.00, omega:9.12, omega_m:10.00, u:140.28, theta1:16.844, theta2:3.088, e:-0.883
t:32.51, r:10.00, omega:9.12, omega_m:10.00, u:140.29, theta1:16.844, theta2:3.087, e:-0.883
t:32.52, r:10.00, omega:9.12, omega_m:10.00, u:140.30, theta1:16.844, theta2:3.087, e:-0.883
t:32.53, r:10.00, omega:8.34, omega_m:10.00, u:142.70, theta1:16.845, theta2:3.086, e:-1.658
t:32.54, r:10.00, omega:8.34, omega_m:10.00, u:142.71, theta1:16.845, theta2:3.086, e:-1.658
t:32.55, r:10.00, omega:8.34, omega_m:10.00, u:142.72, theta1:16.846, theta2:3.085, e:-1.658
t:32.56, r:10.00, omega:8.34, omega_m:10.00, u:142.74, theta1:16.846, theta2:3.084, e:-1.658
t:32.57, r:10.00, omega:8.34, omega_m:10.00, u:142.75, theta1:16.847, theta2:3.083, e:-1.658
t:32.58, r:10.00, omega:8.34, omega_m:10.00, u:142.76, theta1:16.847, theta2:3.083, e:-1.658
t:32.59, r:10.00, omega:8.26, omega_m:10.00, u:143.02, theta1:16.848, theta2:3.082, e:-1.738
t:32.60, r:10.00, omega:8.26, omega_m:10.00, u:143.03, theta1:16.849, theta2:3.081, e:-1.738
t:32.61, r:10.00, omega:8.26, omega_m:10.00, u:143.04, theta1:16.849, theta2:3.080, e:-1.738
t:32.62, r:10.00, omega:8.26, omega_m:10.00, u:143.06, theta1:16.850, theta2:3.079, e:-1.738
t:32.63, r:10.00, omega:8.26, omega_m:10.00, u:143.07, theta1:16.850, theta2:3.079, e:-1.738
t:32.64, r:10.00, omega:8.26, omega_m:10.00, u:143.08, theta1:16.851, theta2:3.078, e:-1.738
t:32.65, r:10.00, omega:8.26, omega_m:10.00, u:143.09, theta1:16.851, theta2:3.077, e:-1.738
t:32.66, r:10.00, omega:8.67, omega_m:10.00, u:141.86, theta1:16.852, theta2:3.077, e:-1.334
t:32.67, r:10.00, omega:8.67, omega_m:10.00, u:141.87, theta1:16.852, theta2:3.076, e:-1.334
t:32.68, r:10.00, omega:8.67, omega_m:10.00, u:141.88, theta1:16.853, theta2:3.075, e:-1.334
t:32.69, r:10.00, omega:8.67, omega_m:10.00, u:141.89, theta1:16.853, theta2:3.075, e:-1.334
t:32.70, r:10.00, omega:8.67, omega_m:10.00, u:141.90, theta1:16.854, theta2:3.074, e:-1.334
t:32.71, r:10.00, omega:9.15, omega_m:10.00, u:140.43, theta1:16.854, theta2:3.074, e:-0.854
t:32.72, r:10.00, omega:9.15, omega_m:10.00, u:140.44, theta1:16.854, theta2:3.073, e:-0.854
t:32.73, r:10.00, omega:9.15, omega_m:10.00, u:140.44, theta1:16.855, theta2:3.073, e:-0.854
t:32.74, r:10.00, omega:9.15, omega_m:10.00, u:140.45, theta1:16.855, theta2:3.072, e:-0.854
t:32.75, r:10.00, omega:9.15, omega_m:10.00, u:140.46, theta1:16.855, theta2:3.072, e:-0.854
t:32.76, r:10.00, omega:9.15, omega_m:10.00, u:140.46, theta1:16.855, theta2:3.072, e:-0.854
t:32.77, r:10.00, omega:9.15, omega_m:10.00, u:140.47, theta1:16.856, theta2:3.071, e:-0.854
t:32.78, r:10.00, omega:7.77, omega_m:10.00, u:144.71, theta1:16.856, theta2:3.070, e:-2.230
t:32.79, r:10.00, omega:7.77, omega_m:10.00, u:144.72, theta1:16.857, theta2:3.069, e:-2.230
t:32.80, r:10.00, omega:7.77, omega_m:10.00, u:144.74, theta1:16.858, theta2:3.068, e:-2.230
t:32.81, r:10.00, omega:7.77, omega_m:10.00, u:144.75, theta1:16.859, theta2:3.067, e:-2.230
t:32.82, r:10.00, omega:7.77, omega_m:10.00, u:144.77, theta1:16.859, theta2:3.066, e:-2.230
t:32.83, r:10.00, omega:7.77, omega_m:10.00, u:144.78, theta1:16.860, theta2:3.066, e:-2.230
t:32.84, r:10.00, omega:9.10, omega_m:10.00, u:140.70, theta1:16.860, theta2:3.065, e:-0.896
t:32.85, r:10.00, omega:9.10, omega_m:10.00, u:140.71, theta1:16.861, theta2:3.065, e:-0.896
t:32.86, r:10.00, omega:9.10, omega_m:10.00, u:140.71, theta1:16.861, theta2:3.064, e:-0.896
t:32.87, r:10.00, omega:9.10, omega_m:10.00, u:140.72, theta1:16.861, theta2:3.064, e:-0.896
t:32.88, r:10.00, omega:9.10, omega_m:10.00, u:140.73, theta1:16.862, theta2:3.063, e:-0.896
t:32.89, r:10.00, omega:9.10, omega_m:10.00, u:140.74, theta1:16.862, theta2:3.063, e:-0.896
t:32.90, r:10.00, omega:8.66, omega_m:10.00, u:142.09, theta1:16.862, theta2:3.062, e:-1.335
t:32.91, r:10.00, omega:8.66, omega_m:10.00, u:142.10, theta1:16.863, theta2:3.062, e:-1.335
t:32.92, r:10.00, omega:8.66, omega_m:10.00, u:142.11, theta1:16.863, theta2:3.061, e:-1.335
t:32.93, r:10.00, omega:8.66, omega_m:10.00, u:142.12, theta1:16.864, theta2:3.060, e:-1.335
t:32.94, r:10.00, omega:8.66, omega_m:10.00, u:142.13, theta1:16.864, theta2:3.060, e:-1.335
t:32.95, r:10.00, omega:8.66, omega_m:10.00, u:142.14, theta1:16.865, theta2:3.059, e:-1.335
t:32.96, r:10.00, omega:8.03, omega_m:10.00, u:144.09, theta1:16.865, theta2:3.058, e:-1.967
t:32.97, r:10.00, omega:8.03, omega_m:10.00, u:144.10, theta1:16.866, theta2:3.058, e:-1.967
t:32.98, r:10.00, omega:8.03, omega_m:10.00, u:144.11, theta1:16.866, theta2:3.057, e:-1.967
t:32.99, r:10.00, omega:8.03, omega_m:10.00, u:144.13, theta1:16.867, theta2:3.056, e:-1.967
t:33.00, r:10.00, omega:8.03, omega_m:10.00, u:144.14, theta1:16.868, theta2:3.055, e:-1.967
t:33.01, r:0.00, omega:8.03, omega_m:3.68, u:0.00, theta1:16.867, theta2:3.057, e:4.354
t:33.02, r:0.00, omega:8.71, omega_m:1.35, u:0.00, theta1:16.866, theta2:3.060, e:7.353
t:33.03, r:0.00, omega:8.71, omega_m:0.50, u:0.00, theta1:16.864, theta2:3.063, e:8.209
t:33.04, r:0.00, omega:8.71, omega_m:0.18, u:0.00, theta1:16.863, theta2:3.066, e:8.523
t:33.05, r:0.00, omega:8.71, omega_m:0.07, u:0.00, theta1:16.862, theta2:3.070, e:8.639
t:33.06, r:0.00, omega:8.71, omega_m:0.02, u:0.00, theta1:16.860, theta2:3.073, e:8.682
t:33.07, r:0.00, omega:8.71, omega_m:0.01, u:0.00, theta1:16.859, theta2:3.077, e:8.698
t:33.08, r:0.00, omega:8.71, omega_m:0.00, u:0.00, theta1:16.857, theta2:3.080, e:8.703
t:33.09, r:0.00, omega:8.71, omega_m:0.00, u:0.00, theta1:16.856, theta2:3.084, e:8.705
t:33.10, r:0.00, omega:8.71, omega_m:0.00, u:0.00, theta1:16.854, theta2:3.087, e:8.706
t:33.11, r:0.00, omega:8.71, omega_m:0.00, u:0.00, theta1:16.853, theta2:3.091, e:8.706
t:33.12, r:0.00, omega:8.71, omega_m:0.00, u:0.00, theta1:16.851, theta2:3.094, e:8.707
t:33.13, r:0.00, omega:8.71, omega_m:0.00, u:0.00, theta1:16.850, theta2:3.098, e:8.707
t:33.14, r:0.00, omega:8.71, omega_m:0.00, u:0.00, theta1:16.848, theta2:3.101, e:8.707
t:33.15, r:0.00, omega:8.71, omega_m:0.00, u:0.00, theta1:16.847, theta2:3.105, e:8.707
t:33.16, r:0.00, omega:8.71, omega_m:0.00, u:0.00, theta1:16.845, theta2:3.109, e:8.707
t:33.17, r:0.00, omega:8.71, omega_m:0.00, u:0.00, theta1:16.844, theta2:3.112, e:8.707
t:33.18, r:0.00, omega:8.71, omega_m:0.00, u:0.00, theta1:16.842, theta2:3.116, e:8.707
t:33.19, r:0.00, omega:8.71, omega_m:0.00, u:0.00, theta1:16.841, theta2:3.119, e:8.707
t:33.20, r:0.00, omega:8.71, omega_m:0.00, u:0.00, theta1:16.840, theta2:3.123, e:8.707
t:33.21, r:0.00, omega:8.71, omega_m:0.00, u:0.00, theta1:16.838, theta2:3.126, e:8.707
t:33.22, r:0.00, omega:8.71, omega_m:0.00, u:0.00, theta1:16.837, theta2:3.130, e:8.707
t:33.23, r:0.00, omega:8.71, omega_m:0.00, u:0.00, theta1:16.835, theta2:3.133, e:8.707
t:33.24, r:0.00, omega:8.71, omega_m:0.00, u:0.00, theta1:16.834, theta2:3.137, e:8.707
t:33.25, r:0.00, omega:8.71, omega_m:0.00, u:0.00, theta1:16.832, theta2:3.140, e:8.707
t:33.26, r:0.00, omega:8.71, omega_m:0.00, u:0.00, theta1:16.831, theta2:3.144, e:8.707
t:33.27, r:0.00, omega:8.71, omega_m:0.00, u:0.00, theta1:16.829, theta2:3.147, e:8.707
t:33.28, r:0.00, omega:8.71, omega_m:0.00, u:0.00, theta1:16.828, theta2:3.151, e:8.707
t:33.29, r:0.00, omega:8.71, omega_m:0.00, u:0.00, theta1:16.826, theta2:3.154, e:8.707
t:33.30, r:0.00, omega:8.71, omega_m:0.00, u:0.00, theta1:16.825, theta2:3.158, e:8.707
t:33.31, r:0.00, omega:8.71, omega_m:0.00, u:0.00, theta1:16.823, theta2:3.161, e:8.707
t:33.32, r:0.00, omega:8.71, omega_m:0.00, u:0.00, theta1:16.822, theta2:3.165, e:8.707
t:33.33, r:0.00, omega:8.71, omega_m:0.00, u:0.00, theta1:16.820, theta2:3.168, e:8.707
t:33.34, r:0.00, omega:8.71, omega_m:0.00, u:0.00, theta1:16.819, theta2:3.172, e:8.707
t:33.35, r:0.00, omega:8.71, omega_m:0.00, u:0.00, theta1:16.818, theta2:3.175, e:8.707
t:33.36, r:0.00, omega:8.71, omega_m:0.00, u:0.00, theta1:16.816, theta2:3.179, e:8.707
t:33.37, r:0.00, omega:8.71, omega_m:0.00, u:0.00, theta1:16.815, theta2:3.182, e:8.707
t:33.38, r:0.00, omega:8.71, omega_m:0.00, u:0.00, theta1:16.813, theta2:3.186, e:8.707
t:33.39, r:0.00, omega:8.71, omega_m:0.00, u:0.00, theta1:16.812, theta2:3.189, e:8.707
t:33.40, r:0.00, omega:8.71, omega_m:0.00, u:0.00, theta1:16.810, theta2:3.193, e:8.707
t:33.41, r:0.00, omega:8.71, omega_m:0.00, u:0.00, theta1:16.809, theta2:3.196, e:8.707
t:33.42, r:0.00, omega:8.71, omega_m:0.00, u:0.00, theta1:16.807, theta2:3.200, e:8.707
t:33.43, r:0.00, omega:8.71, omega_m:0.00, u:0.00, theta1:16.806, theta2:3.203, e:8.707
t:33.44, r:0.00, omega:8.71, omega_m:0.00, u:0.00, theta1:16.804, theta2:3.207, e:8.707
t:33.45, r:0.00, omega:8.71, omega_m:0.00, u:0.00, theta1:16.803, theta2:3.210, e:8.707
t:33.46, r:0.00, omega:8.71, omega_m:0.00, u:0.00, theta1:16.801, theta2:3.214, e:8.707
t:33.47, r:0.00, omega:8.71, omega_m:0.00, u:0.00, theta1:16.800, theta2:3.217, e:8.707
t:33.48, r:0.00, omega:8.71, omega_m:0.00, u:0.00, theta1:16.799, theta2:3.221, e:8.707
t:33.49, r:0.00, omega:8.71, omega_m:0.00, u:0.00, theta1:16.797, theta2:3.225, e:8.707
t:33.50, r:0.00, omega:8.71, omega_m:0.00, u:0.00, theta1:16.796, theta2:3.228, e:8.707
t:33.51, r:0.00, omega:8.71, omega_m:0.00, u:0.00, theta1:16.794, theta2:3.232, e:8.707
t:33.52, r:0.00, omega:0.00, omega_m:0.00, u:0.00, theta1:16.794, theta2:3.232, e:-0.000
t:33.53, r:0.00, omega:0.00, omega_m:0.00, u:0.00, theta1:16.794, theta2:3.232, e:-0.000
t:33.54, r:0.00, omega:0.00, omega_m:0.00, u:0.00, theta1:16.794, theta2:3.232, e:-0.000
t:33.55, r:0.00, omega:0.00, omega_m:0.00, u:0.00, theta1:16.794, theta2:3.232, e:-0.000
t:33.56, r:0.00, omega:0.00, omega_m:0.00, u:0.00, theta1:16.794, theta2:3.232, e:-0.000
t:33.57, r:0.00, omega:0.00, omega_m:0.00, u:0.00, theta1:16.794, theta2:3.232, e:-0.000
t:33.58, r:0.00, omega:0.00, omega_m:0.00, u:0.00, theta1:16.794, theta2:3.232, e:-0.000
t:33.59, r:0.00, omega:0.00, omega_m:0.00, u:0.00, theta1:16.794, theta2:3.232, e:-0.000
t:33.60, r:0.00, omega:0.00, omega_m:0.00, u:0.00, theta1:16.794, theta2:3.232, e:-0.000
t:33.61, r:0.00, omega:0.00, omega_m:0.00, u:0.00, theta1:16.794, theta2:3.232, e:-0.000
t:33.62, r:0.00, omega:0.00, omega_m:0.00, u:0.00, theta1:16.794, theta2:3.232, e:-0.000
t:33.63, r:0.00, omega:0.00, omega_m:0.00, u:0.00, theta1:16.794, theta2:3.232, e:-0.000
t:33.64, r:0.00, omega:0.00, omega_m:0.00, u:0.00, theta1:16.794, theta2:3.232, e:-0.000
t:33.65, r:0.00, omega:0.00, omega_m:0.00, u:0.00, theta1:16.794, theta2:3.232, e:-0.000
t:33.66, r:0.00, omega:0.00, omega_m:0.00, u:0.00, theta1:16.794, theta2:3.232, e:-0.000
t:33.67, r:0.00, omega:0.00, omega_m:0.00, u:0.00, theta1:16.794, theta2:3.232, e:-0.000
t:33.68, r:0.00, omega:0.00, omega_m:0.00, u:0.00, theta1:16.794, theta2:3.232, e:-0.000
t:33.69, r:0.00, omega:0.00, omega_m:0.00, u:0.00, theta1:16.794, theta2:3.232, e:-0.000
t:33.70, r:0.00, omega:0.00, omega_m:0.00, u:0.00, theta1:16.794, theta2:3.232, e:-0.000
t:33.71, r:0.00, omega:0.00, omega_m:0.00, u:0.00, theta1:16.794, theta2:3.232, e:-0.000
t:33.72, r:0.00, omega:0.00, omega_m:0.00, u:0.00, theta1:16.794, theta2:3.232, e:-0.000
t:33.73, r:0.00, omega:0.00, omega_m:0.00, u:0.00, theta1:16.794, theta2:3.232, e:-0.000
t:33.74, r:0.00, omega:0.00, omega_m:0.00, u:0.00, theta1:16.794, theta2:3.232, e:-0.000
t:33.75, r:0.00, omega:0.00, omega_m:0.00, u:0.00, theta1:16.794, theta2:3.232, e:-0.000
t:33.76, r:0.00, omega:0.00, omega_m:0.00, u:0.00, theta1:16.794, theta2:3.232, e:-0.000
t:33.77, r:0.00, omega:0.00, omega_m:0.00, u:0.00, theta1:16.794, theta2:3.232, e:-0.000
t:33.78, r:0.00, omega:0.00, omega_m:0.00, u:0.00, theta1:16.794, theta2:3.232, e:-0.000
t:33.79, r:0.00, omega:0.00, omega_m:0.00, u:0.00, theta1:16.794, theta2:3.232, e:-0.000
t:33.80, r:0.00, omega:0.00, omega_m:0.00, u:0.00, theta1:16.794, theta2:3.232, e:-0.000
t:33.81, r:0.00, omega:0.00, omega_m:0.00, u:0.00, theta1:16.794, theta2:3.232, e:-0.000
t:33.82, r:0.00, omega:0.00, omega_m:0.00, u:0.00, theta1:16.794, theta2:3.232, e:-0.000
t:33.83, r:0.00, omega:0.00, omega_m:0.00, u:0.00, theta1:16.794, theta2:3.232, e:-0.000
t:33.84, r:0.00, omega:0.00, omega_m:0.00, u:0.00, theta1:16.794, theta2:3.232, e:-0.000
t:33.85, r:0.00, omega:0.00, omega_m:0.00, u:0.00, theta1:16.794, theta2:3.232, e:-0.000
t:33.86, r:0.00, omega:0.00, omega_m:0.00, u:0.00, theta1:16.794, theta2:3.232, e:-0.000
t:33.87, r:0.00, omega:0.00, omega_m:0.00, u:0.00, theta1:16.794, theta2:3.232, e:-0.000
t:33.88, r:0.00, omega:0.00, omega_m:0.00, u:0.00, theta1:16.794, theta2:3.232, e:-0.000
t:33.89, r:0.00, omega:0.00, omega_m:0.00, u:0.00, theta1:16.794, theta2:3.232, e:-0.000
t:33.90, r:0.00, omega:0.00, omega_m:0.00, u:0.00, theta1:16.794, theta2:3.232, e:-0.000
t:33.91, r:0.00, omega:0.00, omega_m:0.00, u:0.00, theta1:16.794, theta2:3.232, e:-0.000
t:33.92, r:0.00, omega:0.00, omega_m:0.00, u:0.00, theta1:16.794, theta2:3.232, e:-0.000
t:33.93, r:0.00, omega:0.00, omega_m:0.00, u:0.00, theta1:16.794, theta2:3.232, e:-0.000
t:33.94, r:0.00, omega:0.00, omega_m:0.00, u:0.00, theta1:16.794, theta2:3.232, e:-0.000
t:33.95, r:0.00, omega:0.00, omega_m:0.00, u:0.00, theta1:16.794, theta2:3.232, e:-0.000
t:33.96, r:0.00, omega:0.00, omega_m:0.00, u:0.00, theta1:16.794, theta2:3.232, e:-0.000
t:33.97, r:0.00, omega:0.00, omega_m:0.00, u:0.00, theta1:16.794, theta2:3.232, e:-0.000
t:33.98, r:0.00, omega:0.00, omega_m:0.00, u:0.00, theta1:16.794, theta2:3.232, e:-0.000
t:33.99, r:0.00, omega:0.00, omega_m:0.00, u:0.00, theta1:16.794, theta2:3.232, e:-0.000
t:34.00, r:0.00, omega:0.00, omega_m:0.00, u:0.00, theta1:16.794, theta2:3.232, e:-0.000
t:34.01, r:-10.00, omega:0.00, omega_m:-6.32, u:-167.96, theta1:16.796, theta2:3.231, e:6.321
t:34.02, r:-10.00, omega:0.00, omega_m:-8.65, u:-167.99, theta1:16.799, theta2:3.231, e:8.647
t:34.03, r:-10.00, omega:0.00, omega_m:-9.50, u:-168.02, theta1:16.802, theta2:3.231, e:9.502
t:34.04, r:-10.00, omega:0.00, omega_m:-9.82, u:-168.06, theta1:16.806, theta2:3.230, e:9.817
t:34.05, r:-10.00, omega:0.00, omega_m:-9.93, u:-168.09, theta1:16.809, theta2:3.230, e:9.933
t:34.06, r:-10.00, omega:0.00, omega_m:-9.98, u:-168.12, theta1:16.812, theta2:3.230, e:9.975
t:34.07, r:-10.00, omega:-0.50, omega_m:-9.99, u:-166.54, theta1:16.815, theta2:3.229, e:9.492
t:34.08, r:-10.00, omega:-0.50, omega_m:-10.00, u:-166.57, theta1:16.818, theta2:3.229, e:9.498
t:34.09, r:-10.00, omega:-0.50, omega_m:-10.00, u:-166.60, theta1:16.822, theta2:3.228, e:9.500
t:34.10, r:-10.00, omega:-0.50, omega_m:-10.00, u:-166.64, theta1:16.825, theta2:3.228, e:9.500
t:34.11, r:-10.00, omega:-0.50, omega_m:-10.00, u:-166.67, theta1:16.828, theta2:3.227, e:9.501
t:34.12, r:-10.00, omega:-10.25, omega_m:-10.00, u:-135.19, theta1:16.828, theta2:3.227, e:-0.252
t:34.13, r:-10.00, omega:-10.25, omega_m:-10.00, u:-135.19, theta1:16.828, theta2:3.227, e:-0.252
t:34.14, r:-10.00, omega:-10.25, omega_m:-10.00, u:-135.19, theta1:16.827, theta2:3.227, e:-0.252
t:34.15, r:-10.00, omega:-10.25, omega_m:-10.00, u:-135.18, theta1:16.827, theta2:3.228, e:-0.252
t:34.16, r:-10.00, omega:-10.25, omega_m:-10.00, u:-135.18, theta1:16.827, theta2:3.228, e:-0.252
t:34.17, r:-10.00, omega:-10.25, omega_m:-10.00, u:-135.18, theta1:16.827, theta2:3.228, e:-0.252
t:34.18, r:-10.00, omega:-9.85, omega_m:-10.00, u:-136.48, theta1:16.827, theta2:3.228, e:0.152
t:34.19, r:-10.00, omega:-9.85, omega_m:-10.00, u:-136.48, theta1:16.827, theta2:3.228, e:0.152
t:34.20, r:-10.00, omega:-9.85, omega_m:-10.00, u:-136.48, theta1:16.827, theta2:3.228, e:0.152
t:34.21, r:-10.00, omega:-9.85, omega_m:-10.00, u:-136.49, theta1:16.827, theta2:3.227, e:0.152
t:34.22, r:-10.00, omega:-9.85, omega_m:-10.00, u:-136.49, theta1:16.827, theta2:3.227, e:0.152
t:34.23, r:-10.00, omega:-9.85, omega_m:-10.00, u:-136.49, theta1:16.827, theta2:3.227, e:0.152
t:34.24, r:-10.00, omega:-8.14, omega_m:-10.00, u:-142.02, theta1:16.828, theta2:3.227, e:1.860
t:34.25, r:-10.00, omega:-8.14, omega_m:-10.00, u:-142.03, theta1:16.828, theta2:3.226, e:1.860
t:34.26, r:-10.00, omega:-8.14, omega_m:-10.00, u:-142.04, theta1:16.829, theta2:3.225, e:1.860
t:34.27, r:-10.00, omega:-8.14, omega_m:-10.00, u:-142.05, theta1:16.830, theta2:3.224, e:1.860
t:34.28, r:-10.00, omega:-8.14, omega_m:-10.00, u:-142.07, theta1:16.830, theta2:3.223, e:1.860
t:34.29, r:-10.00, omega:-8.14, omega_m:-10.00, u:-142.08, theta1:16.831, theta2:3.222, e:1.860
t:34.30, r:-10.00, omega:-8.52, omega_m:-10.00, u:-140.88, theta1:16.831, theta2:3.222, e:1.484
t:34.31, r:-10.00, omega:-8.52, omega_m:-10.00, u:-140.89, theta1:16.832, theta2:3.221, e:1.484
t:34.32, r:-10.00, omega:-8.52, omega_m:-10.00, u:-140.90, theta1:16.832, theta2:3.220, e:1.484
t:34.33, r:-10.00, omega:-8.52, omega_m:-10.00, u:-140.91, theta1:16.833, theta2:3.220, e:1.484
t:34.34, r:-10.00, omega:-8.52, omega_m:-10.00, u:-140.92, theta1:16.833, theta2:3.219, e:1.484
t:34.35, r:-10.00, omega:-8.52, omega_m:-10.00, u:-140.93, theta1:16.834, theta2:3.218, e:1.484
t:34.36, r:-10.00, omega:-8.66, omega_m:-10.00, u:-140.49, theta1:16.834, theta2:3.218, e:1.343
t:34.37, r:-10.00, omega:-8.66, omega_m:-10.00, u:-140.50, theta1:16.835, theta2:3.217, e:1.343
t:34.38, r:-10.00, omega:-8.66, omega_m:-10.00, u:-140.51, theta1:16.835, theta2:3.216, e:1.343
t:34.39, r:-10.00, omega:-8.66, omega_m:-10.00, u:-140.52, theta1:16.836, theta2:3.216, e:1.343
t:34.40, r:-10.00, omega:-8.66, omega_m:-10.00, u:-140.53, theta1:16.836, theta2:3.215, e:1.343
t:34.41, r:-10.00, omega:-8.66, omega_m:-10.00, u:-140.54, theta1:16.837, theta2:3.215, e:1.343
t:34.42, r:-10.00, omega:-9.00, omega_m:-10.00, u:-139.46, theta1:16.837, theta2:3.214, e:1.005
t:34.43, r:-10.00, omega:-9.00, omega_m:-10.00, u:-139.46, theta1:16.837, theta2:3.214, e:1.005
t:34.44, r:-10.00, omega:-9.00, omega_m:-10.00, u:-139.47, theta1:16.838, theta2:3.213, e:1.005
t:34.45, r:-10.00, omega:-9.00, omega_m:-10.00, u:-139.48, theta1:16.838, theta2:3.213, e:1.005
t:34.46, r:-10.00, omega:-9.00, omega_m:-10.00, u:-139.49, theta1:16.838, theta2:3.212, e:1.005
t:34.47, r:-10.00, omega:-9.00, omega_m:-10.00, u:-139.50, theta1:16.839, theta2:3.212, e:1.005
t:34.48, r:-10.00, omega:-8.83, omega_m:-10.00, u:-140.05, theta1:16.839, theta2:3.211, e:1.174
t:34.49, r:-10.00, omega:-8.83, omega_m:-10.00, u:-140.06, theta1:16.839, theta2:3.211, e:1.174
t:34.50, r:-10.00, omega:-8.83, omega_m:-10.00, u:-140.07, theta1:16.840, theta2:3.210, e:1.174
t:34.51, r:-10.00, omega:-8.83, omega_m:-10.00, u:-140.08, theta1:16.840, theta2:3.209, e:1.174
t:34.52, r:-10.00, omega:-8.83, omega_m:-10.00, u:-140.08, theta1:16.840, theta2:3.209, e:1.174
t:34.53, r:-10.00, omega:-8.83, omega_m:-10.00, u:-140.09, theta1:16.841, theta2:3.208, e:1.174
t:34.54, r:-10.00, omega:-8.58, omega_m:-10.00, u:-140.88, theta1:16.841, theta2:3.208, e:1.415
t:34.55, r:-10.00, omega:-8.58, omega_m:-10.00, u:-140.89, theta1:16.842, theta2:3.207, e:1.415
t:34.56, r:-10.00, omega:-8.58, omega_m:-10.00, u:-140.90, theta1:16.842, theta2:3.206, e:1.415
t:34.57, r:-10.00, omega:-8.58, omega_m:-10.00, u:-140.91, theta1:16.843, theta2:3.206, e:1.415
t:34.58, r:-10.00, omega:-8.58, omega_m:-10.00, u:-140.92, theta1:16.843, theta2:3.205, e:1.415
t:34.59, r:-10.00, omega:-8.58, omega_m:-10.00, u:-140.93, theta1:16.844, theta2:3.204, e:1.415
t:34.60, r:-10.00, omega:-8.90, omega_m:-10.00, u:-139.91, theta1:16.844, theta2:3.204, e:1.096
t:34.61, r:-10.00, omega:-8.90, omega_m:-10.00, u:-139.92, theta1:16.844, theta2:3.203, e:1.096
t:34.62, r:-10.00, omega:-8.90, omega_m:-10.00, u:-139.93, theta1:16.845, theta2:3.203, e:1.096
t:34.63, r:-10.00, omega:-8.90, omega_m:-10.00, u:-139.94, theta1:16.845, theta2:3.202, e:1.096
t:34.64, r:-10.00, omega:-8.90, omega_m:-10.00, u:-139.95, theta1:16.845, theta2:3.202, e:1.096
t:34.65, r:-10.00, omega:-8.90, omega_m:-10.00, u:-139.95, theta1:16.846, theta2:3.201, e:1.096
t:34.66, r:-10.00, omega:-9.25, omega_m:-10.00, u:-138.84, theta1:16.846, theta2:3.201, e:0.745
t:34.67, r:-10.00, omega:-9.25, omega_m:-10.00, u:-138.84, theta1:16.846, theta2:3.201, e:0.745
t:34.68, r:-10.00, omega:-9.25, omega_m:-10.00, u:-138.85, theta1:16.847, theta2:3.200, e:0.745
t:34.69, r:-10.00, omega:-9.25, omega_m:-10.00, u:-138.86, theta1:16.847, theta2:3.200, e:0.745
t:34.70, r:-10.00, omega:-9.25, omega_m:-10.00, u:-138.86, theta1:16.847, theta2:3.199, e:0.745
t:34.71, r:-10.00, omega:-9.25, omega_m:-10.00, u:-138.87, theta1:16.847, theta2:3.199, e:0.745
t:34.72, r:-10.00, omega:-8.27, omega_m:-10.00, u:-142.03, theta1:16.848, theta2:3.198, e:1.729
t:34.73, r:-10.00, omega:-8.27, omega_m:-10.00, u:-142.04, theta1:16.848, theta2:3.198, e:1.729
t:34.74, r:-10.00, omega:-8.27, omega_m:-10.00, u:-142.05, theta1:16.849, theta2:3.197, e:1.729
t:34.75, r:-10.00, omega:-8.27, omega_m:-10.00, u:-142.06, theta1:16.850, theta2:3.196, e:1.729
t:34.76, r:-10.00, omega:-8.27, omega_m:-10.00, u:-142.07, theta1:16.850, theta2:3.195, e:1.729
t:34.77, r:-10.00, omega:-8.27, omega_m:-10.00, u:-142.09, theta1:16.851, theta2:3.194, e:1.729
t:34.78, r:-10.00, omega:-8.62, omega_m:-10.00, u:-140.97, theta1:16.851, theta2:3.194, e:1.375
t:34.79, r:-10.00, omega:-8.62, omega_m:-10.00, u:-140.98, theta1:16.852, theta2:3.193, e:1.375
t:34.80, r:-10.00, omega:-8.62, omega_m:-10.00, u:-140.99, theta1:16.852, theta2:3.193, e:1.375
t:34.81, r:-10.00, omega:-8.62, omega_m:-10.00, u:-141.00, theta1:16.853, theta2:3.192, e:1.375
t:34.82, r:-10.00, omega:-8.62, omega_m:-10.00, u:-141.01, theta1:16.853, theta2:3.191, e:1.375
t:34.83, r:-10.00, omega:-8.62, omega_m:-10.00, u:-141.02, theta1:16.854, theta2:3.191, e:1.375
t:34.84, r:-10.00, omega:-8.98, omega_m:-10.00, u:-139.90, theta1:16.854, theta2:3.190, e:1.021
t:34.85, r:-10.00, omega:-8.98, omega_m:-10.00, u:-139.90, theta1:16.854, theta2:3.190, e:1.021
t:34.86, r:-10.00, omega:-8.98, omega_m:-10.00, u:-139.91, theta1:16.855, theta2:3.189, e:1.021
t:34.87, r:-10.00, omega:-8.98, omega_m:-10.00, u:-139.92, theta1:16.855, theta2:3.189, e:1.021
t:34.88, r:-10.00, omega:-8.98, omega_m:-10.00, u:-139.93, theta1:16.855, theta2:3.188, e:1.021
t:34.89, r:-10.00, omega:-8.98, omega_m:-10.00, u:-139.93, theta1:16.856, theta2:3.188, e:1.021
t:34.90, r:-10.00, omega:-8.28, omega_m:-10.00, u:-142.16, theta1:16.856, theta2:3.187, e:1.715
t:34.91, r:-10.00, omega:-8.28, omega_m:-10.00, u:-142.17, theta1:16.857, theta2:3.186, e:1.715
t:34.92, r:-10.00, omega:-8.28, omega_m:-10.00, u:-142.18, theta1:16.857, theta2:3.185, e:1.715
t:34.93, r:-10.00, omega:-8.28, omega_m:-10.00, u:-142.19, theta1:16.858, theta2:3.185, e:1.715
t:34.94, r:-10.00, omega:-8.28, omega_m:-10.00, u:-142.21, theta1:16.858, theta2:3.184, e:1.715
t:34.95, r:-10.00, omega:-8.28, omega_m:-10.00, u:-142.22, theta1:16.859, theta2:3.183, e:1.715
t:34.96, r:-10.00, omega:-8.82, omega_m:-10.00, u:-140.52, theta1:16.859, theta2:3.183, e:1.180
t:34.97, r:-10.00, omega:-8.82, omega_m:-10.00, u:-140.53, theta1:16.860, theta2:3.182, e:1.180
t:34.98, r:-10.00, omega:-8.82, omega_m:-10.00, u:-140.54, theta1:16.860, theta2:3.181, e:1.180
t:34.99, r:-10.00, omega:-8.82, omega_m:-10.00, u:-140.55, theta1:16.861, theta2:3.181, e:1.180
t:35.00, r:-10.00, omega:-8.82, omega_m:-10.00, u:-140.56, theta1:16.861, theta2:3.180, e:1.180
t:35.01, r:0.00, omega:-8.82, omega_m:-3.68, u:0.00, theta1:16.860, theta2:3.182, e:-5.141
t:35.02, r:0.00, omega:-8.80, omega_m:-1.35, u:0.00, theta1:16.859, theta2:3.185, e:-7.445
t:35.03, r:0.00, omega:-8.80, omega_m:-0.50, u:0.00, theta1:16.857, theta2:3.189, e:-8.301
t:35.04, r:0.00, omega:-8.80, omega_m:-0.18, u:0.00, theta1:16.856, theta2:3.192, e:-8.615
t:35.05, r:0.00, omega:-8.80, omega_m:-0.07, u:0.00, theta1:16.854, theta2:3.196, e:-8.731
t:35.06, r:0.00, omega:-8.80, omega_m:-0.02, u:0.00, theta1:16.853, theta2:3.200, e:-8.774
t:35.07, r:0.00, omega:-8.80, omega_m:-0.01, u:0.00, theta1:16.851, theta2:3.203, e:-8.790
t:35.08, r:0.00, omega:-8.80, omega_m:-0.00, u:0.00, theta1:16.850, theta2:3.207, e:-8.795
t:35.09, r:0.00, omega:-8.80, omega_m:-0.00, u:0.00, theta1:16.849, theta2:3.210, e:-8.797
t:35.10, r:0.00, omega:-8.80, omega_m:-0.00, u:0.00, theta1:16.847, theta2:3.214, e:-8.798
t:35.11, r:0.00, omega:-8.80, omega_m:-0.00, u:0.00, theta1:16.846, theta2:3.217, e:-8.798
t:35.12, r:0.00, omega:-8.80, omega_m:-0.00, u:0.00, theta1:16.844, theta2:3.221, e:-8.799
t:35.13, r:0.00, omega:-8.80, omega_m:-0.00, u:0.00, theta1:16.843, theta2:3.225, e:-8.799
t:35.14, r:0.00, omega:-8.80, omega_m:-0.00, u:0.00, theta1:16.841, theta2:3.228, e:-8.799
t:35.15, r:0.00, omega:-8.80, omega_m:-0.00, u:0.00, theta1:16.840, theta2:3.232, e:-8.799
t:35.16, r:0.00, omega:-8.80, omega_m:-0.00, u:0.00, theta1:16.838, theta2:3.235, e:-8.799
t:35.17, r:0.00, omega:-8.80, omega_m:-0.00, u:0.00, theta1:16.837, theta2:3.239, e:-8.799
t:35.18, r:0.00, omega:-8.80, omega_m:-0.00, u:0.00, theta1:16.835, theta2:3.243, e:-8.799
t:35.19, r:0.00, omega:-8.80, omega_m:-0.00, u:0.00, theta1:16.834, theta2:3.246, e:-8.799
t:35.20, r:0.00, omega:-8.80, omega_m:-0.00, u:0.00, theta1:16.832, theta2:3.250, e:-8.799
t:35.21, r:0.00, omega:-8.80, omega_m:-0.00, u:0.00, theta1:16.831, theta2:3.253, e:-8.799
t:35.22, r:0.00, omega:-8.80, omega_m:-0.00, u:0.00, theta1:16.829, theta2:3.257, e:-8.799
t:35.23, r:0.00, omega:-8.80, omega_m:-0.00, u:0.00, theta1:16.828, theta2:3.260, e:-8.799
t:35.24, r:0.00, omega:-8.80, omega_m:-0.00, u:0.00, theta1:16.826, theta2:3.264, e:-8.799
t:35.25, r:0.00, omega:-8.80, omega_m:-0.00, u:0.00, theta1:16.825, theta2:3.268, e:-8.799
t:35.26, r:0.00, omega:-8.80, omega_m:-0.00, u:0.00, theta1:16.823, theta2:3.271, e:-8.799
t:35.27, r:0.00, omega:-8.80, omega_m:-0.00, u:0.00, theta1:16.822, theta2:3.275, e:-8.799
t:35.28, r:0.00, omega:-8.80, omega_m:-0.00, u:0.00, theta1:16.820, theta2:3.278, e:-8.799
t:35.29, r:0.00, omega:-8.80, omega_m:-0.00, u:0.00, theta1:16.819, theta2:3.282, e:-8.799
t:35.30, r:0.00, omega:-8.80, omega_m:-0.00, u:0.00, theta1:16.817, theta2:3.286, e:-8.799
t:35.31, r:0.00, omega:-8.80, omega_m:-0.00, u:0.00, theta1:16.816, theta2:3.289, e:-8.799
t:35.32, r:0.00, omega:-8.80, omega_m:-0.00, u:0.00, theta1:16.814, theta2:3.293, e:-8.799
t:35.33, r:0.00, omega:-8.80, omega_m:-0.00, u:0.00, theta1:16.813, theta2:3.296, e:-8.799
t:35.34, r:0.00, omega:-8.80, omega_m:-0.00, u:0.00, theta1:16.812, theta2:3.300, e:-8.799
t:35.35, r:0.00, omega:-8.80, omega_m:-0.00, u:0.00, theta1:16.810, theta2:3.303, e:-8.799
t:35.36, r:0.00, omega:-8.80, omega_m:-0.00, u:0.00, theta1:16.809, theta2:3.307, e:-8.799
t:35.37, r:0.00, omega:-8.80, omega_m:-0.00, u:0.00, theta1:16.807, theta2:3.311, e:-8.799
t:35.38, r:0.00, omega:-8.80, omega_m:-0.00, u:0.00, theta1:16.806, theta2:3.314, e:-8.799
t:35.39, r:0.00, omega:-8.80, omega_m:-0.00, u:0.00, theta1:16.804, theta2:3.318, e:-8.799
t:35.40, r:0.00, omega:-8.80, omega_m:-0.00, u:0.00, theta1:16.803, theta2:3.321, e:-8.799
t:35.41, r:0.00, omega:-8.80, omega_m:-0.00, u:0.00, theta1:16.801, theta2:3.325, e:-8.799
t:35.42, r:0.00, omega:-8.80, omega_m:-0.00, u:0.00, theta1:16.800, theta2:3.329, e:-8.799
t:35.43, r:0.00, omega:-8.80, omega_m:-0.00, u:0.00, theta1:16.798, theta2:3.332, e:-8.799
t:35.44, r:0.00, omega:-8.80, omega_m:-0.00, u:0.00, theta1:16.797, theta2:3.336, e:-8.799
t:35.45, r:0.00, omega:-8.80, omega_m:-0.00, u:0.00, theta1:16.795, theta2:3.339, e:-8.799
t:35.46, r:0.00, omega:-8.80, omega_m:-0.00, u:0.00, theta1:16.794, theta2:3.343, e:-8.799
t:35.47, r:0.00, omega:-8.80, omega_m:-0.00, u:0.00, theta1:16.792, theta2:3.346, e:-8.799
t:35.48, r:0.00, omega:-8.80, omega_m:-0.00, u:0.00, theta1:16.791, theta2:3.350, e:-8.799
t:35.49, r:0.00, omega:-8.80, omega_m:-0.00, u:0.00, theta1:16.789, theta2:3.354, e:-8.799
t:35.50, r:0.00, omega:-8.80, omega_m:-0.00, u:0.00, theta1:16.788, theta2:3.357, e:-8.799
t:35.51, r:0.00, omega:-8.80, omega_m:-0.00, u:0.00, theta1:16.786, theta2:3.361, e:-8.799
t:35.52, r:0.00, omega:0.00, omega_m:-0.00, u:0.00, theta1:16.786, theta2:3.361, e:0.000
t:35.53, r:0.00, omega:0.00, omega_m:-0.00, u:0.00, theta1:16.786, theta2:3.361, e:0.000
t:35.54, r:0.00, omega:0.00, omega_m:-0.00, u:0.00, theta1:16.786, theta2:3.361, e:0.000
t:35.55, r:0.00, omega:0.00, omega_m:-0.00, u:0.00, theta1:16.786, theta2:3.361, e:0.000
t:35.56, r:0.00, omega:0.00, omega_m:-0.00, u:0.00, theta1:16.786, theta2:3.361, e:0.000
t:35.57, r:0.00, omega:0.00, omega_m:-0.00, u:0.00, theta1:16.786, theta2:3.361, e:0.000
t:35.58, r:0.00, omega:0.00, omega_m:-0.00, u:0.00, theta1:16.786, theta2:3.361, e:0.000
t:35.59, r:0.00, omega:0.00, omega_m:-0.00, u:0.00, theta1:16.786, theta2:3.361, e:0.000
t:35.60, r:0.00, omega:0.00, omega_m:-0.00, u:0.00, theta1:16.786, theta2:3.361, e:0.000
t:35.61, r:0.00, omega:0.00, omega_m:-0.00, u:0.00, theta1:16.786, theta2:3.361, e:0.000
t:35.62, r:0.00, omega:0.00, omega_m:-0.00, u:0.00, theta1:16.786, theta2:3.361, e:0.000
t:35.63, r:0.00, omega:0.00, omega_m:-0.00, u:0.00, theta1:16.786, theta2:3.361, e:0.000
t:35.64, r:0.00, omega:0.00, omega_m:-0.00, u:0.00, theta1:16.786, theta2:3.361, e:0.000
t:35.65, r:0.00, omega:0.00, omega_m:-0.00, u:0.00, theta1:16.786, theta2:3.361, e:0.000
t:35.66, r:0.00, omega:0.00, omega_m:-0.00, u:0.00, theta1:16.786, theta2:3.361, e:0.000
t:35.67, r:0.00, omega:0.00, omega_m:-0.00, u:0.00, theta1:16.786, theta2:3.361, e:0.000
t:35.68, r:0.00, omega:0.00, omega_m:-0.00, u:0.00, theta1:16.786, theta2:3.361, e:0.000
t:35.69, r:0.00, omega:0.00, omega_m:-0.00, u:0.00, theta1:16.786, theta2:3.361, e:0.000
t:35.70, r:0.00, omega:0.00, omega_m:-0.00, u:0.00, theta1:16.786, theta2:3.361, e:0.000
t:35.71, r:0.00, omega:0.00, omega_m:-0.00, u:0.00, theta1:16.786, theta2:3.361, e:0.000
t:35.72, r:0.00, omega:0.00, omega_m:-0.00, u:0.00, theta1:16.786, theta2:3.361, e:0.000
t:35.73, r:0.00, omega:0.00, omega_m:-0.00, u:0.00, theta1:16.786, theta2:3.361, e:0.000
t:35.74, r:0.00, omega:0.00, omega_m:-0.00, u:0.00, theta1:16.786, theta2:3.361, e:0.000
t:35.75, r:0.00, omega:0.00, omega_m:-0.00, u:0.00, theta1:16.786, theta2:3.361, e:0.000
t:35.76, r:0.00, omega:0.00, omega_m:-0.00, u:0.00, theta1:16.786, theta2:3.361, e:0.000
t:35.77, r:0.00, omega:0.00, omega_m:-0.00, u:0.00, theta1:16.786, theta2:3.361, e:0.000
t:35.78, r:0.00, omega:0.00, omega_m:-0.00, u:0.00, theta1:16.786, theta2:3.361, e:0.000
t:35.79, r:0.00, omega:0.00, omega_m:-0.00, u:0.00, theta1:16.786, theta2:3.361, e:0.000
t:35.80, r:0.00, omega:0.00, omega_m:-0.00, u:0.00, theta1:16.786, theta2:3.361, e:0.000
t:35.81, r:0.00, omega:0.00, omega_m:-0.00, u:0.00, theta1:16.786, theta2:3.361, e:0.000
t:35.82, r:0.00, omega:0.00, omega_m:-0.00, u:0.00, theta1:16.786, theta2:3.361, e:0.000
t:35.83, r:0.00, omega:0.00, omega_m:-0.00, u:0.00, theta1:16.786, theta2:3.361, e:0.000
t:35.84, r:0.00, omega:0.00, omega_m:-0.00, u:0.00, theta1:16.786, theta2:3.361, e:0.000
t:35.85, r:0.00, omega:0.00, omega_m:-0.00, u:0.00, theta1:16.786, theta2:3.361, e:0.000
t:35.86, r:0.00, omega:0.00, omega_m:-0.00, u:0.00, theta1:16.786, theta2:3.361, e:0.000
t:35.87, r:0.00, omega:0.00, omega_m:-0.00, u:0.00, theta1:16.786, theta2:3.361, e:0.000
t:35.88, r:0.00, omega:0.00, omega_m:-0.00, u:0.00, theta1:16.786, theta2:3.361, e:0.000
t:35.89, r:0.00, omega:0.00, omega_m:-0.00, u:0.00, theta1:16.786, theta2:3.361, e:0.000
t:35.90, r:0.00, omega:0.00, omega_m:-0.00, u:0.00, theta1:16.786, theta2:3.361, e:0.000
t:35.91, r:0.00, omega:0.00, omega_m:-0.00, u:0.00, theta1:16.786, theta2:3.361, e:0.000
t:35.92, r:0.00, omega:0.00, omega_m:-0.00, u:0.00, theta1:16.786, theta2:3.361, e:0.000
t:35.93, r:0.00, omega:0.00, omega_m:-0.00, u:0.00, theta1:16.786, theta2:3.361, e:0.000
t:35.94, r:0.00, omega:0.00, omega_m:-0.00, u:0.00, theta1:16.786, theta2:3.361, e:0.000
t:35.95, r:0.00, omega:0.00, omega_m:-0.00, u:0.00, theta1:16.786, theta2:3.361, e:0.000
t:35.96, r:0.00, omega:0.00, omega_m:-0.00, u:0.00, theta1:16.786, theta2:3.361, e:0.000
t:35.97, r:0.00, omega:0.00, omega_m:-0.00, u:0.00, theta1:16.786, theta2:3.361, e:0.000
t:35.98, r:0.00, omega:0.00, omega_m:-0.00, u:0.00, theta1:16.786, theta2:3.361, e:0.000
t:35.99, r:0.00, omega:0.00, omega_m:-0.00, u:0.00, theta1:16.786, theta2:3.361, e:0.000
t:36.00, r:0.00, omega:0.00, omega_m:-0.00, u:0.00, theta1:16.786, theta2:3.361, e:0.000
t:36.01, r:10.00, omega:0.00, omega_m:6.32, u:167.88, theta1:16.788, theta2:3.360, e:-6.321
t:36.02, r:10.00, omega:0.00, omega_m:8.65, u:167.91, theta1:16.791, theta2:3.360, e:-8.647
t:36.03, r:10.00, omega:0.00, omega_m:9.50, u:167.95, theta1:16.795, theta2:3.360, e:-9.502
t:36.04, r:10.00, omega:0.00, omega_m:9.82, u:167.98, theta1:16.798, theta2:3.360, e:-9.817
t:36.05, r:10.00, omega:0.00, omega_m:9.93, u:168.01, theta1:16.801, theta2:3.359, e:-9.933
t:36.06, r:10.00, omega:0.00, omega_m:9.98, u:168.04, theta1:16.804, theta2:3.359, e:-9.975
t:36.07, r:10.00, omega:0.00, omega_m:9.99, u:168.08, theta1:16.808, theta2:3.359, e:-9.991
t:36.08, r:10.00, omega:0.50, omega_m:10.00, u:166.44, theta1:16.811, theta2:3.358, e:-9.501
t:36.09, r:10.00, omega:0.50, omega_m:10.00, u:166.48, theta1:16.814, theta2:3.357, e:-9.503
t:36.10, r:10.00, omega:0.50, omega_m:10.00, u:166.51, theta1:16.817, theta2:3.357, e:-9.504
t:36.11, r:10.00, omega:0.50, omega_m:10.00, u:166.54, theta1:16.820, theta2:3.356, e:-9.504
t:36.12, r:10.00, omega:0.50, omega_m:10.00, u:166.57, theta1:16.823, theta2:3.356, e:-9.504
t:36.13, r:10.00, omega:10.07, omega_m:10.00, u:134.43, theta1:16.823, theta2:3.356, e:0.074
t:36.14, r:10.00, omega:10.07, omega_m:10.00, u:134.43, theta1:16.823, theta2:3.356, e:0.074
t:36.15, r:10.00, omega:10.07, omega_m:10.00, u:134.43, theta1:16.823, theta2:3.356, e:0.074
t:36.16, r:10.00, omega:10.07, omega_m:10.00, u:134.43, theta1:16.823, theta2:3.356, e:0.074
t:36.17, r:10.00, omega:10.07, omega_m:10.00, u:134.43, theta1:16.823, theta2:3.356, e:0.074
t:36.18, r:10.00, omega:9.55, omega_m:10.00, u:136.17, theta1:16.823, theta2:3.356, e:-0.446
t:36.19, r:10.00, omega:9.55, omega_m:10.00, u:136.18, theta1:16.824, theta2:3.355, e:-0.446
t:36.20, r:10.00, omega:9.55, omega_m:10.00, u:136.18, theta1:16.824, theta2:3.355, e:-0.446
t:36.21, r:10.00, omega:9.55, omega_m:10.00, u:136.18, theta1:16.824, theta2:3.355, e:-0.446
t:36.22, r:10.00, omega:9.55, omega_m:10.00, u:136.19, theta1:16.824, theta2:3.355, e:-0.446
t:36.23, r:10.00, omega:9.55, omega_m:10.00, u:136.19, theta1:16.824, theta2:3.355, e:-0.446
t:36.24, r:10.00, omega:9.55, omega_m:10.00, u:136.19, theta1:16.824, theta2:3.354, e:-0.446
t:36.25, r:10.00, omega:7.66, omega_m:10.00, u:142.55, theta1:16.825, theta2:3.353, e:-2.337
t:36.26, r:10.00, omega:7.66, omega_m:10.00, u:142.57, theta1:16.826, theta2:3.352, e:-2.337
t:36.27, r:10.00, omega:7.66, omega_m:10.00, u:142.58, theta1:16.827, theta2:3.351, e:-2.337
t:36.28, r:10.00, omega:7.66, omega_m:10.00, u:142.60, theta1:16.827, theta2:3.350, e:-2.337
t:36.29, r:10.00, omega:7.66, omega_m:10.00, u:142.61, theta1:16.828, theta2:3.349, e:-2.337
t:36.30, r:10.00, omega:7.66, omega_m:10.00, u:142.63, theta1:16.829, theta2:3.349, e:-2.337
t:36.31, r:10.00, omega:8.42, omega_m:10.00, u:140.12, theta1:16.829, theta2:3.348, e:-1.585
t:36.32, r:10.00, omega:8.42, omega_m:10.00, u:140.13, theta1:16.830, theta2:3.347, e:-1.585
t:36.33, r:10.00, omega:8.42, omega_m:10.00, u:140.15, theta1:16.830, theta2:3.346, e:-1.585
t:36.34, r:10.00, omega:8.42, omega_m:10.00, u:140.16, theta1:16.831, theta2:3.346, e:-1.585
t:36.35, r:10.00, omega:8.42, omega_m:10.00, u:140.17, theta1:16.832, theta2:3.345, e:-1.585
t:36.36, r:10.00, omega:8.42, omega_m:10.00, u:140.18, theta1:16.832, theta2:3.344, e:-1.585
t:36.37, r:10.00, omega:8.42, omega_m:10.00, u:140.19, theta1:16.833, theta2:3.343, e:-1.585
t:36.38, r:10.00, omega:8.28, omega_m:10.00, u:140.66, theta1:16.833, theta2:3.343, e:-1.722
t:36.39, r:10.00, omega:8.28, omega_m:10.00, u:140.67, theta1:16.834, theta2:3.342, e:-1.722
t:36.40, r:10.00, omega:8.28, omega_m:10.00, u:140.68, theta1:16.834, theta2:3.341, e:-1.722
t:36.41, r:10.00, omega:8.28, omega_m:10.00, u:140.70, theta1:16.835, theta2:3.340, e:-1.722
t:36.42, r:10.00, omega:8.28, omega_m:10.00, u:140.71, theta1:16.835, theta2:3.340, e:-1.722
t:36.43, r:10.00, omega:8.28, omega_m:10.00, u:140.72, theta1:16.836, theta2:3.339, e:-1.722
t:36.44, r:10.00, omega:8.46, omega_m:10.00, u:140.11, theta1:16.837, theta2:3.338, e:-1.536
t:36.45, r:10.00, omega:8.46, omega_m:10.00, u:140.12, theta1:16.837, theta2:3.337, e:-1.536
t:36.46, r:10.00, omega:8.46, omega_m:10.00, u:140.13, theta1:16.838, theta2:3.337, e:-1.536
t:36.47, r:10.00, omega:8.46, omega_m:10.00, u:140.14, theta1:16.838, theta2:3.336, e:-1.536
t:36.48, r:10.00, omega:8.46, omega_m:10.00, u:140.16, theta1:16.839, theta2:3.335, e:-1.536
t:36.49, r:10.00, omega:8.46, omega_m:10.00, u:140.17, theta1:16.839, theta2:3.335, e:-1.536
t:36.50, r:10.00, omega:8.32, omega_m:10.00, u:140.66, theta1:16.840, theta2:3.334, e:-1.679
t:36.51, r:10.00, omega:8.32, omega_m:10.00, u:140.67, theta1:16.840, theta2:3.333, e:-1.679
t:36.52, r:10.00, omega:8.32, omega_m:10.00, u:140.68, theta1:16.841, theta2:3.332, e:-1.679
t:36.53, r:10.00, omega:8.32, omega_m:10.00, u:140.69, theta1:16.841, theta2:3.332, e:-1.679
t:36.54, r:10.00, omega:8.32, omega_m:10.00, u:140.70, theta1:16.842, theta2:3.331, e:-1.679
t:36.55, r:10.00, omega:8.32, omega_m:10.00, u:140.71, theta1:16.842, theta2:3.330, e:-1.679
t:36.56, r:10.00, omega:8.49, omega_m:10.00, u:140.15, theta1:16.843, theta2:3.329, e:-1.507
t:36.57, r:10.00, omega:8.49, omega_m:10.00, u:140.16, theta1:16.843, theta2:3.329, e:-1.507
t:36.58, r:10.00, omega:8.49, omega_m:10.00, u:140.17, theta1:16.844, theta2:3.328, e:-1.507
t:36.59, r:10.00, omega:8.49, omega_m:10.00, u:140.18, theta1:16.844, theta2:3.327, e:-1.507
t:36.60, r:10.00, omega:8.49, omega_m:10.00, u:140.19, theta1:16.845, theta2:3.327, e:-1.507
t:36.61, r:10.00, omega:8.49, omega_m:10.00, u:140.21, theta1:16.845, theta2:3.326, e:-1.507
t:36.62, r:10.00, omega:8.49, omega_m:10.00, u:140.22, theta1:16.846, theta2:3.325, e:-1.507
t:36.63, r:10.00, omega:8.26, omega_m:10.00, u:141.02, theta1:16.846, theta2:3.325, e:-1.744
t:36.64, r:10.00, omega:8.26, omega_m:10.00, u:141.03, theta1:16.847, theta2:3.324, e:-1.744
t:36.65, r:10.00, omega:8.26, omega_m:10.00, u:141.04, theta1:16.848, theta2:3.323, e:-1.744
t:36.66, r:10.00, omega:8.26, omega_m:10.00, u:141.05, theta1:16.848, theta2:3.322, e:-1.744
t:36.67, r:10.00, omega:8.26, omega_m:10.00, u:141.07, theta1:16.849, theta2:3.321, e:-1.744
t:36.68, r:10.00, omega:8.26, omega_m:10.00, u:141.08, theta1:16.849, theta2:3.321, e:-1.744
t:36.69, r:10.00, omega:8.88, omega_m:10.00, u:139.01, theta1:16.850, theta2:3.320, e:-1.118
t:36.70, r:10.00, omega:8.88, omega_m:10.00, u:139.02, theta1:16.850, theta2:3.320, e:-1.118
t:36.71, r:10.00, omega:8.88, omega_m:10.00, u:139.02, theta1:16.850, theta2:3.319, e:-1.118
t:36.72, r:10.00, omega:8.88, omega_m:10.00, u:139.03, theta1:16.851, theta2:3.318, e:-1.118
t:36.73, r:10.00, omega:8.88, omega_m:10.00, u:139.04, theta1:16.851, theta2:3.318, e:-1.118
t:36.74, r:10.00, omega:8.88, omega_m:10.00, u:139.05, theta1:16.852, theta2:3.317, e:-1.118
t:36.75, r:10.00, omega:8.11, omega_m:10.00, u:141.64, theta1:16.852, theta2:3.317, e:-1.894
t:36.76, r:10.00, omega:8.11, omega_m:10.00, u:141.65, theta1:16.853, theta2:3.316, e:-1.894
t:36.77, r:10.00, omega:8.11, omega_m:10.00, u:141.66, theta1:16.853, theta2:3.315, e:-1.894
t:36.78, r:10.00, omega:8.11, omega_m:10.00, u:141.68, theta1:16.854, theta2:3.314, e:-1.894
t:36.79, r:10.00, omega:8.11, omega_m:10.00, u:141.69, theta1:16.855, theta2:3.313, e:-1.894
t:36.80, r:10.00, omega:8.11, omega_m:10.00, u:141.70, theta1:16.855, theta2:3.312, e:-1.894
t:36.81, r:10.00, omega:8.27, omega_m:10.00, u:141.16, theta1:16.856, theta2:3.312, e:-1.727
t:36.82, r:10.00, omega:8.27, omega_m:10.00, u:141.17, theta1:16.857, theta2:3.311, e:-1.727
t:36.83, r:10.00, omega:8.27, omega_m:10.00, u:141.19, theta1:16.857, theta2:3.310, e:-1.727
t:36.84, r:10.00, omega:8.27, omega_m:10.00, u:141.20, theta1:16.858, theta2:3.309, e:-1.727
t:36.85, r:10.00, omega:8.27, omega_m:10.00, u:141.21, theta1:16.858, theta2:3.309, e:-1.727
t:36.86, r:10.00, omega:8.27, omega_m:10.00, u:141.22, theta1:16.859, theta2:3.308, e:-1.727
t:36.87, r:10.00, omega:8.86, omega_m:10.00, u:139.30, theta1:16.859, theta2:3.307, e:-1.144
t:36.88, r:10.00, omega:8.86, omega_m:10.00, u:139.31, theta1:16.860, theta2:3.307, e:-1.144
t:36.89, r:10.00, omega:8.86, omega_m:10.00, u:139.32, theta1:16.860, theta2:3.306, e:-1.144
t:36.90, r:10.00, omega:8.86, omega_m:10.00, u:139.33, theta1:16.860, theta2:3.306, e:-1.144
t:36.91, r:10.00, omega:8.86, omega_m:10.00, u:139.34, theta1:16.861, theta2:3.305, e:-1.144
t:36.92, r:10.00, omega:8.86, omega_m:10.00, u:139.35, theta1:16.861, theta2:3.305, e:-1.144
t:36.93, r:10.00, omega:8.86, omega_m:10.00, u:139.35, theta1:16.861, theta2:3.304, e:-1.144
t:36.94, r:10.00, omega:8.45, omega_m:10.00, u:140.70, theta1:16.862, theta2:3.303, e:-1.549
t:36.95, r:10.00, omega:8.45, omega_m:10.00, u:140.72, theta1:16.862, theta2:3.303, e:-1.549
t:36.96, r:10.00, omega:8.45, omega_m:10.00, u:140.73, theta1:16.863, theta2:3.302, e:-1.549
t:36.97, r:10.00, omega:8.45, omega_m:10.00, u:140.74, theta1:16.864, theta2:3.301, e:-1.549
t:36.98, r:10.00, omega:8.45, omega_m:10.00, u:140.75, theta1:16.864, theta2:3.300, e:-1.549
t:36.99, r:10.00, omega:8.45, omega_m:10.00, u:140.76, theta1:16.865, theta2:3.300, e:-1.549
t:37.00, r:10.00, omega:7.82, omega_m:10.00, u:142.84, theta1:16.865, theta2:3.299, e:-2.177
t:37.01, r:0.00, omega:7.82, omega_m:3.68, u:0.00, theta1:16.865, theta2:3.300, e:4.145
t:37.02, r:0.00, omega:7.82, omega_m:1.35, u:0.00, theta1:16.863, theta2:3.303, e:6.470
t:37.03, r:0.00, omega:7.82, omega_m:0.50, u:0.00, theta1:16.862, theta2:3.305, e:7.325
t:37.04, r:0.00, omega:7.82, omega_m:0.18, u:0.00, theta1:16.861, theta2:3.308, e:7.640
t:37.05, r:0.00, omega:7.82, omega_m:0.07, u:0.00, theta1:16.860, theta2:3.311, e:7.756
t:37.06, r:0.00, omega:7.82, omega_m:0.02, u:0.00, theta1:16.858, theta2:3.314, e:7.799
t:37.07, r:0.00, omega:7.82, omega_m:0.01, u:0.00, theta1:16.857, theta2:3.316, e:7.814
t:37.08, r:0.00, omega:7.82, omega_m:0.00, u:0.00, theta1:16.856, theta2:3.319, e:7.820
t:37.09, r:0.00, omega:7.82, omega_m:0.00, u:0.00, theta1:16.854, theta2:3.322, e:7.822
t:37.10, r:0.00, omega:7.82, omega_m:0.00, u:0.00, theta1:16.853, theta2:3.325, e:7.823
t:37.11, r:0.00, omega:7.82, omega_m:0.00, u:0.00, theta1:16.852, theta2:3.328, e:7.823
t:37.12, r:0.00, omega:7.82, omega_m:0.00, u:0.00, theta1:16.850, theta2:3.330, e:7.823
t:37.13, r:0.00, omega:7.82, omega_m:0.00, u:0.00, theta1:16.849, theta2:3.333, e:7.823
t:37.14, r:0.00, omega:7.82, omega_m:0.00, u:0.00, theta1:16.848, theta2:3.336, e:7.823
t:37.15, r:0.00, omega:7.82, omega_m:0.00, u:0.00, theta1:16.846, theta2:3.339, e:7.823
t:37.16, r:0.00, omega:7.82, omega_m:0.00, u:0.00, theta1:16.845, theta2:3.342, e:7.823
t:37.17, r:0.00, omega:7.82, omega_m:0.00, u:0.00, theta1:16.844, theta2:3.344, e:7.823
t:37.18, r:0.00, omega:7.82, omega_m:0.00, u:0.00, theta1:16.843, theta2:3.347, e:7.823
t:37.19, r:0.00, omega:7.82, omega_m:0.00, u:0.00, theta1:16.841, theta2:3.350, e:7.823
t:37.20, r:0.00, omega:7.82, omega_m:0.00, u:0.00, theta1:16.840, theta2:3.353, e:7.823
t:37.21, r:0.00, omega:7.82, omega_m:0.00, u:0.00, theta1:16.839, theta2:3.356, e:7.823
t:37.22, r:0.00, omega:7.82, omega_m:0.00, u:0.00, theta1:16.837, theta2:3.358, e:7.823
t:37.23, r:0.00, omega:7.82, omega_m:0.00, u:0.00, theta1:16.836, theta2:3.361, e:7.823
t:37.24, r:0.00, omega:7.82, omega_m:0.00, u:0.00, theta1:16.835, theta2:3.364, e:7.823
t:37.25, r:0.00, omega:7.82, omega_m:0.00, u:0.00, theta1:16.833, theta2:3.367, e:7.823
t:37.26, r:0.00, omega:7.82, omega_m:0.00, u:0.00, theta1:16.832, theta2:3.370, e:7.823
t:37.27, r:0.00, omega:7.82, omega_m:0.00, u:0.00, theta1:16.831, theta2:3.372, e:7.823
t:37.28, r:0.00, omega:7.82, omega_m:0.00, u:0.00, theta1:16.829, theta2:3.375, e:7.823
t:37.29, r:0.00, omega:7.82, omega_m:0.00, u:0.00, theta1:16.828, theta2:3.378, e:7.823
t:37.30, r:0.00, omega:7.82, omega_m:0.00, u:0.00, theta1:16.827, theta2:3.381, e:7.823
t:37.31, r:0.00, omega:7.82, omega_m:0.00, u:0.00, theta1:16.825, theta2:3.384, e:7.823
t:37.32, r:0.00, omega:7.82, omega_m:0.00, u:0.00, theta1:16.824, theta2:3.386, e:7.823
t:37.33, r:0.00, omega:7.82, omega_m:0.00, u:0.00, theta1:16.823, theta2:3.389, e:7.823
t:37.34, r:0.00, omega:7.82, omega_m:0.00, u:0.00, theta1:16.821, theta2:3.392, e:7.823
t:37.35, r:0.00, omega:7.82, omega_m:0.00, u:0.00, theta1:16.820, theta2:3.395, e:7.823
t:37.36, r:0.00, omega:7.82, omega_m:0.00, u:0.00, theta1:16.819, theta2:3.397, e:7.823
t:37.37, r:0.00, omega:7.82, omega_m:0.00, u:0.00, theta1:16.817, theta2:3.400, e:7.823
t:37.38, r:0.00, omega:7.82, omega_m:0.00, u:0.00, theta1:16.816, theta2:3.403, e:7.823
t:37.39, r:0.00, omega:7.82, omega_m:0.00, u:0.00, theta1:16.815, theta2:3.406, e:7.823
t:37.40, r:0.00, omega:7.82, omega_m:0.00, u:0.00, theta1:16.814, theta2:3.409, e:7.823
t:37.41, r:0.00, omega:7.82, omega_m:0.00, u:0.00, theta1:16.812, theta2:3.411, e:7.823
t:37.42, r:0.00, omega:7.82, omega_m:0.00, u:0.00, theta1:16.811, theta2:3.414, e:7.823
t:37.43, r:0.00, omega:7.82, omega_m:0.00, u:0.00, theta1:16.810, theta2:3.417, e:7.823
t:37.44, r:0.00, omega:7.82, omega_m:0.00, u:0.00, theta1:16.808, theta2:3.420, e:7.823
t:37.45, r:0.00, omega:7.82, omega_m:0.00, u:0.00, theta1:16.807, theta2:3.423, e:7.823
t:37.46, r:0.00, omega:7.82, omega_m:0.00, u:0.00, theta1:16.806, theta2:3.425, e:7.823
t:37.47, r:0.00, omega:7.82, omega_m:0.00, u:0.00, theta1:16.804, theta2:3.428, e:7.823
t:37.48, r:0.00, omega:7.82, omega_m:0.00, u:0.00, theta1:16.803, theta2:3.431, e:7.823
t:37.49, r:0.00, omega:7.82, omega_m:0.00, u:0.00, theta1:16.802, theta2:3.434, e:7.823
t:37.50, r:0.00, omega:0.00, omega_m:0.00, u:0.00, theta1:16.802, theta2:3.434, e:-0.000
t:37.51, r:0.00, omega:0.00, omega_m:0.00, u:0.00, theta1:16.802, theta2:3.434, e:-0.000
t:37.52, r:0.00, omega:0.00, omega_m:0.00, u:0.00, theta1:16.802, theta2:3.434, e:-0.000
t:37.53, r:0.00, omega:0.00, omega_m:0.00, u:0.00, theta1:16.802, theta2:3.434, e:-0.000
t:37.54, r:0.00, omega:0.00, omega_m:0.00, u:0.00, theta1:16.802, theta2:3.434, e:-0.000
t:37.55, r:0.00, omega:0.00, omega_m:0.00, u:0.00, theta1:16.802, theta2:3.434, e:-0.000
t:37.56, r:0.00, omega:0.00, omega_m:0.00, u:0.00, theta1:16.802, theta2:3.434, e:-0.000
t:37.57, r:0.00, omega:0.00, omega_m:0.00, u:0.00, theta1:16.802, theta2:3.434, e:-0.000
t:37.58, r:0.00, omega:0.00, omega_m:0.00, u:0.00, theta1:16.802, theta2:3.434, e:-0.000
t:37.59, r:0.00, omega:0.00, omega_m:0.00, u:0.00, theta1:16.802, theta2:3.434, e:-0.000
t:37.60, r:0.00, omega:0.00, omega_m:0.00, u:0.00, theta1:16.802, theta2:3.434, e:-0.000
t:37.61, r:0.00, omega:0.00, omega_m:0.00, u:0.00, theta1:16.802, theta2:3.434, e:-0.000
t:37.62, r:0.00, omega:0.00, omega_m:0.00, u:0.00, theta1:16.802, theta2:3.434, e:-0.000
t:37.63, r:0.00, omega:0.00, omega_m:0.00, u:0.00, theta1:16.802, theta2:3.434, e:-0.000
t:37.64, r:0.00, omega:0.00, omega_m:0.00, u:0.00, theta1:16.802, theta2:3.434, e:-0.000
t:37.65, r:0.00, omega:0.00, omega_m:0.00, u:0.00, theta1:16.802, theta2:3.434, e:-0.000
t:37.66, r:0.00, omega:0.00, omega_m:0.00, u:0.00, theta1:16.802, theta2:3.434, e:-0.000
t:37.67, r:0.00, omega:0.00, omega_m:0.00, u:0.00, theta1:16.802, theta2:3.434, e:-0.000
t:37.68, r:0.00, omega:0.00, omega_m:0.00, u:0.00, theta1:16.802, theta2:3.434, e:-0.000
t:37.69, r:0.00, omega:0.00, omega_m:0.00, u:0.00, theta1:16.802, theta2:3.434, e:-0.000
t:37.70, r:0.00, omega:0.00, omega_m:0.00, u:0.00, theta1:16.802, theta2:3.434, e:-0.000
t:37.71, r:0.00, omega:0.00, omega_m:0.00, u:0.00, theta1:16.802, theta2:3.434, e:-0.000
t:37.72, r:0.00, omega:0.00, omega_m:0.00, u:0.00, theta1:16.802, theta2:3.434, e:-0.000
t:37.73, r:0.00, omega:0.00, omega_m:0.00, u:0.00, theta1:16.802, theta2:3.434, e:-0.000
t:37.74, r:0.00, omega:0.00, omega_m:0.00, u:0.00, theta1:16.802, theta2:3.434, e:-0.000
t:37.75, r:0.00, omega:0.00, omega_m:0.00, u:0.00, theta1:16.802, theta2:3.434, e:-0.000
t:37.76, r:0.00, omega:0.00, omega_m:0.00, u:0.00, theta1:16.802, theta2:3.434, e:-0.000
t:37.77, r:0.00, omega:0.00, omega_m:0.00, u:0.00, theta1:16.802, theta2:3.434, e:-0.000
t:37.78, r:0.00, omega:0.00, omega_m:0.00, u:0.00, theta1:16.802, theta2:3.434, e:-0.000
t:37.79, r:0.00, omega:0.00, omega_m:0.00, u:0.00, theta1:16.802, theta2:3.434, e:-0.000
t:37.80, r:0.00, omega:0.00, omega_m:0.00, u:0.00, theta1:16.802, theta2:3.434, e:-0.000
t:37.81, r:0.00, omega:0.00, omega_m:0.00, u:0.00, theta1:16.802, theta2:3.434, e:-0.000
t:37.82, r:0.00, omega:0.00, omega_m:0.00, u:0.00, theta1:16.802, theta2:3.434, e:-0.000
t:37.83, r:0.00, omega:0.00, omega_m:0.00, u:0.00, theta1:16.802, theta2:3.434, e:-0.000
t:37.84, r:0.00, omega:0.00, omega_m:0.00, u:0.00, theta1:16.802, theta2:3.434, e:-0.000
t:37.85, r:0.00, omega:0.00, omega_m:0.00, u:0.00, theta1:16.802, theta2:3.434, e:-0.000
t:37.86, r:0.00, omega:0.00, omega_m:0.00, u:0.00, theta1:16.802, theta2:3.434, e:-0.000
t:37.87, r:0.00, omega:0.00, omega_m:0.00, u:0.00, theta1:16.802, theta2:3.434, e:-0.000
t:37.88, r:0.00, omega:0.00, omega_m:0.00, u:0.00, theta1:16.802, theta2:3.434, e:-0.000
t:37.89, r:0.00, omega:0.00, omega_m:0.00, u:0.00, theta1:16.802, theta2:3.434, e:-0.000
t:37.90, r:0.00, omega:0.00, omega_m:0.00, u:0.00, theta1:16.802, theta2:3.434, e:-0.000
t:37.91, r:0.00, omega:0.00, omega_m:0.00, u:0.00, theta1:16.802, theta2:3.434, e:-0.000
t:37.92, r:0.00, omega:0.00, omega_m:0.00, u:0.00, theta1:16.802, theta2:3.434, e:-0.000
t:37.93, r:0.00, omega:0.00, omega_m:0.00, u:0.00, theta1:16.802, theta2:3.434, e:-0.000
t:37.94, r:0.00, omega:0.00, omega_m:0.00, u:0.00, theta1:16.802, theta2:3.434, e:-0.000
t:37.95, r:0.00, omega:0.00, omega_m:0.00, u:0.00, theta1:16.802, theta2:3.434, e:-0.000
t:37.96, r:0.00, omega:0.00, omega_m:0.00, u:0.00, theta1:16.802, theta2:3.434, e:-0.000
t:37.97, r:0.00, omega:0.00, omega_m:0.00, u:0.00, theta1:16.802, theta2:3.434, e:-0.000
t:37.98, r:0.00, omega:0.00, omega_m:0.00, u:0.00, theta1:16.802, theta2:3.434, e:-0.000
t:37.99, r:0.00, omega:0.00, omega_m:0.00, u:0.00, theta1:16.802, theta2:3.434, e:-0.000
t:38.00, r:0.00, omega:0.00, omega_m:0.00, u:0.00, theta1:16.802, theta2:3.434, e:-0.000
t:38.01, r:-10.00, omega:0.00, omega_m:-6.32, u:-168.04, theta1:16.804, theta2:3.434, e:6.321
t:38.02, r:-10.00, omega:0.00, omega_m:-8.65, u:-168.07, theta1:16.807, theta2:3.433, e:8.647
t:38.03, r:-10.00, omega:0.00, omega_m:-9.50, u:-168.10, theta1:16.810, theta2:3.433, e:9.502
t:38.04, r:-10.00, omega:0.00, omega_m:-9.82, u:-168.13, theta1:16.813, theta2:3.433, e:9.817
t:38.05, r:-10.00, omega:0.00, omega_m:-9.93, u:-168.16, theta1:16.816, theta2:3.432, e:9.933
t:38.06, r:-10.00, omega:0.00, omega_m:-9.98, u:-168.20, theta1:16.820, theta2:3.432, e:9.975
t:38.07, r:-10.00, omega:0.00, omega_m:-9.99, u:-168.23, theta1:16.823, theta2:3.432, e:9.991
t:38.08, r:-10.00, omega:0.00, omega_m:-10.00, u:-168.26, theta1:16.826, theta2:3.431, e:9.997
t:38.09, r:-10.00, omega:-0.48, omega_m:-10.00, u:-166.64, theta1:16.829, theta2:3.431, e:9.517
t:38.10, r:-10.00, omega:-0.48, omega_m:-10.00, u:-166.67, theta1:16.833, theta2:3.430, e:9.518
t:38.11, r:-10.00, omega:-0.48, omega_m:-10.00, u:-166.71, theta1:16.836, theta2:3.430, e:9.518
t:38.12, r:-10.00, omega:-0.48, omega_m:-10.00, u:-166.74, theta1:16.839, theta2:3.429, e:9.518
t:38.13, r:-10.00, omega:-0.48, omega_m:-10.00, u:-166.77, theta1:16.842, theta2:3.428, e:9.518
t:38.14, r:-10.00, omega:-10.59, omega_m:-10.00, u:-132.12, theta1:16.842, theta2:3.429, e:-0.585
t:38.15, r:-10.00, omega:-10.59, omega_m:-10.00, u:-132.12, theta1:16.841, theta2:3.429, e:-0.585
t:38.16, r:-10.00, omega:-10.59, omega_m:-10.00, u:-132.11, theta1:16.841, theta2:3.429, e:-0.585
t:38.17, r:-10.00, omega:-10.59, omega_m:-10.00, u:-132.10, theta1:16.841, theta2:3.430, e:-0.585
t:38.18, r:-10.00, omega:-10.59, omega_m:-10.00, u:-132.09, theta1:16.840, theta2:3.430, e:-0.585
t:38.19, r:-10.00, omega:-10.28, omega_m:-10.00, u:-133.15, theta1:16.840, theta2:3.430, e:-0.276
t:38.20, r:-10.00, omega:-10.28, omega_m:-10.00, u:-133.15, theta1:16.840, theta2:3.430, e:-0.276
t:38.21, r:-10.00, omega:-10.28, omega_m:-10.00, u:-133.15, theta1:16.840, theta2:3.430, e:-0.276
t:38.22, r:-10.00, omega:-10.28, omega_m:-10.00, u:-133.14, theta1:16.839, theta2:3.430, e:-0.276
t:38.23, r:-10.00, omega:-10.28, omega_m:-10.00, u:-133.14, theta1:16.839, theta2:3.431, e:-0.276
t:38.24, r:-10.00, omega:-10.28, omega_m:-10.00, u:-133.14, theta1:16.839, theta2:3.431, e:-0.276
t:38.25, r:-10.00, omega:-8.12, omega_m:-10.00, u:-140.54, theta1:16.840, theta2:3.430, e:1.877
t:38.26, r:-10.00, omega:-8.12, omega_m:-10.00, u:-140.55, theta1:16.840, theta2:3.429, e:1.877
t:38.27, r:-10.00, omega:-8.12, omega_m:-10.00, u:-140.56, theta1:16.841, theta2:3.428, e:1.877
t:38.28, r:-10.00, omega:-8.12, omega_m:-10.00, u:-140.58, theta1:16.842, theta2:3.427, e:1.877
t:38.29, r:-10.00, omega:-8.12, omega_m:-10.00, u:-140.59, theta1:16.842, theta2:3.427, e:1.877
t:38.30, r:-10.00, omega:-8.12, omega_m:-10.00, u:-140.60, theta1:16.843, theta2:3.426, e:1.877
t:38.31, r:-10.00, omega:-8.12, omega_m:-10.00, u:-140.61, theta1:16.843, theta2:3.425, e:1.877
t:38.32, r:-10.00, omega:-7.98, omega_m:-10.00, u:-141.11, theta1:16.844, theta2:3.424, e:2.017
t:38.33, r:-10.00, omega:-7.98, omega_m:-10.00, u:-141.12, theta1:16.845, theta2:3.423, e:2.017
t:38.34, r:-10.00, omega:-7.98, omega_m:-10.00, u:-141.13, theta1:16.845, theta2:3.422, e:2.017
t:38.35, r:-10.00, omega:-7.98, omega_m:-10.00, u:-141.15, theta1:16.846, theta2:3.421, e:2.017
t:38.36, r:-10.00, omega:-7.98, omega_m:-10.00, u:-141.16, theta1:16.847, theta2:3.421, e:2.017
t:38.37, r:-10.00, omega:-7.98, omega_m:-10.00, u:-141.17, theta1:16.847, theta2:3.420, e:2.017
t:38.38, r:-10.00, omega:-9.05, omega_m:-10.00, u:-137.53, theta1:16.848, theta2:3.419, e:0.949
t:38.39, r:-10.00, omega:-9.05, omega_m:-10.00, u:-137.54, theta1:16.848, theta2:3.419, e:0.949
t:38.40, r:-10.00, omega:-9.05, omega_m:-10.00, u:-137.54, theta1:16.848, theta2:3.418, e:0.949
t:38.41, r:-10.00, omega:-9.05, omega_m:-10.00, u:-137.55, theta1:16.849, theta2:3.418, e:0.949
t:38.42, r:-10.00, omega:-9.05, omega_m:-10.00, u:-137.56, theta1:16.849, theta2:3.417, e:0.949
t:38.43, r:-10.00, omega:-9.05, omega_m:-10.00, u:-137.57, theta1:16.849, theta2:3.417, e:0.949
t:38.44, r:-10.00, omega:-8.81, omega_m:-10.00, u:-138.41, theta1:16.850, theta2:3.416, e:1.194
t:38.45, r:-10.00, omega:-8.81, omega_m:-10.00, u:-138.42, theta1:16.850, theta2:3.416, e:1.194
t:38.46, r:-10.00, omega:-8.81, omega_m:-10.00, u:-138.43, theta1:16.850, theta2:3.415, e:1.194
t:38.47, r:-10.00, omega:-8.81, omega_m:-10.00, u:-138.44, theta1:16.851, theta2:3.415, e:1.194
t:38.48, r:-10.00, omega:-8.81, omega_m:-10.00, u:-138.45, theta1:16.851, theta2:3.414, e:1.194
t:38.49, r:-10.00, omega:-8.81, omega_m:-10.00, u:-138.46, theta1:16.852, theta2:3.414, e:1.194
t:38.50, r:-10.00, omega:-8.34, omega_m:-10.00, u:-140.07, theta1:16.852, theta2:3.413, e:1.663
t:38.51, r:-10.00, omega:-8.34, omega_m:-10.00, u:-140.08, theta1:16.853, theta2:3.412, e:1.663
t:38.52, r:-10.00, omega:-8.34, omega_m:-10.00, u:-140.09, theta1:16.853, theta2:3.411, e:1.663
t:38.53, r:-10.00, omega:-8.34, omega_m:-10.00, u:-140.11, theta1:16.854, theta2:3.411, e:1.663
t:38.54, r:-10.00, omega:-8.34, omega_m:-10.00, u:-140.12, theta1:16.854, theta2:3.410, e:1.663
t:38.55, r:-10.00, omega:-8.34, omega_m:-10.00, u:-140.13, theta1:16.855, theta2:3.409, e:1.663
t:38.56, r:-10.00, omega:-8.88, omega_m:-10.00, u:-138.27, theta1:16.855, theta2:3.408, e:1.116
t:38.57, r:-10.00, omega:-8.88, omega_m:-10.00, u:-138.28, theta1:16.856, theta2:3.408, e:1.116
t:38.58, r:-10.00, omega:-8.88, omega_m:-10.00, u:-138.29, theta1:16.856, theta2:3.407, e:1.116
t:38.59, r:-10.00, omega:-8.88, omega_m:-10.00, u:-138.30, theta1:16.856, theta2:3.407, e:1.116
t:38.60, r:-10.00, omega:-8.88, omega_m:-10.00, u:-138.31, theta1:16.857, theta2:3.406, e:1.116
t:38.61, r:-10.00, omega:-8.88, omega_m:-10.00, u:-138.32, theta1:16.857, theta2:3.406, e:1.116
t:38.62, r:-10.00, omega:-9.35, omega_m:-10.00, u:-136.74, theta1:16.857, theta2:3.405, e:0.653
t:38.63, r:-10.00, omega:-9.35, omega_m:-10.00, u:-136.75, theta1:16.858, theta2:3.405, e:0.653
t:38.64, r:-10.00, omega:-9.35, omega_m:-10.00, u:-136.75, theta1:16.858, theta2:3.405, e:0.653
t:38.65, r:-10.00, omega:-9.35, omega_m:-10.00, u:-136.76, theta1:16.858, theta2:3.405, e:0.653
t:38.66, r:-10.00, omega:-9.35, omega_m:-10.00, u:-136.76, theta1:16.858, theta2:3.404, e:0.653
t:38.67, r:-10.00, omega:-9.35, omega_m:-10.00, u:-136.77, theta1:16.859, theta2:3.404, e:0.653
t:38.68, r:-10.00, omega:-8.16, omega_m:-10.00, u:-140.83, theta1:16.859, theta2:3.403, e:1.841
t:38.69, r:-10.00, omega:-8.16, omega_m:-10.00, u:-140.84, theta1:16.860, theta2:3.402, e:1.841
t:38.70, r:-10.00, omega:-8.16, omega_m:-10.00, u:-140.85, theta1:16.860, theta2:3.401, e:1.841
t:38.71, r:-10.00, omega:-8.16, omega_m:-10.00, u:-140.87, theta1:16.861, theta2:3.401, e:1.841
t:38.72, r:-10.00, omega:-8.16, omega_m:-10.00, u:-140.88, theta1:16.862, theta2:3.400, e:1.841
t:38.73, r:-10.00, omega:-8.16, omega_m:-10.00, u:-140.89, theta1:16.862, theta2:3.399, e:1.841
t:38.74, r:-10.00, omega:-8.41, omega_m:-10.00, u:-140.04, theta1:16.863, theta2:3.398, e:1.589
t:38.75, r:-10.00, omega:-8.41, omega_m:-10.00, u:-140.06, theta1:16.863, theta2:3.398, e:1.589
t:38.76, r:-10.00, omega:-8.41, omega_m:-10.00, u:-140.07, theta1:16.864, theta2:3.397, e:1.589
t:38.77, r:-10.00, omega:-8.41, omega_m:-10.00, u:-140.08, theta1:16.864, theta2:3.396, e:1.589
t:38.78, r:-10.00, omega:-8.41, omega_m:-10.00, u:-140.09, theta1:16.865, theta2:3.395, e:1.589
t:38.79, r:-10.00, omega:-8.41, omega_m:-10.00, u:-140.10, theta1:16.865, theta2:3.395, e:1.589
t:38.80, r:-10.00, omega:-8.80, omega_m:-10.00, u:-138.79, theta1:16.866, theta2:3.394, e:1.201
t:38.81, r:-10.00, omega:-8.80, omega_m:-10.00, u:-138.80, theta1:16.866, theta2:3.393, e:1.201
t:38.82, r:-10.00, omega:-8.80, omega_m:-10.00, u:-138.81, theta1:16.867, theta2:3.393, e:1.201
t:38.83, r:-10.00, omega:-8.80, omega_m:-10.00, u:-138.82, theta1:16.867, theta2:3.392, e:1.201
t:38.84, r:-10.00, omega:-8.80, omega_m:-10.00, u:-138.83, theta1:16.867, theta2:3.392, e:1.201
t:38.85, r:-10.00, omega:-8.80, omega_m:-10.00, u:-138.84, theta1:16.868, theta2:3.391, e:1.201
t:38.86, r:-10.00, omega:-8.43, omega_m:-10.00, u:-140.11, theta1:16.868, theta2:3.391, e:1.573
t:38.87, r:-10.00, omega:-8.43, omega_m:-10.00, u:-140.12, theta1:16.869, theta2:3.390, e:1.573
t:38.88, r:-10.00, omega:-8.43, omega_m:-10.00, u:-140.13, theta1:16.869, theta2:3.389, e:1.573
t:38.89, r:-10.00, omega:-8.43, omega_m:-10.00, u:-140.14, theta1:16.870, theta2:3.388, e:1.573
t:38.90, r:-10.00, omega:-8.43, omega_m:-10.00, u:-140.16, theta1:16.870, theta2:3.388, e:1.573
t:38.91, r:-10.00, omega:-8.43, omega_m:-10.00, u:-140.17, theta1:16.871, theta2:3.387, e:1.573
t:38.92, r:-10.00, omega:-8.63, omega_m:-10.00, u:-139.50, theta1:16.871, theta2:3.386, e:1.374
t:38.93, r:-10.00, omega:-8.63, omega_m:-10.00, u:-139.51, theta1:16.872, theta2:3.386, e:1.374
t:38.94, r:-10.00, omega:-8.63, omega_m:-10.00, u:-139.52, theta1:16.872, theta2:3.385, e:1.374
t:38.95, r:-10.00, omega:-8.63, omega_m:-10.00, u:-139.53, theta1:16.873, theta2:3.384, e:1.374
t:38.96, r:-10.00, omega:-8.63, omega_m:-10.00, u:-139.54, theta1:16.873, theta2:3.384, e:1.374
t:38.97, r:-10.00, omega:-8.63, omega_m:-10.00, u:-139.55, theta1:16.874, theta2:3.383, e:1.374
t:38.98, r:-10.00, omega:-8.82, omega_m:-10.00, u:-138.90, theta1:16.874, theta2:3.383, e:1.179
t:38.99, r:-10.00, omega:-8.82, omega_m:-10.00, u:-138.91, theta1:16.874, theta2:3.382, e:1.179
t:39.00, r:-10.00, omega:-8.82, omega_m:-10.00, u:-138.92, theta1:16.875, theta2:3.381, e:1.179
t:39.01, r:0.00, omega:-8.82, omega_m:-3.68, u:0.00, theta1:16.874, theta2:3.384, e:-5.143
t:39.02, r:0.00, omega:-8.82, omega_m:-1.35, u:0.00, theta1:16.873, theta2:3.387, e:-7.468
t:39.03, r:0.00, omega:-8.82, omega_m:-0.50, u:0.00, theta1:16.871, theta2:3.390, e:-8.323
t:39.04, r:0.00, omega:-8.82, omega_m:-0.18, u:0.00, theta1:16.870, theta2:3.393, e:-8.638
t:39.05, r:0.00, omega:-8.82, omega_m:-0.07, u:0.00, theta1:16.868, theta2:3.397, e:-8.754
t:39.06, r:0.00, omega:-8.82, omega_m:-0.02, u:0.00, theta1:16.867, theta2:3.401, e:-8.797
t:39.07, r:0.00, omega:-8.82, omega_m:-0.01, u:0.00, theta1:16.865, theta2:3.404, e:-8.812
t:39.08, r:0.00, omega:-8.82, omega_m:-0.00, u:0.00, theta1:16.864, theta2:3.408, e:-8.818
t:39.09, r:0.00, omega:-8.82, omega_m:-0.00, u:0.00, theta1:16.862, theta2:3.411, e:-8.820
t:39.10, r:0.00, omega:-8.82, omega_m:-0.00, u:0.00, theta1:16.861, theta2:3.415, e:-8.821
t:39.11, r:0.00, omega:-8.82, omega_m:-0.00, u:0.00, theta1:16.859, theta2:3.419, e:-8.821
t:39.12, r:0.00, omega:-8.82, omega_m:-0.00, u:0.00, theta1:16.858, theta2:3.422, e:-8.821
t:39.13, r:0.00, omega:-8.82, omega_m:-0.00, u:0.00, theta1:16.856, theta2:3.426, e:-8.821
t:39.14, r:0.00, omega:-8.82, omega_m:-0.00, u:0.00, theta1:16.855, theta2:3.429, e:-8.821
t:39.15, r:0.00, omega:-8.82, omega_m:-0.00, u:0.00, theta1:16.853, theta2:3.433, e:-8.821
t:39.16, r:0.00, omega:-8.82, omega_m:-0.00, u:0.00, theta1:16.852, theta2:3.436, e:-8.821
t:39.17, r:0.00, omega:-8.82, omega_m:-0.00, u:0.00, theta1:16.850, theta2:3.440, e:-8.821
t:39.18, r:0.00, omega:-8.82, omega_m:-0.00, u:0.00, theta1:16.849, theta2:3.444, e:-8.821
t:39.19, r:0.00, omega:-8.82, omega_m:-0.00, u:0.00, theta1:16.847, theta2:3.447, e:-8.821
t:39.20, r:0.00, omega:-8.82, omega_m:-0.00, u:0.00, theta1:16.846, theta2:3.451, e:-8.821
t:39.21, r:0.00, omega:-8.82, omega_m:-0.00, u:0.00, theta1:16.844, theta2:3.454, e:-8.821
t:39.22, r:0.00, omega:-8.82, omega_m:-0.00, u:0.00, theta1:16.843, theta2:3.458, e:-8.821
t:39.23, r:0.00, omega:-8.82, omega_m:-0.00, u:0.00, theta1:16.842, theta2:3.462, e:-8.821
t:39.24, r:0.00, omega:-8.82, omega_m:-0.00, u:0.00, theta1:16.840, theta2:3.465, e:-8.821
t:39.25, r:0.00, omega:-8.82, omega_m:-0.00, u:0.00, theta1:16.839, theta2:3.469, e:-8.821
t:39.26, r:0.00, omega:-8.82, omega_m:-0.00, u:0.00, theta1:16.837, theta2:3.472, e:-8.821
t:39.27, r:0.00, omega:-8.82, omega_m:-0.00, u:0.00, theta1:16.836, theta2:3.476, e:-8.821
t:39.28, r:0.00, omega:-8.82, omega_m:-0.00, u:0.00, theta1:16.834, theta2:3.480, e:-8.821
t:39.29, r:0.00, omega:-8.82, omega_m:-0.00, u:0.00, theta1:16.833, theta2:3.483, e:-8.821
t:39.30, r:0.00, omega:-8.82, omega_m:-0.00, u:0.00, theta1:16.831, theta2:3.487, e:-8.821
t:39.31, r:0.00, omega:-8.82, omega_m:-0.00, u:0.00, theta1:16.830, theta2:3.490, e:-8.821
t:39.32, r:0.00, omega:-8.82, omega_m:-0.00, u:0.00, theta1:16.828, theta2:3.494, e:-8.821
t:39.33, r:0.00, omega:-8.82, omega_m:-0.00, u:0.00, theta1:16.827, theta2:3.497, e:-8.821
t:39.34, r:0.00, omega:-8.82, omega_m:-0.00, u:0.00, theta1:16.825, theta2:3.501, e:-8.821
t:39.35, r:0.00, omega:-8.82, omega_m:-0.00, u:0.00, theta1:16.824, theta2:3.505, e:-8.821
t:39.36, r:0.00, omega:-8.82, omega_m:-0.00, u:0.00, theta1:16.822, theta2:3.508, e:-8.821
t:39.37, r:0.00, omega:-8.82, omega_m:-0.00, u:0.00, theta1:16.821, theta2:3.512, e:-8.821
t:39.38, r:0.00, omega:-8.82, omega_m:-0.00, u:0.00, theta1:16.819, theta2:3.515, e:-8.821
t:39.39, r:0.00, omega:-8.82, omega_m:-0.00, u:0.00, theta1:16.818, theta2:3.519, e:-8.821
t:39.40, r:0.00, omega:-8.82, omega_m:-0.00, u:0.00, theta1:16.816, theta2:3.522, e:-8.821
t:39.41, r:0.00, omega:-8.82, omega_m:-0.00, u:0.00, theta1:16.815, theta2:3.526, e:-8.821
t:39.42, r:0.00, omega:-8.82, omega_m:-0.00, u:0.00, theta1:16.813, theta2:3.530, e:-8.821
t:39.43, r:0.00, omega:-8.82, omega_m:-0.00, u:0.00, theta1:16.812, theta2:3.533, e:-8.821
t:39.44, r:0.00, omega:-8.82, omega_m:-0.00, u:0.00, theta1:16.810, theta2:3.537, e:-8.821
t:39.45, r:0.00, omega:-8.82, omega_m:-0.00, u:0.00, theta1:16.809, theta2:3.540, e:-8.821
t:39.46, r:0.00, omega:-8.82, omega_m:-0.00, u:0.00, theta1:16.807, theta2:3.544, e:-8.821
t:39.47, r:0.00, omega:-8.82, omega_m:-0.00, u:0.00, theta1:16.806, theta2:3.548, e:-8.821
t:39.48, r:0.00, omega:0.00, omega_m:-0.00, u:0.00, theta1:16.806, theta2:3.548, e:0.000
t:39.49, r:0.00, omega:0.00, omega_m:-0.00, u:0.00, theta1:16.806, theta2:3.548, e:0.000
t:39.50, r:0.00, omega:0.00, omega_m:-0.00, u:0.00, theta1:16.806, theta2:3.548, e:0.000
t:39.51, r:0.00, omega:0.00, omega_m:-0.00, u:0.00, theta1:16.806, theta2:3.548, e:0.000
t:39.52, r:0.00, omega:0.00, omega_m:-0.00, u:0.00, theta1:16.806, theta2:3.548, e:0.000
t:39.53, r:0.00, omega:0.00, omega_m:-0.00, u:0.00, theta1:16.806, theta2:3.548, e:0.000
t:39.54, r:0.00, omega:0.00, omega_m:-0.00, u:0.00, theta1:16.806, theta2:3.548, e:0.000
t:39.55, r:0.00, omega:0.00, omega_m:-0.00, u:0.00, theta1:16.806, theta2:3.548, e:0.000
t:39.56, r:0.00, omega:0.00, omega_m:-0.00, u:0.00, theta1:16.806, theta2:3.548, e:0.000
t:39.57, r:0.00, omega:0.00, omega_m:-0.00, u:0.00, theta1:16.806, theta2:3.548, e:0.000
t:39.58, r:0.00, omega:0.00, omega_m:-0.00, u:0.00, theta1:16.806, theta2:3.548, e:0.000
t:39.59, r:0.00, omega:0.00, omega_m:-0.00, u:0.00, theta1:16.806, theta2:3.548, e:0.000
t:39.60, r:0.00, omega:0.00, omega_m:-0.00, u:0.00, theta1:16.806, theta2:3.548, e:0.000
t:39.61, r:0.00, omega:0.00, omega_m:-0.00, u:0.00, theta1:16.806, theta2:3.548, e:0.000
t:39.62, r:0.00, omega:0.00, omega_m:-0.00, u:0.00, theta1:16.806, theta2:3.548, e:0.000
t:39.63, r:0.00, omega:0.00, omega_m:-0.00, u:0.00, theta1:16.806, theta2:3.548, e:0.000
t:39.64, r:0.00, omega:0.00, omega_m:-0.00, u:0.00, theta1:16.806, theta2:3.548, e:0.000
t:39.65, r:0.00, omega:0.00, omega_m:-0.00, u:0.00, theta1:16.806, theta2:3.548, e:0.000
t:39.66, r:0.00, omega:0.00, omega_m:-0.00, u:0.00, theta1:16.806, theta2:3.548, e:0.000
t:39.67, r:0.00, omega:0.00, omega_m:-0.00, u:0.00, theta1:16.806, theta2:3.548, e:0.000
t:39.68, r:0.00, omega:0.00, omega_m:-0.00, u:0.00, theta1:16.806, theta2:3.548, e:0.000
t:39.69, r:0.00, omega:0.00, omega_m:-0.00, u:0.00, theta1:16.806, theta2:3.548, e:0.000
t:39.70, r:0.00, omega:0.00, omega_m:-0.00, u:0.00, theta1:16.806, theta2:3.548, e:0.000
t:39.71, r:0.00, omega:0.00, omega_m:-0.00, u:0.00, theta1:16.806, theta2:3.548, e:0.000
t:39.72, r:0.00, omega:0.00, omega_m:-0.00, u:0.00, theta1:16.806, theta2:3.548, e:0.000
t:39.73, r:0.00, omega:0.00, omega_m:-0.00, u:0.00, theta1:16.806, theta2:3.548, e:0.000
t:39.74, r:0.00, omega:0.00, omega_m:-0.00, u:0.00, theta1:16.806, theta2:3.548, e:0.000
t:39.75, r:0.00, omega:0.00, omega_m:-0.00, u:0.00, theta1:16.806, theta2:3.548, e:0.000
t:39.76, r:0.00, omega:0.00, omega_m:-0.00, u:0.00, theta1:16.806, theta2:3.548, e:0.000
t:39.77, r:0.00, omega:0.00, omega_m:-0.00, u:0.00, theta1:16.806, theta2:3.548, e:0.000
t:39.78, r:0.00, omega:0.00, omega_m:-0.00, u:0.00, theta1:16.806, theta2:3.548, e:0.000
t:39.79, r:0.00, omega:0.00, omega_m:-0.00, u:0.00, theta1:16.806, theta2:3.548, e:0.000
t:39.80, r:0.00, omega:0.00, omega_m:-0.00, u:0.00, theta1:16.806, theta2:3.548, e:0.000
t:39.81, r:0.00, omega:0.00, omega_m:-0.00, u:0.00, theta1:16.806, theta2:3.548, e:0.000
t:39.82, r:0.00, omega:0.00, omega_m:-0.00, u:0.00, theta1:16.806, theta2:3.548, e:0.000
t:39.83, r:0.00, omega:0.00, omega_m:-0.00, u:0.00, theta1:16.806, theta2:3.548, e:0.000
t:39.84, r:0.00, omega:0.00, omega_m:-0.00, u:0.00, theta1:16.806, theta2:3.548, e:0.000
t:39.85, r:0.00, omega:0.00, omega_m:-0.00, u:0.00, theta1:16.806, theta2:3.548, e:0.000
t:39.86, r:0.00, omega:0.00, omega_m:-0.00, u:0.00, theta1:16.806, theta2:3.548, e:0.000
t:39.87, r:0.00, omega:0.00, omega_m:-0.00, u:0.00, theta1:16.806, theta2:3.548, e:0.000
t:39.88, r:0.00, omega:0.00, omega_m:-0.00, u:0.00, theta1:16.806, theta2:3.548, e:0.000
t:39.89, r:0.00, omega:0.00, omega_m:-0.00, u:0.00, theta1:16.806, theta2:3.548, e:0.000
t:39.90, r:0.00, omega:0.00, omega_m:-0.00, u:0.00, theta1:16.806, theta2:3.548, e:0.000
t:39.91, r:0.00, omega:0.00, omega_m:-0.00, u:0.00, theta1:16.806, theta2:3.548, e:0.000
t:39.92, r:0.00, omega:0.00, omega_m:-0.00, u:0.00, theta1:16.806, theta2:3.548, e:0.000
t:39.93, r:0.00, omega:0.00, omega_m:-0.00, u:0.00, theta1:16.806, theta2:3.548, e:0.000
t:39.94, r:0.00, omega:0.00, omega_m:-0.00, u:0.00, theta1:16.806, theta2:3.548, e:0.000
t:39.95, r:0.00, omega:0.00, omega_m:-0.00, u:0.00, theta1:16.806, theta2:3.548, e:0.000
t:39.96, r:0.00, omega:0.00, omega_m:-0.00, u:0.00, theta1:16.806, theta2:3.548, e:0.000
t:39.97, r:0.00, omega:0.00, omega_m:-0.00, u:0.00, theta1:16.806, theta2:3.548, e:0.000
t:39.98, r:0.00, omega:0.00, omega_m:-0.00, u:0.00, theta1:16.806, theta2:3.548, e:0.000
t:39.99, r:0.00, omega:0.00, omega_m:-0.00, u:0.00, theta1:16.806, theta2:3.548, e:0.000
t:40.00, r:0.00, omega:0.00, omega_m:-0.00, u:0.00, theta1:16.806, theta2:3.548, e:0.000
t:40.01, r:10.00, omega:0.00, omega_m:6.32, u:168.08, theta1:16.808, theta2:3.547, e:-6.321
t:40.02, r:10.00, omega:0.00, omega_m:8.65, u:168.11, theta1:16.811, theta2:3.547, e:-8.647
t:40.03, r:10.00, omega:0.00, omega_m:9.50, u:168.14, theta1:16.814, theta2:3.547, e:-9.502
t:40.04, r:10.00, omega:0.00, omega_m:9.82, u:168.17, theta1:16.817, theta2:3.546, e:-9.817
t:40.05, r:10.00, omega:0.00, omega_m:9.93, u:168.21, theta1:16.821, theta2:3.546, e:-9.933
t:40.06, r:10.00, omega:0.49, omega_m:9.98, u:166.51, theta1:16.824, theta2:3.545, e:-9.487
t:40.07, r:10.00, omega:0.49, omega_m:9.99, u:166.54, theta1:16.827, theta2:3.545, e:-9.503
t:40.08, r:10.00, omega:0.49, omega_m:10.00, u:166.57, theta1:16.830, theta2:3.544, e:-9.509
t:40.09, r:10.00, omega:0.49, omega_m:10.00, u:166.60, theta1:16.833, theta2:3.544, e:-9.511
t:40.10, r:10.00, omega:0.49, omega_m:10.00, u:166.63, theta1:16.836, theta2:3.543, e:-9.512
t:40.11, r:10.00, omega:10.08, omega_m:10.00, u:132.65, theta1:16.836, theta2:3.543, e:0.081
t:40.12, r:10.00, omega:10.08, omega_m:10.00, u:132.65, theta1:16.836, theta2:3.543, e:0.081
t:40.13, r:10.00, omega:10.08, omega_m:10.00, u:132.64, theta1:16.836, theta2:3.543, e:0.080
t:40.14, r:10.00, omega:10.08, omega_m:10.00, u:132.64, theta1:16.836, theta2:3.543, e:0.080
t:40.15, r:10.00, omega:10.08, omega_m:10.00, u:132.64, theta1:16.836, theta2:3.543, e:0.080
t:40.16, r:10.00, omega:9.85, omega_m:10.00, u:133.45, theta1:16.836, theta2:3.543, e:-0.146
t:40.17, r:10.00, omega:9.85, omega_m:10.00, u:133.45, theta1:16.836, theta2:3.543, e:-0.146
t:40.18, r:10.00, omega:9.85, omega_m:10.00, u:133.45, theta1:16.836, theta2:3.543, e:-0.146
t:40.19, r:10.00, omega:9.85, omega_m:10.00, u:133.45, theta1:16.836, theta2:3.543, e:-0.146
t:40.20, r:10.00, omega:9.85, omega_m:10.00, u:133.45, theta1:16.836, theta2:3.543, e:-0.146
t:40.21, r:10.00, omega:9.85, omega_m:10.00, u:133.45, theta1:16.836, theta2:3.543, e:-0.146
t:40.22, r:10.00, omega:9.85, omega_m:10.00, u:133.45, theta1:16.836, theta2:3.543, e:-0.146
t:40.23, r:10.00, omega:7.59, omega_m:10.00, u:141.49, theta1:16.837, theta2:3.542, e:-2.410
t:40.24, r:10.00, omega:7.59, omega_m:10.00, u:141.50, theta1:16.838, theta2:3.541, e:-2.410
t:40.25, r:10.00, omega:7.59, omega_m:10.00, u:141.52, theta1:16.839, theta2:3.540, e:-2.410
t:40.26, r:10.00, omega:7.59, omega_m:10.00, u:141.54, theta1:16.840, theta2:3.539, e:-2.410
t:40.27, r:10.00, omega:7.59, omega_m:10.00, u:141.55, theta1:16.840, theta2:3.538, e:-2.410
t:40.28, r:10.00, omega:7.59, omega_m:10.00, u:141.57, theta1:16.841, theta2:3.537, e:-2.410
t:40.29, r:10.00, omega:7.59, omega_m:10.00, u:141.58, theta1:16.842, theta2:3.536, e:-2.410
t:40.30, r:10.00, omega:8.12, omega_m:10.00, u:139.71, theta1:16.843, theta2:3.535, e:-1.878
t:40.31, r:10.00, omega:8.12, omega_m:10.00, u:139.73, theta1:16.843, theta2:3.534, e:-1.878
t:40.32, r:10.00, omega:8.12, omega_m:10.00, u:139.74, theta1:16.844, theta2:3.533, e:-1.878
t:40.33, r:10.00, omega:8.12, omega_m:10.00, u:139.75, theta1:16.844, theta2:3.532, e:-1.878
t:40.34, r:10.00, omega:8.12, omega_m:10.00, u:139.77, theta1:16.845, theta2:3.532, e:-1.878
t:40.35, r:10.00, omega:8.12, omega_m:10.00, u:139.78, theta1:16.846, theta2:3.531, e:-1.878
t:40.36, r:10.00, omega:8.57, omega_m:10.00, u:138.20, theta1:16.846, theta2:3.530, e:-1.429
t:40.37, r:10.00, omega:8.57, omega_m:10.00, u:138.21, theta1:16.847, theta2:3.529, e:-1.429
t:40.38, r:10.00, omega:8.57, omega_m:10.00, u:138.22, theta1:16.847, theta2:3.529, e:-1.429
t:40.39, r:10.00, omega:8.57, omega_m:10.00, u:138.24, theta1:16.848, theta2:3.528, e:-1.429
t:40.40, r:10.00, omega:8.57, omega_m:10.00, u:138.25, theta1:16.848, theta2:3.528, e:-1.429
t:40.41, r:10.00, omega:8.57, omega_m:10.00, u:138.26, theta1:16.849, theta2:3.527, e:-1.429
t:40.42, r:10.00, omega:8.08, omega_m:10.00, u:140.01, theta1:16.849, theta2:3.526, e:-1.923
t:40.43, r:10.00, omega:8.08, omega_m:10.00, u:140.03, theta1:16.850, theta2:3.525, e:-1.923
t:40.44, r:10.00, omega:8.08, omega_m:10.00, u:140.04, theta1:16.850, theta2:3.524, e:-1.923
t:40.45, r:10.00, omega:8.08, omega_m:10.00, u:140.05, theta1:16.851, theta2:3.523, e:-1.923
t:40.46, r:10.00, omega:8.08, omega_m:10.00, u:140.07, theta1:16.852, theta2:3.523, e:-1.923
t:40.47, r:10.00, omega:8.08, omega_m:10.00, u:140.08, theta1:16.852, theta2:3.522, e:-1.923
t:40.48, r:10.00, omega:8.08, omega_m:10.00, u:140.09, theta1:16.853, theta2:3.521, e:-1.923
t:40.49, r:10.00, omega:7.98, omega_m:10.00, u:140.45, theta1:16.854, theta2:3.520, e:-2.021
t:40.50, r:10.00, omega:7.98, omega_m:10.00, u:140.46, theta1:16.854, theta2:3.519, e:-2.021
t:40.51, r:10.00, omega:7.98, omega_m:10.00, u:140.48, theta1:16.855, theta2:3.518, e:-2.021
t:40.52, r:10.00, omega:7.98, omega_m:10.00, u:140.49, theta1:16.856, theta2:3.517, e:-2.021
t:40.53, r:10.00, omega:7.98, omega_m:10.00, u:140.51, theta1:16.856, theta2:3.517, e:-2.021
t:40.54, r:10.00, omega:7.98, omega_m:10.00, u:140.52, theta1:16.857, theta2:3.516, e:-2.021
t:40.55, r:10.00, omega:8.50, omega_m:10.00, u:138.69, theta1:16.858, theta2:3.515, e:-1.497
t:40.56, r:10.00, omega:8.50, omega_m:10.00, u:138.70, theta1:16.858, theta2:3.514, e:-1.497
t:40.57, r:10.00, omega:8.50, omega_m:10.00, u:138.71, theta1:16.859, theta2:3.514, e:-1.497
t:40.58, r:10.00, omega:8.50, omega_m:10.00, u:138.72, theta1:16.859, theta2:3.513, e:-1.497
t:40.59, r:10.00, omega:8.50, omega_m:10.00, u:138.73, theta1:16.860, theta2:3.512, e:-1.497
t:40.60, r:10.00, omega:8.50, omega_m:10.00, u:138.74, theta1:16.860, theta2:3.512, e:-1.497
t:40.61, r:10.00, omega:8.33, omega_m:10.00, u:139.37, theta1:16.861, theta2:3.511, e:-1.673
t:40.62, r:10.00, omega:8.33, omega_m:10.00, u:139.38, theta1:16.861, theta2:3.510, e:-1.673
t:40.63, r:10.00, omega:8.33, omega_m:10.00, u:139.39, theta1:16.862, theta2:3.509, e:-1.673
t:40.64, r:10.00, omega:8.33, omega_m:10.00, u:139.41, theta1:16.862, theta2:3.509, e:-1.673
t:40.65, r:10.00, omega:8.33, omega_m:10.00, u:139.42, theta1:16.863, theta2:3.508, e:-1.673
t:40.66, r:10.00, omega:8.33, omega_m:10.00, u:139.43, theta1:16.863, theta2:3.507, e:-1.673
t:40.67, r:10.00, omega:8.33, omega_m:10.00, u:139.44, theta1:16.864, theta2:3.506, e:-1.673
t:40.68, r:10.00, omega:8.03, omega_m:10.00, u:140.49, theta1:16.865, theta2:3.505, e:-1.967
t:40.69, r:10.00, omega:8.03, omega_m:10.00, u:140.50, theta1:16.865, theta2:3.505, e:-1.967
t:40.70, r:10.00, omega:8.03, omega_m:10.00, u:140.51, theta1:16.866, theta2:3.504, e:-1.967
t:40.71, r:10.00, omega:8.03, omega_m:10.00, u:140.53, theta1:16.867, theta2:3.503, e:-1.967
t:40.72, r:10.00, omega:8.03, omega_m:10.00, u:140.54, theta1:16.867, theta2:3.502, e:-1.967
t:40.73, r:10.00, omega:8.03, omega_m:10.00, u:140.55, theta1:16.868, theta2:3.501, e:-1.967
t:40.74, r:10.00, omega:8.54, omega_m:10.00, u:138.80, theta1:16.868, theta2:3.500, e:-1.463
t:40.75, r:10.00, omega:8.54, omega_m:10.00, u:138.81, theta1:16.869, theta2:3.500, e:-1.463
t:40.76, r:10.00, omega:8.54, omega_m:10.00, u:138.82, theta1:16.869, theta2:3.499, e:-1.463
t:40.77, r:10.00, omega:8.54, omega_m:10.00, u:138.83, theta1:16.870, theta2:3.498, e:-1.463
t:40.78, r:10.00, omega:8.54, omega_m:10.00, u:138.84, theta1:16.870, theta2:3.498, e:-1.463
t:40.79, r:10.00, omega:8.54, omega_m:10.00, u:138.85, theta1:16.871, theta2:3.497, e:-1.463
t:40.80, r:10.00, omega:8.30, omega_m:10.00, u:139.68, theta1:16.871, theta2:3.496, e:-1.697
t:40.81, r:10.00, omega:8.30, omega_m:10.00, u:139.69, theta1:16.872, theta2:3.496, e:-1.697
t:40.82, r:10.00, omega:8.30, omega_m:10.00, u:139.71, theta1:16.872, theta2:3.495, e:-1.697
t:40.83, r:10.00, omega:8.30, omega_m:10.00, u:139.72, theta1:16.873, theta2:3.494, e:-1.697
t:40.84, r:10.00, omega:8.30, omega_m:10.00, u:139.73, theta1:16.874, theta2:3.493, e:-1.697
t:40.85, r:10.00, omega:8.30, omega_m:10.00, u:139.74, theta1:16.874, theta2:3.492, e:-1.697
t:40.86, r:10.00, omega:8.36, omega_m:10.00, u:139.55, theta1:16.875, theta2:3.492, e:-1.637
t:40.87, r:10.00, omega:8.36, omega_m:10.00, u:139.56, theta1:16.875, theta2:3.491, e:-1.637
t:40.88, r:10.00, omega:8.36, omega_m:10.00, u:139.57, theta1:16.876, theta2:3.490, e:-1.637
t:40.89, r:10.00, omega:8.36, omega_m:10.00, u:139.58, theta1:16.876, theta2:3.489, e:-1.637
t:40.90, r:10.00, omega:8.36, omega_m:10.00, u:139.59, theta1:16.877, theta2:3.489, e:-1.637
t:40.91, r:10.00, omega:8.36, omega_m:10.00, u:139.60, theta1:16.877, theta2:3.488, e:-1.637
t:40.92, r:10.00, omega:8.36, omega_m:10.00, u:139.62, theta1:16.878, theta2:3.487, e:-1.637
t:40.93, r:10.00, omega:8.15, omega_m:10.00, u:140.37, theta1:16.879, theta2:3.486, e:-1.849
t:40.94, r:10.00, omega:8.15, omega_m:10.00, u:140.38, theta1:16.879, theta2:3.486, e:-1.849
t:40.95, r:10.00, omega:8.15, omega_m:10.00, u:140.39, theta1:16.880, theta2:3.485, e:-1.849
t:40.96, r:10.00, omega:8.15, omega_m:10.00, u:140.41, theta1:16.880, theta2:3.484, e:-1.849
t:40.97, r:10.00, omega:8.15, omega_m:10.00, u:140.42, theta1:16.881, theta2:3.483, e:-1.849
t:40.98, r:10.00, omega:8.15, omega_m:10.00, u:140.43, theta1:16.882, theta2:3.482, e:-1.849
t:40.99, r:10.00, omega:8.46, omega_m:10.00, u:139.35, theta1:16.882, theta2:3.482, e:-1.535
t:41.00, r:10.00, omega:8.46, omega_m:10.00, u:139.36, theta1:16.883, theta2:3.481, e:-1.535
t:41.01, r:0.00, omega:8.46, omega_m:3.68, u:0.00, theta1:16.882, theta2:3.483, e:4.786
t:41.02, r:0.00, omega:8.46, omega_m:1.35, u:0.00, theta1:16.881, theta2:3.486, e:7.111
t:41.03, r:0.00, omega:8.46, omega_m:0.50, u:0.00, theta1:16.879, theta2:3.489, e:7.967
t:41.04, r:0.00, omega:8.46, omega_m:0.18, u:0.00, theta1:16.878, theta2:3.492, e:8.281
t:41.05, r:0.00, omega:8.46, omega_m:0.07, u:0.00, theta1:16.876, theta2:3.495, e:8.397
t:41.06, r:0.00, omega:8.46, omega_m:0.02, u:0.00, theta1:16.875, theta2:3.498, e:8.440
t:41.07, r:0.00, omega:8.46, omega_m:0.01, u:0.00, theta1:16.874, theta2:3.502, e:8.455
t:41.08, r:0.00, omega:8.46, omega_m:0.00, u:0.00, theta1:16.872, theta2:3.505, e:8.461
t:41.09, r:0.00, omega:8.46, omega_m:0.00, u:0.00, theta1:16.871, theta2:3.508, e:8.463
t:41.10, r:0.00, omega:8.46, omega_m:0.00, u:0.00, theta1:16.869, theta2:3.512, e:8.464
t:41.11, r:0.00, omega:8.46, omega_m:0.00, u:0.00, theta1:16.868, theta2:3.515, e:8.464
t:41.12, r:0.00, omega:8.46, omega_m:0.00, u:0.00, theta1:16.866, theta2:3.518, e:8.464
t:41.13, r:0.00, omega:8.46, omega_m:0.00, u:0.00, theta1:16.865, theta2:3.521, e:8.465
t:41.14, r:0.00, omega:8.46, omega_m:0.00, u:0.00, theta1:16.864, theta2:3.525, e:8.465
t:41.15, r:0.00, omega:8.46, omega_m:0.00, u:0.00, theta1:16.862, theta2:3.528, e:8.465
t:41.16, r:0.00, omega:8.46, omega_m:0.00, u:0.00, theta1:16.861, theta2:3.531, e:8.465
t:41.17, r:0.00, omega:8.46, omega_m:0.00, u:0.00, theta1:16.859, theta2:3.535, e:8.465
t:41.18, r:0.00, omega:8.46, omega_m:0.00, u:0.00, theta1:16.858, theta2:3.538, e:8.465
t:41.19, r:0.00, omega:8.46, omega_m:0.00, u:0.00, theta1:16.856, theta2:3.541, e:8.465
t:41.20, r:0.00, omega:8.46, omega_m:0.00, u:0.00, theta1:16.855, theta2:3.544, e:8.465
t:41.21, r:0.00, omega:8.46, omega_m:0.00, u:0.00, theta1:16.854, theta2:3.548, e:8.465
t:41.22, r:0.00, omega:8.46, omega_m:0.00, u:0.00, theta1:16.852, theta2:3.551, e:8.465
t:41.23, r:0.00, omega:8.46, omega_m:0.00, u:0.00, theta1:16.851, theta2:3.554, e:8.465
t:41.24, r:0.00, omega:8.46, omega_m:0.00, u:0.00, theta1:16.849, theta2:3.558, e:8.465
t:41.25, r:0.00, omega:8.46, omega_m:0.00, u:0.00, theta1:16.848, theta2:3.561, e:8.465
t:41.26, r:0.00, omega:8.46, omega_m:0.00, u:0.00, theta1:16.846, theta2:3.564, e:8.465
t:41.27, r:0.00, omega:8.46, omega_m:0.00, u:0.00, theta1:16.845, theta2:3.567, e:8.465
t:41.28, r:0.00, omega:8.46, omega_m:0.00, u:0.00, theta1:16.844, theta2:3.571, e:8.465
t:41.29, r:0.00, omega:8.46, omega_m:0.00, u:0.00, theta1:16.842, theta2:3.574, e:8.465
t:41.30, r:0.00, omega:8.46, omega_m:0.00, u:0.00, theta1:16.841, theta2:3.577, e:8.465
t:41.31, r:0.00, omega:8.46, omega_m:0.00, u:0.00, theta1:16.839, theta2:3.580, e:8.465
t:41.32, r:0.00, omega:8.46, omega_m:0.00, u:0.00, theta1:16.838, theta2:3.584, e:8.465
t:41.33, r:0.00, omega:8.46, omega_m:0.00, u:0.00, theta1:16.836, theta2:3.587, e:8.465
t:41.34, r:0.00, omega:8.46, omega_m:0.00, u:0.00, theta1:16.835, theta2:3.590, e:8.465
t:41.35, r:0.00, omega:8.46, omega_m:0.00, u:0.00, theta1:16.834, theta2:3.594, e:8.465
t:41.36, r:0.00, omega:8.46, omega_m:0.00, u:0.00, theta1:16.832, theta2:3.597, e:8.465
t:41.37, r:0.00, omega:8.46, omega_m:0.00, u:0.00, theta1:16.831, theta2:3.600, e:8.465
t:41.38, r:0.00, omega:8.46, omega_m:0.00, u:0.00, theta1:16.829, theta2:3.603, e:8.465
t:41.39, r:0.00, omega:8.46, omega_m:0.00, u:0.00, theta1:16.828, theta2:3.607, e:8.465
t:41.40, r:0.00, omega:8.46, omega_m:0.00, u:0.00, theta1:16.827, theta2:3.610, e:8.465
t:41.41, r:0.00, omega:8.46, omega_m:0.00, u:0.00, theta1:16.825, theta2:3.613, e:8.465
t:41.42, r:0.00, omega:8.46, omega_m:0.00, u:0.00, theta1:16.824, theta2:3.617, e:8.465
t:41.43, r:0.00, omega:8.46, omega_m:0.00, u:0.00, theta1:16.822, theta2:3.620, e:8.465
t:41.44, r:0.00, omega:8.46, omega_m:0.00, u:0.00, theta1:16.821, theta2:3.623, e:8.465
t:41.45, r:0.00, omega:8.46, omega_m:0.00, u:0.00, theta1:16.819, theta2:3.626, e:8.465
t:41.46, r:0.00, omega:8.46, omega_m:0.00, u:0.00, theta1:16.818, theta2:3.630, e:8.465
t:41.47, r:0.00, omega:8.46, omega_m:0.00, u:0.00, theta1:16.817, theta2:3.633, e:8.465
t:41.48, r:0.00, omega:8.46, omega_m:0.00, u:0.00, theta1:16.815, theta2:3.636, e:8.465
t:41.49, r:0.00, omega:0.00, omega_m:0.00, u:0.00, theta1:16.815, theta2:3.636, e:-0.000
t:41.50, r:0.00, omega:0.00, omega_m:0.00, u:0.00, theta1:16.815, theta2:3.636, e:-0.000
t:41.51, r:0.00, omega:0.00, omega_m:0.00, u:0.00, theta1:16.815, theta2:3.636, e:-0.000
t:41.52, r:0.00, omega:0.00, omega_m:0.00, u:0.00, theta1:16.815, theta2:3.636, e:-0.000
t:41.53, r:0.00, omega:0.00, omega_m:0.00, u:0.00, theta1:16.815, theta2:3.636, e:-0.000
t:41.54, r:0.00, omega:0.00, omega_m:0.00, u:0.00, theta1:16.815, theta2:3.636, e:-0.000
t:41.55, r:0.00, omega:0.00, omega_m:0.00, u:0.00, theta1:16.815, theta2:3.636, e:-0.000
t:41.56, r:0.00, omega:0.00, omega_m:0.00, u:0.00, theta1:16.815, theta2:3.636, e:-0.000
t:41.57, r:0.00, omega:0.00, omega_m:0.00, u:0.00, theta1:16.815, theta2:3.636, e:-0.000
t:41.58, r:0.00, omega:0.00, omega_m:0.00, u:0.00, theta1:16.815, theta2:3.636, e:-0.000
t:41.59, r:0.00, omega:0.00, omega_m:0.00, u:0.00, theta1:16.815, theta2:3.636, e:-0.000
t:41.60, r:0.00, omega:0.00, omega_m:0.00, u:0.00, theta1:16.815, theta2:3.636, e:-0.000
t:41.61, r:0.00, omega:0.00, omega_m:0.00, u:0.00, theta1:16.815, theta2:3.636, e:-0.000
t:41.62, r:0.00, omega:0.00, omega_m:0.00, u:0.00, theta1:16.815, theta2:3.636, e:-0.000
t:41.63, r:0.00, omega:0.00, omega_m:0.00, u:0.00, theta1:16.815, theta2:3.636, e:-0.000
t:41.64, r:0.00, omega:0.00, omega_m:0.00, u:0.00, theta1:16.815, theta2:3.636, e:-0.000
t:41.65, r:0.00, omega:0.00, omega_m:0.00, u:0.00, theta1:16.815, theta2:3.636, e:-0.000
t:41.66, r:0.00, omega:0.00, omega_m:0.00, u:0.00, theta1:16.815, theta2:3.636, e:-0.000
t:41.67, r:0.00, omega:0.00, omega_m:0.00, u:0.00, theta1:16.815, theta2:3.636, e:-0.000
t:41.68, r:0.00, omega:0.00, omega_m:0.00, u:0.00, theta1:16.815, theta2:3.636, e:-0.000
t:41.69, r:0.00, omega:0.00, omega_m:0.00, u:0.00, theta1:16.815, theta2:3.636, e:-0.000
t:41.70, r:0.00, omega:0.00, omega_m:0.00, u:0.00, theta1:16.815, theta2:3.636, e:-0.000
t:41.71, r:0.00, omega:0.00, omega_m:0.00, u:0.00, theta1:16.815, theta2:3.636, e:-0.000
t:41.72, r:0.00, omega:0.00, omega_m:0.00, u:0.00, theta1:16.815, theta2:3.636, e:-0.000
t:41.73, r:0.00, omega:0.00, omega_m:0.00, u:0.00, theta1:16.815, theta2:3.636, e:-0.000
t:41.74, r:0.00, omega:0.00, omega_m:0.00, u:0.00, theta1:16.815, theta2:3.636, e:-0.000
t:41.75, r:0.00, omega:0.00, omega_m:0.00, u:0.00, theta1:16.815, theta2:3.636, e:-0.000
t:41.76, r:0.00, omega:0.00, omega_m:0.00, u:0.00, theta1:16.815, theta2:3.636, e:-0.000
t:41.77, r:0.00, omega:0.00, omega_m:0.00, u:0.00, theta1:16.815, theta2:3.636, e:-0.000
t:41.78, r:0.00, omega:0.00, omega_m:0.00, u:0.00, theta1:16.815, theta2:3.636, e:-0.000
t:41.79, r:0.00, omega:0.00, omega_m:0.00, u:0.00, theta1:16.815, theta2:3.636, e:-0.000
t:41.80, r:0.00, omega:0.00, omega_m:0.00, u:0.00, theta1:16.815, theta2:3.636, e:-0.000
t:41.81, r:0.00, omega:0.00, omega_m:0.00, u:0.00, theta1:16.815, theta2:3.636, e:-0.000
t:41.82, r:0.00, omega:0.00, omega_m:0.00, u:0.00, theta1:16.815, theta2:3.636, e:-0.000
t:41.83, r:0.00, omega:0.00, omega_m:0.00, u:0.00, theta1:16.815, theta2:3.636, e:-0.000
t:41.84, r:0.00, omega:0.00, omega_m:0.00, u:0.00, theta1:16.815, theta2:3.636, e:-0.000
t:41.85, r:0.00, omega:0.00, omega_m:0.00, u:0.00, theta1:16.815, theta2:3.636, e:-0.000
t:41.86, r:0.00, omega:0.00, omega_m:0.00, u:0.00, theta1:16.815, theta2:3.636, e:-0.000
t:41.87, r:0.00, omega:0.00, omega_m:0.00, u:0.00, theta1:16.815, theta2:3.636, e:-0.000
t:41.88, r:0.00, omega:0.00, omega_m:0.00, u:0.00, theta1:16.815, theta2:3.636, e:-0.000
t:41.89, r:0.00, omega:0.00, omega_m:0.00, u:0.00, theta1:16.815, theta2:3.636, e:-0.000
t:41.90, r:0.00, omega:0.00, omega_m:0.00, u:0.00, theta1:16.815, theta2:3.636, e:-0.000
t:41.91, r:0.00, omega:0.00, omega_m:0.00, u:0.00, theta1:16.815, theta2:3.636, e:-0.000
t:41.92, r:0.00, omega:0.00, omega_m:0.00, u:0.00, theta1:16.815, theta2:3.636, e:-0.000
t:41.93, r:0.00, omega:0.00, omega_m:0.00, u:0.00, theta1:16.815, theta2:3.636, e:-0.000
t:41.94, r:0.00, omega:0.00, omega_m:0.00, u:0.00, theta1:16.815, theta2:3.636, e:-0.000
t:41.95, r:0.00, omega:0.00, omega_m:0.00, u:0.00, theta1:16.815, theta2:3.636, e:-0.000
t:41.96, r:0.00, omega:0.00, omega_m:0.00, u:0.00, theta1:16.815, theta2:3.636, e:-0.000
t:41.97, r:0.00, omega:0.00, omega_m:0.00, u:0.00, theta1:16.815, theta2:3.636, e:-0.000
t:41.98, r:0.00, omega:0.00, omega_m:0.00, u:0.00, theta1:16.815, theta2:3.636, e:-0.000
t:41.99, r:0.00, omega:0.00, omega_m:0.00, u:0.00, theta1:16.815, theta2:3.636, e:-0.000
t:42.00, r:0.00, omega:0.00, omega_m:0.00, u:0.00, theta1:16.815, theta2:3.636, e:-0.000
t:42.01, r:-10.00, omega:0.00, omega_m:-6.32, u:-168.17, theta1:16.817, theta2:3.636, e:6.321
t:42.02, r:-10.00, omega:0.00, omega_m:-8.65, u:-168.20, theta1:16.820, theta2:3.636, e:8.647
t:42.03, r:-10.00, omega:0.00, omega_m:-9.50, u:-168.23, theta1:16.823, theta2:3.635, e:9.502
t:42.04, r:-10.00, omega:0.00, omega_m:-9.82, u:-168.26, theta1:16.826, theta2:3.635, e:9.817
t:42.05, r:-10.00, omega:-0.50, omega_m:-9.93, u:-166.49, theta1:16.830, theta2:3.634, e:9.437
t:42.06, r:-10.00, omega:-0.50, omega_m:-9.98, u:-166.53, theta1:16.833, theta2:3.634, e:9.479
t:42.07, r:-10.00, omega:-0.50, omega_m:-9.99, u:-166.56, theta1:16.836, theta2:3.633, e:9.495
t:42.08, r:-10.00, omega:-0.50, omega_m:-10.00, u:-166.59, theta1:16.839, theta2:3.633, e:9.501
t:42.09, r:-10.00, omega:-0.50, omega_m:-10.00, u:-166.62, theta1:16.842, theta2:3.632, e:9.503
t:42.10, r:-10.00, omega:-9.34, omega_m:-10.00, u:-134.52, theta1:16.842, theta2:3.632, e:0.664
t:42.11, r:-10.00, omega:-9.34, omega_m:-10.00, u:-134.53, theta1:16.843, theta2:3.631, e:0.664
t:42.12, r:-10.00, omega:-9.34, omega_m:-10.00, u:-134.53, theta1:16.843, theta2:3.631, e:0.664
t:42.13, r:-10.00, omega:-9.34, omega_m:-10.00, u:-134.54, theta1:16.843, theta2:3.631, e:0.664
t:42.14, r:-10.00, omega:-9.34, omega_m:-10.00, u:-134.54, theta1:16.843, theta2:3.630, e:0.664
t:42.15, r:-10.00, omega:-9.97, omega_m:-10.00, u:-132.23, theta1:16.843, theta2:3.630, e:0.026
t:42.16, r:-10.00, omega:-9.97, omega_m:-10.00, u:-132.23, theta1:16.843, theta2:3.630, e:0.026
t:42.17, r:-10.00, omega:-9.97, omega_m:-10.00, u:-132.23, theta1:16.843, theta2:3.630, e:0.026
t:42.18, r:-10.00, omega:-9.97, omega_m:-10.00, u:-132.23, theta1:16.843, theta2:3.630, e:0.026
t:42.19, r:-10.00, omega:-9.97, omega_m:-10.00, u:-132.23, theta1:16.843, theta2:3.630, e:0.026
t:42.20, r:-10.00, omega:-9.97, omega_m:-10.00, u:-132.23, theta1:16.843, theta2:3.630, e:0.026
t:42.21, r:-10.00, omega:-9.97, omega_m:-10.00, u:-132.23, theta1:16.843, theta2:3.630, e:0.026
t:42.22, r:-10.00, omega:-8.11, omega_m:-10.00, u:-139.00, theta1:16.844, theta2:3.629, e:1.888
t:42.23, r:-10.00, omega:-8.11, omega_m:-10.00, u:-139.01, theta1:16.845, theta2:3.629, e:1.888
t:42.24, r:-10.00, omega:-8.11, omega_m:-10.00, u:-139.03, theta1:16.845, theta2:3.628, e:1.888
t:42.25, r:-10.00, omega:-8.11, omega_m:-10.00, u:-139.04, theta1:16.846, theta2:3.627, e:1.888
t:42.26, r:-10.00, omega:-8.11, omega_m:-10.00, u:-139.05, theta1:16.847, theta2:3.626, e:1.888
t:42.27, r:-10.00, omega:-8.11, omega_m:-10.00, u:-139.06, theta1:16.847, theta2:3.625, e:1.888
t:42.28, r:-10.00, omega:-8.11, omega_m:-10.00, u:-139.08, theta1:16.848, theta2:3.624, e:1.888
t:42.29, r:-10.00, omega:-7.80, omega_m:-10.00, u:-140.23, theta1:16.848, theta2:3.623, e:2.203
t:42.30, r:-10.00, omega:-7.80, omega_m:-10.00, u:-140.25, theta1:16.849, theta2:3.623, e:2.203
t:42.31, r:-10.00, omega:-7.80, omega_m:-10.00, u:-140.26, theta1:16.850, theta2:3.622, e:2.203
t:42.32, r:-10.00, omega:-7.80, omega_m:-10.00, u:-140.28, theta1:16.851, theta2:3.621, e:2.203
t:42.33, r:-10.00, omega:-7.80, omega_m:-10.00, u:-140.29, theta1:16.851, theta2:3.620, e:2.203
t:42.34, r:-10.00, omega:-8.96, omega_m:-10.00, u:-136.08, theta1:16.852, theta2:3.619, e:1.039
t:42.35, r:-10.00, omega:-8.96, omega_m:-10.00, u:-136.09, theta1:16.852, theta2:3.619, e:1.039
t:42.36, r:-10.00, omega:-8.96, omega_m:-10.00, u:-136.10, theta1:16.852, theta2:3.618, e:1.039
t:42.37, r:-10.00, omega:-8.96, omega_m:-10.00, u:-136.11, theta1:16.853, theta2:3.618, e:1.039
t:42.38, r:-10.00, omega:-8.96, omega_m:-10.00, u:-136.12, theta1:16.853, theta2:3.617, e:1.039
t:42.39, r:-10.00, omega:-8.96, omega_m:-10.00, u:-136.12, theta1:16.853, theta2:3.617, e:1.039
t:42.40, r:-10.00, omega:-8.96, omega_m:-10.00, u:-136.13, theta1:16.854, theta2:3.616, e:1.039
t:42.41, r:-10.00, omega:-8.53, omega_m:-10.00, u:-137.69, theta1:16.854, theta2:3.616, e:1.466
t:42.42, r:-10.00, omega:-8.53, omega_m:-10.00, u:-137.70, theta1:16.855, theta2:3.615, e:1.466
t:42.43, r:-10.00, omega:-8.53, omega_m:-10.00, u:-137.71, theta1:16.855, theta2:3.614, e:1.466
t:42.44, r:-10.00, omega:-8.53, omega_m:-10.00, u:-137.72, theta1:16.856, theta2:3.614, e:1.466
t:42.45, r:-10.00, omega:-8.53, omega_m:-10.00, u:-137.73, theta1:16.856, theta2:3.613, e:1.466
t:42.46, r:-10.00, omega:-8.53, omega_m:-10.00, u:-137.74, theta1:16.857, theta2:3.612, e:1.466
t:42.47, r:-10.00, omega:-8.41, omega_m:-10.00, u:-138.20, theta1:16.857, theta2:3.611, e:1.591
t:42.48, r:-10.00, omega:-8.41, omega_m:-10.00, u:-138.21, theta1:16.858, theta2:3.611, e:1.591
t:42.49, r:-10.00, omega:-8.41, omega_m:-10.00, u:-138.23, theta1:16.858, theta2:3.610, e:1.591
t:42.50, r:-10.00, omega:-8.41, omega_m:-10.00, u:-138.24, theta1:16.859, theta2:3.609, e:1.591
t:42.51, r:-10.00, omega:-8.41, omega_m:-10.00, u:-138.25, theta1:16.859, theta2:3.609, e:1.591
t:42.52, r:-10.00, omega:-8.41, omega_m:-10.00, u:-138.26, theta1:16.860, theta2:3.608, e:1.591
t:42.53, r:-10.00, omega:-8.66, omega_m:-10.00, u:-137.38, theta1:16.860, theta2:3.607, e:1.343
t:42.54, r:-10.00, omega:-8.66, omega_m:-10.00, u:-137.39, theta1:16.861, theta2:3.607, e:1.343
t:42.55, r:-10.00, omega:-8.66, omega_m:-10.00, u:-137.40, theta1:16.861, theta2:3.606, e:1.343
t:42.56, r:-10.00, omega:-8.66, omega_m:-10.00, u:-137.41, theta1:16.862, theta2:3.605, e:1.343
t:42.57, r:-10.00, omega:-8.66, omega_m:-10.00, u:-137.42, theta1:16.862, theta2:3.605, e:1.343
t:42.58, r:-10.00, omega:-8.66, omega_m:-10.00, u:-137.43, theta1:16.863, theta2:3.604, e:1.343
t:42.59, r:-10.00, omega:-9.00, omega_m:-10.00, u:-136.18, theta1:16.863, theta2:3.604, e:0.995
t:42.60, r:-10.00, omega:-9.00, omega_m:-10.00, u:-136.19, theta1:16.863, theta2:3.603, e:0.995
t:42.61, r:-10.00, omega:-9.00, omega_m:-10.00, u:-136.20, theta1:16.864, theta2:3.603, e:0.995
t:42.62, r:-10.00, omega:-9.00, omega_m:-10.00, u:-136.20, theta1:16.864, theta2:3.602, e:0.995
t:42.63, r:-10.00, omega:-9.00, omega_m:-10.00, u:-136.21, theta1:16.864, theta2:3.602, e:0.995
t:42.64, r:-10.00, omega:-9.00, omega_m:-10.00, u:-136.22, theta1:16.865, theta2:3.601, e:0.995
t:42.65, r:-10.00, omega:-8.00, omega_m:-10.00, u:-139.85, theta1:16.865, theta2:3.600, e:2.001
t:42.66, r:-10.00, omega:-8.00, omega_m:-10.00, u:-139.87, theta1:16.866, theta2:3.599, e:2.001
t:42.67, r:-10.00, omega:-8.00, omega_m:-10.00, u:-139.88, theta1:16.867, theta2:3.598, e:2.001
t:42.68, r:-10.00, omega:-8.00, omega_m:-10.00, u:-139.89, theta1:16.867, theta2:3.598, e:2.001
t:42.69, r:-10.00, omega:-8.00, omega_m:-10.00, u:-139.91, theta1:16.868, theta2:3.597, e:2.001
t:42.70, r:-10.00, omega:-8.00, omega_m:-10.00, u:-139.92, theta1:16.869, theta2:3.596, e:2.001
t:42.71, r:-10.00, omega:-8.54, omega_m:-10.00, u:-137.99, theta1:16.869, theta2:3.595, e:1.460
t:42.72, r:-10.00, omega:-8.54, omega_m:-10.00, u:-138.00, theta1:16.869, theta2:3.595, e:1.460
t:42.73, r:-10.00, omega:-8.54, omega_m:-10.00, u:-138.01, theta1:16.870, theta2:3.594, e:1.460
t:42.74, r:-10.00, omega:-8.54, omega_m:-10.00, u:-138.02, theta1:16.870, theta2:3.593, e:1.460
t:42.75, r:-10.00, omega:-8.54, omega_m:-10.00, u:-138.03, theta1:16.871, theta2:3.592, e:1.460
t:42.76, r:-10.00, omega:-8.54, omega_m:-10.00, u:-138.04, theta1:16.871, theta2:3.592, e:1.460
t:42.77, r:-10.00, omega:-8.55, omega_m:-10.00, u:-138.02, theta1:16.872, theta2:3.591, e:1.452
t:42.78, r:-10.00, omega:-8.55, omega_m:-10.00, u:-138.03, theta1:16.872, theta2:3.590, e:1.452
t:42.79, r:-10.00, omega:-8.55, omega_m:-10.00, u:-138.04, theta1:16.873, theta2:3.590, e:1.452
t:42.80, r:-10.00, omega:-8.55, omega_m:-10.00, u:-138.06, theta1:16.873, theta2:3.589, e:1.452
t:42.81, r:-10.00, omega:-8.55, omega_m:-10.00, u:-138.07, theta1:16.874, theta2:3.588, e:1.452
t:42.82, r:-10.00, omega:-8.55, omega_m:-10.00, u:-138.08, theta1:16.874, theta2:3.588, e:1.452
t:42.83, r:-10.00, omega:-8.55, omega_m:-10.00, u:-138.09, theta1:16.875, theta2:3.587, e:1.452
t:42.84, r:-10.00, omega:-8.33, omega_m:-10.00, u:-138.89, theta1:16.875, theta2:3.586, e:1.674
t:42.85, r:-10.00, omega:-8.33, omega_m:-10.00, u:-138.91, theta1:16.876, theta2:3.586, e:1.674
t:42.86, r:-10.00, omega:-8.33, omega_m:-10.00, u:-138.92, theta1:16.876, theta2:3.585, e:1.674
t:42.87, r:-10.00, omega:-8.33, omega_m:-10.00, u:-138.93, theta1:16.877, theta2:3.584, e:1.674
t:42.88, r:-10.00, omega:-8.33, omega_m:-10.00, u:-138.94, theta1:16.878, theta2:3.583, e:1.674
t:42.89, r:-10.00, omega:-8.33, omega_m:-10.00, u:-138.95, theta1:16.878, theta2:3.583, e:1.674
t:42.90, r:-10.00, omega:-8.53, omega_m:-10.00, u:-138.22, theta1:16.879, theta2:3.582, e:1.466
t:42.91, r:-10.00, omega:-8.53, omega_m:-10.00, u:-138.23, theta1:16.879, theta2:3.581, e:1.466
t:42.92, r:-10.00, omega:-8.53, omega_m:-10.00, u:-138.24, theta1:16.880, theta2:3.581, e:1.466
t:42.93, r:-10.00, omega:-8.53, omega_m:-10.00, u:-138.25, theta1:16.880, theta2:3.580, e:1.466
t:42.94, r:-10.00, omega:-8.53, omega_m:-10.00, u:-138.26, theta1:16.881, theta2:3.579, e:1.466
t:42.95, r:-10.00, omega:-8.53, omega_m:-10.00, u:-138.27, theta1:16.881, theta2:3.579, e:1.466
t:42.96, r:-10.00, omega:-8.62, omega_m:-10.00, u:-137.99, theta1:16.882, theta2:3.578, e:1.384
t:42.97, r:-10.00, omega:-8.62, omega_m:-10.00, u:-138.00, theta1:16.882, theta2:3.577, e:1.384
t:42.98, r:-10.00, omega:-8.62, omega_m:-10.00, u:-138.01, theta1:16.882, theta2:3.577, e:1.384
t:42.99, r:-10.00, omega:-8.62, omega_m:-10.00, u:-138.02, theta1:16.883, theta2:3.576, e:1.384
t:43.00, r:-10.00, omega:-8.62, omega_m:-10.00, u:-138.03, theta1:16.883, theta2:3.575, e:1.384
t:43.01, r:0.00, omega:-8.62, omega_m:-3.68, u:0.00, theta1:16.883, theta2:3.577, e:-4.938
t:43.02, r:0.00, omega:-8.37, omega_m:-1.35, u:0.00, theta1:16.881, theta2:3.580, e:-7.020
t:43.03, r:0.00, omega:-8.37, omega_m:-0.50, u:0.00, theta1:16.880, theta2:3.583, e:-7.875
t:43.04, r:0.00, omega:-8.37, omega_m:-0.18, u:0.00, theta1:16.879, theta2:3.586, e:-8.190
t:43.05, r:0.00, omega:-8.37, omega_m:-0.07, u:0.00, theta1:16.877, theta2:3.589, e:-8.306
t:43.06, r:0.00, omega:-8.37, omega_m:-0.02, u:0.00, theta1:16.876, theta2:3.592, e:-8.348
t:43.07, r:0.00, omega:-8.37, omega_m:-0.01, u:0.00, theta1:16.874, theta2:3.596, e:-8.364
t:43.08, r:0.00, omega:-8.37, omega_m:-0.00, u:0.00, theta1:16.873, theta2:3.599, e:-8.370
t:43.09, r:0.00, omega:-8.37, omega_m:-0.00, u:0.00, theta1:16.872, theta2:3.602, e:-8.372
t:43.10, r:0.00, omega:-8.37, omega_m:-0.00, u:0.00, theta1:16.870, theta2:3.605, e:-8.373
t:43.11, r:0.00, omega:-8.37, omega_m:-0.00, u:0.00, theta1:16.869, theta2:3.608, e:-8.373
t:43.12, r:0.00, omega:-8.37, omega_m:-0.00, u:0.00, theta1:16.867, theta2:3.612, e:-8.373
t:43.13, r:0.00, omega:-8.37, omega_m:-0.00, u:0.00, theta1:16.866, theta2:3.615, e:-8.373
t:43.14, r:0.00, omega:-8.37, omega_m:-0.00, u:0.00, theta1:16.864, theta2:3.618, e:-8.373
t:43.15, r:0.00, omega:-8.37, omega_m:-0.00, u:0.00, theta1:16.863, theta2:3.621, e:-8.373
t:43.16, r:0.00, omega:-8.37, omega_m:-0.00, u:0.00, theta1:16.862, theta2:3.624, e:-8.373
t:43.17, r:0.00, omega:-8.37, omega_m:-0.00, u:0.00, theta1:16.860, theta2:3.628, e:-8.373
t:43.18, r:0.00, omega:-8.37, omega_m:-0.00, u:0.00, theta1:16.859, theta2:3.631, e:-8.373
t:43.19, r:0.00, omega:-8.37, omega_m:-0.00, u:0.00, theta1:16.857, theta2:3.634, e:-8.373
t:43.20, r:0.00, omega:-8.37, omega_m:-0.00, u:0.00, theta1:16.856, theta2:3.637, e:-8.373
t:43.21, r:0.00, omega:-8.37, omega_m:-0.00, u:0.00, theta1:16.855, theta2:3.640, e:-8.373
t:43.22, r:0.00, omega:-8.37, omega_m:-0.00, u:0.00, theta1:16.853, theta2:3.644, e:-8.373
t:43.23, r:0.00, omega:-8.37, omega_m:-0.00, u:0.00, theta1:16.852, theta2:3.647, e:-8.373
t:43.24, r:0.00, omega:-8.37, omega_m:-0.00, u:0.00, theta1:16.850, theta2:3.650, e:-8.373
t:43.25, r:0.00, omega:-8.37, omega_m:-0.00, u:0.00, theta1:16.849, theta2:3.653, e:-8.373
t:43.26, r:0.00, omega:-8.37, omega_m:-0.00, u:0.00, theta1:16.848, theta2:3.656, e:-8.373
t:43.27, r:0.00, omega:-8.37, omega_m:-0.00, u:0.00, theta1:16.846, theta2:3.660, e:-8.373
t:43.28, r:0.00, omega:-8.37, omega_m:-0.00, u:0.00, theta1:16.845, theta2:3.663, e:-8.373
t:43.29, r:0.00, omega:-8.37, omega_m:-0.00, u:0.00, theta1:16.843, theta2:3.666, e:-8.373
t:43.30, r:0.00, omega:-8.37, omega_m:-0.00, u:0.00, theta1:16.842, theta2:3.669, e:-8.373
t:43.31, r:0.00, omega:-8.37, omega_m:-0.00, u:0.00, theta1:16.841, theta2:3.672, e:-8.373
t:43.32, r:0.00, omega:-8.37, omega_m:-0.00, u:0.00, theta1:16.839, theta2:3.676, e:-8.373
t:43.33, r:0.00, omega:-8.37, omega_m:-0.00, u:0.00, theta1:16.838, theta2:3.679, e:-8.373
t:43.34, r:0.00, omega:-8.37, omega_m:-0.00, u:0.00, theta1:16.836, theta2:3.682, e:-8.373
t:43.35, r:0.00, omega:-8.37, omega_m:-0.00, u:0.00, theta1:16.835, theta2:3.685, e:-8.373
t:43.36, r:0.00, omega:-8.37, omega_m:-0.00, u:0.00, theta1:16.833, theta2:3.688, e:-8.373
t:43.37, r:0.00, omega:-8.37, omega_m:-0.00, u:0.00, theta1:16.832, theta2:3.692, e:-8.373
t:43.38, r:0.00, omega:-8.37, omega_m:-0.00, u:0.00, theta1:16.831, theta2:3.695, e:-8.373
t:43.39, r:0.00, omega:-8.37, omega_m:-0.00, u:0.00, theta1:16.829, theta2:3.698, e:-8.373
t:43.40, r:0.00, omega:-8.37, omega_m:-0.00, u:0.00, theta1:16.828, theta2:3.701, e:-8.373
t:43.41, r:0.00, omega:-8.37, omega_m:-0.00, u:0.00, theta1:16.826, theta2:3.704, e:-8.373
t:43.42, r:0.00, omega:-8.37, omega_m:-0.00, u:0.00, theta1:16.825, theta2:3.708, e:-8.373
t:43.43, r:0.00, omega:-8.37, omega_m:-0.00, u:0.00, theta1:16.824, theta2:3.711, e:-8.373
t:43.44, r:0.00, omega:-8.37, omega_m:-0.00, u:0.00, theta1:16.822, theta2:3.714, e:-8.373
t:43.45, r:0.00, omega:-8.37, omega_m:-0.00, u:0.00, theta1:16.821, theta2:3.717, e:-8.373
t:43.46, r:0.00, omega:-8.37, omega_m:-0.00, u:0.00, theta1:16.819, theta2:3.720, e:-8.373
t:43.47, r:0.00, omega:-8.37, omega_m:-0.00, u:0.00, theta1:16.818, theta2:3.724, e:-8.373
t:43.48, r:0.00, omega:-8.37, omega_m:-0.00, u:0.00, theta1:16.817, theta2:3.727, e:-8.373
t:43.49, r:0.00, omega:-8.37, omega_m:-0.00, u:0.00, theta1:16.815, theta2:3.730, e:-8.373
t:43.50, r:0.00, omega:-8.37, omega_m:-0.00, u:0.00, theta1:16.814, theta2:3.733, e:-8.373
t:43.51, r:0.00, omega:-8.37, omega_m:-0.00, u:0.00, theta1:16.812, theta2:3.736, e:-8.373
t:43.52, r:0.00, omega:0.00, omega_m:-0.00, u:0.00, theta1:16.812, theta2:3.736, e:0.000
t:43.53, r:0.00, omega:0.00, omega_m:-0.00, u:0.00, theta1:16.812, theta2:3.736, e:0.000
t:43.54, r:0.00, omega:0.00, omega_m:-0.00, u:0.00, theta1:16.812, theta2:3.736, e:0.000
t:43.55, r:0.00, omega:0.00, omega_m:-0.00, u:0.00, theta1:16.812, theta2:3.736, e:0.000
t:43.56, r:0.00, omega:0.00, omega_m:-0.00, u:0.00, theta1:16.812, theta2:3.736, e:0.000
t:43.57, r:0.00, omega:0.00, omega_m:-0.00, u:0.00, theta1:16.812, theta2:3.736, e:0.000
t:43.58, r:0.00, omega:0.00, omega_m:-0.00, u:0.00, theta1:16.812, theta2:3.736, e:0.000
t:43.59, r:0.00, omega:0.00, omega_m:-0.00, u:0.00, theta1:16.812, theta2:3.736, e:0.000
t:43.60, r:0.00, omega:0.00, omega_m:-0.00, u:0.00, theta1:16.812, theta2:3.736, e:0.000
t:43.61, r:0.00, omega:0.00, omega_m:-0.00, u:0.00, theta1:16.812, theta2:3.736, e:0.000
t:43.62, r:0.00, omega:0.00, omega_m:-0.00, u:0.00, theta1:16.812, theta2:3.736, e:0.000
t:43.63, r:0.00, omega:0.00, omega_m:-0.00, u:0.00, theta1:16.812, theta2:3.736, e:0.000
t:43.64, r:0.00, omega:0.00, omega_m:-0.00, u:0.00, theta1:16.812, theta2:3.736, e:0.000
t:43.65, r:0.00, omega:0.00, omega_m:-0.00, u:0.00, theta1:16.812, theta2:3.736, e:0.000
t:43.66, r:0.00, omega:0.00, omega_m:-0.00, u:0.00, theta1:16.812, theta2:3.736, e:0.000
t:43.67, r:0.00, omega:0.00, omega_m:-0.00, u:0.00, theta1:16.812, theta2:3.736, e:0.000
t:43.68, r:0.00, omega:0.00, omega_m:-0.00, u:0.00, theta1:16.812, theta2:3.736, e:0.000
t:43.69, r:0.00, omega:0.00, omega_m:-0.00, u:0.00, theta1:16.812, theta2:3.736, e:0.000
t:43.70, r:0.00, omega:0.00, omega_m:-0.00, u:0.00, theta1:16.812, theta2:3.736, e:0.000
t:43.71, r:0.00, omega:0.00, omega_m:-0.00, u:0.00, theta1:16.812, theta2:3.736, e:0.000
t:43.72, r:0.00, omega:0.00, omega_m:-0.00, u:0.00, theta1:16.812, theta2:3.736, e:0.000
t:43.73, r:0.00, omega:0.00, omega_m:-0.00, u:0.00, theta1:16.812, theta2:3.736, e:0.000
t:43.74, r:0.00, omega:0.00, omega_m:-0.00, u:0.00, theta1:16.812, theta2:3.736, e:0.000
t:43.75, r:0.00, omega:0.00, omega_m:-0.00, u:0.00, theta1:16.812, theta2:3.736, e:0.000
t:43.76, r:0.00, omega:0.00, omega_m:-0.00, u:0.00, theta1:16.812, theta2:3.736, e:0.000
t:43.77, r:0.00, omega:0.00, omega_m:-0.00, u:0.00, theta1:16.812, theta2:3.736, e:0.000
t:43.78, r:0.00, omega:0.00, omega_m:-0.00, u:0.00, theta1:16.812, theta2:3.736, e:0.000
t:43.79, r:0.00, omega:0.00, omega_m:-0.00, u:0.00, theta1:16.812, theta2:3.736, e:0.000
t:43.80, r:0.00, omega:0.00, omega_m:-0.00, u:0.00, theta1:16.812, theta2:3.736, e:0.000
t:43.81, r:0.00, omega:0.00, omega_m:-0.00, u:0.00, theta1:16.812, theta2:3.736, e:0.000
t:43.82, r:0.00, omega:0.00, omega_m:-0.00, u:0.00, theta1:16.812, theta2:3.736, e:0.000
t:43.83, r:0.00, omega:0.00, omega_m:-0.00, u:0.00, theta1:16.812, theta2:3.736, e:0.000
t:43.84, r:0.00, omega:0.00, omega_m:-0.00, u:0.00, theta1:16.812, theta2:3.736, e:0.000
t:43.85, r:0.00, omega:0.00, omega_m:-0.00, u:0.00, theta1:16.812, theta2:3.736, e:0.000
t:43.86, r:0.00, omega:0.00, omega_m:-0.00, u:0.00, theta1:16.812, theta2:3.736, e:0.000
t:43.87, r:0.00, omega:0.00, omega_m:-0.00, u:0.00, theta1:16.812, theta2:3.736, e:0.000
t:43.88, r:0.00, omega:0.00, omega_m:-0.00, u:0.00, theta1:16.812, theta2:3.736, e:0.000
t:43.89, r:0.00, omega:0.00, omega_m:-0.00, u:0.00, theta1:16.812, theta2:3.736, e:0.000
t:43.90, r:0.00, omega:0.00, omega_m:-0.00, u:0.00, theta1:16.812, theta2:3.736, e:0.000
t:43.91, r:0.00, omega:0.00, omega_m:-0.00, u:0.00, theta1:16.812, theta2:3.736, e:0.000
t:43.92, r:0.00, omega:0.00, omega_m:-0.00, u:0.00, theta1:16.812, theta2:3.736, e:0.000
t:43.93, r:0.00, omega:0.00, omega_m:-0.00, u:0.00, theta1:16.812, theta2:3.736, e:0.000
t:43.94, r:0.00, omega:0.00, omega_m:-0.00, u:0.00, theta1:16.812, theta2:3.736, e:0.000
t:43.95, r:0.00, omega:0.00, omega_m:-0.00, u:0.00, theta1:16.812, theta2:3.736, e:0.000
t:43.96, r:0.00, omega:0.00, omega_m:-0.00, u:0.00, theta1:16.812, theta2:3.736, e:0.000
t:43.97, r:0.00, omega:0.00, omega_m:-0.00, u:0.00, theta1:16.812, theta2:3.736, e:0.000
t:43.98, r:0.00, omega:0.00, omega_m:-0.00, u:0.00, theta1:16.812, theta2:3.736, e:0.000
t:43.99, r:0.00, omega:0.00, omega_m:-0.00, u:0.00, theta1:16.812, theta2:3.736, e:0.000
t:44.00, r:0.00, omega:0.00, omega_m:-0.00, u:0.00, theta1:16.812, theta2:3.736, e:0.000
t:44.01, r:10.00, omega:0.00, omega_m:6.32, u:168.14, theta1:16.814, theta2:3.736, e:-6.321
t:44.02, r:10.00, omega:0.00, omega_m:8.65, u:168.17, theta1:16.817, theta2:3.736, e:-8.647
t:44.03, r:10.00, omega:0.00, omega_m:9.50, u:168.20, theta1:16.820, theta2:3.735, e:-9.502
t:44.04, r:10.00, omega:0.00, omega_m:9.82, u:168.24, theta1:16.824, theta2:3.735, e:-9.817
t:44.05, r:10.00, omega:0.00, omega_m:9.93, u:168.27, theta1:16.827, theta2:3.735, e:-9.933
t:44.06, r:10.00, omega:0.00, omega_m:9.98, u:168.30, theta1:16.830, theta2:3.734, e:-9.975
t:44.07, r:10.00, omega:0.00, omega_m:9.99, u:168.34, theta1:16.834, theta2:3.734, e:-9.991
t:44.08, r:10.00, omega:0.50, omega_m:10.00, u:166.52, theta1:16.837, theta2:3.733, e:-9.501
t:44.09, r:10.00, omega:0.50, omega_m:10.00, u:166.55, theta1:16.840, theta2:3.733, e:-9.503
t:44.10, r:10.00, omega:0.50, omega_m:10.00, u:166.58, theta1:16.843, theta2:3.732, e:-9.504
t:44.11, r:10.00, omega:0.50, omega_m:10.00, u:166.61, theta1:16.846, theta2:3.732, e:-9.504
t:44.12, r:10.00, omega:0.50, omega_m:10.00, u:166.64, theta1:16.849, theta2:3.731, e:-9.504
t:44.13, r:10.00, omega:10.47, omega_m:10.00, u:129.41, theta1:16.849, theta2:3.731, e:0.474
t:44.14, r:10.00, omega:10.47, omega_m:10.00, u:129.40, theta1:16.849, theta2:3.731, e:0.474
t:44.15, r:10.00, omega:10.47, omega_m:10.00, u:129.40, theta1:16.848, theta2:3.732, e:0.474
t:44.16, r:10.00, omega:10.47, omega_m:10.00, u:129.39, theta1:16.848, theta2:3.732, e:0.474
t:44.17, r:10.00, omega:10.47, omega_m:10.00, u:129.39, theta1:16.848, theta2:3.732, e:0.474
t:44.18, r:10.00, omega:9.74, omega_m:10.00, u:132.11, theta1:16.848, theta2:3.732, e:-0.256
t:44.19, r:10.00, omega:9.74, omega_m:10.00, u:132.12, theta1:16.848, theta2:3.732, e:-0.256
t:44.20, r:10.00, omega:9.74, omega_m:10.00, u:132.12, theta1:16.848, theta2:3.732, e:-0.256
t:44.21, r:10.00, omega:9.74, omega_m:10.00, u:132.12, theta1:16.848, theta2:3.732, e:-0.256
t:44.22, r:10.00, omega:9.74, omega_m:10.00, u:132.12, theta1:16.848, theta2:3.732, e:-0.256
t:44.23, r:10.00, omega:9.74, omega_m:10.00, u:132.13, theta1:16.848, theta2:3.731, e:-0.256
t:44.24, r:10.00, omega:9.74, omega_m:10.00, u:132.13, theta1:16.848, theta2:3.731, e:-0.256
t:44.25, r:10.00, omega:7.40, omega_m:10.00, u:140.88, theta1:16.849, theta2:3.730, e:-2.597
t:44.26, r:10.00, omega:7.40, omega_m:10.00, u:140.89, theta1:16.850, theta2:3.729, e:-2.597
t:44.27, r:10.00, omega:7.40, omega_m:10.00, u:140.91, theta1:16.851, theta2:3.728, e:-2.597
t:44.28, r:10.00, omega:7.40, omega_m:10.00, u:140.93, theta1:16.852, theta2:3.727, e:-2.597
t:44.29, r:10.00, omega:7.40, omega_m:10.00, u:140.94, theta1:16.853, theta2:3.726, e:-2.597
t:44.30, r:10.00, omega:7.40, omega_m:10.00, u:140.96, theta1:16.854, theta2:3.725, e:-2.597
t:44.31, r:10.00, omega:7.40, omega_m:10.00, u:140.98, theta1:16.854, theta2:3.724, e:-2.597
t:44.32, r:10.00, omega:7.91, omega_m:10.00, u:139.11, theta1:16.855, theta2:3.723, e:-2.091
t:44.33, r:10.00, omega:7.91, omega_m:10.00, u:139.12, theta1:16.856, theta2:3.722, e:-2.091
t:44.34, r:10.00, omega:7.91, omega_m:10.00, u:139.13, theta1:16.856, theta2:3.721, e:-2.091
t:44.35, r:10.00, omega:7.91, omega_m:10.00, u:139.15, theta1:16.857, theta2:3.720, e:-2.091
t:44.36, r:10.00, omega:7.91, omega_m:10.00, u:139.16, theta1:16.858, theta2:3.719, e:-2.091
t:44.37, r:10.00, omega:7.91, omega_m:10.00, u:139.18, theta1:16.859, theta2:3.718, e:-2.091
t:44.38, r:10.00, omega:8.55, omega_m:10.00, u:136.79, theta1:16.859, theta2:3.718, e:-1.446
t:44.39, r:10.00, omega:8.55, omega_m:10.00, u:136.80, theta1:16.860, theta2:3.717, e:-1.446
t:44.40, r:10.00, omega:8.55, omega_m:10.00, u:136.81, theta1:16.860, theta2:3.716, e:-1.446
t:44.41, r:10.00, omega:8.55, omega_m:10.00, u:136.82, theta1:16.860, theta2:3.716, e:-1.446
t:44.42, r:10.00, omega:8.55, omega_m:10.00, u:136.83, theta1:16.861, theta2:3.715, e:-1.446
t:44.43, r:10.00, omega:8.55, omega_m:10.00, u:136.84, theta1:16.861, theta2:3.714, e:-1.446
t:44.44, r:10.00, omega:8.28, omega_m:10.00, u:137.89, theta1:16.862, theta2:3.714, e:-1.725
t:44.45, r:10.00, omega:8.28, omega_m:10.00, u:137.90, theta1:16.863, theta2:3.713, e:-1.725
t:44.46, r:10.00, omega:8.28, omega_m:10.00, u:137.91, theta1:16.863, theta2:3.712, e:-1.725
t:44.47, r:10.00, omega:8.28, omega_m:10.00, u:137.92, theta1:16.864, theta2:3.711, e:-1.725
t:44.48, r:10.00, omega:8.28, omega_m:10.00, u:137.94, theta1:16.864, theta2:3.710, e:-1.725
t:44.49, r:10.00, omega:8.28, omega_m:10.00, u:137.95, theta1:16.865, theta2:3.710, e:-1.725
t:44.50, r:10.00, omega:8.28, omega_m:10.00, u:137.96, theta1:16.865, theta2:3.709, e:-1.725
t:44.51, r:10.00, omega:7.57, omega_m:10.00, u:140.59, theta1:16.866, theta2:3.708, e:-2.429
t:44.52, r:10.00, omega:7.57, omega_m:10.00, u:140.61, theta1:16.867, theta2:3.707, e:-2.429
t:44.53, r:10.00, omega:7.57, omega_m:10.00, u:140.62, theta1:16.868, theta2:3.706, e:-2.429
t:44.54, r:10.00, omega:7.57, omega_m:10.00, u:140.64, theta1:16.869, theta2:3.705, e:-2.429
t:44.55, r:10.00, omega:7.57, omega_m:10.00, u:140.65, theta1:16.869, theta2:3.704, e:-2.429
t:44.56, r:10.00, omega:7.57, omega_m:10.00, u:140.67, theta1:16.870, theta2:3.703, e:-2.429
t:44.57, r:10.00, omega:8.90, omega_m:10.00, u:135.77, theta1:16.871, theta2:3.702, e:-1.104
t:44.58, r:10.00, omega:8.90, omega_m:10.00, u:135.78, theta1:16.871, theta2:3.702, e:-1.104
t:44.59, r:10.00, omega:8.90, omega_m:10.00, u:135.79, theta1:16.871, theta2:3.701, e:-1.104
t:44.60, r:10.00, omega:8.90, omega_m:10.00, u:135.80, theta1:16.872, theta2:3.701, e:-1.104
t:44.61, r:10.00, omega:8.90, omega_m:10.00, u:135.81, theta1:16.872, theta2:3.700, e:-1.104
t:44.62, r:10.00, omega:8.90, omega_m:10.00, u:135.81, theta1:16.872, theta2:3.700, e:-1.104
t:44.63, r:10.00, omega:8.90, omega_m:10.00, u:135.82, theta1:16.873, theta2:3.699, e:-1.104
t:44.64, r:10.00, omega:8.02, omega_m:10.00, u:139.06, theta1:16.873, theta2:3.698, e:-1.977
t:44.65, r:10.00, omega:8.02, omega_m:10.00, u:139.08, theta1:16.874, theta2:3.697, e:-1.977
t:44.66, r:10.00, omega:8.02, omega_m:10.00, u:139.09, theta1:16.875, theta2:3.697, e:-1.977
t:44.67, r:10.00, omega:8.02, omega_m:10.00, u:139.10, theta1:16.875, theta2:3.696, e:-1.977
t:44.68, r:10.00, omega:8.02, omega_m:10.00, u:139.12, theta1:16.876, theta2:3.695, e:-1.977
t:44.69, r:10.00, omega:8.02, omega_m:10.00, u:139.13, theta1:16.877, theta2:3.694, e:-1.977
t:44.70, r:10.00, omega:7.96, omega_m:10.00, u:139.38, theta1:16.877, theta2:3.693, e:-2.042
t:44.71, r:10.00, omega:7.96, omega_m:10.00, u:139.40, theta1:16.878, theta2:3.692, e:-2.042
t:44.72, r:10.00, omega:7.96, omega_m:10.00, u:139.41, theta1:16.879, theta2:3.691, e:-2.042
t:44.73, r:10.00, omega:7.96, omega_m:10.00, u:139.43, theta1:16.879, theta2:3.690, e:-2.042
t:44.74, r:10.00, omega:7.96, omega_m:10.00, u:139.44, theta1:16.880, theta2:3.690, e:-2.042
t:44.75, r:10.00, omega:7.96, omega_m:10.00, u:139.45, theta1:16.881, theta2:3.689, e:-2.042
t:44.76, r:10.00, omega:7.96, omega_m:10.00, u:139.47, theta1:16.882, theta2:3.688, e:-2.042
t:44.77, r:10.00, omega:8.35, omega_m:10.00, u:138.03, theta1:16.882, theta2:3.687, e:-1.650
t:44.78, r:10.00, omega:8.35, omega_m:10.00, u:138.04, theta1:16.883, theta2:3.686, e:-1.650
t:44.79, r:10.00, omega:8.35, omega_m:10.00, u:138.06, theta1:16.883, theta2:3.685, e:-1.650
t:44.80, r:10.00, omega:8.35, omega_m:10.00, u:138.07, theta1:16.884, theta2:3.685, e:-1.650
t:44.81, r:10.00, omega:8.35, omega_m:10.00, u:138.08, theta1:16.884, theta2:3.684, e:-1.650
t:44.82, r:10.00, omega:8.35, omega_m:10.00, u:138.09, theta1:16.885, theta2:3.683, e:-1.650
t:44.83, r:10.00, omega:8.59, omega_m:10.00, u:137.24, theta1:16.885, theta2:3.683, e:-1.415
t:44.84, r:10.00, omega:8.59, omega_m:10.00, u:137.25, theta1:16.886, theta2:3.682, e:-1.415
t:44.85, r:10.00, omega:8.59, omega_m:10.00, u:137.26, theta1:16.886, theta2:3.681, e:-1.415
t:44.86, r:10.00, omega:8.59, omega_m:10.00, u:137.27, theta1:16.887, theta2:3.681, e:-1.415
t:44.87, r:10.00, omega:8.59, omega_m:10.00, u:137.28, theta1:16.887, theta2:3.680, e:-1.415
t:44.88, r:10.00, omega:8.59, omega_m:10.00, u:137.29, theta1:16.888, theta2:3.679, e:-1.415
t:44.89, r:10.00, omega:7.77, omega_m:10.00, u:140.30, theta1:16.888, theta2:3.678, e:-2.229
t:44.90, r:10.00, omega:7.77, omega_m:10.00, u:140.31, theta1:16.889, theta2:3.677, e:-2.229
t:44.91, r:10.00, omega:7.77, omega_m:10.00, u:140.33, theta1:16.890, theta2:3.676, e:-2.229
t:44.92, r:10.00, omega:7.77, omega_m:10.00, u:140.34, theta1:16.891, theta2:3.675, e:-2.229
t:44.93, r:10.00, omega:7.77, omega_m:10.00, u:140.36, theta1:16.891, theta2:3.675, e:-2.229
t:44.94, r:10.00, omega:7.77, omega_m:10.00, u:140.37, theta1:16.892, theta2:3.674, e:-2.229
t:44.95, r:10.00, omega:7.77, omega_m:10.00, u:140.39, theta1:16.893, theta2:3.673, e:-2.229
t:44.96, r:10.00, omega:8.44, omega_m:10.00, u:137.96, theta1:16.893, theta2:3.672, e:-1.565
t:44.97, r:10.00, omega:8.44, omega_m:10.00, u:137.97, theta1:16.894, theta2:3.671, e:-1.565
t:44.98, r:10.00, omega:8.44, omega_m:10.00, u:137.98, theta1:16.894, theta2:3.670, e:-1.565
t:44.99, r:10.00, omega:8.44, omega_m:10.00, u:137.99, theta1:16.895, theta2:3.670, e:-1.565
t:45.00, r:10.00, omega:8.44, omega_m:10.00, u:138.00, theta1:16.895, theta2:3.669, e:-1.565
t:45.01, r:0.00, omega:8.44, omega_m:3.68, u:0.00, theta1:16.895, theta2:3.671, e:4.757
t:45.02, r:0.00, omega:8.39, omega_m:1.35, u:0.00, theta1:16.893, theta2:3.674, e:7.039
t:45.03, r:0.00, omega:8.39, omega_m:0.50, u:0.00, theta1:16.892, theta2:3.677, e:7.895
t:45.04, r:0.00, omega:8.39, omega_m:0.18, u:0.00, theta1:16.891, theta2:3.680, e:8.210
t:45.05, r:0.00, omega:8.39, omega_m:0.07, u:0.00, theta1:16.889, theta2:3.683, e:8.325
t:45.06, r:0.00, omega:8.39, omega_m:0.02, u:0.00, theta1:16.888, theta2:3.686, e:8.368
t:45.07, r:0.00, omega:8.39, omega_m:0.01, u:0.00, theta1:16.886, theta2:3.689, e:8.384
t:45.08, r:0.00, omega:8.39, omega_m:0.00, u:0.00, theta1:16.885, theta2:3.693, e:8.389
t:45.09, r:0.00, omega:8.39, omega_m:0.00, u:0.00, theta1:16.884, theta2:3.696, e:8.392
t:45.10, r:0.00, omega:8.39, omega_m:0.00, u:0.00, theta1:16.882, theta2:3.699, e:8.392
t:45.11, r:0.00, omega:8.39, omega_m:0.00, u:0.00, theta1:16.881, theta2:3.702, e:8.393
t:45.12, r:0.00, omega:8.39, omega_m:0.00, u:0.00, theta1:16.879, theta2:3.705, e:8.393
t:45.13, r:0.00, omega:8.39, omega_m:0.00, u:0.00, theta1:16.878, theta2:3.709, e:8.393
t:45.14, r:0.00, omega:8.39, omega_m:0.00, u:0.00, theta1:16.876, theta2:3.712, e:8.393
t:45.15, r:0.00, omega:8.39, omega_m:0.00, u:0.00, theta1:16.875, theta2:3.715, e:8.393
t:45.16, r:0.00, omega:8.39, omega_m:0.00, u:0.00, theta1:16.874, theta2:3.718, e:8.393
t:45.17, r:0.00, omega:8.39, omega_m:0.00, u:0.00, theta1:16.872, theta2:3.721, e:8.393
t:45.18, r:0.00, omega:8.39, omega_m:0.00, u:0.00, theta1:16.871, theta2:3.725, e:8.393
t:45.19, r:0.00, omega:8.39, omega_m:0.00, u:0.00, theta1:16.869, theta2:3.728, e:8.393
t:45.20, r:0.00, omega:8.39, omega_m:0.00, u:0.00, theta1:16.868, theta2:3.731, e:8.393
t:45.21, r:0.00, omega:8.39, omega_m:0.00, u:0.00, theta1:16.867, theta2:3.734, e:8.393
t:45.22, r:0.00, omega:8.39, omega_m:0.00, u:0.00, theta1:16.865, theta2:3.738, e:8.393
t:45.23, r:0.00, omega:8.39, omega_m:0.00, u:0.00, theta1:16.864, theta2:3.741, e:8.393
t:45.24, r:0.00, omega:8.39, omega_m:0.00, u:0.00, theta1:16.862, theta2:3.744, e:8.393
t:45.25, r:0.00, omega:8.39, omega_m:0.00, u:0.00, theta1:16.861, theta2:3.747, e:8.393
t:45.26, r:0.00, omega:8.39, omega_m:0.00, u:0.00, theta1:16.859, theta2:3.750, e:8.393
t:45.27, r:0.00, omega:8.39, omega_m:0.00, u:0.00, theta1:16.858, theta2:3.754, e:8.393
t:45.28, r:0.00, omega:8.39, omega_m:0.00, u:0.00, theta1:16.857, theta2:3.757, e:8.393
t:45.29, r:0.00, omega:8.39, omega_m:0.00, u:0.00, theta1:16.855, theta2:3.760, e:8.393
t:45.30, r:0.00, omega:8.39, omega_m:0.00, u:0.00, theta1:16.854, theta2:3.763, e:8.393
t:45.31, r:0.00, omega:8.39, omega_m:0.00, u:0.00, theta1:16.852, theta2:3.766, e:8.393
t:45.32, r:0.00, omega:8.39, omega_m:0.00, u:0.00, theta1:16.851, theta2:3.770, e:8.393
t:45.33, r:0.00, omega:8.39, omega_m:0.00, u:0.00, theta1:16.850, theta2:3.773, e:8.393
t:45.34, r:0.00, omega:8.39, omega_m:0.00, u:0.00, theta1:16.848, theta2:3.776, e:8.393
t:45.35, r:0.00, omega:8.39, omega_m:0.00, u:0.00, theta1:16.847, theta2:3.779, e:8.393
t:45.36, r:0.00, omega:8.39, omega_m:0.00, u:0.00, theta1:16.845, theta2:3.782, e:8.393
t:45.37, r:0.00, omega:8.39, omega_m:0.00, u:0.00, theta1:16.844, theta2:3.786, e:8.393
t:45.38, r:0.00, omega:8.39, omega_m:0.00, u:0.00, theta1:16.843, theta2:3.789, e:8.393
t:45.39, r:0.00, omega:8.39, omega_m:0.00, u:0.00, theta1:16.841, theta2:3.792, e:8.393
t:45.40, r:0.00, omega:8.39, omega_m:0.00, u:0.00, theta1:16.840, theta2:3.795, e:8.393
t:45.41, r:0.00, omega:8.39, omega_m:0.00, u:0.00, theta1:16.838, theta2:3.798, e:8.393
t:45.42, r:0.00, omega:8.39, omega_m:0.00, u:0.00, theta1:16.837, theta2:3.802, e:8.393
t:45.43, r:0.00, omega:8.39, omega_m:0.00, u:0.00, theta1:16.835, theta2:3.805, e:8.393
t:45.44, r:0.00, omega:8.39, omega_m:0.00, u:0.00, theta1:16.834, theta2:3.808, e:8.393
t:45.45, r:0.00, omega:8.39, omega_m:0.00, u:0.00, theta1:16.833, theta2:3.811, e:8.393
t:45.46, r:0.00, omega:8.39, omega_m:0.00, u:0.00, theta1:16.831, theta2:3.814, e:8.393
t:45.47, r:0.00, omega:8.39, omega_m:0.00, u:0.00, theta1:16.830, theta2:3.818, e:8.393
t:45.48, r:0.00, omega:8.39, omega_m:0.00, u:0.00, theta1:16.828, theta2:3.821, e:8.393
t:45.49, r:0.00, omega:8.39, omega_m:0.00, u:0.00, theta1:16.827, theta2:3.824, e:8.393
t:45.50, r:0.00, omega:8.39, omega_m:0.00, u:0.00, theta1:16.826, theta2:3.827, e:8.393
t:45.51, r:0.00, omega:8.39, omega_m:0.00, u:0.00, theta1:16.824, theta2:3.830, e:8.393
t:45.52, r:0.00, omega:0.00, omega_m:0.00, u:0.00, theta1:16.824, theta2:3.830, e:-0.000
t:45.53, r:0.00, omega:0.00, omega_m:0.00, u:0.00, theta1:16.824, theta2:3.830, e:-0.000
t:45.54, r:0.00, omega:0.00, omega_m:0.00, u:0.00, theta1:16.824, theta2:3.830, e:-0.000
t:45.55, r:0.00, omega:0.00, omega_m:0.00, u:0.00, theta1:16.824, theta2:3.830, e:-0.000
t:45.56, r:0.00, omega:0.00, omega_m:0.00, u:0.00, theta1:16.824, theta2:3.830, e:-0.000
t:45.57, r:0.00, omega:0.00, omega_m:0.00, u:0.00, theta1:16.824, theta2:3.830, e:-0.000
t:45.58, r:0.00, omega:0.00, omega_m:0.00, u:0.00, theta1:16.824, theta2:3.830, e:-0.000
t:45.59, r:0.00, omega:0.00, omega_m:0.00, u:0.00, theta1:16.824, theta2:3.830, e:-0.000
t:45.60, r:0.00, omega:0.00, omega_m:0.00, u:0.00, theta1:16.824, theta2:3.830, e:-0.000
t:45.61, r:0.00, omega:0.00, omega_m:0.00, u:0.00, theta1:16.824, theta2:3.830, e:-0.000
t:45.62, r:0.00, omega:0.00, omega_m:0.00, u:0.00, theta1:16.824, theta2:3.830, e:-0.000
t:45.63, r:0.00, omega:0.00, omega_m:0.00, u:0.00, theta1:16.824, theta2:3.830, e:-0.000
t:45.64, r:0.00, omega:0.00, omega_m:0.00, u:0.00, theta1:16.824, theta2:3.830, e:-0.000
t:45.65, r:0.00, omega:0.00, omega_m:0.00, u:0.00, theta1:16.824, theta2:3.830, e:-0.000
t:45.66, r:0.00, omega:0.00, omega_m:0.00, u:0.00, theta1:16.824, theta2:3.830, e:-0.000
t:45.67, r:0.00, omega:0.00, omega_m:0.00, u:0.00, theta1:16.824, theta2:3.830, e:-0.000
t:45.68, r:0.00, omega:0.00, omega_m:0.00, u:0.00, theta1:16.824, theta2:3.830, e:-0.000
t:45.69, r:0.00, omega:0.00, omega_m:0.00, u:0.00, theta1:16.824, theta2:3.830, e:-0.000
t:45.70, r:0.00, omega:0.00, omega_m:0.00, u:0.00, theta1:16.824, theta2:3.830, e:-0.000
t:45.71, r:0.00, omega:0.00, omega_m:0.00, u:0.00, theta1:16.824, theta2:3.830, e:-0.000
t:45.72, r:0.00, omega:0.00, omega_m:0.00, u:0.00, theta1:16.824, theta2:3.830, e:-0.000
t:45.73, r:0.00, omega:0.00, omega_m:0.00, u:0.00, theta1:16.824, theta2:3.830, e:-0.000
t:45.74, r:0.00, omega:0.00, omega_m:0.00, u:0.00, theta1:16.824, theta2:3.830, e:-0.000
t:45.75, r:0.00, omega:0.00, omega_m:0.00, u:0.00, theta1:16.824, theta2:3.830, e:-0.000
t:45.76, r:0.00, omega:0.00, omega_m:0.00, u:0.00, theta1:16.824, theta2:3.830, e:-0.000
t:45.77, r:0.00, omega:0.00, omega_m:0.00, u:0.00, theta1:16.824, theta2:3.830, e:-0.000
t:45.78, r:0.00, omega:0.00, omega_m:0.00, u:0.00, theta1:16.824, theta2:3.830, e:-0.000
t:45.79, r:0.00, omega:0.00, omega_m:0.00, u:0.00, theta1:16.824, theta2:3.830, e:-0.000
t:45.80, r:0.00, omega:0.00, omega_m:0.00, u:0.00, theta1:16.824, theta2:3.830, e:-0.000
t:45.81, r:0.00, omega:0.00, omega_m:0.00, u:0.00, theta1:16.824, theta2:3.830, e:-0.000
t:45.82, r:0.00, omega:0.00, omega_m:0.00, u:0.00, theta1:16.824, theta2:3.830, e:-0.000
t:45.83, r:0.00, omega:0.00, omega_m:0.00, u:0.00, theta1:16.824, theta2:3.830, e:-0.000
t:45.84, r:0.00, omega:0.00, omega_m:0.00, u:0.00, theta1:16.824, theta2:3.830, e:-0.000
t:45.85, r:0.00, omega:0.00, omega_m:0.00, u:0.00, theta1:16.824, theta2:3.830, e:-0.000
t:45.86, r:0.00, omega:0.00, omega_m:0.00, u:0.00, theta1:16.824, theta2:3.830, e:-0.000
t:45.87, r:0.00, omega:0.00, omega_m:0.00, u:0.00, theta1:16.824, theta2:3.830, e:-0.000
t:45.88, r:0.00, omega:0.00, omega_m:0.00, u:0.00, theta1:16.824, theta2:3.830, e:-0.000
t:45.89, r:0.00, omega:0.00, omega_m:0.00, u:0.00, theta1:16.824, theta2:3.830, e:-0.000
t:45.90, r:0.00, omega:0.00, omega_m:0.00, u:0.00, theta1:16.824, theta2:3.830, e:-0.000
t:45.91, r:0.00, omega:0.00, omega_m:0.00, u:0.00, theta1:16.824, theta2:3.830, e:-0.000
t:45.92, r:0.00, omega:0.00, omega_m:0.00, u:0.00, theta1:16.824, theta2:3.830, e:-0.000
t:45.93, r:0.00, omega:0.00, omega_m:0.00, u:0.00, theta1:16.824, theta2:3.830, e:-0.000
t:45.94, r:0.00, omega:0.00, omega_m:0.00, u:0.00, theta1:16.824, theta2:3.830, e:-0.000
t:45.95, r:0.00, omega:0.00, omega_m:0.00, u:0.00, theta1:16.824, theta2:3.830, e:-0.000
t:45.96, r:0.00, omega:0.00, omega_m:0.00, u:0.00, theta1:16.824, theta2:3.830, e:-0.000
t:45.97, r:0.00, omega:0.00, omega_m:0.00, u:0.00, theta1:16.824, theta2:3.830, e:-0.000
t:45.98, r:0.00, omega:0.00, omega_m:0.00, u:0.00, theta1:16.824, theta2:3.830, e:-0.000
t:45.99, r:0.00, omega:0.00, omega_m:0.00, u:0.00, theta1:16.824, theta2:3.830, e:-0.000
t:46.00, r:0.00, omega:0.00, omega_m:0.00, u:0.00, theta1:16.824, theta2:3.830, e:-0.000
t:46.01, r:-10.00, omega:0.00, omega_m:-6.32, u:-168.26, theta1:16.826, theta2:3.830, e:6.321
t:46.02, r:-10.00, omega:0.00, omega_m:-8.65, u:-168.29, theta1:16.829, theta2:3.830, e:8.647
t:46.03, r:-10.00, omega:0.00, omega_m:-9.50, u:-168.32, theta1:16.832, theta2:3.829, e:9.502
t:46.04, r:-10.00, omega:0.00, omega_m:-9.82, u:-168.36, theta1:16.836, theta2:3.829, e:9.817
t:46.05, r:-10.00, omega:0.00, omega_m:-9.93, u:-168.39, theta1:16.839, theta2:3.829, e:9.933
t:46.06, r:-10.00, omega:0.00, omega_m:-9.98, u:-168.42, theta1:16.842, theta2:3.828, e:9.975
t:46.07, r:-10.00, omega:0.00, omega_m:-9.99, u:-168.45, theta1:16.845, theta2:3.828, e:9.991
t:46.08, r:-10.00, omega:-0.49, omega_m:-10.00, u:-166.59, theta1:16.849, theta2:3.827, e:9.502
t:46.09, r:-10.00, omega:-0.49, omega_m:-10.00, u:-166.63, theta1:16.852, theta2:3.827, e:9.504
t:46.10, r:-10.00, omega:-0.49, omega_m:-10.00, u:-166.66, theta1:16.855, theta2:3.826, e:9.505
t:46.11, r:-10.00, omega:-0.49, omega_m:-10.00, u:-166.69, theta1:16.858, theta2:3.826, e:9.505
t:46.12, r:-10.00, omega:-0.49, omega_m:-10.00, u:-166.72, theta1:16.861, theta2:3.825, e:9.506
t:46.13, r:-10.00, omega:-10.71, omega_m:-10.00, u:-127.64, theta1:16.861, theta2:3.825, e:-0.709
t:46.14, r:-10.00, omega:-10.71, omega_m:-10.00, u:-127.63, theta1:16.860, theta2:3.826, e:-0.709
t:46.15, r:-10.00, omega:-10.71, omega_m:-10.00, u:-127.62, theta1:16.860, theta2:3.826, e:-0.709
t:46.16, r:-10.00, omega:-10.71, omega_m:-10.00, u:-127.62, theta1:16.859, theta2:3.826, e:-0.709
t:46.17, r:-10.00, omega:-10.71, omega_m:-10.00, u:-127.61, theta1:16.859, theta2:3.827, e:-0.709
t:46.18, r:-10.00, omega:-9.99, omega_m:-10.00, u:-130.36, theta1:16.859, theta2:3.827, e:0.010
t:46.19, r:-10.00, omega:-9.99, omega_m:-10.00, u:-130.36, theta1:16.859, theta2:3.827, e:0.010
t:46.20, r:-10.00, omega:-9.99, omega_m:-10.00, u:-130.36, theta1:16.859, theta2:3.827, e:0.010
t:46.21, r:-10.00, omega:-9.99, omega_m:-10.00, u:-130.36, theta1:16.859, theta2:3.827, e:0.010
t:46.22, r:-10.00, omega:-9.99, omega_m:-10.00, u:-130.36, theta1:16.859, theta2:3.827, e:0.010
t:46.23, r:-10.00, omega:-9.99, omega_m:-10.00, u:-130.36, theta1:16.859, theta2:3.827, e:0.010
t:46.24, r:-10.00, omega:-9.99, omega_m:-10.00, u:-130.36, theta1:16.859, theta2:3.827, e:0.010
t:46.25, r:-10.00, omega:-7.40, omega_m:-10.00, u:-140.30, theta1:16.860, theta2:3.826, e:2.602
t:46.26, r:-10.00, omega:-7.40, omega_m:-10.00, u:-140.31, theta1:16.861, theta2:3.825, e:2.602
t:46.27, r:-10.00, omega:-7.40, omega_m:-10.00, u:-140.33, theta1:16.861, theta2:3.824, e:2.602
t:46.28, r:-10.00, omega:-7.40, omega_m:-10.00, u:-140.35, theta1:16.862, theta2:3.822, e:2.602
t:46.29, r:-10.00, omega:-7.40, omega_m:-10.00, u:-140.36, theta1:16.863, theta2:3.821, e:2.602
t:46.30, r:-10.00, omega:-7.40, omega_m:-10.00, u:-140.38, theta1:16.864, theta2:3.820, e:2.602
t:46.31, r:-10.00, omega:-8.58, omega_m:-10.00, u:-135.85, theta1:16.864, theta2:3.820, e:1.415
t:46.32, r:-10.00, omega:-8.58, omega_m:-10.00, u:-135.86, theta1:16.865, theta2:3.819, e:1.415
t:46.33, r:-10.00, omega:-8.58, omega_m:-10.00, u:-135.87, theta1:16.865, theta2:3.818, e:1.415
t:46.34, r:-10.00, omega:-8.58, omega_m:-10.00, u:-135.88, theta1:16.866, theta2:3.818, e:1.415
t:46.35, r:-10.00, omega:-8.58, omega_m:-10.00, u:-135.89, theta1:16.866, theta2:3.817, e:1.415
t:46.36, r:-10.00, omega:-8.58, omega_m:-10.00, u:-135.90, theta1:16.867, theta2:3.816, e:1.415
t:46.37, r:-10.00, omega:-8.84, omega_m:-10.00, u:-134.94, theta1:16.867, theta2:3.816, e:1.159
t:46.38, r:-10.00, omega:-8.84, omega_m:-10.00, u:-134.94, theta1:16.868, theta2:3.815, e:1.159
t:46.39, r:-10.00, omega:-8.84, omega_m:-10.00, u:-134.95, theta1:16.868, theta2:3.815, e:1.159
t:46.40, r:-10.00, omega:-8.84, omega_m:-10.00, u:-134.96, theta1:16.868, theta2:3.814, e:1.159
t:46.41, r:-10.00, omega:-8.84, omega_m:-10.00, u:-134.97, theta1:16.869, theta2:3.814, e:1.159
t:46.42, r:-10.00, omega:-8.84, omega_m:-10.00, u:-134.98, theta1:16.869, theta2:3.813, e:1.159
t:46.43, r:-10.00, omega:-8.29, omega_m:-10.00, u:-137.10, theta1:16.870, theta2:3.812, e:1.711
t:46.44, r:-10.00, omega:-8.29, omega_m:-10.00, u:-137.11, theta1:16.870, theta2:3.812, e:1.711
t:46.45, r:-10.00, omega:-8.29, omega_m:-10.00, u:-137.12, theta1:16.871, theta2:3.811, e:1.711
t:46.46, r:-10.00, omega:-8.29, omega_m:-10.00, u:-137.13, theta1:16.871, theta2:3.810, e:1.711
t:46.47, r:-10.00, omega:-8.29, omega_m:-10.00, u:-137.15, theta1:16.872, theta2:3.809, e:1.711
t:46.48, r:-10.00, omega:-8.29, omega_m:-10.00, u:-137.16, theta1:16.873, theta2:3.808, e:1.711
t:46.49, r:-10.00, omega:-8.29, omega_m:-10.00, u:-137.17, theta1:16.873, theta2:3.808, e:1.711
t:46.50, r:-10.00, omega:-8.20, omega_m:-10.00, u:-137.54, theta1:16.874, theta2:3.807, e:1.805
t:46.51, r:-10.00, omega:-8.20, omega_m:-10.00, u:-137.55, theta1:16.874, theta2:3.806, e:1.805
t:46.52, r:-10.00, omega:-8.20, omega_m:-10.00, u:-137.56, theta1:16.875, theta2:3.805, e:1.805
t:46.53, r:-10.00, omega:-8.20, omega_m:-10.00, u:-137.58, theta1:16.875, theta2:3.804, e:1.805
t:46.54, r:-10.00, omega:-8.20, omega_m:-10.00, u:-137.59, theta1:16.876, theta2:3.804, e:1.805
t:46.55, r:-10.00, omega:-8.96, omega_m:-10.00, u:-134.69, theta1:16.876, theta2:3.803, e:1.041
t:46.56, r:-10.00, omega:-8.96, omega_m:-10.00, u:-134.70, theta1:16.877, theta2:3.803, e:1.041
t:46.57, r:-10.00, omega:-8.96, omega_m:-10.00, u:-134.71, theta1:16.877, theta2:3.802, e:1.041
t:46.58, r:-10.00, omega:-8.96, omega_m:-10.00, u:-134.72, theta1:16.877, theta2:3.802, e:1.041
t:46.59, r:-10.00, omega:-8.96, omega_m:-10.00, u:-134.72, theta1:16.878, theta2:3.801, e:1.041
t:46.60, r:-10.00, omega:-8.96, omega_m:-10.00, u:-134.73, theta1:16.878, theta2:3.801, e:1.041
t:46.61, r:-10.00, omega:-8.96, omega_m:-10.00, u:-134.74, theta1:16.878, theta2:3.800, e:1.041
t:46.62, r:-10.00, omega:-7.88, omega_m:-10.00, u:-138.84, theta1:16.879, theta2:3.799, e:2.117
t:46.63, r:-10.00, omega:-7.88, omega_m:-10.00, u:-138.86, theta1:16.880, theta2:3.798, e:2.117
t:46.64, r:-10.00, omega:-7.88, omega_m:-10.00, u:-138.87, theta1:16.881, theta2:3.797, e:2.117
t:46.65, r:-10.00, omega:-7.88, omega_m:-10.00, u:-138.88, theta1:16.881, theta2:3.796, e:2.117
t:46.66, r:-10.00, omega:-7.88, omega_m:-10.00, u:-138.90, theta1:16.882, theta2:3.795, e:2.117
t:46.67, r:-10.00, omega:-7.88, omega_m:-10.00, u:-138.91, theta1:16.883, theta2:3.795, e:2.117
t:46.68, r:-10.00, omega:-8.28, omega_m:-10.00, u:-137.43, theta1:16.883, theta2:3.794, e:1.723
t:46.69, r:-10.00, omega:-8.28, omega_m:-10.00, u:-137.44, theta1:16.884, theta2:3.793, e:1.723
t:46.70, r:-10.00, omega:-8.28, omega_m:-10.00, u:-137.45, theta1:16.884, theta2:3.792, e:1.723
t:46.71, r:-10.00, omega:-8.28, omega_m:-10.00, u:-137.47, theta1:16.885, theta2:3.791, e:1.723
t:46.72, r:-10.00, omega:-8.28, omega_m:-10.00, u:-137.48, theta1:16.886, theta2:3.791, e:1.723
t:46.73, r:-10.00, omega:-8.28, omega_m:-10.00, u:-137.49, theta1:16.886, theta2:3.790, e:1.723
t:46.74, r:-10.00, omega:-8.28, omega_m:-10.00, u:-137.50, theta1:16.887, theta2:3.789, e:1.723
t:46.75, r:-10.00, omega:-8.60, omega_m:-10.00, u:-136.28, theta1:16.887, theta2:3.788, e:1.397
t:46.76, r:-10.00, omega:-8.60, omega_m:-10.00, u:-136.29, theta1:16.888, theta2:3.788, e:1.397
t:46.77, r:-10.00, omega:-8.60, omega_m:-10.00, u:-136.30, theta1:16.888, theta2:3.787, e:1.397
t:46.78, r:-10.00, omega:-8.60, omega_m:-10.00, u:-136.31, theta1:16.889, theta2:3.787, e:1.397
t:46.79, r:-10.00, omega:-8.60, omega_m:-10.00, u:-136.32, theta1:16.889, theta2:3.786, e:1.397
t:46.80, r:-10.00, omega:-8.60, omega_m:-10.00, u:-136.33, theta1:16.889, theta2:3.785, e:1.397
t:46.81, r:-10.00, omega:-8.18, omega_m:-10.00, u:-137.93, theta1:16.890, theta2:3.784, e:1.816
t:46.82, r:-10.00, omega:-8.18, omega_m:-10.00, u:-137.94, theta1:16.891, theta2:3.784, e:1.816
t:46.83, r:-10.00, omega:-8.18, omega_m:-10.00, u:-137.96, theta1:16.891, theta2:3.783, e:1.816
t:46.84, r:-10.00, omega:-8.18, omega_m:-10.00, u:-137.97, theta1:16.892, theta2:3.782, e:1.816
t:46.85, r:-10.00, omega:-8.18, omega_m:-10.00, u:-137.98, theta1:16.892, theta2:3.781, e:1.816
t:46.86, r:-10.00, omega:-8.18, omega_m:-10.00, u:-137.99, theta1:16.893, theta2:3.780, e:1.816
t:46.87, r:-10.00, omega:-8.42, omega_m:-10.00, u:-137.10, theta1:16.894, theta2:3.780, e:1.577
t:46.88, r:-10.00, omega:-8.42, omega_m:-10.00, u:-137.11, theta1:16.894, theta2:3.779, e:1.577
t:46.89, r:-10.00, omega:-8.42, omega_m:-10.00, u:-137.12, theta1:16.895, theta2:3.778, e:1.577
t:46.90, r:-10.00, omega:-8.42, omega_m:-10.00, u:-137.13, theta1:16.895, theta2:3.777, e:1.577
t:46.91, r:-10.00, omega:-8.42, omega_m:-10.00, u:-137.14, theta1:16.896, theta2:3.777, e:1.577
t:46.92, r:-10.00, omega:-8.42, omega_m:-10.00, u:-137.16, theta1:16.896, theta2:3.776, e:1.577
t:46.93, r:-10.00, omega:-8.57, omega_m:-10.00, u:-136.60, theta1:16.897, theta2:3.775, e:1.427
t:46.94, r:-10.00, omega:-8.57, omega_m:-10.00, u:-136.61, theta1:16.897, theta2:3.775, e:1.427
t:46.95, r:-10.00, omega:-8.57, omega_m:-10.00, u:-136.62, theta1:16.898, theta2:3.774, e:1.427
t:46.96, r:-10.00, omega:-8.57, omega_m:-10.00, u:-136.63, theta1:16.898, theta2:3.773, e:1.427
t:46.97, r:-10.00, omega:-8.57, omega_m:-10.00, u:-136.64, theta1:16.899, theta2:3.773, e:1.427
t:46.98, r:-10.00, omega:-8.57, omega_m:-10.00, u:-136.65, theta1:16.899, theta2:3.772, e:1.427
t:46.99, r:-10.00, omega:-8.57, omega_m:-10.00, u:-136.66, theta1:16.900, theta2:3.771, e:1.427
t:47.00, r:-10.00, omega:-8.22, omega_m:-10.00, u:-138.02, theta1:16.900, theta2:3.771, e:1.784
t:47.01, r:0.00, omega:-8.22, omega_m:-3.68, u:0.00, theta1:16.899, theta2:3.772, e:-4.537
t:47.02, r:0.00, omega:-8.22, omega_m:-1.35, u:0.00, theta1:16.898, theta2:3.775, e:-6.863
t:47.03, r:0.00, omega:-8.22, omega_m:-0.50, u:0.00, theta1:16.897, theta2:3.778, e:-7.718
t:47.04, r:0.00, omega:-8.22, omega_m:-0.18, u:0.00, theta1:16.896, theta2:3.781, e:-8.033
t:47.05, r:0.00, omega:-8.22, omega_m:-0.07, u:0.00, theta1:16.894, theta2:3.784, e:-8.149
t:47.06, r:0.00, omega:-8.22, omega_m:-0.02, u:0.00, theta1:16.893, theta2:3.787, e:-8.191
t:47.07, r:0.00, omega:-8.22, omega_m:-0.01, u:0.00, theta1:16.891, theta2:3.790, e:-8.207
t:47.08, r:0.00, omega:-8.22, omega_m:-0.00, u:0.00, theta1:16.890, theta2:3.793, e:-8.213
t:47.09, r:0.00, omega:-8.22, omega_m:-0.00, u:0.00, theta1:16.889, theta2:3.796, e:-8.215
t:47.10, r:0.00, omega:-8.22, omega_m:-0.00, u:0.00, theta1:16.887, theta2:3.799, e:-8.216
t:47.11, r:0.00, omega:-8.22, omega_m:-0.00, u:0.00, theta1:16.886, theta2:3.802, e:-8.216
t:47.12, r:0.00, omega:-8.22, omega_m:-0.00, u:0.00, theta1:16.884, theta2:3.805, e:-8.216
t:47.13, r:0.00, omega:-8.22, omega_m:-0.00, u:0.00, theta1:16.883, theta2:3.808, e:-8.216
t:47.14, r:0.00, omega:-8.22, omega_m:-0.00, u:0.00, theta1:16.882, theta2:3.811, e:-8.216
t:47.15, r:0.00, omega:-8.22, omega_m:-0.00, u:0.00, theta1:16.880, theta2:3.814, e:-8.216
t:47.16, r:0.00, omega:-8.22, omega_m:-0.00, u:0.00, theta1:16.879, theta2:3.817, e:-8.216
t:47.17, r:0.00, omega:-8.22, omega_m:-0.00, u:0.00, theta1:16.877, theta2:3.820, e:-8.216
t:47.18, r:0.00, omega:-8.22, omega_m:-0.00, u:0.00, theta1:16.876, theta2:3.824, e:-8.216
t:47.19, r:0.00, omega:-8.22, omega_m:-0.00, u:0.00, theta1:16.875, theta2:3.827, e:-8.216
t:47.20, r:0.00, omega:-8.22, omega_m:-0.00, u:0.00, theta1:16.873, theta2:3.830, e:-8.216
t:47.21, r:0.00, omega:-8.22, omega_m:-0.00, u:0.00, theta1:16.872, theta2:3.833, e:-8.216
t:47.22, r:0.00, omega:-8.22, omega_m:-0.00, u:0.00, theta1:16.871, theta2:3.836, e:-8.216
t:47.23, r:0.00, omega:-8.22, omega_m:-0.00, u:0.00, theta1:16.869, theta2:3.839, e:-8.216
t:47.24, r:0.00, omega:-8.22, omega_m:-0.00, u:0.00, theta1:16.868, theta2:3.842, e:-8.216
t:47.25, r:0.00, omega:-8.22, omega_m:-0.00, u:0.00, theta1:16.866, theta2:3.845, e:-8.216
t:47.26, r:0.00, omega:-8.22, omega_m:-0.00, u:0.00, theta1:16.865, theta2:3.848, e:-8.216
t:47.27, r:0.00, omega:-8.22, omega_m:-0.00, u:0.00, theta1:16.864, theta2:3.851, e:-8.216
t:47.28, r:0.00, omega:-8.22, omega_m:-0.00, u:0.00, theta1:16.862, theta2:3.854, e:-8.216
t:47.29, r:0.00, omega:-8.22, omega_m:-0.00, u:0.00, theta1:16.861, theta2:3.857, e:-8.216
t:47.30, r:0.00, omega:-8.22, omega_m:-0.00, u:0.00, theta1:16.859, theta2:3.860, e:-8.216
t:47.31, r:0.00, omega:-8.22, omega_m:-0.00, u:0.00, theta1:16.858, theta2:3.863, e:-8.216
t:47.32, r:0.00, omega:-8.22, omega_m:-0.00, u:0.00, theta1:16.857, theta2:3.866, e:-8.216
t:47.33, r:0.00, omega:-8.22, omega_m:-0.00, u:0.00, theta1:16.855, theta2:3.869, e:-8.216
t:47.34, r:0.00, omega:-8.22, omega_m:-0.00, u:0.00, theta1:16.854, theta2:3.872, e:-8.216
t:47.35, r:0.00, omega:-8.22, omega_m:-0.00, u:0.00, theta1:16.853, theta2:3.876, e:-8.216
t:47.36, r:0.00, omega:-8.22, omega_m:-0.00, u:0.00, theta1:16.851, theta2:3.879, e:-8.216
t:47.37, r:0.00, omega:-8.22, omega_m:-0.00, u:0.00, theta1:16.850, theta2:3.882, e:-8.216
t:47.38, r:0.00, omega:-8.22, omega_m:-0.00, u:0.00, theta1:16.848, theta2:3.885, e:-8.216
t:47.39, r:0.00, omega:-8.22, omega_m:-0.00, u:0.00, theta1:16.847, theta2:3.888, e:-8.216
t:47.40, r:0.00, omega:-8.22, omega_m:-0.00, u:0.00, theta1:16.846, theta2:3.891, e:-8.216
t:47.41, r:0.00, omega:-8.22, omega_m:-0.00, u:0.00, theta1:16.844, theta2:3.894, e:-8.216
t:47.42, r:0.00, omega:-8.22, omega_m:-0.00, u:0.00, theta1:16.843, theta2:3.897, e:-8.216
t:47.43, r:0.00, omega:-8.22, omega_m:-0.00, u:0.00, theta1:16.841, theta2:3.900, e:-8.216
t:47.44, r:0.00, omega:-8.22, omega_m:-0.00, u:0.00, theta1:16.840, theta2:3.903, e:-8.216
t:47.45, r:0.00, omega:-8.22, omega_m:-0.00, u:0.00, theta1:16.839, theta2:3.906, e:-8.216
t:47.46, r:0.00, omega:-8.22, omega_m:-0.00, u:0.00, theta1:16.837, theta2:3.909, e:-8.216
t:47.47, r:0.00, omega:-8.22, omega_m:-0.00, u:0.00, theta1:16.836, theta2:3.912, e:-8.216
t:47.48, r:0.00, omega:-8.22, omega_m:-0.00, u:0.00, theta1:16.835, theta2:3.915, e:-8.216
t:47.49, r:0.00, omega:-8.22, omega_m:-0.00, u:0.00, theta1:16.833, theta2:3.918, e:-8.216
t:47.50, r:0.00, omega:0.00, omega_m:-0.00, u:0.00, theta1:16.833, theta2:3.918, e:0.000
t:47.51, r:0.00, omega:0.00, omega_m:-0.00, u:0.00, theta1:16.833, theta2:3.918, e:0.000
t:47.52, r:0.00, omega:0.00, omega_m:-0.00, u:0.00, theta1:16.833, theta2:3.918, e:0.000
t:47.53, r:0.00, omega:0.00, omega_m:-0.00, u:0.00, theta1:16.833, theta2:3.918, e:0.000
t:47.54, r:0.00, omega:0.00, omega_m:-0.00, u:0.00, theta1:16.833, theta2:3.918, e:0.000
t:47.55, r:0.00, omega:0.00, omega_m:-0.00, u:0.00, theta1:16.833, theta2:3.918, e:0.000
t:47.56, r:0.00, omega:0.00, omega_m:-0.00, u:0.00, theta1:16.833, theta2:3.918, e:0.000
t:47.57, r:0.00, omega:0.00, omega_m:-0.00, u:0.00, theta1:16.833, theta2:3.918, e:0.000
t:47.58, r:0.00, omega:0.00, omega_m:-0.00, u:0.00, theta1:16.833, theta2:3.918, e:0.000
t:47.59, r:0.00, omega:0.00, omega_m:-0.00, u:0.00, theta1:16.833, theta2:3.918, e:0.000
t:47.60, r:0.00, omega:0.00, omega_m:-0.00, u:0.00, theta1:16.833, theta2:3.918, e:0.000
t:47.61, r:0.00, omega:0.00, omega_m:-0.00, u:0.00, theta1:16.833, theta2:3.918, e:0.000
t:47.62, r:0.00, omega:0.00, omega_m:-0.00, u:0.00, theta1:16.833, theta2:3.918, e:0.000
t:47.63, r:0.00, omega:0.00, omega_m:-0.00, u:0.00, theta1:16.833, theta2:3.918, e:0.000
t:47.64, r:0.00, omega:0.00, omega_m:-0.00, u:0.00, theta1:16.833, theta2:3.918, e:0.000
t:47.65, r:0.00, omega:0.00, omega_m:-0.00, u:0.00, theta1:16.833, theta2:3.918, e:0.000
t:47.66, r:0.00, omega:0.00, omega_m:-0.00, u:0.00, theta1:16.833, theta2:3.918, e:0.000
t:47.67, r:0.00, omega:0.00, omega_m:-0.00, u:0.00, theta1:16.833, theta2:3.918, e:0.000
t:47.68, r:0.00, omega:0.00, omega_m:-0.00, u:0.00, theta1:16.833, theta2:3.918, e:0.000
t:47.69, r:0.00, omega:0.00, omega_m:-0.00, u:0.00, theta1:16.833, theta2:3.918, e:0.000
t:47.70, r:0.00, omega:0.00, omega_m:-0.00, u:0.00, theta1:16.833, theta2:3.918, e:0.000
t:47.71, r:0.00, omega:0.00, omega_m:-0.00, u:0.00, theta1:16.833, theta2:3.918, e:0.000
t:47.72, r:0.00, omega:0.00, omega_m:-0.00, u:0.00, theta1:16.833, theta2:3.918, e:0.000
t:47.73, r:0.00, omega:0.00, omega_m:-0.00, u:0.00, theta1:16.833, theta2:3.918, e:0.000
t:47.74, r:0.00, omega:0.00, omega_m:-0.00, u:0.00, theta1:16.833, theta2:3.918, e:0.000
t:47.75, r:0.00, omega:0.00, omega_m:-0.00, u:0.00, theta1:16.833, theta2:3.918, e:0.000
t:47.76, r:0.00, omega:0.00, omega_m:-0.00, u:0.00, theta1:16.833, theta2:3.918, e:0.000
t:47.77, r:0.00, omega:0.00, omega_m:-0.00, u:0.00, theta1:16.833, theta2:3.918, e:0.000
t:47.78, r:0.00, omega:0.00, omega_m:-0.00, u:0.00, theta1:16.833, theta2:3.918, e:0.000
t:47.79, r:0.00, omega:0.00, omega_m:-0.00, u:0.00, theta1:16.833, theta2:3.918, e:0.000
t:47.80, r:0.00, omega:0.00, omega_m:-0.00, u:0.00, theta1:16.833, theta2:3.918, e:0.000
t:47.81, r:0.00, omega:0.00, omega_m:-0.00, u:0.00, theta1:16.833, theta2:3.918, e:0.000
t:47.82, r:0.00, omega:0.00, omega_m:-0.00, u:0.00, theta1:16.833, theta2:3.918, e:0.000
t:47.83, r:0.00, omega:0.00, omega_m:-0.00, u:0.00, theta1:16.833, theta2:3.918, e:0.000
t:47.84, r:0.00, omega:0.00, omega_m:-0.00, u:0.00, theta1:16.833, theta2:3.918, e:0.000
t:47.85, r:0.00, omega:0.00, omega_m:-0.00, u:0.00, theta1:16.833, theta2:3.918, e:0.000
t:47.86, r:0.00, omega:0.00, omega_m:-0.00, u:0.00, theta1:16.833, theta2:3.918, e:0.000
t:47.87, r:0.00, omega:0.00, omega_m:-0.00, u:0.00, theta1:16.833, theta2:3.918, e:0.000
t:47.88, r:0.00, omega:0.00, omega_m:-0.00, u:0.00, theta1:16.833, theta2:3.918, e:0.000
t:47.89, r:0.00, omega:0.00, omega_m:-0.00, u:0.00, theta1:16.833, theta2:3.918, e:0.000
t:47.90, r:0.00, omega:0.00, omega_m:-0.00, u:0.00, theta1:16.833, theta2:3.918, e:0.000
t:47.91, r:0.00, omega:0.00, omega_m:-0.00, u:0.00, theta1:16.833, theta2:3.918, e:0.000
t:47.92, r:0.00, omega:0.00, omega_m:-0.00, u:0.00, theta1:16.833, theta2:3.918, e:0.000
t:47.93, r:0.00, omega:0.00, omega_m:-0.00, u:0.00, theta1:16.833, theta2:3.918, e:0.000
t:47.94, r:0.00, omega:0.00, omega_m:-0.00, u:0.00, theta1:16.833, theta2:3.918, e:0.000
t:47.95, r:0.00, omega:0.00, omega_m:-0.00, u:0.00, theta1:16.833, theta2:3.918, e:0.000
t:47.96, r:0.00, omega:0.00, omega_m:-0.00, u:0.00, theta1:16.833, theta2:3.918, e:0.000
t:47.97, r:0.00, omega:0.00, omega_m:-0.00, u:0.00, theta1:16.833, theta2:3.918, e:0.000
t:47.98, r:0.00, omega:0.00, omega_m:-0.00, u:0.00, theta1:16.833, theta2:3.918, e:0.000
t:47.99, r:0.00, omega:0.00, omega_m:-0.00, u:0.00, theta1:16.833, theta2:3.918, e:0.000
t:48.00, r:0.00, omega:0.00, omega_m:-0.00, u:0.00, theta1:16.833, theta2:3.918, e:0.000
t:48.01, r:10.00, omega:0.00, omega_m:6.32, u:168.35, theta1:16.835, theta2:3.918, e:-6.321
t:48.02, r:10.00, omega:0.00, omega_m:8.65, u:168.38, theta1:16.838, theta2:3.918, e:-8.647
t:48.03, r:10.00, omega:0.00, omega_m:9.50, u:168.41, theta1:16.841, theta2:3.917, e:-9.502
t:48.04, r:10.00, omega:0.50, omega_m:9.82, u:166.48, theta1:16.844, theta2:3.917, e:-9.316
t:48.05, r:10.00, omega:0.50, omega_m:9.93, u:166.51, theta1:16.848, theta2:3.916, e:-9.431
t:48.06, r:10.00, omega:0.50, omega_m:9.98, u:166.54, theta1:16.851, theta2:3.916, e:-9.474
t:48.07, r:10.00, omega:0.50, omega_m:9.99, u:166.58, theta1:16.854, theta2:3.915, e:-9.490
t:48.08, r:10.00, omega:0.50, omega_m:10.00, u:166.61, theta1:16.857, theta2:3.914, e:-9.495
t:48.09, r:10.00, omega:0.50, omega_m:10.00, u:166.64, theta1:16.860, theta2:3.914, e:-9.498
t:48.10, r:10.00, omega:9.21, omega_m:10.00, u:132.56, theta1:16.860, theta2:3.913, e:-0.789
t:48.11, r:10.00, omega:9.21, omega_m:10.00, u:132.57, theta1:16.861, theta2:3.913, e:-0.789
t:48.12, r:10.00, omega:9.21, omega_m:10.00, u:132.57, theta1:16.861, theta2:3.913, e:-0.790
t:48.13, r:10.00, omega:9.21, omega_m:10.00, u:132.58, theta1:16.861, theta2:3.912, e:-0.790
t:48.14, r:10.00, omega:9.21, omega_m:10.00, u:132.59, theta1:16.861, theta2:3.912, e:-0.790
t:48.15, r:10.00, omega:9.21, omega_m:10.00, u:132.59, theta1:16.862, theta2:3.911, e:-0.790
t:48.16, r:10.00, omega:9.13, omega_m:10.00, u:132.91, theta1:16.862, theta2:3.911, e:-0.869
t:48.17, r:10.00, omega:9.13, omega_m:10.00, u:132.92, theta1:16.862, theta2:3.910, e:-0.869
t:48.18, r:10.00, omega:9.13, omega_m:10.00, u:132.92, theta1:16.863, theta2:3.910, e:-0.869
t:48.19, r:10.00, omega:9.13, omega_m:10.00, u:132.93, theta1:16.863, theta2:3.910, e:-0.869
t:48.20, r:10.00, omega:9.13, omega_m:10.00, u:132.94, theta1:16.863, theta2:3.909, e:-0.869
t:48.21, r:10.00, omega:9.13, omega_m:10.00, u:132.94, theta1:16.863, theta2:3.909, e:-0.869
t:48.22, r:10.00, omega:8.07, omega_m:10.00, u:137.08, theta1:16.864, theta2:3.908, e:-1.925
t:48.23, r:10.00, omega:8.07, omega_m:10.00, u:137.10, theta1:16.865, theta2:3.907, e:-1.925
t:48.24, r:10.00, omega:8.07, omega_m:10.00, u:137.11, theta1:16.865, theta2:3.906, e:-1.925
t:48.25, r:10.00, omega:8.07, omega_m:10.00, u:137.12, theta1:16.866, theta2:3.905, e:-1.925
t:48.26, r:10.00, omega:8.07, omega_m:10.00, u:137.14, theta1:16.867, theta2:3.904, e:-1.925
t:48.27, r:10.00, omega:8.07, omega_m:10.00, u:137.15, theta1:16.867, theta2:3.904, e:-1.925
t:48.28, r:10.00, omega:8.07, omega_m:10.00, u:137.16, theta1:16.868, theta2:3.903, e:-1.925
t:48.29, r:10.00, omega:7.49, omega_m:10.00, u:139.48, theta1:16.869, theta2:3.902, e:-2.514
t:48.30, r:10.00, omega:7.49, omega_m:10.00, u:139.49, theta1:16.870, theta2:3.901, e:-2.514
t:48.31, r:10.00, omega:7.49, omega_m:10.00, u:139.51, theta1:16.870, theta2:3.900, e:-2.514
t:48.32, r:10.00, omega:7.49, omega_m:10.00, u:139.53, theta1:16.871, theta2:3.899, e:-2.514
t:48.33, r:10.00, omega:7.49, omega_m:10.00, u:139.54, theta1:16.872, theta2:3.898, e:-2.514
t:48.34, r:10.00, omega:7.49, omega_m:10.00, u:139.56, theta1:16.873, theta2:3.897, e:-2.514
t:48.35, r:10.00, omega:8.52, omega_m:10.00, u:135.54, theta1:16.873, theta2:3.896, e:-1.481
t:48.36, r:10.00, omega:8.52, omega_m:10.00, u:135.56, theta1:16.874, theta2:3.895, e:-1.481
t:48.37, r:10.00, omega:8.52, omega_m:10.00, u:135.57, theta1:16.874, theta2:3.894, e:-1.481
t:48.38, r:10.00, omega:8.52, omega_m:10.00, u:135.58, theta1:16.875, theta2:3.894, e:-1.481
t:48.39, r:10.00, omega:8.52, omega_m:10.00, u:135.59, theta1:16.875, theta2:3.893, e:-1.481
t:48.40, r:10.00, omega:8.52, omega_m:10.00, u:135.60, theta1:16.876, theta2:3.892, e:-1.481
t:48.41, r:10.00, omega:8.52, omega_m:10.00, u:135.61, theta1:16.876, theta2:3.892, e:-1.481
t:48.42, r:10.00, omega:8.28, omega_m:10.00, u:136.57, theta1:16.877, theta2:3.891, e:-1.725
t:48.43, r:10.00, omega:8.28, omega_m:10.00, u:136.58, theta1:16.877, theta2:3.890, e:-1.725
t:48.44, r:10.00, omega:8.28, omega_m:10.00, u:136.59, theta1:16.878, theta2:3.889, e:-1.725
t:48.45, r:10.00, omega:8.28, omega_m:10.00, u:136.61, theta1:16.879, theta2:3.889, e:-1.725
t:48.46, r:10.00, omega:8.28, omega_m:10.00, u:136.62, theta1:16.879, theta2:3.888, e:-1.725
t:48.47, r:10.00, omega:8.28, omega_m:10.00, u:136.63, theta1:16.880, theta2:3.887, e:-1.725
t:48.48, r:10.00, omega:7.93, omega_m:10.00, u:137.99, theta1:16.880, theta2:3.886, e:-2.070
t:48.49, r:10.00, omega:7.93, omega_m:10.00, u:138.00, theta1:16.881, theta2:3.885, e:-2.070
t:48.50, r:10.00, omega:7.93, omega_m:10.00, u:138.02, theta1:16.882, theta2:3.884, e:-2.070
t:48.51, r:10.00, omega:7.93, omega_m:10.00, u:138.03, theta1:16.882, theta2:3.883, e:-2.070
t:48.52, r:10.00, omega:7.93, omega_m:10.00, u:138.04, theta1:16.883, theta2:3.883, e:-2.070
t:48.53, r:10.00, omega:7.93, omega_m:10.00, u:138.06, theta1:16.884, theta2:3.882, e:-2.070
t:48.54, r:10.00, omega:7.93, omega_m:10.00, u:138.07, theta1:16.885, theta2:3.881, e:-2.070
t:48.55, r:10.00, omega:7.89, omega_m:10.00, u:138.24, theta1:16.885, theta2:3.880, e:-2.109
t:48.56, r:10.00, omega:7.89, omega_m:10.00, u:138.25, theta1:16.886, theta2:3.879, e:-2.109
t:48.57, r:10.00, omega:7.89, omega_m:10.00, u:138.27, theta1:16.887, theta2:3.878, e:-2.109
t:48.58, r:10.00, omega:7.89, omega_m:10.00, u:138.28, theta1:16.887, theta2:3.877, e:-2.109
t:48.59, r:10.00, omega:7.89, omega_m:10.00, u:138.30, theta1:16.888, theta2:3.876, e:-2.109
t:48.60, r:10.00, omega:7.89, omega_m:10.00, u:138.31, theta1:16.889, theta2:3.875, e:-2.109
t:48.61, r:10.00, omega:8.27, omega_m:10.00, u:136.86, theta1:16.889, theta2:3.874, e:-1.731
t:48.62, r:10.00, omega:8.27, omega_m:10.00, u:136.87, theta1:16.890, theta2:3.874, e:-1.731
t:48.63, r:10.00, omega:8.27, omega_m:10.00, u:136.88, theta1:16.890, theta2:3.873, e:-1.731
t:48.64, r:10.00, omega:8.27, omega_m:10.00, u:136.89, theta1:16.891, theta2:3.872, e:-1.731
t:48.65, r:10.00, omega:8.27, omega_m:10.00, u:136.91, theta1:16.892, theta2:3.871, e:-1.731
t:48.66, r:10.00, omega:8.27, omega_m:10.00, u:136.92, theta1:16.892, theta2:3.871, e:-1.731
t:48.67, r:10.00, omega:8.24, omega_m:10.00, u:137.03, theta1:16.893, theta2:3.870, e:-1.758
t:48.68, r:10.00, omega:8.24, omega_m:10.00, u:137.04, theta1:16.893, theta2:3.869, e:-1.758
t:48.69, r:10.00, omega:8.24, omega_m:10.00, u:137.06, theta1:16.894, theta2:3.868, e:-1.758
t:48.70, r:10.00, omega:8.24, omega_m:10.00, u:137.07, theta1:16.894, theta2:3.867, e:-1.758
t:48.71, r:10.00, omega:8.24, omega_m:10.00, u:137.08, theta1:16.895, theta2:3.867, e:-1.758
t:48.72, r:10.00, omega:8.24, omega_m:10.00, u:137.09, theta1:16.896, theta2:3.866, e:-1.758
t:48.73, r:10.00, omega:8.24, omega_m:10.00, u:137.11, theta1:16.896, theta2:3.865, e:-1.758
t:48.74, r:10.00, omega:7.96, omega_m:10.00, u:138.20, theta1:16.897, theta2:3.864, e:-2.036
t:48.75, r:10.00, omega:7.96, omega_m:10.00, u:138.21, theta1:16.898, theta2:3.863, e:-2.036
t:48.76, r:10.00, omega:7.96, omega_m:10.00, u:138.22, theta1:16.898, theta2:3.862, e:-2.036
t:48.77, r:10.00, omega:7.96, omega_m:10.00, u:138.24, theta1:16.899, theta2:3.861, e:-2.036
t:48.78, r:10.00, omega:7.96, omega_m:10.00, u:138.25, theta1:16.900, theta2:3.861, e:-2.036
t:48.79, r:10.00, omega:7.96, omega_m:10.00, u:138.27, theta1:16.900, theta2:3.860, e:-2.036
t:48.80, r:10.00, omega:8.51, omega_m:10.00, u:136.17, theta1:16.901, theta2:3.859, e:-1.491
t:48.81, r:10.00, omega:8.51, omega_m:10.00, u:136.18, theta1:16.901, theta2:3.858, e:-1.491
t:48.82, r:10.00, omega:8.51, omega_m:10.00, u:136.19, theta1:16.902, theta2:3.858, e:-1.491
t:48.83, r:10.00, omega:8.51, omega_m:10.00, u:136.20, theta1:16.902, theta2:3.857, e:-1.491
t:48.84, r:10.00, omega:8.51, omega_m:10.00, u:136.21, theta1:16.903, theta2:3.856, e:-1.491
t:48.85, r:10.00, omega:8.51, omega_m:10.00, u:136.22, theta1:16.903, theta2:3.856, e:-1.491
t:48.86, r:10.00, omega:8.51, omega_m:10.00, u:136.24, theta1:16.904, theta2:3.855, e:-1.491
t:48.87, r:10.00, omega:7.91, omega_m:10.00, u:138.56, theta1:16.904, theta2:3.854, e:-2.090
t:48.88, r:10.00, omega:7.91, omega_m:10.00, u:138.57, theta1:16.905, theta2:3.853, e:-2.090
t:48.89, r:10.00, omega:7.91, omega_m:10.00, u:138.59, theta1:16.906, theta2:3.852, e:-2.090
t:48.90, r:10.00, omega:7.91, omega_m:10.00, u:138.60, theta1:16.906, theta2:3.851, e:-2.090
t:48.91, r:10.00, omega:7.91, omega_m:10.00, u:138.62, theta1:16.907, theta2:3.850, e:-2.090
t:48.92, r:10.00, omega:7.91, omega_m:10.00, u:138.63, theta1:16.908, theta2:3.849, e:-2.090
t:48.93, r:10.00, omega:8.10, omega_m:10.00, u:137.91, theta1:16.908, theta2:3.849, e:-1.899
t:48.94, r:10.00, omega:8.10, omega_m:10.00, u:137.92, theta1:16.909, theta2:3.848, e:-1.899
t:48.95, r:10.00, omega:8.10, omega_m:10.00, u:137.93, theta1:16.910, theta2:3.847, e:-1.899
t:48.96, r:10.00, omega:8.10, omega_m:10.00, u:137.95, theta1:16.910, theta2:3.846, e:-1.899
t:48.97, r:10.00, omega:8.10, omega_m:10.00, u:137.96, theta1:16.911, theta2:3.845, e:-1.899
t:48.98, r:10.00, omega:8.10, omega_m:10.00, u:137.97, theta1:16.912, theta2:3.844, e:-1.899
t:48.99, r:10.00, omega:8.85, omega_m:10.00, u:135.10, theta1:16.912, theta2:3.844, e:-1.149
t:49.00, r:10.00, omega:8.85, omega_m:10.00, u:135.11, theta1:16.912, theta2:3.843, e:-1.149
t:49.01, r:0.00, omega:8.85, omega_m:3.68, u:0.00, theta1:16.912, theta2:3.845, e:5.172
t:49.02, r:0.00, omega:8.85, omega_m:1.35, u:0.00, theta1:16.910, theta2:3.848, e:7.498
t:49.03, r:0.00, omega:8.85, omega_m:0.50, u:0.00, theta1:16.909, theta2:3.852, e:8.353
t:49.04, r:0.00, omega:8.85, omega_m:0.18, u:0.00, theta1:16.907, theta2:3.855, e:8.668
t:49.05, r:0.00, omega:8.85, omega_m:0.07, u:0.00, theta1:16.906, theta2:3.859, e:8.783
t:49.06, r:0.00, omega:8.85, omega_m:0.02, u:0.00, theta1:16.904, theta2:3.862, e:8.826
t:49.07, r:0.00, omega:8.85, omega_m:0.01, u:0.00, theta1:16.903, theta2:3.866, e:8.842
t:49.08, r:0.00, omega:8.85, omega_m:0.00, u:0.00, theta1:16.901, theta2:3.869, e:8.847
t:49.09, r:0.00, omega:8.85, omega_m:0.00, u:0.00, theta1:16.900, theta2:3.873, e:8.850
t:49.10, r:0.00, omega:8.85, omega_m:0.00, u:0.00, theta1:16.898, theta2:3.877, e:8.850
t:49.11, r:0.00, omega:8.85, omega_m:0.00, u:0.00, theta1:16.897, theta2:3.880, e:8.851
t:49.12, r:0.00, omega:8.85, omega_m:0.00, u:0.00, theta1:16.895, theta2:3.884, e:8.851
t:49.13, r:0.00, omega:8.85, omega_m:0.00, u:0.00, theta1:16.894, theta2:3.887, e:8.851
t:49.14, r:0.00, omega:8.85, omega_m:0.00, u:0.00, theta1:16.892, theta2:3.891, e:8.851
t:49.15, r:0.00, omega:8.85, omega_m:0.00, u:0.00, theta1:16.891, theta2:3.894, e:8.851
t:49.16, r:0.00, omega:8.85, omega_m:0.00, u:0.00, theta1:16.889, theta2:3.898, e:8.851
t:49.17, r:0.00, omega:8.85, omega_m:0.00, u:0.00, theta1:16.888, theta2:3.902, e:8.851
t:49.18, r:0.00, omega:8.85, omega_m:0.00, u:0.00, theta1:16.886, theta2:3.905, e:8.851
t:49.19, r:0.00, omega:8.85, omega_m:0.00, u:0.00, theta1:16.885, theta2:3.909, e:8.851
t:49.20, r:0.00, omega:8.85, omega_m:0.00, u:0.00, theta1:16.883, theta2:3.912, e:8.851
t:49.21, r:0.00, omega:8.85, omega_m:0.00, u:0.00, theta1:16.882, theta2:3.916, e:8.851
t:49.22, r:0.00, omega:8.85, omega_m:0.00, u:0.00, theta1:16.880, theta2:3.919, e:8.851
t:49.23, r:0.00, omega:8.85, omega_m:0.00, u:0.00, theta1:16.879, theta2:3.923, e:8.851
t:49.24, r:0.00, omega:8.85, omega_m:0.00, u:0.00, theta1:16.877, theta2:3.927, e:8.851
t:49.25, r:0.00, omega:8.85, omega_m:0.00, u:0.00, theta1:16.876, theta2:3.930, e:8.851
t:49.26, r:0.00, omega:8.85, omega_m:0.00, u:0.00, theta1:16.874, theta2:3.934, e:8.851
t:49.27, r:0.00, omega:8.85, omega_m:0.00, u:0.00, theta1:16.873, theta2:3.937, e:8.851
t:49.28, r:0.00, omega:8.85, omega_m:0.00, u:0.00, theta1:16.872, theta2:3.941, e:8.851
t:49.29, r:0.00, omega:8.85, omega_m:0.00, u:0.00, theta1:16.870, theta2:3.944, e:8.851
t:49.30, r:0.00, omega:8.85, omega_m:0.00, u:0.00, theta1:16.869, theta2:3.948, e:8.851
t:49.31, r:0.00, omega:8.85, omega_m:0.00, u:0.00, theta1:16.867, theta2:3.952, e:8.851
t:49.32, r:0.00, omega:8.85, omega_m:0.00, u:0.00, theta1:16.866, theta2:3.955, e:8.851
t:49.33, r:0.00, omega:8.85, omega_m:0.00, u:0.00, theta1:16.864, theta2:3.959, e:8.851
t:49.34, r:0.00, omega:8.85, omega_m:0.00, u:0.00, theta1:16.863, theta2:3.962, e:8.851
t:49.35, r:0.00, omega:8.85, omega_m:0.00, u:0.00, theta1:16.861, theta2:3.966, e:8.851
t:49.36, r:0.00, omega:8.85, omega_m:0.00, u:0.00, theta1:16.860, theta2:3.969, e:8.851
t:49.37, r:0.00, omega:8.85, omega_m:0.00, u:0.00, theta1:16.858, theta2:3.973, e:8.851
t:49.38, r:0.00, omega:8.85, omega_m:0.00, u:0.00, theta1:16.857, theta2:3.977, e:8.851
t:49.39, r:0.00, omega:8.85, omega_m:0.00, u:0.00, theta1:16.855, theta2:3.980, e:8.851
t:49.40, r:0.00, omega:8.85, omega_m:0.00, u:0.00, theta1:16.854, theta2:3.984, e:8.851
t:49.41, r:0.00, omega:8.85, omega_m:0.00, u:0.00, theta1:16.852, theta2:3.987, e:8.851
t:49.42, r:0.00, omega:8.85, omega_m:0.00, u:0.00, theta1:16.851, theta2:3.991, e:8.851
t:49.43, r:0.00, omega:8.85, omega_m:0.00, u:0.00, theta1:16.849, theta2:3.994, e:8.851
t:49.44, r:0.00, omega:8.85, omega_m:0.00, u:0.00, theta1:16.848, theta2:3.998, e:8.851
t:49.45, r:0.00, omega:8.85, omega_m:0.00, u:0.00, theta1:16.846, theta2:4.002, e:8.851
t:49.46, r:0.00, omega:8.85, omega_m:0.00, u:0.00, theta1:16.845, theta2:4.005, e:8.851
t:49.47, r:0.00, omega:8.85, omega_m:0.00, u:0.00, theta1:16.843, theta2:4.009, e:8.851
t:49.48, r:0.00, omega:8.85, omega_m:0.00, u:0.00, theta1:16.842, theta2:4.012, e:8.851
t:49.49, r:0.00, omega:0.00, omega_m:0.00, u:0.00, theta1:16.842, theta2:4.012, e:-0.000
t:49.50, r:0.00, omega:0.00, omega_m:0.00, u:0.00, theta1:16.842, theta2:4.012, e:-0.000
t:49.51, r:0.00, omega:0.00, omega_m:0.00, u:0.00, theta1:16.842, theta2:4.012, e:-0.000
t:49.52, r:0.00, omega:0.00, omega_m:0.00, u:0.00, theta1:16.842, theta2:4.012, e:-0.000
t:49.53, r:0.00, omega:0.00, omega_m:0.00, u:0.00, theta1:16.842, theta2:4.012, e:-0.000
t:49.54, r:0.00, omega:0.00, omega_m:0.00, u:0.00, theta1:16.842, theta2:4.012, e:-0.000
t:49.55, r:0.00, omega:0.00, omega_m:0.00, u:0.00, theta1:16.842, theta2:4.012, e:-0.000
t:49.56, r:0.00, omega:0.00, omega_m:0.00, u:0.00, theta1:16.842, theta2:4.012, e:-0.000
t:49.57, r:0.00, omega:0.00, omega_m:0.00, u:0.00, theta1:16.842, theta2:4.012, e:-0.000
t:49.58, r:0.00, omega:0.00, omega_m:0.00, u:0.00, theta1:16.842, theta2:4.012, e:-0.000
t:49.59, r:0.00, omega:0.00, omega_m:0.00, u:0.00, theta1:16.842, theta2:4.012, e:-0.000
t:49.60, r:0.00, omega:0.00, omega_m:0.00, u:0.00, theta1:16.842, theta2:4.012, e:-0.000
t:49.61, r:0.00, omega:0.00, omega_m:0.00, u:0.00, theta1:16.842, theta2:4.012, e:-0.000
t:49.62, r:0.00, omega:0.00, omega_m:0.00, u:0.00, theta1:16.842, theta2:4.012, e:-0.000
t:49.63, r:0.00, omega:0.00, omega_m:0.00, u:0.00, theta1:16.842, theta2:4.012, e:-0.000
t:49.64, r:0.00, omega:0.00, omega_m:0.00, u:0.00, theta1:16.842, theta2:4.012, e:-0.000
t:49.65, r:0.00, omega:0.00, omega_m:0.00, u:0.00, theta1:16.842, theta2:4.012, e:-0.000
t:49.66, r:0.00, omega:0.00, omega_m:0.00, u:0.00, theta1:16.842, theta2:4.012, e:-0.000
t:49.67, r:0.00, omega:0.00, omega_m:0.00, u:0.00, theta1:16.842, theta2:4.012, e:-0.000
t:49.68, r:0.00, omega:0.00, omega_m:0.00, u:0.00, theta1:16.842, theta2:4.012, e:-0.000
t:49.69, r:0.00, omega:0.00, omega_m:0.00, u:0.00, theta1:16.842, theta2:4.012, e:-0.000
t:49.70, r:0.00, omega:0.00, omega_m:0.00, u:0.00, theta1:16.842, theta2:4.012, e:-0.000
t:49.71, r:0.00, omega:0.00, omega_m:0.00, u:0.00, theta1:16.842, theta2:4.012, e:-0.000
t:49.72, r:0.00, omega:0.00, omega_m:0.00, u:0.00, theta1:16.842, theta2:4.012, e:-0.000
t:49.73, r:0.00, omega:0.00, omega_m:0.00, u:0.00, theta1:16.842, theta2:4.012, e:-0.000
t:49.74, r:0.00, omega:0.00, omega_m:0.00, u:0.00, theta1:16.842, theta2:4.012, e:-0.000
t:49.75, r:0.00, omega:0.00, omega_m:0.00, u:0.00, theta1:16.842, theta2:4.012, e:-0.000
t:49.76, r:0.00, omega:0.00, omega_m:0.00, u:0.00, theta1:16.842, theta2:4.012, e:-0.000
t:49.77, r:0.00, omega:0.00, omega_m:0.00, u:0.00, theta1:16.842, theta2:4.012, e:-0.000
t:49.78, r:0.00, omega:0.00, omega_m:0.00, u:0.00, theta1:16.842, theta2:4.012, e:-0.000
t:49.79, r:0.00, omega:0.00, omega_m:0.00, u:0.00, theta1:16.842, theta2:4.012, e:-0.000
t:49.80, r:0.00, omega:0.00, omega_m:0.00, u:0.00, theta1:16.842, theta2:4.012, e:-0.000
t:49.81, r:0.00, omega:0.00, omega_m:0.00, u:0.00, theta1:16.842, theta2:4.012, e:-0.000
t:49.82, r:0.00, omega:0.00, omega_m:0.00, u:0.00, theta1:16.842, theta2:4.012, e:-0.000
t:49.83, r:0.00, omega:0.00, omega_m:0.00, u:0.00, theta1:16.842, theta2:4.012, e:-0.000
t:49.84, r:0.00, omega:0.00, omega_m:0.00, u:0.00, theta1:16.842, theta2:4.012, e:-0.000
t:49.85, r:0.00, omega:0.00, omega_m:0.00, u:0.00, theta1:16.842, theta2:4.012, e:-0.000
t:49.86, r:0.00, omega:0.00, omega_m:0.00, u:0.00, theta1:16.842, theta2:4.012, e:-0.000
t:49.87, r:0.00, omega:0.00, omega_m:0.00, u:0.00, theta1:16.842, theta2:4.012, e:-0.000
t:49.88, r:0.00, omega:0.00, omega_m:0.00, u:0.00, theta1:16.842, theta2:4.012, e:-0.000
t:49.89, r:0.00, omega:0.00, omega_m:0.00, u:0.00, theta1:16.842, theta2:4.012, e:-0.000
t:49.90, r:0.00, omega:0.00, omega_m:0.00, u:0.00, theta1:16.842, theta2:4.012, e:-0.000
t:49.91, r:0.00, omega:0.00, omega_m:0.00, u:0.00, theta1:16.842, theta2:4.012, e:-0.000
t:49.92, r:0.00, omega:0.00, omega_m:0.00, u:0.00, theta1:16.842, theta2:4.012, e:-0.000
t:49.93, r:0.00, omega:0.00, omega_m:0.00, u:0.00, theta1:16.842, theta2:4.012, e:-0.000
t:49.94, r:0.00, omega:0.00, omega_m:0.00, u:0.00, theta1:16.842, theta2:4.012, e:-0.000
t:49.95, r:0.00, omega:0.00, omega_m:0.00, u:0.00, theta1:16.842, theta2:4.012, e:-0.000
t:49.96, r:0.00, omega:0.00, omega_m:0.00, u:0.00, theta1:16.842, theta2:4.012, e:-0.000
t:49.97, r:0.00, omega:0.00, omega_m:0.00, u:0.00, theta1:16.842, theta2:4.012, e:-0.000
t:49.98, r:0.00, omega:0.00, omega_m:0.00, u:0.00, theta1:16.842, theta2:4.012, e:-0.000
t:49.99, r:0.00, omega:0.00, omega_m:0.00, u:0.00, theta1:16.842, theta2:4.012, e:-0.000
t:50.00, r:0.00, omega:0.00, omega_m:0.00, u:0.00, theta1:16.842, theta2:4.012, e:-0.000
t:50.01, r:-10.00, omega:0.00, omega_m:-6.32, u:-168.44, theta1:16.844, theta2:4.012, e:6.321
t:50.02, r:-10.00, omega:0.00, omega_m:-8.65, u:-168.47, theta1:16.847, theta2:4.012, e:8.647
t:50.03, r:-10.00, omega:0.00, omega_m:-9.50, u:-168.50, theta1:16.850, theta2:4.011, e:9.502
t:50.04, r:-10.00, omega:-0.50, omega_m:-9.82, u:-166.52, theta1:16.853, theta2:4.011, e:9.317
t:50.05, r:-10.00, omega:-0.50, omega_m:-9.93, u:-166.55, theta1:16.856, theta2:4.010, e:9.433
t:50.06, r:-10.00, omega:-0.50, omega_m:-9.98, u:-166.59, theta1:16.859, theta2:4.009, e:9.475
t:50.07, r:-10.00, omega:-0.50, omega_m:-9.99, u:-166.62, theta1:16.862, theta2:4.009, e:9.491
t:50.08, r:-10.00, omega:-0.50, omega_m:-10.00, u:-166.65, theta1:16.865, theta2:4.008, e:9.497
t:50.09, r:-10.00, omega:-0.50, omega_m:-10.00, u:-166.68, theta1:16.869, theta2:4.008, e:9.499
t:50.10, r:-10.00, omega:-9.22, omega_m:-10.00, u:-131.75, theta1:16.869, theta2:4.007, e:0.782
t:50.11, r:-10.00, omega:-9.22, omega_m:-10.00, u:-131.76, theta1:16.869, theta2:4.007, e:0.782
t:50.12, r:-10.00, omega:-9.22, omega_m:-10.00, u:-131.77, theta1:16.869, theta2:4.006, e:0.782
t:50.13, r:-10.00, omega:-9.22, omega_m:-10.00, u:-131.77, theta1:16.870, theta2:4.006, e:0.783
t:50.14, r:-10.00, omega:-9.22, omega_m:-10.00, u:-131.78, theta1:16.870, theta2:4.006, e:0.783
t:50.15, r:-10.00, omega:-9.63, omega_m:-10.00, u:-130.12, theta1:16.870, theta2:4.005, e:0.368
t:50.16, r:-10.00, omega:-9.63, omega_m:-10.00, u:-130.12, theta1:16.870, theta2:4.005, e:0.368
t:50.17, r:-10.00, omega:-9.63, omega_m:-10.00, u:-130.12, theta1:16.870, theta2:4.005, e:0.368
t:50.18, r:-10.00, omega:-9.63, omega_m:-10.00, u:-130.13, theta1:16.870, theta2:4.005, e:0.368
t:50.19, r:-10.00, omega:-9.63, omega_m:-10.00, u:-130.13, theta1:16.870, theta2:4.005, e:0.368
t:50.20, r:-10.00, omega:-9.63, omega_m:-10.00, u:-130.13, theta1:16.871, theta2:4.004, e:0.368
t:50.21, r:-10.00, omega:-9.63, omega_m:-10.00, u:-130.14, theta1:16.871, theta2:4.004, e:0.368
t:50.22, r:-10.00, omega:-7.71, omega_m:-10.00, u:-137.83, theta1:16.871, theta2:4.003, e:2.286
t:50.23, r:-10.00, omega:-7.71, omega_m:-10.00, u:-137.85, theta1:16.872, theta2:4.002, e:2.286
t:50.24, r:-10.00, omega:-7.71, omega_m:-10.00, u:-137.87, theta1:16.873, theta2:4.001, e:2.286
t:50.25, r:-10.00, omega:-7.71, omega_m:-10.00, u:-137.88, theta1:16.874, theta2:4.000, e:2.286
t:50.26, r:-10.00, omega:-7.71, omega_m:-10.00, u:-137.90, theta1:16.875, theta2:3.999, e:2.286
t:50.27, r:-10.00, omega:-7.71, omega_m:-10.00, u:-137.91, theta1:16.875, theta2:3.998, e:2.286
t:50.28, r:-10.00, omega:-8.34, omega_m:-10.00, u:-135.43, theta1:16.876, theta2:3.998, e:1.662
t:50.29, r:-10.00, omega:-8.34, omega_m:-10.00, u:-135.44, theta1:16.876, theta2:3.997, e:1.662
t:50.30, r:-10.00, omega:-8.34, omega_m:-10.00, u:-135.45, theta1:16.877, theta2:3.996, e:1.662
t:50.31, r:-10.00, omega:-8.34, omega_m:-10.00, u:-135.46, theta1:16.877, theta2:3.995, e:1.662
t:50.32, r:-10.00, omega:-8.34, omega_m:-10.00, u:-135.47, theta1:16.878, theta2:3.995, e:1.662
t:50.33, r:-10.00, omega:-8.34, omega_m:-10.00, u:-135.49, theta1:16.879, theta2:3.994, e:1.662
t:50.34, r:-10.00, omega:-8.65, omega_m:-10.00, u:-134.26, theta1:16.879, theta2:3.993, e:1.351
t:50.35, r:-10.00, omega:-8.65, omega_m:-10.00, u:-134.27, theta1:16.879, theta2:3.993, e:1.351
t:50.36, r:-10.00, omega:-8.65, omega_m:-10.00, u:-134.28, theta1:16.880, theta2:3.992, e:1.351
t:50.37, r:-10.00, omega:-8.65, omega_m:-10.00, u:-134.29, theta1:16.880, theta2:3.991, e:1.351
t:50.38, r:-10.00, omega:-8.65, omega_m:-10.00, u:-134.30, theta1:16.881, theta2:3.991, e:1.351
t:50.39, r:-10.00, omega:-8.65, omega_m:-10.00, u:-134.31, theta1:16.881, theta2:3.990, e:1.351
t:50.40, r:-10.00, omega:-8.65, omega_m:-10.00, u:-134.32, theta1:16.882, theta2:3.989, e:1.351
t:50.41, r:-10.00, omega:-8.07, omega_m:-10.00, u:-136.64, theta1:16.882, theta2:3.988, e:1.930
t:50.42, r:-10.00, omega:-8.07, omega_m:-10.00, u:-136.65, theta1:16.883, theta2:3.988, e:1.930
t:50.43, r:-10.00, omega:-8.07, omega_m:-10.00, u:-136.66, theta1:16.884, theta2:3.987, e:1.930
t:50.44, r:-10.00, omega:-8.07, omega_m:-10.00, u:-136.68, theta1:16.884, theta2:3.986, e:1.930
t:50.45, r:-10.00, omega:-8.07, omega_m:-10.00, u:-136.69, theta1:16.885, theta2:3.985, e:1.930
t:50.46, r:-10.00, omega:-8.07, omega_m:-10.00, u:-136.70, theta1:16.886, theta2:3.984, e:1.930
t:50.47, r:-10.00, omega:-8.36, omega_m:-10.00, u:-135.57, theta1:16.886, theta2:3.983, e:1.642
t:50.48, r:-10.00, omega:-8.36, omega_m:-10.00, u:-135.58, theta1:16.887, theta2:3.983, e:1.642
t:50.49, r:-10.00, omega:-8.36, omega_m:-10.00, u:-135.59, theta1:16.887, theta2:3.982, e:1.642
t:50.50, r:-10.00, omega:-8.36, omega_m:-10.00, u:-135.60, theta1:16.888, theta2:3.981, e:1.642
t:50.51, r:-10.00, omega:-8.36, omega_m:-10.00, u:-135.61, theta1:16.888, theta2:3.980, e:1.642
t:50.52, r:-10.00, omega:-8.36, omega_m:-10.00, u:-135.63, theta1:16.889, theta2:3.980, e:1.642
t:50.53, r:-10.00, omega:-8.59, omega_m:-10.00, u:-134.73, theta1:16.889, theta2:3.979, e:1.413
t:50.54, r:-10.00, omega:-8.59, omega_m:-10.00, u:-134.74, theta1:16.890, theta2:3.978, e:1.413
t:50.55, r:-10.00, omega:-8.59, omega_m:-10.00, u:-134.75, theta1:16.890, theta2:3.978, e:1.413
t:50.56, r:-10.00, omega:-8.59, omega_m:-10.00, u:-134.76, theta1:16.891, theta2:3.977, e:1.413
t:50.57, r:-10.00, omega:-8.59, omega_m:-10.00, u:-134.77, theta1:16.891, theta2:3.976, e:1.413
t:50.58, r:-10.00, omega:-8.59, omega_m:-10.00, u:-134.78, theta1:16.892, theta2:3.976, e:1.413
t:50.59, r:-10.00, omega:-8.59, omega_m:-10.00, u:-134.79, theta1:16.892, theta2:3.975, e:1.413
t:50.60, r:-10.00, omega:-7.88, omega_m:-10.00, u:-137.62, theta1:16.893, theta2:3.974, e:2.121
t:50.61, r:-10.00, omega:-7.88, omega_m:-10.00, u:-137.63, theta1:16.893, theta2:3.973, e:2.121
t:50.62, r:-10.00, omega:-7.88, omega_m:-10.00, u:-137.64, theta1:16.894, theta2:3.972, e:2.121
t:50.63, r:-10.00, omega:-7.88, omega_m:-10.00, u:-137.66, theta1:16.895, theta2:3.971, e:2.121
t:50.64, r:-10.00, omega:-7.88, omega_m:-10.00, u:-137.67, theta1:16.896, theta2:3.970, e:2.121
t:50.65, r:-10.00, omega:-7.88, omega_m:-10.00, u:-137.69, theta1:16.896, theta2:3.970, e:2.121
t:50.66, r:-10.00, omega:-8.34, omega_m:-10.00, u:-135.86, theta1:16.897, theta2:3.969, e:1.658
t:50.67, r:-10.00, omega:-8.34, omega_m:-10.00, u:-135.87, theta1:16.897, theta2:3.968, e:1.658
t:50.68, r:-10.00, omega:-8.34, omega_m:-10.00, u:-135.89, theta1:16.898, theta2:3.967, e:1.658
t:50.69, r:-10.00, omega:-8.34, omega_m:-10.00, u:-135.90, theta1:16.898, theta2:3.967, e:1.658
t:50.70, r:-10.00, omega:-8.34, omega_m:-10.00, u:-135.91, theta1:16.899, theta2:3.966, e:1.658
t:50.71, r:-10.00, omega:-8.34, omega_m:-10.00, u:-135.92, theta1:16.900, theta2:3.965, e:1.658
t:50.72, r:-10.00, omega:-8.86, omega_m:-10.00, u:-133.87, theta1:16.900, theta2:3.964, e:1.138
t:50.73, r:-10.00, omega:-8.86, omega_m:-10.00, u:-133.87, theta1:16.900, theta2:3.964, e:1.138
t:50.74, r:-10.00, omega:-8.86, omega_m:-10.00, u:-133.88, theta1:16.901, theta2:3.963, e:1.138
t:50.75, r:-10.00, omega:-8.86, omega_m:-10.00, u:-133.89, theta1:16.901, theta2:3.963, e:1.138
t:50.76, r:-10.00, omega:-8.86, omega_m:-10.00, u:-133.90, theta1:16.901, theta2:3.962, e:1.138
t:50.77, r:-10.00, omega:-8.86, omega_m:-10.00, u:-133.91, theta1:16.902, theta2:3.962, e:1.138
t:50.78, r:-10.00, omega:-7.95, omega_m:-10.00, u:-137.53, theta1:16.903, theta2:3.961, e:2.048
t:50.79, r:-10.00, omega:-7.95, omega_m:-10.00, u:-137.54, theta1:16.903, theta2:3.960, e:2.048
t:50.80, r:-10.00, omega:-7.95, omega_m:-10.00, u:-137.56, theta1:16.904, theta2:3.959, e:2.048
t:50.81, r:-10.00, omega:-7.95, omega_m:-10.00, u:-137.57, theta1:16.905, theta2:3.958, e:2.048
t:50.82, r:-10.00, omega:-7.95, omega_m:-10.00, u:-137.58, theta1:16.905, theta2:3.957, e:2.048
t:50.83, r:-10.00, omega:-7.95, omega_m:-10.00, u:-137.60, theta1:16.906, theta2:3.956, e:2.048
t:50.84, r:-10.00, omega:-7.95, omega_m:-10.00, u:-137.61, theta1:16.907, theta2:3.955, e:2.048
t:50.85, r:-10.00, omega:-8.02, omega_m:-10.00, u:-137.36, theta1:16.907, theta2:3.955, e:1.981
t:50.86, r:-10.00, omega:-8.02, omega_m:-10.00, u:-137.37, theta1:16.908, theta2:3.954, e:1.981
t:50.87, r:-10.00, omega:-8.02, omega_m:-10.00, u:-137.39, theta1:16.909, theta2:3.953, e:1.981
t:50.88, r:-10.00, omega:-8.02, omega_m:-10.00, u:-137.40, theta1:16.909, theta2:3.952, e:1.981
t:50.89, r:-10.00, omega:-8.02, omega_m:-10.00, u:-137.42, theta1:16.910, theta2:3.951, e:1.981
t:50.90, r:-10.00, omega:-8.02, omega_m:-10.00, u:-137.43, theta1:16.911, theta2:3.950, e:1.981
t:50.91, r:-10.00, omega:-8.60, omega_m:-10.00, u:-135.14, theta1:16.911, theta2:3.950, e:1.398
t:50.92, r:-10.00, omega:-8.60, omega_m:-10.00, u:-135.15, theta1:16.911, theta2:3.949, e:1.398
t:50.93, r:-10.00, omega:-8.60, omega_m:-10.00, u:-135.16, theta1:16.912, theta2:3.948, e:1.398
t:50.94, r:-10.00, omega:-8.60, omega_m:-10.00, u:-135.17, theta1:16.912, theta2:3.948, e:1.398
t:50.95, r:-10.00, omega:-8.60, omega_m:-10.00, u:-135.18, theta1:16.913, theta2:3.947, e:1.398
t:50.96, r:-10.00, omega:-8.60, omega_m:-10.00, u:-135.19, theta1:16.913, theta2:3.946, e:1.398
t:50.97, r:-10.00, omega:-8.16, omega_m:-10.00, u:-136.95, theta1:16.914, theta2:3.945, e:1.841
t:50.98, r:-10.00, omega:-8.16, omega_m:-10.00, u:-136.96, theta1:16.915, theta2:3.945, e:1.841
t:50.99, r:-10.00, omega:-8.16, omega_m:-10.00, u:-136.98, theta1:16.915, theta2:3.944, e:1.841
t:51.00, r:-10.00, omega:-8.16, omega_m:-10.00, u:-136.99, theta1:16.916, theta2:3.943, e:1.841
t:51.01, r:0.00, omega:-8.16, omega_m:-3.68, u:0.00, theta1:16.915, theta2:3.945, e:-4.480
t:51.02, r:0.00, omega:-8.16, omega_m:-1.35, u:0.00, theta1:16.914, theta2:3.947, e:-6.805
t:51.03, r:0.00, omega:-8.16, omega_m:-0.50, u:0.00, theta1:16.913, theta2:3.950, e:-7.661
t:51.04, r:0.00, omega:-8.16, omega_m:-0.18, u:0.00, theta1:16.911, theta2:3.953, e:-7.975
t:51.05, r:0.00, omega:-8.16, omega_m:-0.07, u:0.00, theta1:16.910, theta2:3.956, e:-8.091
t:51.06, r:0.00, omega:-8.16, omega_m:-0.02, u:0.00, theta1:16.908, theta2:3.959, e:-8.134
t:51.07, r:0.00, omega:-8.16, omega_m:-0.01, u:0.00, theta1:16.907, theta2:3.962, e:-8.149
t:51.08, r:0.00, omega:-8.16, omega_m:-0.00, u:0.00, theta1:16.906, theta2:3.965, e:-8.155
t:51.09, r:0.00, omega:-8.16, omega_m:-0.00, u:0.00, theta1:16.904, theta2:3.968, e:-8.157
t:51.10, r:0.00, omega:-8.16, omega_m:-0.00, u:0.00, theta1:16.903, theta2:3.971, e:-8.158
t:51.11, r:0.00, omega:-8.16, omega_m:-0.00, u:0.00, theta1:16.902, theta2:3.974, e:-8.158
t:51.12, r:0.00, omega:-8.16, omega_m:-0.00, u:0.00, theta1:16.900, theta2:3.977, e:-8.158
t:51.13, r:0.00, omega:-8.16, omega_m:-0.00, u:0.00, theta1:16.899, theta2:3.980, e:-8.159
t:51.14, r:0.00, omega:-8.16, omega_m:-0.00, u:0.00, theta1:16.897, theta2:3.983, e:-8.159
t:51.15, r:0.00, omega:-8.16, omega_m:-0.00, u:0.00, theta1:16.896, theta2:3.986, e:-8.159
t:51.16, r:0.00, omega:-8.16, omega_m:-0.00, u:0.00, theta1:16.895, theta2:3.989, e:-8.159
t:51.17, r:0.00, omega:-8.16, omega_m:-0.00, u:0.00, theta1:16.893, theta2:3.992, e:-8.159
t:51.18, r:0.00, omega:-8.16, omega_m:-0.00, u:0.00, theta1:16.892, theta2:3.995, e:-8.159
t:51.19, r:0.00, omega:-8.16, omega_m:-0.00, u:0.00, theta1:16.891, theta2:3.998, e:-8.159
t:51.20, r:0.00, omega:-8.16, omega_m:-0.00, u:0.00, theta1:16.889, theta2:4.001, e:-8.159
t:51.21, r:0.00, omega:-8.16, omega_m:-0.00, u:0.00, theta1:16.888, theta2:4.004, e:-8.159
t:51.22, r:0.00, omega:-8.16, omega_m:-0.00, u:0.00, theta1:16.886, theta2:4.007, e:-8.159
t:51.23, r:0.00, omega:-8.16, omega_m:-0.00, u:0.00, theta1:16.885, theta2:4.010, e:-8.159
t:51.24, r:0.00, omega:-8.16, omega_m:-0.00, u:0.00, theta1:16.884, theta2:4.013, e:-8.159
t:51.25, r:0.00, omega:-8.16, omega_m:-0.00, u:0.00, theta1:16.882, theta2:4.016, e:-8.159
t:51.26, r:0.00, omega:-8.16, omega_m:-0.00, u:0.00, theta1:16.881, theta2:4.019, e:-8.159
t:51.27, r:0.00, omega:-8.16, omega_m:-0.00, u:0.00, theta1:16.879, theta2:4.022, e:-8.159
t:51.28, r:0.00, omega:-8.16, omega_m:-0.00, u:0.00, theta1:16.878, theta2:4.025, e:-8.159
t:51.29, r:0.00, omega:-8.16, omega_m:-0.00, u:0.00, theta1:16.877, theta2:4.028, e:-8.159
t:51.30, r:0.00, omega:-8.16, omega_m:-0.00, u:0.00, theta1:16.875, theta2:4.031, e:-8.159
t:51.31, r:0.00, omega:-8.16, omega_m:-0.00, u:0.00, theta1:16.874, theta2:4.034, e:-8.159
t:51.32, r:0.00, omega:-8.16, omega_m:-0.00, u:0.00, theta1:16.873, theta2:4.037, e:-8.159
t:51.33, r:0.00, omega:-8.16, omega_m:-0.00, u:0.00, theta1:16.871, theta2:4.040, e:-8.159
t:51.34, r:0.00, omega:-8.16, omega_m:-0.00, u:0.00, theta1:16.870, theta2:4.043, e:-8.159
t:51.35, r:0.00, omega:-8.16, omega_m:-0.00, u:0.00, theta1:16.868, theta2:4.046, e:-8.159
t:51.36, r:0.00, omega:-8.16, omega_m:-0.00, u:0.00, theta1:16.867, theta2:4.049, e:-8.159
t:51.37, r:0.00, omega:-8.16, omega_m:-0.00, u:0.00, theta1:16.866, theta2:4.052, e:-8.159
t:51.38, r:0.00, omega:-8.16, omega_m:-0.00, u:0.00, theta1:16.864, theta2:4.055, e:-8.159
t:51.39, r:0.00, omega:-8.16, omega_m:-0.00, u:0.00, theta1:16.863, theta2:4.058, e:-8.159
t:51.40, r:0.00, omega:-8.16, omega_m:-0.00, u:0.00, theta1:16.862, theta2:4.061, e:-8.159
t:51.41, r:0.00, omega:-8.16, omega_m:-0.00, u:0.00, theta1:16.860, theta2:4.064, e:-8.159
t:51.42, r:0.00, omega:-8.16, omega_m:-0.00, u:0.00, theta1:16.859, theta2:4.067, e:-8.159
t:51.43, r:0.00, omega:-8.16, omega_m:-0.00, u:0.00, theta1:16.857, theta2:4.070, e:-8.159
t:51.44, r:0.00, omega:-8.16, omega_m:-0.00, u:0.00, theta1:16.856, theta2:4.073, e:-8.159
t:51.45, r:0.00, omega:-8.16, omega_m:-0.00, u:0.00, theta1:16.855, theta2:4.076, e:-8.159
t:51.46, r:0.00, omega:-8.16, omega_m:-0.00, u:0.00, theta1:16.853, theta2:4.079, e:-8.159
t:51.47, r:0.00, omega:0.00, omega_m:-0.00, u:0.00, theta1:16.853, theta2:4.079, e:0.000
t:51.48, r:0.00, omega:0.00, omega_m:-0.00, u:0.00, theta1:16.853, theta2:4.079, e:0.000
t:51.49, r:0.00, omega:0.00, omega_m:-0.00, u:0.00, theta1:16.853, theta2:4.079, e:0.000
t:51.50, r:0.00, omega:0.00, omega_m:-0.00, u:0.00, theta1:16.853, theta2:4.079, e:0.000
t:51.51, r:0.00, omega:0.00, omega_m:-0.00, u:0.00, theta1:16.853, theta2:4.079, e:0.000
t:51.52, r:0.00, omega:0.00, omega_m:-0.00, u:0.00, theta1:16.853, theta2:4.079, e:0.000
t:51.53, r:0.00, omega:0.00, omega_m:-0.00, u:0.00, theta1:16.853, theta2:4.079, e:0.000
t:51.54, r:0.00, omega:0.00, omega_m:-0.00, u:0.00, theta1:16.853, theta2:4.079, e:0.000
t:51.55, r:0.00, omega:0.00, omega_m:-0.00, u:0.00, theta1:16.853, theta2:4.079, e:0.000
t:51.56, r:0.00, omega:0.00, omega_m:-0.00, u:0.00, theta1:16.853, theta2:4.079, e:0.000
t:51.57, r:0.00, omega:0.00, omega_m:-0.00, u:0.00, theta1:16.853, theta2:4.079, e:0.000
t:51.58, r:0.00, omega:0.00, omega_m:-0.00, u:0.00, theta1:16.853, theta2:4.079, e:0.000
t:51.59, r:0.00, omega:0.00, omega_m:-0.00, u:0.00, theta1:16.853, theta2:4.079, e:0.000
t:51.60, r:0.00, omega:0.00, omega_m:-0.00, u:0.00, theta1:16.853, theta2:4.079, e:0.000
t:51.61, r:0.00, omega:0.00, omega_m:-0.00, u:0.00, theta1:16.853, theta2:4.079, e:0.000
t:51.62, r:0.00, omega:0.00, omega_m:-0.00, u:0.00, theta1:16.853, theta2:4.079, e:0.000
t:51.63, r:0.00, omega:0.00, omega_m:-0.00, u:0.00, theta1:16.853, theta2:4.079, e:0.000
t:51.64, r:0.00, omega:0.00, omega_m:-0.00, u:0.00, theta1:16.853, theta2:4.079, e:0.000
t:51.65, r:0.00, omega:0.00, omega_m:-0.00, u:0.00, theta1:16.853, theta2:4.079, e:0.000
t:51.66, r:0.00, omega:0.00, omega_m:-0.00, u:0.00, theta1:16.853, theta2:4.079, e:0.000
t:51.67, r:0.00, omega:0.00, omega_m:-0.00, u:0.00, theta1:16.853, theta2:4.079, e:0.000
t:51.68, r:0.00, omega:0.00, omega_m:-0.00, u:0.00, theta1:16.853, theta2:4.079, e:0.000
t:51.69, r:0.00, omega:0.00, omega_m:-0.00, u:0.00, theta1:16.853, theta2:4.079, e:0.000
t:51.70, r:0.00, omega:0.00, omega_m:-0.00, u:0.00, theta1:16.853, theta2:4.079, e:0.000
t:51.71, r:0.00, omega:0.00, omega_m:-0.00, u:0.00, theta1:16.853, theta2:4.079, e:0.000
t:51.72, r:0.00, omega:0.00, omega_m:-0.00, u:0.00, theta1:16.853, theta2:4.079, e:0.000
t:51.73, r:0.00, omega:0.00, omega_m:-0.00, u:0.00, theta1:16.853, theta2:4.079, e:0.000
t:51.74, r:0.00, omega:0.00, omega_m:-0.00, u:0.00, theta1:16.853, theta2:4.079, e:0.000
t:51.75, r:0.00, omega:0.00, omega_m:-0.00, u:0.00, theta1:16.853, theta2:4.079, e:0.000
t:51.76, r:0.00, omega:0.00, omega_m:-0.00, u:0.00, theta1:16.853, theta2:4.079, e:0.000
t:51.77, r:0.00, omega:0.00, omega_m:-0.00, u:0.00, theta1:16.853, theta2:4.079, e:0.000
t:51.78, r:0.00, omega:0.00, omega_m:-0.00, u:0.00, theta1:16.853, theta2:4.079, e:0.000
t:51.79, r:0.00, omega:0.00, omega_m:-0.00, u:0.00, theta1:16.853, theta2:4.079, e:0.000
t:51.80, r:0.00, omega:0.00, omega_m:-0.00, u:0.00, theta1:16.853, theta2:4.079, e:0.000
t:51.81, r:0.00, omega:0.00, omega_m:-0.00, u:0.00, theta1:16.853, theta2:4.079, e:0.000
t:51.82, r:0.00, omega:0.00, omega_m:-0.00, u:0.00, theta1:16.853, theta2:4.079, e:0.000
t:51.83, r:0.00, omega:0.00, omega_m:-0.00, u:0.00, theta1:16.853, theta2:4.079, e:0.000
t:51.84, r:0.00, omega:0.00, omega_m:-0.00, u:0.00, theta1:16.853, theta2:4.079, e:0.000
t:51.85, r:0.00, omega:0.00, omega_m:-0.00, u:0.00, theta1:16.853, theta2:4.079, e:0.000
t:51.86, r:0.00, omega:0.00, omega_m:-0.00, u:0.00, theta1:16.853, theta2:4.079, e:0.000
t:51.87, r:0.00, omega:0.00, omega_m:-0.00, u:0.00, theta1:16.853, theta2:4.079, e:0.000
t:51.88, r:0.00, omega:0.00, omega_m:-0.00, u:0.00, theta1:16.853, theta2:4.079, e:0.000
t:51.89, r:0.00, omega:0.00, omega_m:-0.00, u:0.00, theta1:16.853, theta2:4.079, e:0.000
t:51.90, r:0.00, omega:0.00, omega_m:-0.00, u:0.00, theta1:16.853, theta2:4.079, e:0.000
t:51.91, r:0.00, omega:0.00, omega_m:-0.00, u:0.00, theta1:16.853, theta2:4.079, e:0.000
t:51.92, r:0.00, omega:0.00, omega_m:-0.00, u:0.00, theta1:16.853, theta2:4.079, e:0.000
t:51.93, r:0.00, omega:0.00, omega_m:-0.00, u:0.00, theta1:16.853, theta2:4.079, e:0.000
t:51.94, r:0.00, omega:0.00, omega_m:-0.00, u:0.00, theta1:16.853, theta2:4.079, e:0.000
t:51.95, r:0.00, omega:0.00, omega_m:-0.00, u:0.00, theta1:16.853, theta2:4.079, e:0.000
t:51.96, r:0.00, omega:0.00, omega_m:-0.00, u:0.00, theta1:16.853, theta2:4.079, e:0.000
t:51.97, r:0.00, omega:0.00, omega_m:-0.00, u:0.00, theta1:16.853, theta2:4.079, e:0.000
t:51.98, r:0.00, omega:0.00, omega_m:-0.00, u:0.00, theta1:16.853, theta2:4.079, e:0.000
t:51.99, r:0.00, omega:0.00, omega_m:-0.00, u:0.00, theta1:16.853, theta2:4.079, e:0.000
t:52.00, r:0.00, omega:0.00, omega_m:-0.00, u:0.00, theta1:16.853, theta2:4.079, e:0.000
t:52.01, r:10.00, omega:0.00, omega_m:6.32, u:168.55, theta1:16.855, theta2:4.079, e:-6.321
t:52.02, r:10.00, omega:0.00, omega_m:8.65, u:168.58, theta1:16.858, theta2:4.078, e:-8.647
t:52.03, r:10.00, omega:0.00, omega_m:9.50, u:168.61, theta1:16.861, theta2:4.078, e:-9.502
t:52.04, r:10.00, omega:0.00, omega_m:9.82, u:168.65, theta1:16.865, theta2:4.077, e:-9.817
t:52.05, r:10.00, omega:0.00, omega_m:9.93, u:168.68, theta1:16.868, theta2:4.077, e:-9.933
t:52.06, r:10.00, omega:0.00, omega_m:9.98, u:168.71, theta1:16.871, theta2:4.077, e:-9.975
t:52.07, r:10.00, omega:0.48, omega_m:9.99, u:166.79, theta1:16.874, theta2:4.076, e:-9.511
t:52.08, r:10.00, omega:0.48, omega_m:10.00, u:166.82, theta1:16.878, theta2:4.075, e:-9.517
t:52.09, r:10.00, omega:0.48, omega_m:10.00, u:166.85, theta1:16.881, theta2:4.075, e:-9.519
t:52.10, r:10.00, omega:0.48, omega_m:10.00, u:166.88, theta1:16.884, theta2:4.074, e:-9.520
t:52.11, r:10.00, omega:0.48, omega_m:10.00, u:166.92, theta1:16.887, theta2:4.074, e:-9.520
t:52.12, r:10.00, omega:10.11, omega_m:10.00, u:127.67, theta1:16.887, theta2:4.074, e:0.113
t:52.13, r:10.00, omega:10.11, omega_m:10.00, u:127.67, theta1:16.887, theta2:4.074, e:0.113
t:52.14, r:10.00, omega:10.11, omega_m:10.00, u:127.67, theta1:16.887, theta2:4.074, e:0.113
t:52.15, r:10.00, omega:10.11, omega_m:10.00, u:127.67, theta1:16.887, theta2:4.074, e:0.113
t:52.16, r:10.00, omega:10.11, omega_m:10.00, u:127.67, theta1:16.887, theta2:4.074, e:0.113
t:52.17, r:10.00, omega:9.54, omega_m:10.00, u:129.99, theta1:16.887, theta2:4.074, e:-0.456
t:52.18, r:10.00, omega:9.54, omega_m:10.00, u:129.99, theta1:16.887, theta2:4.073, e:-0.456
t:52.19, r:10.00, omega:9.54, omega_m:10.00, u:130.00, theta1:16.887, theta2:4.073, e:-0.456
t:52.20, r:10.00, omega:9.54, omega_m:10.00, u:130.00, theta1:16.887, theta2:4.073, e:-0.456
t:52.21, r:10.00, omega:9.54, omega_m:10.00, u:130.01, theta1:16.887, theta2:4.073, e:-0.456
t:52.22, r:10.00, omega:9.54, omega_m:10.00, u:130.01, theta1:16.888, theta2:4.072, e:-0.456
t:52.23, r:10.00, omega:9.54, omega_m:10.00, u:130.01, theta1:16.888, theta2:4.072, e:-0.456
t:52.24, r:10.00, omega:7.30, omega_m:10.00, u:139.15, theta1:16.889, theta2:4.071, e:-2.695
t:52.25, r:10.00, omega:7.30, omega_m:10.00, u:139.16, theta1:16.890, theta2:4.070, e:-2.695
t:52.26, r:10.00, omega:7.30, omega_m:10.00, u:139.18, theta1:16.890, theta2:4.069, e:-2.695
t:52.27, r:10.00, omega:7.30, omega_m:10.00, u:139.20, theta1:16.891, theta2:4.068, e:-2.695
t:52.28, r:10.00, omega:7.30, omega_m:10.00, u:139.22, theta1:16.892, theta2:4.067, e:-2.695
t:52.29, r:10.00, omega:7.30, omega_m:10.00, u:139.23, theta1:16.893, theta2:4.066, e:-2.695
t:52.30, r:10.00, omega:7.30, omega_m:10.00, u:139.25, theta1:16.894, theta2:4.065, e:-2.695
t:52.31, r:10.00, omega:7.87, omega_m:10.00, u:136.98, theta1:16.895, theta2:4.064, e:-2.133
t:52.32, r:10.00, omega:7.87, omega_m:10.00, u:136.99, theta1:16.895, theta2:4.063, e:-2.133
t:52.33, r:10.00, omega:7.87, omega_m:10.00, u:137.01, theta1:16.896, theta2:4.062, e:-2.133
t:52.34, r:10.00, omega:7.87, omega_m:10.00, u:137.02, theta1:16.897, theta2:4.061, e:-2.133
t:52.35, r:10.00, omega:7.87, omega_m:10.00, u:137.04, theta1:16.898, theta2:4.060, e:-2.133
t:52.36, r:10.00, omega:7.87, omega_m:10.00, u:137.05, theta1:16.898, theta2:4.059, e:-2.133
t:52.37, r:10.00, omega:7.87, omega_m:10.00, u:137.06, theta1:16.899, theta2:4.058, e:-2.133
t:52.38, r:10.00, omega:8.13, omega_m:10.00, u:136.01, theta1:16.900, theta2:4.057, e:-1.869
t:52.39, r:10.00, omega:8.13, omega_m:10.00, u:136.02, theta1:16.900, theta2:4.056, e:-1.869
t:52.40, r:10.00, omega:8.13, omega_m:10.00, u:136.03, theta1:16.901, theta2:4.056, e:-1.869
t:52.41, r:10.00, omega:8.13, omega_m:10.00, u:136.05, theta1:16.901, theta2:4.055, e:-1.869
t:52.42, r:10.00, omega:8.13, omega_m:10.00, u:136.06, theta1:16.902, theta2:4.054, e:-1.869
t:52.43, r:10.00, omega:8.13, omega_m:10.00, u:136.07, theta1:16.903, theta2:4.053, e:-1.869
t:52.44, r:10.00, omega:8.59, omega_m:10.00, u:134.22, theta1:16.903, theta2:4.052, e:-1.409
t:52.45, r:10.00, omega:8.59, omega_m:10.00, u:134.23, theta1:16.904, theta2:4.052, e:-1.409
t:52.46, r:10.00, omega:8.59, omega_m:10.00, u:134.24, theta1:16.904, theta2:4.051, e:-1.409
t:52.47, r:10.00, omega:8.59, omega_m:10.00, u:134.25, theta1:16.905, theta2:4.050, e:-1.409
t:52.48, r:10.00, omega:8.59, omega_m:10.00, u:134.26, theta1:16.905, theta2:4.050, e:-1.409
t:52.49, r:10.00, omega:8.59, omega_m:10.00, u:134.27, theta1:16.905, theta2:4.049, e:-1.409
t:52.50, r:10.00, omega:7.88, omega_m:10.00, u:137.17, theta1:16.906, theta2:4.048, e:-2.121
t:52.51, r:10.00, omega:7.88, omega_m:10.00, u:137.18, theta1:16.907, theta2:4.047, e:-2.121
t:52.52, r:10.00, omega:7.88, omega_m:10.00, u:137.19, theta1:16.908, theta2:4.046, e:-2.121
t:52.53, r:10.00, omega:7.88, omega_m:10.00, u:137.21, theta1:16.908, theta2:4.045, e:-2.121
t:52.54, r:10.00, omega:7.88, omega_m:10.00, u:137.22, theta1:16.909, theta2:4.044, e:-2.121
t:52.55, r:10.00, omega:7.88, omega_m:10.00, u:137.24, theta1:16.910, theta2:4.044, e:-2.121
t:52.56, r:10.00, omega:7.88, omega_m:10.00, u:137.25, theta1:16.910, theta2:4.043, e:-2.121
t:52.57, r:10.00, omega:7.67, omega_m:10.00, u:138.12, theta1:16.911, theta2:4.042, e:-2.332
t:52.58, r:10.00, omega:7.67, omega_m:10.00, u:138.14, theta1:16.912, theta2:4.041, e:-2.332
t:52.59, r:10.00, omega:7.67, omega_m:10.00, u:138.15, theta1:16.913, theta2:4.040, e:-2.332
t:52.60, r:10.00, omega:7.67, omega_m:10.00, u:138.17, theta1:16.913, theta2:4.039, e:-2.332
t:52.61, r:10.00, omega:7.67, omega_m:10.00, u:138.18, theta1:16.914, theta2:4.038, e:-2.332
t:52.62, r:10.00, omega:7.67, omega_m:10.00, u:138.20, theta1:16.915, theta2:4.037, e:-2.332
t:52.63, r:10.00, omega:8.31, omega_m:10.00, u:135.63, theta1:16.916, theta2:4.036, e:-1.694
t:52.64, r:10.00, omega:8.31, omega_m:10.00, u:135.64, theta1:16.916, theta2:4.035, e:-1.694
t:52.65, r:10.00, omega:8.31, omega_m:10.00, u:135.66, theta1:16.917, theta2:4.034, e:-1.694
t:52.66, r:10.00, omega:8.31, omega_m:10.00, u:135.67, theta1:16.917, theta2:4.034, e:-1.694
t:52.67, r:10.00, omega:8.31, omega_m:10.00, u:135.68, theta1:16.918, theta2:4.033, e:-1.694
t:52.68, r:10.00, omega:8.31, omega_m:10.00, u:135.69, theta1:16.918, theta2:4.032, e:-1.694
t:52.69, r:10.00, omega:8.31, omega_m:10.00, u:135.70, theta1:16.919, theta2:4.031, e:-1.694
t:52.70, r:10.00, omega:7.95, omega_m:10.00, u:137.17, theta1:16.920, theta2:4.030, e:-2.055
t:52.71, r:10.00, omega:7.95, omega_m:10.00, u:137.19, theta1:16.920, theta2:4.029, e:-2.055
t:52.72, r:10.00, omega:7.95, omega_m:10.00, u:137.20, theta1:16.921, theta2:4.029, e:-2.055
t:52.73, r:10.00, omega:7.95, omega_m:10.00, u:137.21, theta1:16.922, theta2:4.028, e:-2.055
t:52.74, r:10.00, omega:7.95, omega_m:10.00, u:137.23, theta1:16.922, theta2:4.027, e:-2.055
t:52.75, r:10.00, omega:7.95, omega_m:10.00, u:137.24, theta1:16.923, theta2:4.026, e:-2.055
t:52.76, r:10.00, omega:8.13, omega_m:10.00, u:136.50, theta1:16.924, theta2:4.025, e:-1.866
t:52.77, r:10.00, omega:8.13, omega_m:10.00, u:136.51, theta1:16.924, theta2:4.024, e:-1.866
t:52.78, r:10.00, omega:8.13, omega_m:10.00, u:136.52, theta1:16.925, theta2:4.023, e:-1.866
t:52.79, r:10.00, omega:8.13, omega_m:10.00, u:136.53, theta1:16.925, theta2:4.023, e:-1.866
t:52.80, r:10.00, omega:8.13, omega_m:10.00, u:136.55, theta1:16.926, theta2:4.022, e:-1.866
t:52.81, r:10.00, omega:8.13, omega_m:10.00, u:136.56, theta1:16.927, theta2:4.021, e:-1.866
t:52.82, r:10.00, omega:8.13, omega_m:10.00, u:136.57, theta1:16.927, theta2:4.020, e:-1.866
t:52.83, r:10.00, omega:8.35, omega_m:10.00, u:135.70, theta1:16.928, theta2:4.019, e:-1.645
t:52.84, r:10.00, omega:8.35, omega_m:10.00, u:135.71, theta1:16.928, theta2:4.019, e:-1.645
t:52.85, r:10.00, omega:8.35, omega_m:10.00, u:135.72, theta1:16.929, theta2:4.018, e:-1.645
t:52.86, r:10.00, omega:8.35, omega_m:10.00, u:135.73, theta1:16.929, theta2:4.017, e:-1.645
t:52.87, r:10.00, omega:8.35, omega_m:10.00, u:135.75, theta1:16.930, theta2:4.016, e:-1.645
t:52.88, r:10.00, omega:8.35, omega_m:10.00, u:135.76, theta1:16.931, theta2:4.016, e:-1.645
t:52.89, r:10.00, omega:8.15, omega_m:10.00, u:136.57, theta1:16.931, theta2:4.015, e:-1.845
t:52.90, r:10.00, omega:8.15, omega_m:10.00, u:136.58, theta1:16.932, theta2:4.014, e:-1.845
t:52.91, r:10.00, omega:8.15, omega_m:10.00, u:136.60, theta1:16.932, theta2:4.013, e:-1.845
t:52.92, r:10.00, omega:8.15, omega_m:10.00, u:136.61, theta1:16.933, theta2:4.012, e:-1.845
t:52.93, r:10.00, omega:8.15, omega_m:10.00, u:136.62, theta1:16.934, theta2:4.011, e:-1.845
t:52.94, r:10.00, omega:8.15, omega_m:10.00, u:136.64, theta1:16.934, theta2:4.011, e:-1.845
t:52.95, r:10.00, omega:8.15, omega_m:10.00, u:136.65, theta1:16.935, theta2:4.010, e:-1.845
t:52.96, r:10.00, omega:8.06, omega_m:10.00, u:137.05, theta1:16.935, theta2:4.009, e:-1.942
t:52.97, r:10.00, omega:8.06, omega_m:10.00, u:137.06, theta1:16.936, theta2:4.008, e:-1.942
t:52.98, r:10.00, omega:8.06, omega_m:10.00, u:137.08, theta1:16.937, theta2:4.007, e:-1.942
t:52.99, r:10.00, omega:8.06, omega_m:10.00, u:137.09, theta1:16.937, theta2:4.006, e:-1.942
t:53.00, r:10.00, omega:8.06, omega_m:10.00, u:137.10, theta1:16.938, theta2:4.005, e:-1.942
t:53.01, r:0.00, omega:8.06, omega_m:3.68, u:0.00, theta1:16.937, theta2:4.007, e:4.379
t:53.02, r:0.00, omega:8.12, omega_m:1.35, u:0.00, theta1:16.936, theta2:4.010, e:6.762
t:53.03, r:0.00, omega:8.12, omega_m:0.50, u:0.00, theta1:16.935, theta2:4.012, e:7.618
t:53.04, r:0.00, omega:8.12, omega_m:0.18, u:0.00, theta1:16.934, theta2:4.015, e:7.932
t:53.05, r:0.00, omega:8.12, omega_m:0.07, u:0.00, theta1:16.932, theta2:4.018, e:8.048
t:53.06, r:0.00, omega:8.12, omega_m:0.02, u:0.00, theta1:16.931, theta2:4.021, e:8.091
t:53.07, r:0.00, omega:8.12, omega_m:0.01, u:0.00, theta1:16.929, theta2:4.024, e:8.106
t:53.08, r:0.00, omega:8.12, omega_m:0.00, u:0.00, theta1:16.928, theta2:4.027, e:8.112
t:53.09, r:0.00, omega:8.12, omega_m:0.00, u:0.00, theta1:16.927, theta2:4.030, e:8.114
t:53.10, r:0.00, omega:8.12, omega_m:0.00, u:0.00, theta1:16.925, theta2:4.033, e:8.115
t:53.11, r:0.00, omega:8.12, omega_m:0.00, u:0.00, theta1:16.924, theta2:4.036, e:8.115
t:53.12, r:0.00, omega:8.12, omega_m:0.00, u:0.00, theta1:16.923, theta2:4.039, e:8.115
t:53.13, r:0.00, omega:8.12, omega_m:0.00, u:0.00, theta1:16.921, theta2:4.042, e:8.115
t:53.14, r:0.00, omega:8.12, omega_m:0.00, u:0.00, theta1:16.920, theta2:4.045, e:8.115
t:53.15, r:0.00, omega:8.12, omega_m:0.00, u:0.00, theta1:16.918, theta2:4.048, e:8.115
t:53.16, r:0.00, omega:8.12, omega_m:0.00, u:0.00, theta1:16.917, theta2:4.051, e:8.115
t:53.17, r:0.00, omega:8.12, omega_m:0.00, u:0.00, theta1:16.916, theta2:4.054, e:8.115
t:53.18, r:0.00, omega:8.12, omega_m:0.00, u:0.00, theta1:16.914, theta2:4.057, e:8.115
t:53.19, r:0.00, omega:8.12, omega_m:0.00, u:0.00, theta1:16.913, theta2:4.060, e:8.115
t:53.20, r:0.00, omega:8.12, omega_m:0.00, u:0.00, theta1:16.912, theta2:4.063, e:8.115
t:53.21, r:0.00, omega:8.12, omega_m:0.00, u:0.00, theta1:16.910, theta2:4.066, e:8.115
t:53.22, r:0.00, omega:8.12, omega_m:0.00, u:0.00, theta1:16.909, theta2:4.069, e:8.115
t:53.23, r:0.00, omega:8.12, omega_m:0.00, u:0.00, theta1:16.907, theta2:4.071, e:8.115
t:53.24, r:0.00, omega:8.12, omega_m:0.00, u:0.00, theta1:16.906, theta2:4.074, e:8.115
t:53.25, r:0.00, omega:8.12, omega_m:0.00, u:0.00, theta1:16.905, theta2:4.077, e:8.115
t:53.26, r:0.00, omega:8.12, omega_m:0.00, u:0.00, theta1:16.903, theta2:4.080, e:8.115
t:53.27, r:0.00, omega:8.12, omega_m:0.00, u:0.00, theta1:16.902, theta2:4.083, e:8.115
t:53.28, r:0.00, omega:8.12, omega_m:0.00, u:0.00, theta1:16.901, theta2:4.086, e:8.115
t:53.29, r:0.00, omega:8.12, omega_m:0.00, u:0.00, theta1:16.899, theta2:4.089, e:8.115
t:53.30, r:0.00, omega:8.12, omega_m:0.00, u:0.00, theta1:16.898, theta2:4.092, e:8.115
t:53.31, r:0.00, omega:8.12, omega_m:0.00, u:0.00, theta1:16.896, theta2:4.095, e:8.115
t:53.32, r:0.00, omega:8.12, omega_m:0.00, u:0.00, theta1:16.895, theta2:4.098, e:8.115
t:53.33, r:0.00, omega:8.12, omega_m:0.00, u:0.00, theta1:16.894, theta2:4.101, e:8.115
t:53.34, r:0.00, omega:8.12, omega_m:0.00, u:0.00, theta1:16.892, theta2:4.104, e:8.115
t:53.35, r:0.00, omega:8.12, omega_m:0.00, u:0.00, theta1:16.891, theta2:4.107, e:8.115
t:53.36, r:0.00, omega:8.12, omega_m:0.00, u:0.00, theta1:16.890, theta2:4.110, e:8.115
t:53.37, r:0.00, omega:8.12, omega_m:0.00, u:0.00, theta1:16.888, theta2:4.113, e:8.115
t:53.38, r:0.00, omega:8.12, omega_m:0.00, u:0.00, theta1:16.887, theta2:4.116, e:8.115
t:53.39, r:0.00, omega:8.12, omega_m:0.00, u:0.00, theta1:16.886, theta2:4.119, e:8.115
t:53.40, r:0.00, omega:8.12, omega_m:0.00, u:0.00, theta1:16.884, theta2:4.122, e:8.115
t:53.41, r:0.00, omega:8.12, omega_m:0.00, u:0.00, theta1:16.883, theta2:4.125, e:8.115
t:53.42, r:0.00, omega:8.12, omega_m:0.00, u:0.00, theta1:16.881, theta2:4.128, e:8.115
t:53.43, r:0.00, omega:8.12, omega_m:0.00, u:0.00, theta1:16.880, theta2:4.131, e:8.115
t:53.44, r:0.00, omega:8.12, omega_m:0.00, u:0.00, theta1:16.879, theta2:4.134, e:8.115
t:53.45, r:0.00, omega:8.12, omega_m:0.00, u:0.00, theta1:16.877, theta2:4.137, e:8.115
t:53.46, r:0.00, omega:8.12, omega_m:0.00, u:0.00, theta1:16.876, theta2:4.140, e:8.115
t:53.47, r:0.00, omega:8.12, omega_m:0.00, u:0.00, theta1:16.875, theta2:4.143, e:8.115
t:53.48, r:0.00, omega:8.12, omega_m:0.00, u:0.00, theta1:16.873, theta2:4.145, e:8.115
t:53.49, r:0.00, omega:8.12, omega_m:0.00, u:0.00, theta1:16.872, theta2:4.148, e:8.115
t:53.50, r:0.00, omega:8.12, omega_m:0.00, u:0.00, theta1:16.870, theta2:4.151, e:8.115
t:53.51, r:0.00, omega:8.12, omega_m:0.00, u:0.00, theta1:16.869, theta2:4.154, e:8.115
t:53.52, r:0.00, omega:0.00, omega_m:0.00, u:0.00, theta1:16.869, theta2:4.154, e:-0.000
t:53.53, r:0.00, omega:0.00, omega_m:0.00, u:0.00, theta1:16.869, theta2:4.154, e:-0.000
t:53.54, r:0.00, omega:0.00, omega_m:0.00, u:0.00, theta1:16.869, theta2:4.154, e:-0.000
t:53.55, r:0.00, omega:0.00, omega_m:0.00, u:0.00, theta1:16.869, theta2:4.154, e:-0.000
t:53.56, r:0.00, omega:0.00, omega_m:0.00, u:0.00, theta1:16.869, theta2:4.154, e:-0.000
t:53.57, r:0.00, omega:0.00, omega_m:0.00, u:0.00, theta1:16.869, theta2:4.154, e:-0.000
t:53.58, r:0.00, omega:0.00, omega_m:0.00, u:0.00, theta1:16.869, theta2:4.154, e:-0.000
t:53.59, r:0.00, omega:0.00, omega_m:0.00, u:0.00, theta1:16.869, theta2:4.154, e:-0.000
t:53.60, r:0.00, omega:0.00, omega_m:0.00, u:0.00, theta1:16.869, theta2:4.154, e:-0.000
t:53.61, r:0.00, omega:0.00, omega_m:0.00, u:0.00, theta1:16.869, theta2:4.154, e:-0.000
t:53.62, r:0.00, omega:0.00, omega_m:0.00, u:0.00, theta1:16.869, theta2:4.154, e:-0.000
t:53.63, r:0.00, omega:0.00, omega_m:0.00, u:0.00, theta1:16.869, theta2:4.154, e:-0.000
t:53.64, r:0.00, omega:0.00, omega_m:0.00, u:0.00, theta1:16.869, theta2:4.154, e:-0.000
t:53.65, r:0.00, omega:0.00, omega_m:0.00, u:0.00, theta1:16.869, theta2:4.154, e:-0.000
t:53.66, r:0.00, omega:0.00, omega_m:0.00, u:0.00, theta1:16.869, theta2:4.154, e:-0.000
t:53.67, r:0.00, omega:0.00, omega_m:0.00, u:0.00, theta1:16.869, theta2:4.154, e:-0.000
t:53.68, r:0.00, omega:0.00, omega_m:0.00, u:0.00, theta1:16.869, theta2:4.154, e:-0.000
t:53.69, r:0.00, omega:0.00, omega_m:0.00, u:0.00, theta1:16.869, theta2:4.154, e:-0.000
t:53.70, r:0.00, omega:0.00, omega_m:0.00, u:0.00, theta1:16.869, theta2:4.154, e:-0.000
t:53.71, r:0.00, omega:0.00, omega_m:0.00, u:0.00, theta1:16.869, theta2:4.154, e:-0.000
t:53.72, r:0.00, omega:0.00, omega_m:0.00, u:0.00, theta1:16.869, theta2:4.154, e:-0.000
t:53.73, r:0.00, omega:0.00, omega_m:0.00, u:0.00, theta1:16.869, theta2:4.154, e:-0.000
t:53.74, r:0.00, omega:0.00, omega_m:0.00, u:0.00, theta1:16.869, theta2:4.154, e:-0.000
t:53.75, r:0.00, omega:0.00, omega_m:0.00, u:0.00, theta1:16.869, theta2:4.154, e:-0.000
t:53.76, r:0.00, omega:0.00, omega_m:0.00, u:0.00, theta1:16.869, theta2:4.154, e:-0.000
t:53.77, r:0.00, omega:0.00, omega_m:0.00, u:0.00, theta1:16.869, theta2:4.154, e:-0.000
t:53.78, r:0.00, omega:0.00, omega_m:0.00, u:0.00, theta1:16.869, theta2:4.154, e:-0.000
t:53.79, r:0.00, omega:0.00, omega_m:0.00, u:0.00, theta1:16.869, theta2:4.154, e:-0.000
t:53.80, r:0.00, omega:0.00, omega_m:0.00, u:0.00, theta1:16.869, theta2:4.154, e:-0.000
t:53.81, r:0.00, omega:0.00, omega_m:0.00, u:0.00, theta1:16.869, theta2:4.154, e:-0.000
t:53.82, r:0.00, omega:0.00, omega_m:0.00, u:0.00, theta1:16.869, theta2:4.154, e:-0.000
t:53.83, r:0.00, omega:0.00, omega_m:0.00, u:0.00, theta1:16.869, theta2:4.154, e:-0.000
t:53.84, r:0.00, omega:0.00, omega_m:0.00, u:0.00, theta1:16.869, theta2:4.154, e:-0.000
t:53.85, r:0.00, omega:0.00, omega_m:0.00, u:0.00, theta1:16.869, theta2:4.154, e:-0.000
t:53.86, r:0.00, omega:0.00, omega_m:0.00, u:0.00, theta1:16.869, theta2:4.154, e:-0.000
t:53.87, r:0.00, omega:0.00, omega_m:0.00, u:0.00, theta1:16.869, theta2:4.154, e:-0.000
t:53.88, r:0.00, omega:0.00, omega_m:0.00, u:0.00, theta1:16.869, theta2:4.154, e:-0.000
t:53.89, r:0.00, omega:0.00, omega_m:0.00, u:0.00, theta1:16.869, theta2:4.154, e:-0.000
t:53.90, r:0.00, omega:0.00, omega_m:0.00, u:0.00, theta1:16.869, theta2:4.154, e:-0.000
t:53.91, r:0.00, omega:0.00, omega_m:0.00, u:0.00, theta1:16.869, theta2:4.154, e:-0.000
t:53.92, r:0.00, omega:0.00, omega_m:0.00, u:0.00, theta1:16.869, theta2:4.154, e:-0.000
t:53.93, r:0.00, omega:0.00, omega_m:0.00, u:0.00, theta1:16.869, theta2:4.154, e:-0.000
t:53.94, r:0.00, omega:0.00, omega_m:0.00, u:0.00, theta1:16.869, theta2:4.154, e:-0.000
t:53.95, r:0.00, omega:0.00, omega_m:0.00, u:0.00, theta1:16.869, theta2:4.154, e:-0.000
t:53.96, r:0.00, omega:0.00, omega_m:0.00, u:0.00, theta1:16.869, theta2:4.154, e:-0.000
t:53.97, r:0.00, omega:0.00, omega_m:0.00, u:0.00, theta1:16.869, theta2:4.154, e:-0.000
t:53.98, r:0.00, omega:0.00, omega_m:0.00, u:0.00, theta1:16.869, theta2:4.154, e:-0.000
t:53.99, r:0.00, omega:0.00, omega_m:0.00, u:0.00, theta1:16.869, theta2:4.154, e:-0.000
t:54.00, r:0.00, omega:0.00, omega_m:0.00, u:0.00, theta1:16.869, theta2:4.154, e:-0.000
t:54.01, r:-10.00, omega:0.00, omega_m:-6.32, u:-168.71, theta1:16.871, theta2:4.154, e:6.321
t:54.02, r:-10.00, omega:0.00, omega_m:-8.65, u:-168.74, theta1:16.874, theta2:4.154, e:8.647
t:54.03, r:-10.00, omega:0.00, omega_m:-9.50, u:-168.77, theta1:16.877, theta2:4.153, e:9.502
t:54.04, r:-10.00, omega:0.00, omega_m:-9.82, u:-168.80, theta1:16.880, theta2:4.153, e:9.817
t:54.05, r:-10.00, omega:0.00, omega_m:-9.93, u:-168.84, theta1:16.884, theta2:4.153, e:9.933
t:54.06, r:-10.00, omega:0.00, omega_m:-9.98, u:-168.87, theta1:16.887, theta2:4.152, e:9.975
t:54.07, r:-10.00, omega:-0.50, omega_m:-9.99, u:-166.83, theta1:16.890, theta2:4.151, e:9.493
t:54.08, r:-10.00, omega:-0.50, omega_m:-10.00, u:-166.87, theta1:16.893, theta2:4.151, e:9.499
t:54.09, r:-10.00, omega:-0.50, omega_m:-10.00, u:-166.90, theta1:16.896, theta2:4.150, e:9.501
t:54.10, r:-10.00, omega:-0.50, omega_m:-10.00, u:-166.93, theta1:16.900, theta2:4.150, e:9.502
t:54.11, r:-10.00, omega:-0.50, omega_m:-10.00, u:-166.96, theta1:16.903, theta2:4.149, e:9.502
t:54.12, r:-10.00, omega:-10.34, omega_m:-10.00, u:-126.12, theta1:16.903, theta2:4.149, e:-0.342
t:54.13, r:-10.00, omega:-10.34, omega_m:-10.00, u:-126.11, theta1:16.902, theta2:4.149, e:-0.342
t:54.14, r:-10.00, omega:-10.34, omega_m:-10.00, u:-126.11, theta1:16.902, theta2:4.149, e:-0.342
t:54.15, r:-10.00, omega:-10.34, omega_m:-10.00, u:-126.10, theta1:16.902, theta2:4.150, e:-0.342
t:54.16, r:-10.00, omega:-10.34, omega_m:-10.00, u:-126.10, theta1:16.902, theta2:4.150, e:-0.342
t:54.17, r:-10.00, omega:-10.34, omega_m:-10.00, u:-126.10, theta1:16.901, theta2:4.150, e:-0.342
t:54.18, r:-10.00, omega:-9.45, omega_m:-10.00, u:-129.80, theta1:16.902, theta2:4.150, e:0.549
t:54.19, r:-10.00, omega:-9.45, omega_m:-10.00, u:-129.80, theta1:16.902, theta2:4.149, e:0.549
t:54.20, r:-10.00, omega:-9.45, omega_m:-10.00, u:-129.81, theta1:16.902, theta2:4.149, e:0.549
t:54.21, r:-10.00, omega:-9.45, omega_m:-10.00, u:-129.81, theta1:16.902, theta2:4.149, e:0.549
t:54.22, r:-10.00, omega:-9.45, omega_m:-10.00, u:-129.82, theta1:16.902, theta2:4.149, e:0.549
t:54.23, r:-10.00, omega:-9.45, omega_m:-10.00, u:-129.82, theta1:16.902, theta2:4.148, e:0.549
t:54.24, r:-10.00, omega:-9.45, omega_m:-10.00, u:-129.82, theta1:16.903, theta2:4.148, e:0.549
t:54.25, r:-10.00, omega:-7.56, omega_m:-10.00, u:-137.68, theta1:16.903, theta2:4.147, e:2.438
t:54.26, r:-10.00, omega:-7.56, omega_m:-10.00, u:-137.69, theta1:16.904, theta2:4.146, e:2.438
t:54.27, r:-10.00, omega:-7.56, omega_m:-10.00, u:-137.71, theta1:16.905, theta2:4.145, e:2.438
t:54.28, r:-10.00, omega:-7.56, omega_m:-10.00, u:-137.72, theta1:16.906, theta2:4.144, e:2.438
t:54.29, r:-10.00, omega:-7.56, omega_m:-10.00, u:-137.74, theta1:16.907, theta2:4.143, e:2.438
t:54.30, r:-10.00, omega:-7.56, omega_m:-10.00, u:-137.76, theta1:16.908, theta2:4.142, e:2.438
t:54.31, r:-10.00, omega:-8.19, omega_m:-10.00, u:-135.18, theta1:16.908, theta2:4.141, e:1.812
t:54.32, r:-10.00, omega:-8.19, omega_m:-10.00, u:-135.19, theta1:16.909, theta2:4.140, e:1.812
t:54.33, r:-10.00, omega:-8.19, omega_m:-10.00, u:-135.20, theta1:16.909, theta2:4.139, e:1.812
t:54.34, r:-10.00, omega:-8.19, omega_m:-10.00, u:-135.21, theta1:16.910, theta2:4.139, e:1.812
t:54.35, r:-10.00, omega:-8.19, omega_m:-10.00, u:-135.23, theta1:16.911, theta2:4.138, e:1.812
t:54.36, r:-10.00, omega:-8.19, omega_m:-10.00, u:-135.24, theta1:16.911, theta2:4.137, e:1.812
t:54.37, r:-10.00, omega:-8.19, omega_m:-10.00, u:-135.25, theta1:16.912, theta2:4.136, e:1.812
t:54.38, r:-10.00, omega:-8.20, omega_m:-10.00, u:-135.21, theta1:16.912, theta2:4.135, e:1.800
t:54.39, r:-10.00, omega:-8.20, omega_m:-10.00, u:-135.23, theta1:16.913, theta2:4.134, e:1.800
t:54.40, r:-10.00, omega:-8.20, omega_m:-10.00, u:-135.24, theta1:16.913, theta2:4.134, e:1.800
t:54.41, r:-10.00, omega:-8.20, omega_m:-10.00, u:-135.25, theta1:16.914, theta2:4.133, e:1.800
t:54.42, r:-10.00, omega:-8.20, omega_m:-10.00, u:-135.26, theta1:16.915, theta2:4.132, e:1.800
t:54.43, r:-10.00, omega:-8.20, omega_m:-10.00, u:-135.28, theta1:16.915, theta2:4.131, e:1.800
t:54.44, r:-10.00, omega:-8.45, omega_m:-10.00, u:-134.27, theta1:16.916, theta2:4.130, e:1.554
t:54.45, r:-10.00, omega:-8.45, omega_m:-10.00, u:-134.28, theta1:16.916, theta2:4.130, e:1.554
t:54.46, r:-10.00, omega:-8.45, omega_m:-10.00, u:-134.29, theta1:16.917, theta2:4.129, e:1.554
t:54.47, r:-10.00, omega:-8.45, omega_m:-10.00, u:-134.31, theta1:16.917, theta2:4.128, e:1.554
t:54.48, r:-10.00, omega:-8.45, omega_m:-10.00, u:-134.32, theta1:16.918, theta2:4.128, e:1.554
t:54.49, r:-10.00, omega:-8.45, omega_m:-10.00, u:-134.33, theta1:16.918, theta2:4.127, e:1.554
t:54.50, r:-10.00, omega:-8.51, omega_m:-10.00, u:-134.07, theta1:16.919, theta2:4.126, e:1.488
t:54.51, r:-10.00, omega:-8.51, omega_m:-10.00, u:-134.08, theta1:16.919, theta2:4.126, e:1.488
t:54.52, r:-10.00, omega:-8.51, omega_m:-10.00, u:-134.09, theta1:16.920, theta2:4.125, e:1.488
t:54.53, r:-10.00, omega:-8.51, omega_m:-10.00, u:-134.10, theta1:16.920, theta2:4.124, e:1.488
t:54.54, r:-10.00, omega:-8.51, omega_m:-10.00, u:-134.11, theta1:16.921, theta2:4.123, e:1.488
t:54.55, r:-10.00, omega:-8.51, omega_m:-10.00, u:-134.12, theta1:16.921, theta2:4.123, e:1.488
t:54.56, r:-10.00, omega:-8.51, omega_m:-10.00, u:-134.13, theta1:16.922, theta2:4.122, e:1.488
t:54.57, r:-10.00, omega:-7.87, omega_m:-10.00, u:-136.81, theta1:16.923, theta2:4.121, e:2.135
t:54.58, r:-10.00, omega:-7.87, omega_m:-10.00, u:-136.83, theta1:16.923, theta2:4.120, e:2.135
t:54.59, r:-10.00, omega:-7.87, omega_m:-10.00, u:-136.84, theta1:16.924, theta2:4.119, e:2.135
t:54.60, r:-10.00, omega:-7.87, omega_m:-10.00, u:-136.86, theta1:16.925, theta2:4.118, e:2.135
t:54.61, r:-10.00, omega:-7.87, omega_m:-10.00, u:-136.87, theta1:16.925, theta2:4.117, e:2.135
t:54.62, r:-10.00, omega:-7.87, omega_m:-10.00, u:-136.88, theta1:16.926, theta2:4.116, e:2.135
t:54.63, r:-10.00, omega:-8.37, omega_m:-10.00, u:-134.81, theta1:16.927, theta2:4.116, e:1.627
t:54.64, r:-10.00, omega:-8.37, omega_m:-10.00, u:-134.82, theta1:16.927, theta2:4.115, e:1.627
t:54.65, r:-10.00, omega:-8.37, omega_m:-10.00, u:-134.83, theta1:16.928, theta2:4.114, e:1.627
t:54.66, r:-10.00, omega:-8.37, omega_m:-10.00, u:-134.84, theta1:16.928, theta2:4.113, e:1.627
t:54.67, r:-10.00, omega:-8.37, omega_m:-10.00, u:-134.85, theta1:16.929, theta2:4.113, e:1.627
t:54.68, r:-10.00, omega:-8.37, omega_m:-10.00, u:-134.86, theta1:16.929, theta2:4.112, e:1.627
t:54.69, r:-10.00, omega:-8.68, omega_m:-10.00, u:-133.60, theta1:16.930, theta2:4.111, e:1.318
t:54.70, r:-10.00, omega:-8.68, omega_m:-10.00, u:-133.61, theta1:16.930, theta2:4.111, e:1.318
t:54.71, r:-10.00, omega:-8.68, omega_m:-10.00, u:-133.62, theta1:16.931, theta2:4.110, e:1.318
t:54.72, r:-10.00, omega:-8.68, omega_m:-10.00, u:-133.63, theta1:16.931, theta2:4.109, e:1.318
t:54.73, r:-10.00, omega:-8.68, omega_m:-10.00, u:-133.64, theta1:16.931, theta2:4.109, e:1.318
t:54.74, r:-10.00, omega:-8.68, omega_m:-10.00, u:-133.65, theta1:16.932, theta2:4.108, e:1.318
t:54.75, r:-10.00, omega:-8.68, omega_m:-10.00, u:-133.66, theta1:16.932, theta2:4.108, e:1.318
t:54.76, r:-10.00, omega:-7.75, omega_m:-10.00, u:-137.52, theta1:16.933, theta2:4.107, e:2.253
t:54.77, r:-10.00, omega:-7.75, omega_m:-10.00, u:-137.53, theta1:16.934, theta2:4.106, e:2.253
t:54.78, r:-10.00, omega:-7.75, omega_m:-10.00, u:-137.55, theta1:16.935, theta2:4.105, e:2.253
t:54.79, r:-10.00, omega:-7.75, omega_m:-10.00, u:-137.56, theta1:16.935, theta2:4.104, e:2.253
t:54.80, r:-10.00, omega:-7.75, omega_m:-10.00, u:-137.58, theta1:16.936, theta2:4.103, e:2.253
t:54.81, r:-10.00, omega:-7.75, omega_m:-10.00, u:-137.59, theta1:16.937, theta2:4.102, e:2.253
t:54.82, r:-10.00, omega:-8.20, omega_m:-10.00, u:-135.73, theta1:16.937, theta2:4.101, e:1.796
t:54.83, r:-10.00, omega:-8.20, omega_m:-10.00, u:-135.74, theta1:16.938, theta2:4.100, e:1.796
t:54.84, r:-10.00, omega:-8.20, omega_m:-10.00, u:-135.75, theta1:16.939, theta2:4.099, e:1.796
t:54.85, r:-10.00, omega:-8.20, omega_m:-10.00, u:-135.77, theta1:16.939, theta2:4.099, e:1.796
t:54.86, r:-10.00, omega:-8.20, omega_m:-10.00, u:-135.78, theta1:16.940, theta2:4.098, e:1.796
t:54.87, r:-10.00, omega:-8.20, omega_m:-10.00, u:-135.79, theta1:16.940, theta2:4.097, e:1.796
t:54.88, r:-10.00, omega:-8.35, omega_m:-10.00, u:-135.19, theta1:16.941, theta2:4.096, e:1.645
t:54.89, r:-10.00, omega:-8.35, omega_m:-10.00, u:-135.20, theta1:16.941, theta2:4.095, e:1.645
t:54.90, r:-10.00, omega:-8.35, omega_m:-10.00, u:-135.21, theta1:16.942, theta2:4.095, e:1.645
t:54.91, r:-10.00, omega:-8.35, omega_m:-10.00, u:-135.22, theta1:16.943, theta2:4.094, e:1.645
t:54.92, r:-10.00, omega:-8.35, omega_m:-10.00, u:-135.23, theta1:16.943, theta2:4.093, e:1.645
t:54.93, r:-10.00, omega:-8.35, omega_m:-10.00, u:-135.24, theta1:16.944, theta2:4.092, e:1.645
t:54.94, r:-10.00, omega:-8.35, omega_m:-10.00, u:-135.26, theta1:16.944, theta2:4.092, e:1.645
t:54.95, r:-10.00, omega:-8.14, omega_m:-10.00, u:-136.15, theta1:16.945, theta2:4.091, e:1.860
t:54.96, r:-10.00, omega:-8.14, omega_m:-10.00, u:-136.16, theta1:16.945, theta2:4.090, e:1.860
t:54.97, r:-10.00, omega:-8.14, omega_m:-10.00, u:-136.17, theta1:16.946, theta2:4.089, e:1.860
t:54.98, r:-10.00, omega:-8.14, omega_m:-10.00, u:-136.19, theta1:16.947, theta2:4.088, e:1.860
t:54.99, r:-10.00, omega:-8.14, omega_m:-10.00, u:-136.20, theta1:16.947, theta2:4.087, e:1.860
t:55.00, r:-10.00, omega:-8.14, omega_m:-10.00, u:-136.21, theta1:16.948, theta2:4.087, e:1.860
t:55.01, r:0.00, omega:-8.32, omega_m:-3.68, u:0.00, theta1:16.947, theta2:4.088, e:-4.639
t:55.02, r:0.00, omega:-8.32, omega_m:-1.35, u:0.00, theta1:16.946, theta2:4.091, e:-6.965
t:55.03, r:0.00, omega:-8.32, omega_m:-0.50, u:0.00, theta1:16.945, theta2:4.094, e:-7.820
t:55.04, r:0.00, omega:-8.32, omega_m:-0.18, u:0.00, theta1:16.943, theta2:4.097, e:-8.135
t:55.05, r:0.00, omega:-8.32, omega_m:-0.07, u:0.00, theta1:16.942, theta2:4.100, e:-8.251
t:55.06, r:0.00, omega:-8.32, omega_m:-0.02, u:0.00, theta1:16.940, theta2:4.103, e:-8.293
t:55.07, r:0.00, omega:-8.32, omega_m:-0.01, u:0.00, theta1:16.939, theta2:4.106, e:-8.309
t:55.08, r:0.00, omega:-8.32, omega_m:-0.00, u:0.00, theta1:16.938, theta2:4.109, e:-8.315
t:55.09, r:0.00, omega:-8.32, omega_m:-0.00, u:0.00, theta1:16.936, theta2:4.113, e:-8.317
t:55.10, r:0.00, omega:-8.32, omega_m:-0.00, u:0.00, theta1:16.935, theta2:4.116, e:-8.318
t:55.11, r:0.00, omega:-8.32, omega_m:-0.00, u:0.00, theta1:16.933, theta2:4.119, e:-8.318
t:55.12, r:0.00, omega:-8.32, omega_m:-0.00, u:0.00, theta1:16.932, theta2:4.122, e:-8.318
t:55.13, r:0.00, omega:-8.32, omega_m:-0.00, u:0.00, theta1:16.931, theta2:4.125, e:-8.318
t:55.14, r:0.00, omega:-8.32, omega_m:-0.00, u:0.00, theta1:16.929, theta2:4.128, e:-8.318
t:55.15, r:0.00, omega:-8.32, omega_m:-0.00, u:0.00, theta1:16.928, theta2:4.131, e:-8.318
t:55.16, r:0.00, omega:-8.32, omega_m:-0.00, u:0.00, theta1:16.926, theta2:4.134, e:-8.318
t:55.17, r:0.00, omega:-8.32, omega_m:-0.00, u:0.00, theta1:16.925, theta2:4.137, e:-8.318
t:55.18, r:0.00, omega:-8.32, omega_m:-0.00, u:0.00, theta1:16.923, theta2:4.141, e:-8.318
t:55.19, r:0.00, omega:-8.32, omega_m:-0.00, u:0.00, theta1:16.922, theta2:4.144, e:-8.318
t:55.20, r:0.00, omega:-8.32, omega_m:-0.00, u:0.00, theta1:16.921, theta2:4.147, e:-8.318
t:55.21, r:0.00, omega:-8.32, omega_m:-0.00, u:0.00, theta1:16.919, theta2:4.150, e:-8.318
t:55.22, r:0.00, omega:-8.32, omega_m:-0.00, u:0.00, theta1:16.918, theta2:4.153, e:-8.318
t:55.23, r:0.00, omega:-8.32, omega_m:-0.00, u:0.00, theta1:16.916, theta2:4.156, e:-8.318
t:55.24, r:0.00, omega:-8.32, omega_m:-0.00, u:0.00, theta1:16.915, theta2:4.159, e:-8.318
t:55.25, r:0.00, omega:-8.32, omega_m:-0.00, u:0.00, theta1:16.914, theta2:4.162, e:-8.318
t:55.26, r:0.00, omega:-8.32, omega_m:-0.00, u:0.00, theta1:16.912, theta2:4.166, e:-8.318
t:55.27, r:0.00, omega:-8.32, omega_m:-0.00, u:0.00, theta1:16.911, theta2:4.169, e:-8.318
t:55.28, r:0.00, omega:-8.32, omega_m:-0.00, u:0.00, theta1:16.909, theta2:4.172, e:-8.318
t:55.29, r:0.00, omega:-8.32, omega_m:-0.00, u:0.00, theta1:16.908, theta2:4.175, e:-8.318
t:55.30, r:0.00, omega:-8.32, omega_m:-0.00, u:0.00, theta1:16.907, theta2:4.178, e:-8.318
t:55.31, r:0.00, omega:-8.32, omega_m:-0.00, u:0.00, theta1:16.905, theta2:4.181, e:-8.318
t:55.32, r:0.00, omega:-8.32, omega_m:-0.00, u:0.00, theta1:16.904, theta2:4.184, e:-8.318
t:55.33, r:0.00, omega:-8.32, omega_m:-0.00, u:0.00, theta1:16.902, theta2:4.187, e:-8.318
t:55.34, r:0.00, omega:-8.32, omega_m:-0.00, u:0.00, theta1:16.901, theta2:4.190, e:-8.318
t:55.35, r:0.00, omega:-8.32, omega_m:-0.00, u:0.00, theta1:16.900, theta2:4.194, e:-8.318
t:55.36, r:0.00, omega:-8.32, omega_m:-0.00, u:0.00, theta1:16.898, theta2:4.197, e:-8.318
t:55.37, r:0.00, omega:-8.32, omega_m:-0.00, u:0.00, theta1:16.897, theta2:4.200, e:-8.318
t:55.38, r:0.00, omega:-8.32, omega_m:-0.00, u:0.00, theta1:16.895, theta2:4.203, e:-8.318
t:55.39, r:0.00, omega:-8.32, omega_m:-0.00, u:0.00, theta1:16.894, theta2:4.206, e:-8.318
t:55.40, r:0.00, omega:-8.32, omega_m:-0.00, u:0.00, theta1:16.893, theta2:4.209, e:-8.318
t:55.41, r:0.00, omega:-8.32, omega_m:-0.00, u:0.00, theta1:16.891, theta2:4.212, e:-8.318
t:55.42, r:0.00, omega:-8.32, omega_m:-0.00, u:0.00, theta1:16.890, theta2:4.215, e:-8.318
t:55.43, r:0.00, omega:-8.32, omega_m:-0.00, u:0.00, theta1:16.888, theta2:4.218, e:-8.318
t:55.44, r:0.00, omega:-8.32, omega_m:-0.00, u:0.00, theta1:16.887, theta2:4.222, e:-8.318
t:55.45, r:0.00, omega:-8.32, omega_m:-0.00, u:0.00, theta1:16.886, theta2:4.225, e:-8.318
t:55.46, r:0.00, omega:-8.32, omega_m:-0.00, u:0.00, theta1:16.884, theta2:4.228, e:-8.318
t:55.47, r:0.00, omega:-8.32, omega_m:-0.00, u:0.00, theta1:16.883, theta2:4.231, e:-8.318
t:55.48, r:0.00, omega:-8.32, omega_m:-0.00, u:0.00, theta1:16.881, theta2:4.234, e:-8.318
t:55.49, r:0.00, omega:-8.32, omega_m:-0.00, u:0.00, theta1:16.880, theta2:4.237, e:-8.318
t:55.50, r:0.00, omega:-8.32, omega_m:-0.00, u:0.00, theta1:16.878, theta2:4.240, e:-8.318
t:55.51, r:0.00, omega:0.00, omega_m:-0.00, u:0.00, theta1:16.878, theta2:4.240, e:0.000
t:55.52, r:0.00, omega:0.00, omega_m:-0.00, u:0.00, theta1:16.878, theta2:4.240, e:0.000
t:55.53, r:0.00, omega:0.00, omega_m:-0.00, u:0.00, theta1:16.878, theta2:4.240, e:0.000
t:55.54, r:0.00, omega:0.00, omega_m:-0.00, u:0.00, theta1:16.878, theta2:4.240, e:0.000
t:55.55, r:0.00, omega:0.00, omega_m:-0.00, u:0.00, theta1:16.878, theta2:4.240, e:0.000
t:55.56, r:0.00, omega:0.00, omega_m:-0.00, u:0.00, theta1:16.878, theta2:4.240, e:0.000
t:55.57, r:0.00, omega:0.00, omega_m:-0.00, u:0.00, theta1:16.878, theta2:4.240, e:0.000
t:55.58, r:0.00, omega:0.00, omega_m:-0.00, u:0.00, theta1:16.878, theta2:4.240, e:0.000
t:55.59, r:0.00, omega:0.00, omega_m:-0.00, u:0.00, theta1:16.878, theta2:4.240, e:0.000
t:55.60, r:0.00, omega:0.00, omega_m:-0.00, u:0.00, theta1:16.878, theta2:4.240, e:0.000
t:55.61, r:0.00, omega:0.00, omega_m:-0.00, u:0.00, theta1:16.878, theta2:4.240, e:0.000
t:55.62, r:0.00, omega:0.00, omega_m:-0.00, u:0.00, theta1:16.878, theta2:4.240, e:0.000
t:55.63, r:0.00, omega:0.00, omega_m:-0.00, u:0.00, theta1:16.878, theta2:4.240, e:0.000
t:55.64, r:0.00, omega:0.00, omega_m:-0.00, u:0.00, theta1:16.878, theta2:4.240, e:0.000
t:55.65, r:0.00, omega:0.00, omega_m:-0.00, u:0.00, theta1:16.878, theta2:4.240, e:0.000
t:55.66, r:0.00, omega:0.00, omega_m:-0.00, u:0.00, theta1:16.878, theta2:4.240, e:0.000
t:55.67, r:0.00, omega:0.00, omega_m:-0.00, u:0.00, theta1:16.878, theta2:4.240, e:0.000
t:55.68, r:0.00, omega:0.00, omega_m:-0.00, u:0.00, theta1:16.878, theta2:4.240, e:0.000
t:55.69, r:0.00, omega:0.00, omega_m:-0.00, u:0.00, theta1:16.878, theta2:4.240, e:0.000
t:55.70, r:0.00, omega:0.00, omega_m:-0.00, u:0.00, theta1:16.878, theta2:4.240, e:0.000
t:55.71, r:0.00, omega:0.00, omega_m:-0.00, u:0.00, theta1:16.878, theta2:4.240, e:0.000
t:55.72, r:0.00, omega:0.00, omega_m:-0.00, u:0.00, theta1:16.878, theta2:4.240, e:0.000
t:55.73, r:0.00, omega:0.00, omega_m:-0.00, u:0.00, theta1:16.878, theta2:4.240, e:0.000
t:55.74, r:0.00, omega:0.00, omega_m:-0.00, u:0.00, theta1:16.878, theta2:4.240, e:0.000
t:55.75, r:0.00, omega:0.00, omega_m:-0.00, u:0.00, theta1:16.878, theta2:4.240, e:0.000
t:55.76, r:0.00, omega:0.00, omega_m:-0.00, u:0.00, theta1:16.878, theta2:4.240, e:0.000
t:55.77, r:0.00, omega:0.00, omega_m:-0.00, u:0.00, theta1:16.878, theta2:4.240, e:0.000
t:55.78, r:0.00, omega:0.00, omega_m:-0.00, u:0.00, theta1:16.878, theta2:4.240, e:0.000
t:55.79, r:0.00, omega:0.00, omega_m:-0.00, u:0.00, theta1:16.878, theta2:4.240, e:0.000
t:55.80, r:0.00, omega:0.00, omega_m:-0.00, u:0.00, theta1:16.878, theta2:4.240, e:0.000
t:55.81, r:0.00, omega:0.00, omega_m:-0.00, u:0.00, theta1:16.878, theta2:4.240, e:0.000
t:55.82, r:0.00, omega:0.00, omega_m:-0.00, u:0.00, theta1:16.878, theta2:4.240, e:0.000
t:55.83, r:0.00, omega:0.00, omega_m:-0.00, u:0.00, theta1:16.878, theta2:4.240, e:0.000
t:55.84, r:0.00, omega:0.00, omega_m:-0.00, u:0.00, theta1:16.878, theta2:4.240, e:0.000
t:55.85, r:0.00, omega:0.00, omega_m:-0.00, u:0.00, theta1:16.878, theta2:4.240, e:0.000
t:55.86, r:0.00, omega:0.00, omega_m:-0.00, u:0.00, theta1:16.878, theta2:4.240, e:0.000
t:55.87, r:0.00, omega:0.00, omega_m:-0.00, u:0.00, theta1:16.878, theta2:4.240, e:0.000
t:55.88, r:0.00, omega:0.00, omega_m:-0.00, u:0.00, theta1:16.878, theta2:4.240, e:0.000
t:55.89, r:0.00, omega:0.00, omega_m:-0.00, u:0.00, theta1:16.878, theta2:4.240, e:0.000
t:55.90, r:0.00, omega:0.00, omega_m:-0.00, u:0.00, theta1:16.878, theta2:4.240, e:0.000
t:55.91, r:0.00, omega:0.00, omega_m:-0.00, u:0.00, theta1:16.878, theta2:4.240, e:0.000
t:55.92, r:0.00, omega:0.00, omega_m:-0.00, u:0.00, theta1:16.878, theta2:4.240, e:0.000
t:55.93, r:0.00, omega:0.00, omega_m:-0.00, u:0.00, theta1:16.878, theta2:4.240, e:0.000
t:55.94, r:0.00, omega:0.00, omega_m:-0.00, u:0.00, theta1:16.878, theta2:4.240, e:0.000
t:55.95, r:0.00, omega:0.00, omega_m:-0.00, u:0.00, theta1:16.878, theta2:4.240, e:0.000
t:55.96, r:0.00, omega:0.00, omega_m:-0.00, u:0.00, theta1:16.878, theta2:4.240, e:0.000
t:55.97, r:0.00, omega:0.00, omega_m:-0.00, u:0.00, theta1:16.878, theta2:4.240, e:0.000
t:55.98, r:0.00, omega:0.00, omega_m:-0.00, u:0.00, theta1:16.878, theta2:4.240, e:0.000
t:55.99, r:0.00, omega:0.00, omega_m:-0.00, u:0.00, theta1:16.878, theta2:4.240, e:0.000
t:56.00, r:0.00, omega:0.00, omega_m:-0.00, u:0.00, theta1:16.878, theta2:4.240, e:0.000
t:56.01, r:10.00, omega:0.00, omega_m:6.32, u:168.81, theta1:16.881, theta2:4.240, e:-6.321
t:56.02, r:10.00, omega:0.00, omega_m:8.65, u:168.83, theta1:16.883, theta2:4.240, e:-8.647
t:56.03, r:10.00, omega:0.00, omega_m:9.50, u:168.87, theta1:16.887, theta2:4.239, e:-9.502
t:56.04, r:10.00, omega:0.00, omega_m:9.82, u:168.90, theta1:16.890, theta2:4.239, e:-9.817
t:56.05, r:10.00, omega:0.00, omega_m:9.93, u:168.93, theta1:16.893, theta2:4.238, e:-9.933
t:56.06, r:10.00, omega:0.00, omega_m:9.98, u:168.96, theta1:16.896, theta2:4.238, e:-9.975
t:56.07, r:10.00, omega:0.00, omega_m:9.99, u:169.00, theta1:16.900, theta2:4.237, e:-9.991
t:56.08, r:10.00, omega:0.00, omega_m:10.00, u:169.03, theta1:16.903, theta2:4.237, e:-9.997
t:56.09, r:10.00, omega:0.49, omega_m:10.00, u:167.01, theta1:16.906, theta2:4.236, e:-9.513
t:56.10, r:10.00, omega:0.49, omega_m:10.00, u:167.04, theta1:16.909, theta2:4.236, e:-9.514
t:56.11, r:10.00, omega:0.49, omega_m:10.00, u:167.07, theta1:16.912, theta2:4.235, e:-9.514
t:56.12, r:10.00, omega:0.49, omega_m:10.00, u:167.10, theta1:16.916, theta2:4.234, e:-9.515
t:56.13, r:10.00, omega:0.49, omega_m:10.00, u:167.13, theta1:16.919, theta2:4.234, e:-9.515
t:56.14, r:10.00, omega:10.33, omega_m:10.00, u:125.44, theta1:16.919, theta2:4.234, e:0.333
t:56.15, r:10.00, omega:10.33, omega_m:10.00, u:125.43, theta1:16.918, theta2:4.234, e:0.333
t:56.16, r:10.00, omega:10.33, omega_m:10.00, u:125.43, theta1:16.918, theta2:4.234, e:0.333
t:56.17, r:10.00, omega:10.33, omega_m:10.00, u:125.42, theta1:16.918, theta2:4.234, e:0.333
t:56.18, r:10.00, omega:10.33, omega_m:10.00, u:125.42, theta1:16.918, theta2:4.235, e:0.333
t:56.19, r:10.00, omega:9.47, omega_m:10.00, u:129.08, theta1:16.918, theta2:4.234, e:-0.530
t:56.20, r:10.00, omega:9.47, omega_m:10.00, u:129.08, theta1:16.918, theta2:4.234, e:-0.530
t:56.21, r:10.00, omega:9.47, omega_m:10.00, u:129.09, theta1:16.918, theta2:4.234, e:-0.530
t:56.22, r:10.00, omega:9.47, omega_m:10.00, u:129.09, theta1:16.918, theta2:4.234, e:-0.530
t:56.23, r:10.00, omega:9.47, omega_m:10.00, u:129.10, theta1:16.919, theta2:4.233, e:-0.530
t:56.24, r:10.00, omega:9.47, omega_m:10.00, u:129.10, theta1:16.919, theta2:4.233, e:-0.530
t:56.25, r:10.00, omega:9.47, omega_m:10.00, u:129.11, theta1:16.919, theta2:4.233, e:-0.530
t:56.26, r:10.00, omega:9.47, omega_m:10.00, u:129.11, theta1:16.919, theta2:4.232, e:-0.530
t:56.27, r:10.00, omega:7.19, omega_m:10.00, u:138.76, theta1:16.920, theta2:4.231, e:-2.806
t:56.28, r:10.00, omega:7.19, omega_m:10.00, u:138.78, theta1:16.921, theta2:4.230, e:-2.806
t:56.29, r:10.00, omega:7.19, omega_m:10.00, u:138.79, theta1:16.922, theta2:4.229, e:-2.806
t:56.30, r:10.00, omega:7.19, omega_m:10.00, u:138.81, theta1:16.923, theta2:4.228, e:-2.806
t:56.31, r:10.00, omega:7.19, omega_m:10.00, u:138.83, theta1:16.924, theta2:4.227, e:-2.806
t:56.32, r:10.00, omega:7.19, omega_m:10.00, u:138.85, theta1:16.925, theta2:4.226, e:-2.806
t:56.33, r:10.00, omega:7.74, omega_m:10.00, u:136.56, theta1:16.925, theta2:4.225, e:-2.261
t:56.34, r:10.00, omega:7.74, omega_m:10.00, u:136.58, theta1:16.926, theta2:4.224, e:-2.261
t:56.35, r:10.00, omega:7.74, omega_m:10.00, u:136.59, theta1:16.927, theta2:4.223, e:-2.261
t:56.36, r:10.00, omega:7.74, omega_m:10.00, u:136.61, theta1:16.928, theta2:4.222, e:-2.261
t:56.37, r:10.00, omega:7.74, omega_m:10.00, u:136.62, theta1:16.928, theta2:4.221, e:-2.261
t:56.38, r:10.00, omega:7.74, omega_m:10.00, u:136.64, theta1:16.929, theta2:4.220, e:-2.261
t:56.39, r:10.00, omega:7.74, omega_m:10.00, u:136.65, theta1:16.930, theta2:4.219, e:-2.261
t:56.40, r:10.00, omega:8.20, omega_m:10.00, u:134.72, theta1:16.930, theta2:4.218, e:-1.802
t:56.41, r:10.00, omega:8.20, omega_m:10.00, u:134.74, theta1:16.931, theta2:4.217, e:-1.802
t:56.42, r:10.00, omega:8.20, omega_m:10.00, u:134.75, theta1:16.932, theta2:4.216, e:-1.802
t:56.43, r:10.00, omega:8.20, omega_m:10.00, u:134.76, theta1:16.932, theta2:4.216, e:-1.802
t:56.44, r:10.00, omega:8.20, omega_m:10.00, u:134.77, theta1:16.933, theta2:4.215, e:-1.802
t:56.45, r:10.00, omega:8.20, omega_m:10.00, u:134.79, theta1:16.933, theta2:4.214, e:-1.802
t:56.46, r:10.00, omega:8.38, omega_m:10.00, u:134.01, theta1:16.934, theta2:4.213, e:-1.615
t:56.47, r:10.00, omega:8.38, omega_m:10.00, u:134.02, theta1:16.935, theta2:4.213, e:-1.615
t:56.48, r:10.00, omega:8.38, omega_m:10.00, u:134.04, theta1:16.935, theta2:4.212, e:-1.615
t:56.49, r:10.00, omega:8.38, omega_m:10.00, u:134.05, theta1:16.936, theta2:4.211, e:-1.615
t:56.50, r:10.00, omega:8.38, omega_m:10.00, u:134.06, theta1:16.936, theta2:4.210, e:-1.615
t:56.51, r:10.00, omega:8.38, omega_m:10.00, u:134.07, theta1:16.937, theta2:4.210, e:-1.615
t:56.52, r:10.00, omega:8.38, omega_m:10.00, u:134.08, theta1:16.937, theta2:4.209, e:-1.615
t:56.53, r:10.00, omega:7.82, omega_m:10.00, u:136.46, theta1:16.938, theta2:4.208, e:-2.177
t:56.54, r:10.00, omega:7.82, omega_m:10.00, u:136.48, theta1:16.939, theta2:4.207, e:-2.177
t:56.55, r:10.00, omega:7.82, omega_m:10.00, u:136.49, theta1:16.939, theta2:4.206, e:-2.177
t:56.56, r:10.00, omega:7.82, omega_m:10.00, u:136.50, theta1:16.940, theta2:4.205, e:-2.177
t:56.57, r:10.00, omega:7.82, omega_m:10.00, u:136.52, theta1:16.941, theta2:4.204, e:-2.177
t:56.58, r:10.00, omega:7.82, omega_m:10.00, u:136.53, theta1:16.942, theta2:4.203, e:-2.177
t:56.59, r:10.00, omega:7.82, omega_m:10.00, u:136.55, theta1:16.942, theta2:4.202, e:-2.177
t:56.60, r:10.00, omega:7.60, omega_m:10.00, u:137.49, theta1:16.943, theta2:4.201, e:-2.398
t:56.61, r:10.00, omega:7.60, omega_m:10.00, u:137.51, theta1:16.944, theta2:4.200, e:-2.398
t:56.62, r:10.00, omega:7.60, omega_m:10.00, u:137.53, theta1:16.945, theta2:4.199, e:-2.398
t:56.63, r:10.00, omega:7.60, omega_m:10.00, u:137.54, theta1:16.945, theta2:4.198, e:-2.398
t:56.64, r:10.00, omega:7.60, omega_m:10.00, u:137.56, theta1:16.946, theta2:4.197, e:-2.398
t:56.65, r:10.00, omega:7.60, omega_m:10.00, u:137.57, theta1:16.947, theta2:4.196, e:-2.398
t:56.66, r:10.00, omega:8.21, omega_m:10.00, u:135.02, theta1:16.948, theta2:4.195, e:-1.786
t:56.67, r:10.00, omega:8.21, omega_m:10.00, u:135.03, theta1:16.948, theta2:4.194, e:-1.786
t:56.68, r:10.00, omega:8.21, omega_m:10.00, u:135.04, theta1:16.949, theta2:4.194, e:-1.786
t:56.69, r:10.00, omega:8.21, omega_m:10.00, u:135.05, theta1:16.949, theta2:4.193, e:-1.786
t:56.70, r:10.00, omega:8.21, omega_m:10.00, u:135.07, theta1:16.950, theta2:4.192, e:-1.786
t:56.71, r:10.00, omega:8.21, omega_m:10.00, u:135.08, theta1:16.951, theta2:4.191, e:-1.786
t:56.72, r:10.00, omega:8.21, omega_m:10.00, u:135.09, theta1:16.951, theta2:4.190, e:-1.786
t:56.73, r:10.00, omega:7.94, omega_m:10.00, u:136.25, theta1:16.952, theta2:4.190, e:-2.060
t:56.74, r:10.00, omega:7.94, omega_m:10.00, u:136.27, theta1:16.952, theta2:4.189, e:-2.060
t:56.75, r:10.00, omega:7.94, omega_m:10.00, u:136.28, theta1:16.953, theta2:4.188, e:-2.060
t:56.76, r:10.00, omega:7.94, omega_m:10.00, u:136.30, theta1:16.954, theta2:4.187, e:-2.060
t:56.77, r:10.00, omega:7.94, omega_m:10.00, u:136.31, theta1:16.955, theta2:4.186, e:-2.060
t:56.78, r:10.00, omega:7.94, omega_m:10.00, u:136.32, theta1:16.955, theta2:4.185, e:-2.060
t:56.79, r:10.00, omega:8.29, omega_m:10.00, u:134.89, theta1:16.956, theta2:4.184, e:-1.714
t:56.80, r:10.00, omega:8.29, omega_m:10.00, u:134.90, theta1:16.956, theta2:4.183, e:-1.714
t:56.81, r:10.00, omega:8.29, omega_m:10.00, u:134.91, theta1:16.957, theta2:4.183, e:-1.714
t:56.82, r:10.00, omega:8.29, omega_m:10.00, u:134.92, theta1:16.957, theta2:4.182, e:-1.714
t:56.83, r:10.00, omega:8.29, omega_m:10.00, u:134.93, theta1:16.958, theta2:4.181, e:-1.714
t:56.84, r:10.00, omega:8.29, omega_m:10.00, u:134.95, theta1:16.959, theta2:4.180, e:-1.714
t:56.85, r:10.00, omega:8.29, omega_m:10.00, u:134.96, theta1:16.959, theta2:4.180, e:-1.714
t:56.86, r:10.00, omega:7.95, omega_m:10.00, u:136.37, theta1:16.960, theta2:4.179, e:-2.047
t:56.87, r:10.00, omega:7.95, omega_m:10.00, u:136.38, theta1:16.961, theta2:4.178, e:-2.047
t:56.88, r:10.00, omega:7.95, omega_m:10.00, u:136.39, theta1:16.961, theta2:4.177, e:-2.047
t:56.89, r:10.00, omega:7.95, omega_m:10.00, u:136.41, theta1:16.962, theta2:4.176, e:-2.047
t:56.90, r:10.00, omega:7.95, omega_m:10.00, u:136.42, theta1:16.963, theta2:4.175, e:-2.047
t:56.91, r:10.00, omega:7.95, omega_m:10.00, u:136.44, theta1:16.963, theta2:4.174, e:-2.047
t:56.92, r:10.00, omega:7.92, omega_m:10.00, u:136.60, theta1:16.964, theta2:4.173, e:-2.084
t:56.93, r:10.00, omega:7.92, omega_m:10.00, u:136.62, theta1:16.965, theta2:4.172, e:-2.084
t:56.94, r:10.00, omega:7.92, omega_m:10.00, u:136.63, theta1:16.965, theta2:4.171, e:-2.084
t:56.95, r:10.00, omega:7.92, omega_m:10.00, u:136.65, theta1:16.966, theta2:4.170, e:-2.084
t:56.96, r:10.00, omega:7.92, omega_m:10.00, u:136.66, theta1:16.967, theta2:4.170, e:-2.084
t:56.97, r:10.00, omega:7.92, omega_m:10.00, u:136.67, theta1:16.967, theta2:4.169, e:-2.084
t:56.98, r:10.00, omega:7.92, omega_m:10.00, u:136.69, theta1:16.968, theta2:4.168, e:-2.084
t:56.99, r:10.00, omega:8.24, omega_m:10.00, u:135.35, theta1:16.969, theta2:4.167, e:-1.760
t:57.00, r:10.00, omega:8.24, omega_m:10.00, u:135.36, theta1:16.969, theta2:4.166, e:-1.760
t:57.01, r:0.00, omega:8.24, omega_m:3.68, u:0.00, theta1:16.968, theta2:4.168, e:4.561
t:57.02, r:0.00, omega:8.24, omega_m:1.35, u:0.00, theta1:16.967, theta2:4.170, e:6.887
t:57.03, r:0.00, omega:8.24, omega_m:0.50, u:0.00, theta1:16.966, theta2:4.173, e:7.742
t:57.04, r:0.00, omega:8.24, omega_m:0.18, u:0.00, theta1:16.965, theta2:4.176, e:8.057
t:57.05, r:0.00, omega:8.24, omega_m:0.07, u:0.00, theta1:16.963, theta2:4.179, e:8.173
t:57.06, r:0.00, omega:8.24, omega_m:0.02, u:0.00, theta1:16.962, theta2:4.182, e:8.215
t:57.07, r:0.00, omega:8.24, omega_m:0.01, u:0.00, theta1:16.960, theta2:4.185, e:8.231
t:57.08, r:0.00, omega:8.24, omega_m:0.00, u:0.00, theta1:16.959, theta2:4.188, e:8.237
t:57.09, r:0.00, omega:8.24, omega_m:0.00, u:0.00, theta1:16.958, theta2:4.191, e:8.239
t:57.10, r:0.00, omega:8.24, omega_m:0.00, u:0.00, theta1:16.956, theta2:4.195, e:8.240
t:57.11, r:0.00, omega:8.24, omega_m:0.00, u:0.00, theta1:16.955, theta2:4.198, e:8.240
t:57.12, r:0.00, omega:8.24, omega_m:0.00, u:0.00, theta1:16.953, theta2:4.201, e:8.240
t:57.13, r:0.00, omega:8.24, omega_m:0.00, u:0.00, theta1:16.952, theta2:4.204, e:8.240
t:57.14, r:0.00, omega:8.24, omega_m:0.00, u:0.00, theta1:16.951, theta2:4.207, e:8.240
t:57.15, r:0.00, omega:8.24, omega_m:0.00, u:0.00, theta1:16.949, theta2:4.210, e:8.240
t:57.16, r:0.00, omega:8.24, omega_m:0.00, u:0.00, theta1:16.948, theta2:4.213, e:8.240
t:57.17, r:0.00, omega:8.24, omega_m:0.00, u:0.00, theta1:16.946, theta2:4.216, e:8.240
t:57.18, r:0.00, omega:8.24, omega_m:0.00, u:0.00, theta1:16.945, theta2:4.219, e:8.240
t:57.19, r:0.00, omega:8.24, omega_m:0.00, u:0.00, theta1:16.944, theta2:4.222, e:8.240
t:57.20, r:0.00, omega:8.24, omega_m:0.00, u:0.00, theta1:16.942, theta2:4.225, e:8.240
t:57.21, r:0.00, omega:8.24, omega_m:0.00, u:0.00, theta1:16.941, theta2:4.228, e:8.240
t:57.22, r:0.00, omega:8.24, omega_m:0.00, u:0.00, theta1:16.939, theta2:4.231, e:8.240
t:57.23, r:0.00, omega:8.24, omega_m:0.00, u:0.00, theta1:16.938, theta2:4.234, e:8.240
t:57.24, r:0.00, omega:8.24, omega_m:0.00, u:0.00, theta1:16.937, theta2:4.237, e:8.240
t:57.25, r:0.00, omega:8.24, omega_m:0.00, u:0.00, theta1:16.935, theta2:4.240, e:8.240
t:57.26, r:0.00, omega:8.24, omega_m:0.00, u:0.00, theta1:16.934, theta2:4.243, e:8.240
t:57.27, r:0.00, omega:8.24, omega_m:0.00, u:0.00, theta1:16.932, theta2:4.246, e:8.240
t:57.28, r:0.00, omega:8.24, omega_m:0.00, u:0.00, theta1:16.931, theta2:4.249, e:8.240
t:57.29, r:0.00, omega:8.24, omega_m:0.00, u:0.00, theta1:16.930, theta2:4.252, e:8.240
t:57.30, r:0.00, omega:8.24, omega_m:0.00, u:0.00, theta1:16.928, theta2:4.255, e:8.240
t:57.31, r:0.00, omega:8.24, omega_m:0.00, u:0.00, theta1:16.927, theta2:4.259, e:8.240
t:57.32, r:0.00, omega:8.24, omega_m:0.00, u:0.00, theta1:16.926, theta2:4.262, e:8.240
t:57.33, r:0.00, omega:8.24, omega_m:0.00, u:0.00, theta1:16.924, theta2:4.265, e:8.240
t:57.34, r:0.00, omega:8.24, omega_m:0.00, u:0.00, theta1:16.923, theta2:4.268, e:8.240
t:57.35, r:0.00, omega:8.24, omega_m:0.00, u:0.00, theta1:16.921, theta2:4.271, e:8.240
t:57.36, r:0.00, omega:8.24, omega_m:0.00, u:0.00, theta1:16.920, theta2:4.274, e:8.240
t:57.37, r:0.00, omega:8.24, omega_m:0.00, u:0.00, theta1:16.919, theta2:4.277, e:8.240
t:57.38, r:0.00, omega:8.24, omega_m:0.00, u:0.00, theta1:16.917, theta2:4.280, e:8.240
t:57.39, r:0.00, omega:8.24, omega_m:0.00, u:0.00, theta1:16.916, theta2:4.283, e:8.240
t:57.40, r:0.00, omega:8.24, omega_m:0.00, u:0.00, theta1:16.914, theta2:4.286, e:8.240
t:57.41, r:0.00, omega:8.24, omega_m:0.00, u:0.00, theta1:16.913, theta2:4.289, e:8.240
t:57.42, r:0.00, omega:8.24, omega_m:0.00, u:0.00, theta1:16.912, theta2:4.292, e:8.240
t:57.43, r:0.00, omega:8.24, omega_m:0.00, u:0.00, theta1:16.910, theta2:4.295, e:8.240
t:57.44, r:0.00, omega:8.24, omega_m:0.00, u:0.00, theta1:16.909, theta2:4.298, e:8.240
t:57.45, r:0.00, omega:8.24, omega_m:0.00, u:0.00, theta1:16.907, theta2:4.301, e:8.240
t:57.46, r:0.00, omega:8.24, omega_m:0.00, u:0.00, theta1:16.906, theta2:4.304, e:8.240
t:57.47, r:0.00, omega:8.24, omega_m:0.00, u:0.00, theta1:16.905, theta2:4.307, e:8.240
t:57.48, r:0.00, omega:8.24, omega_m:0.00, u:0.00, theta1:16.903, theta2:4.310, e:8.240
t:57.49, r:0.00, omega:0.00, omega_m:0.00, u:0.00, theta1:16.903, theta2:4.310, e:-0.000
t:57.50, r:0.00, omega:0.00, omega_m:0.00, u:0.00, theta1:16.903, theta2:4.310, e:-0.000
t:57.51, r:0.00, omega:0.00, omega_m:0.00, u:0.00, theta1:16.903, theta2:4.310, e:-0.000
t:57.52, r:0.00, omega:0.00, omega_m:0.00, u:0.00, theta1:16.903, theta2:4.310, e:-0.000
t:57.53, r:0.00, omega:0.00, omega_m:0.00, u:0.00, theta1:16.903, theta2:4.310, e:-0.000
t:57.54, r:0.00, omega:0.00, omega_m:0.00, u:0.00, theta1:16.903, theta2:4.310, e:-0.000
t:57.55, r:0.00, omega:0.00, omega_m:0.00, u:0.00, theta1:16.903, theta2:4.310, e:-0.000
t:57.56, r:0.00, omega:0.00, omega_m:0.00, u:0.00, theta1:16.903, theta2:4.310, e:-0.000
t:57.57, r:0.00, omega:0.00, omega_m:0.00, u:0.00, theta1:16.903, theta2:4.310, e:-0.000
t:57.58, r:0.00, omega:0.00, omega_m:0.00, u:0.00, theta1:16.903, theta2:4.310, e:-0.000
t:57.59, r:0.00, omega:0.00, omega_m:0.00, u:0.00, theta1:16.903, theta2:4.310, e:-0.000
t:57.60, r:0.00, omega:0.00, omega_m:0.00, u:0.00, theta1:16.903, theta2:4.310, e:-0.000
t:57.61, r:0.00, omega:0.00, omega_m:0.00, u:0.00, theta1:16.903, theta2:4.310, e:-0.000
t:57.62, r:0.00, omega:0.00, omega_m:0.00, u:0.00, theta1:16.903, theta2:4.310, e:-0.000
t:57.63, r:0.00, omega:0.00, omega_m:0.00, u:0.00, theta1:16.903, theta2:4.310, e:-0.000
t:57.64, r:0.00, omega:0.00, omega_m:0.00, u:0.00, theta1:16.903, theta2:4.310, e:-0.000
t:57.65, r:0.00, omega:0.00, omega_m:0.00, u:0.00, theta1:16.903, theta2:4.310, e:-0.000
t:57.66, r:0.00, omega:0.00, omega_m:0.00, u:0.00, theta1:16.903, theta2:4.310, e:-0.000
t:57.67, r:0.00, omega:0.00, omega_m:0.00, u:0.00, theta1:16.903, theta2:4.310, e:-0.000
t:57.68, r:0.00, omega:0.00, omega_m:0.00, u:0.00, theta1:16.903, theta2:4.310, e:-0.000
t:57.69, r:0.00, omega:0.00, omega_m:0.00, u:0.00, theta1:16.903, theta2:4.310, e:-0.000
t:57.70, r:0.00, omega:0.00, omega_m:0.00, u:0.00, theta1:16.903, theta2:4.310, e:-0.000
t:57.71, r:0.00, omega:0.00, omega_m:0.00, u:0.00, theta1:16.903, theta2:4.310, e:-0.000
t:57.72, r:0.00, omega:0.00, omega_m:0.00, u:0.00, theta1:16.903, theta2:4.310, e:-0.000
t:57.73, r:0.00, omega:0.00, omega_m:0.00, u:0.00, theta1:16.903, theta2:4.310, e:-0.000
t:57.74, r:0.00, omega:0.00, omega_m:0.00, u:0.00, theta1:16.903, theta2:4.310, e:-0.000
t:57.75, r:0.00, omega:0.00, omega_m:0.00, u:0.00, theta1:16.903, theta2:4.310, e:-0.000
t:57.76, r:0.00, omega:0.00, omega_m:0.00, u:0.00, theta1:16.903, theta2:4.310, e:-0.000
t:57.77, r:0.00, omega:0.00, omega_m:0.00, u:0.00, theta1:16.903, theta2:4.310, e:-0.000
t:57.78, r:0.00, omega:0.00, omega_m:0.00, u:0.00, theta1:16.903, theta2:4.310, e:-0.000
t:57.79, r:0.00, omega:0.00, omega_m:0.00, u:0.00, theta1:16.903, theta2:4.310, e:-0.000
t:57.80, r:0.00, omega:0.00, omega_m:0.00, u:0.00, theta1:16.903, theta2:4.310, e:-0.000
t:57.81, r:0.00, omega:0.00, omega_m:0.00, u:0.00, theta1:16.903, theta2:4.310, e:-0.000
t:57.82, r:0.00, omega:0.00, omega_m:0.00, u:0.00, theta1:16.903, theta2:4.310, e:-0.000
t:57.83, r:0.00, omega:0.00, omega_m:0.00, u:0.00, theta1:16.903, theta2:4.310, e:-0.000
t:57.84, r:0.00, omega:0.00, omega_m:0.00, u:0.00, theta1:16.903, theta2:4.310, e:-0.000
t:57.85, r:0.00, omega:0.00, omega_m:0.00, u:0.00, theta1:16.903, theta2:4.310, e:-0.000
t:57.86, r:0.00, omega:0.00, omega_m:0.00, u:0.00, theta1:16.903, theta2:4.310, e:-0.000
t:57.87, r:0.00, omega:0.00, omega_m:0.00, u:0.00, theta1:16.903, theta2:4.310, e:-0.000
t:57.88, r:0.00, omega:0.00, omega_m:0.00, u:0.00, theta1:16.903, theta2:4.310, e:-0.000
t:57.89, r:0.00, omega:0.00, omega_m:0.00, u:0.00, theta1:16.903, theta2:4.310, e:-0.000
t:57.90, r:0.00, omega:0.00, omega_m:0.00, u:0.00, theta1:16.903, theta2:4.310, e:-0.000
t:57.91, r:0.00, omega:0.00, omega_m:0.00, u:0.00, theta1:16.903, theta2:4.310, e:-0.000
t:57.92, r:0.00, omega:0.00, omega_m:0.00, u:0.00, theta1:16.903, theta2:4.310, e:-0.000
t:57.93, r:0.00, omega:0.00, omega_m:0.00, u:0.00, theta1:16.903, theta2:4.310, e:-0.000
t:57.94, r:0.00, omega:0.00, omega_m:0.00, u:0.00, theta1:16.903, theta2:4.310, e:-0.000
t:57.95, r:0.00, omega:0.00, omega_m:0.00, u:0.00, theta1:16.903, theta2:4.310, e:-0.000
t:57.96, r:0.00, omega:0.00, omega_m:0.00, u:0.00, theta1:16.903, theta2:4.310, e:-0.000
t:57.97, r:0.00, omega:0.00, omega_m:0.00, u:0.00, theta1:16.903, theta2:4.310, e:-0.000
t:57.98, r:0.00, omega:0.00, omega_m:0.00, u:0.00, theta1:16.903, theta2:4.310, e:-0.000
t:57.99, r:0.00, omega:0.00, omega_m:0.00, u:0.00, theta1:16.903, theta2:4.310, e:-0.000
t:58.00, r:0.00, omega:0.00, omega_m:0.00, u:0.00, theta1:16.903, theta2:4.310, e:-0.000
t:58.01, r:-10.00, omega:0.00, omega_m:-6.32, u:-169.05, theta1:16.905, theta2:4.310, e:6.321
t:58.02, r:-10.00, omega:0.00, omega_m:-8.65, u:-169.08, theta1:16.908, theta2:4.310, e:8.647
t:58.03, r:-10.00, omega:0.00, omega_m:-9.50, u:-169.11, theta1:16.911, theta2:4.309, e:9.502
t:58.04, r:-10.00, omega:0.00, omega_m:-9.82, u:-169.15, theta1:16.915, theta2:4.309, e:9.817
t:58.05, r:-10.00, omega:-0.49, omega_m:-9.93, u:-167.06, theta1:16.918, theta2:4.308, e:9.440
t:58.06, r:-10.00, omega:-0.49, omega_m:-9.98, u:-167.09, theta1:16.921, theta2:4.307, e:9.483
t:58.07, r:-10.00, omega:-0.49, omega_m:-9.99, u:-167.12, theta1:16.924, theta2:4.307, e:9.498
t:58.08, r:-10.00, omega:-0.49, omega_m:-10.00, u:-167.15, theta1:16.927, theta2:4.306, e:9.504
t:58.09, r:-10.00, omega:-0.49, omega_m:-10.00, u:-167.18, theta1:16.930, theta2:4.306, e:9.506
t:58.10, r:-10.00, omega:-9.47, omega_m:-10.00, u:-128.54, theta1:16.930, theta2:4.305, e:0.531
t:58.11, r:-10.00, omega:-9.47, omega_m:-10.00, u:-128.55, theta1:16.931, theta2:4.305, e:0.532
t:58.12, r:-10.00, omega:-9.47, omega_m:-10.00, u:-128.55, theta1:16.931, theta2:4.305, e:0.532
t:58.13, r:-10.00, omega:-9.47, omega_m:-10.00, u:-128.55, theta1:16.931, theta2:4.304, e:0.532
t:58.14, r:-10.00, omega:-9.47, omega_m:-10.00, u:-128.56, theta1:16.931, theta2:4.304, e:0.532
t:58.15, r:-10.00, omega:-9.47, omega_m:-10.00, u:-128.56, theta1:16.931, theta2:4.304, e:0.532
t:58.16, r:-10.00, omega:-9.59, omega_m:-10.00, u:-128.04, theta1:16.931, theta2:4.304, e:0.410
t:58.17, r:-10.00, omega:-9.59, omega_m:-10.00, u:-128.04, theta1:16.932, theta2:4.303, e:0.410
t:58.18, r:-10.00, omega:-9.59, omega_m:-10.00, u:-128.05, theta1:16.932, theta2:4.303, e:0.410
t:58.19, r:-10.00, omega:-9.59, omega_m:-10.00, u:-128.05, theta1:16.932, theta2:4.303, e:0.410
t:58.20, r:-10.00, omega:-9.59, omega_m:-10.00, u:-128.05, theta1:16.932, theta2:4.303, e:0.410
t:58.21, r:-10.00, omega:-9.59, omega_m:-10.00, u:-128.06, theta1:16.932, theta2:4.303, e:0.410
t:58.22, r:-10.00, omega:-9.59, omega_m:-10.00, u:-128.06, theta1:16.932, theta2:4.302, e:0.410
t:58.23, r:-10.00, omega:-7.49, omega_m:-10.00, u:-137.10, theta1:16.933, theta2:4.301, e:2.507
t:58.24, r:-10.00, omega:-7.49, omega_m:-10.00, u:-137.12, theta1:16.934, theta2:4.300, e:2.507
t:58.25, r:-10.00, omega:-7.49, omega_m:-10.00, u:-137.14, theta1:16.935, theta2:4.299, e:2.507
t:58.26, r:-10.00, omega:-7.49, omega_m:-10.00, u:-137.15, theta1:16.936, theta2:4.298, e:2.507
t:58.27, r:-10.00, omega:-7.49, omega_m:-10.00, u:-137.17, theta1:16.936, theta2:4.297, e:2.507
t:58.28, r:-10.00, omega:-7.49, omega_m:-10.00, u:-137.18, theta1:16.937, theta2:4.296, e:2.507
t:58.29, r:-10.00, omega:-8.17, omega_m:-10.00, u:-134.28, theta1:16.938, theta2:4.295, e:1.828
t:58.30, r:-10.00, omega:-8.17, omega_m:-10.00, u:-134.29, theta1:16.938, theta2:4.294, e:1.828
t:58.31, r:-10.00, omega:-8.17, omega_m:-10.00, u:-134.30, theta1:16.939, theta2:4.294, e:1.828
t:58.32, r:-10.00, omega:-8.17, omega_m:-10.00, u:-134.31, theta1:16.940, theta2:4.293, e:1.828
t:58.33, r:-10.00, omega:-8.17, omega_m:-10.00, u:-134.33, theta1:16.940, theta2:4.292, e:1.828
t:58.34, r:-10.00, omega:-8.17, omega_m:-10.00, u:-134.34, theta1:16.941, theta2:4.291, e:1.828
t:58.35, r:-10.00, omega:-8.17, omega_m:-10.00, u:-134.35, theta1:16.941, theta2:4.290, e:1.828
t:58.36, r:-10.00, omega:-8.15, omega_m:-10.00, u:-134.47, theta1:16.942, theta2:4.289, e:1.851
t:58.37, r:-10.00, omega:-8.15, omega_m:-10.00, u:-134.48, theta1:16.943, theta2:4.289, e:1.851
t:58.38, r:-10.00, omega:-8.15, omega_m:-10.00, u:-134.49, theta1:16.943, theta2:4.288, e:1.851
t:58.39, r:-10.00, omega:-8.15, omega_m:-10.00, u:-134.50, theta1:16.944, theta2:4.287, e:1.851
t:58.40, r:-10.00, omega:-8.15, omega_m:-10.00, u:-134.52, theta1:16.945, theta2:4.286, e:1.851
t:58.41, r:-10.00, omega:-8.15, omega_m:-10.00, u:-134.53, theta1:16.945, theta2:4.285, e:1.851
t:58.42, r:-10.00, omega:-8.33, omega_m:-10.00, u:-133.77, theta1:16.946, theta2:4.285, e:1.671
t:58.43, r:-10.00, omega:-8.33, omega_m:-10.00, u:-133.78, theta1:16.946, theta2:4.284, e:1.671
t:58.44, r:-10.00, omega:-8.33, omega_m:-10.00, u:-133.79, theta1:16.947, theta2:4.283, e:1.671
t:58.45, r:-10.00, omega:-9.98, omega_m:-10.00, u:-83.63, theta1:16.940, theta2:4.293, e:-9.982
t:58.46, r:-10.00, omega:-9.98, omega_m:-10.00, u:-83.37, theta1:16.933, theta2:4.302, e:-9.982
t:58.47, r:-10.00, omega:-9.98, omega_m:-10.00, u:-83.11, theta1:16.927, theta2:4.312, e:-9.982
t:58.48, r:-10.00, omega:-9.98, omega_m:-10.00, u:-82.85, theta1:16.920, theta2:4.321, e:-9.982
t:58.49, r:-10.00, omega:-13.21, omega_m:-10.00, u:-112.05, theta1:16.918, theta2:4.323, e:-3.214
t:58.50, r:-10.00, omega:-13.21, omega_m:-10.00, u:-112.01, theta1:16.916, theta2:4.325, e:-3.214
t:58.51, r:-10.00, omega:-13.21, omega_m:-10.00, u:-111.96, theta1:16.914, theta2:4.327, e:-3.214
t:58.52, r:-10.00, omega:-13.21, omega_m:-10.00, u:-111.91, theta1:16.911, theta2:4.329, e:-3.214
t:58.53, r:-10.00, omega:-13.21, omega_m:-10.00, u:-111.86, theta1:16.909, theta2:4.331, e:-3.214
t:58.54, r:-10.00, omega:-13.21, omega_m:-10.00, u:-111.81, theta1:16.907, theta2:4.333, e:-3.214
t:58.55, r:-10.00, omega:-13.21, omega_m:-10.00, u:-111.77, theta1:16.905, theta2:4.335, e:-3.214
t:58.56, r:-10.00, omega:-13.21, omega_m:-10.00, u:-111.72, theta1:16.903, theta2:4.337, e:-3.214
t:58.57, r:-10.00, omega:-13.21, omega_m:-10.00, u:-111.67, theta1:16.901, theta2:4.339, e:-3.214
t:58.58, r:-10.00, omega:-5.55, omega_m:-10.00, u:-144.96, theta1:16.902, theta2:4.338, e:4.453
t:58.59, r:-10.00, omega:-5.55, omega_m:-10.00, u:-144.98, theta1:16.904, theta2:4.336, e:4.453
t:58.60, r:-10.00, omega:-5.55, omega_m:-10.00, u:-145.01, theta1:16.905, theta2:4.335, e:4.453
t:58.61, r:-10.00, omega:-5.55, omega_m:-10.00, u:-145.03, theta1:16.907, theta2:4.333, e:4.453
t:58.62, r:-10.00, omega:-5.55, omega_m:-10.00, u:-145.05, theta1:16.908, theta2:4.332, e:4.453
t:58.63, r:-10.00, omega:-5.55, omega_m:-10.00, u:-145.07, theta1:16.910, theta2:4.330, e:4.453
t:58.64, r:-10.00, omega:-5.55, omega_m:-10.00, u:-145.10, theta1:16.911, theta2:4.329, e:4.453
t:58.65, r:-10.00, omega:-7.69, omega_m:-10.00, u:-135.85, theta1:16.912, theta2:4.328, e:2.314
t:58.66, r:-10.00, omega:-7.69, omega_m:-10.00, u:-135.87, theta1:16.913, theta2:4.327, e:2.314
t:58.67, r:-10.00, omega:-7.69, omega_m:-10.00, u:-135.88, theta1:16.913, theta2:4.326, e:2.314
t:58.68, r:-10.00, omega:-7.69, omega_m:-10.00, u:-135.90, theta1:16.914, theta2:4.325, e:2.314
t:58.69, r:-10.00, omega:-7.69, omega_m:-10.00, u:-135.91, theta1:16.915, theta2:4.324, e:2.314
t:58.70, r:-10.00, omega:-7.69, omega_m:-10.00, u:-135.93, theta1:16.916, theta2:4.323, e:2.314
t:58.71, r:-10.00, omega:-8.74, omega_m:-10.00, u:-131.39, theta1:16.916, theta2:4.323, e:1.262
t:58.72, r:-10.00, omega:-8.74, omega_m:-10.00, u:-131.40, theta1:16.916, theta2:4.322, e:1.262
t:58.73, r:-10.00, omega:-8.74, omega_m:-10.00, u:-131.41, theta1:16.917, theta2:4.321, e:1.262
t:58.74, r:-10.00, omega:-8.74, omega_m:-10.00, u:-131.42, theta1:16.917, theta2:4.321, e:1.262
t:58.75, r:-10.00, omega:-8.74, omega_m:-10.00, u:-131.43, theta1:16.918, theta2:4.320, e:1.262
t:58.76, r:-10.00, omega:-8.74, omega_m:-10.00, u:-131.44, theta1:16.918, theta2:4.319, e:1.262
t:58.77, r:-10.00, omega:-7.86, omega_m:-10.00, u:-135.23, theta1:16.919, theta2:4.319, e:2.136
t:58.78, r:-10.00, omega:-7.86, omega_m:-10.00, u:-135.24, theta1:16.920, theta2:4.318, e:2.136
t:58.79, r:-10.00, omega:-7.86, omega_m:-10.00, u:-135.26, theta1:16.920, theta2:4.317, e:2.136
t:58.80, r:-10.00, omega:-7.86, omega_m:-10.00, u:-135.27, theta1:16.921, theta2:4.316, e:2.136
t:58.81, r:-10.00, omega:-7.86, omega_m:-10.00, u:-135.29, theta1:16.922, theta2:4.315, e:2.136
t:58.82, r:-10.00, omega:-7.86, omega_m:-10.00, u:-135.30, theta1:16.922, theta2:4.314, e:2.136
t:58.83, r:-10.00, omega:-7.86, omega_m:-10.00, u:-135.32, theta1:16.923, theta2:4.313, e:2.136
t:58.84, r:-10.00, omega:-8.22, omega_m:-10.00, u:-133.79, theta1:16.924, theta2:4.312, e:1.779
t:58.85, r:-10.00, omega:-8.22, omega_m:-10.00, u:-133.80, theta1:16.924, theta2:4.311, e:1.779
t:58.86, r:-10.00, omega:-8.22, omega_m:-10.00, u:-133.81, theta1:16.925, theta2:4.311, e:1.779
t:58.87, r:-10.00, omega:-8.22, omega_m:-10.00, u:-133.82, theta1:16.925, theta2:4.310, e:1.779
t:58.88, r:-10.00, omega:-8.22, omega_m:-10.00, u:-133.84, theta1:16.926, theta2:4.309, e:1.779
t:58.89, r:-10.00, omega:-8.22, omega_m:-10.00, u:-133.85, theta1:16.927, theta2:4.308, e:1.779
t:58.90, r:-10.00, omega:-8.21, omega_m:-10.00, u:-133.90, theta1:16.927, theta2:4.307, e:1.788
t:58.91, r:-10.00, omega:-8.21, omega_m:-10.00, u:-133.91, theta1:16.928, theta2:4.306, e:1.788
t:58.92, r:-10.00, omega:-8.21, omega_m:-10.00, u:-133.93, theta1:16.928, theta2:4.306, e:1.788
t:58.93, r:-10.00, omega:-8.21, omega_m:-10.00, u:-133.94, theta1:16.929, theta2:4.305, e:1.788
t:58.94, r:-10.00, omega:-8.21, omega_m:-10.00, u:-133.95, theta1:16.930, theta2:4.304, e:1.788
t:58.95, r:-10.00, omega:-8.21, omega_m:-10.00, u:-133.97, theta1:16.930, theta2:4.303, e:1.788
t:58.96, r:-10.00, omega:-8.21, omega_m:-10.00, u:-133.98, theta1:16.931, theta2:4.302, e:1.788
t:58.97, r:-10.00, omega:-7.94, omega_m:-10.00, u:-135.15, theta1:16.931, theta2:4.302, e:2.057
t:58.98, r:-10.00, omega:-7.94, omega_m:-10.00, u:-135.16, theta1:16.932, theta2:4.301, e:2.057
t:58.99, r:-10.00, omega:-7.94, omega_m:-10.00, u:-135.17, theta1:16.933, theta2:4.300, e:2.057
t:59.00, r:-10.00, omega:-7.94, omega_m:-10.00, u:-135.19, theta1:16.933, theta2:4.299, e:2.057
t:59.01, r:0.00, omega:-7.94, omega_m:-3.68, u:0.00, theta1:16.933, theta2:4.300, e:-4.264
t:59.02, r:0.00, omega:-7.94, omega_m:-1.35, u:0.00, theta1:16.932, theta2:4.303, e:-6.590
t:59.03, r:0.00, omega:-8.20, omega_m:-0.50, u:0.00, theta1:16.930, theta2:4.305, e:-7.704
t:59.04, r:0.00, omega:-8.20, omega_m:-0.18, u:0.00, theta1:16.929, theta2:4.308, e:-8.019
t:59.05, r:0.00, omega:-8.20, omega_m:-0.07, u:0.00, theta1:16.928, theta2:4.311, e:-8.135
t:59.06, r:0.00, omega:-8.20, omega_m:-0.02, u:0.00, theta1:16.926, theta2:4.314, e:-8.177
t:59.07, r:0.00, omega:-8.20, omega_m:-0.01, u:0.00, theta1:16.925, theta2:4.317, e:-8.193
t:59.08, r:0.00, omega:-8.20, omega_m:-0.00, u:0.00, theta1:16.923, theta2:4.320, e:-8.199
t:59.09, r:0.00, omega:-8.20, omega_m:-0.00, u:0.00, theta1:16.922, theta2:4.323, e:-8.201
t:59.10, r:0.00, omega:-8.20, omega_m:-0.00, u:0.00, theta1:16.921, theta2:4.326, e:-8.202
t:59.11, r:0.00, omega:-8.20, omega_m:-0.00, u:0.00, theta1:16.919, theta2:4.329, e:-8.202
t:59.12, r:0.00, omega:-8.20, omega_m:-0.00, u:0.00, theta1:16.918, theta2:4.332, e:-8.202
t:59.13, r:0.00, omega:-8.20, omega_m:-0.00, u:0.00, theta1:16.916, theta2:4.335, e:-8.202
t:59.14, r:0.00, omega:-8.20, omega_m:-0.00, u:0.00, theta1:16.915, theta2:4.338, e:-8.202
t:59.15, r:0.00, omega:-8.20, omega_m:-0.00, u:0.00, theta1:16.914, theta2:4.341, e:-8.202
t:59.16, r:0.00, omega:-8.20, omega_m:-0.00, u:0.00, theta1:16.912, theta2:4.344, e:-8.202
t:59.17, r:0.00, omega:-8.20, omega_m:-0.00, u:0.00, theta1:16.911, theta2:4.348, e:-8.202
t:59.18, r:0.00, omega:-8.20, omega_m:-0.00, u:0.00, theta1:16.910, theta2:4.351, e:-8.202
t:59.19, r:0.00, omega:-8.20, omega_m:-0.00, u:0.00, theta1:16.908, theta2:4.354, e:-8.202
t:59.20, r:0.00, omega:-8.20, omega_m:-0.00, u:0.00, theta1:16.907, theta2:4.357, e:-8.202
t:59.21, r:0.00, omega:-8.20, omega_m:-0.00, u:0.00, theta1:16.905, theta2:4.360, e:-8.202
t:59.22, r:0.00, omega:-8.20, omega_m:-0.00, u:0.00, theta1:16.904, theta2:4.363, e:-8.202
t:59.23, r:0.00, omega:-8.20, omega_m:-0.00, u:0.00, theta1:16.903, theta2:4.366, e:-8.202
t:59.24, r:0.00, omega:-8.20, omega_m:-0.00, u:0.00, theta1:16.901, theta2:4.369, e:-8.202
t:59.25, r:0.00, omega:-8.20, omega_m:-0.00, u:0.00, theta1:16.900, theta2:4.372, e:-8.202
t:59.26, r:0.00, omega:-8.20, omega_m:-0.00, u:0.00, theta1:16.898, theta2:4.375, e:-8.202
t:59.27, r:0.00, omega:-8.20, omega_m:-0.00, u:0.00, theta1:16.897, theta2:4.378, e:-8.202
t:59.28, r:0.00, omega:-8.20, omega_m:-0.00, u:0.00, theta1:16.896, theta2:4.381, e:-8.202
t:59.29, r:0.00, omega:-8.20, omega_m:-0.00, u:0.00, theta1:16.894, theta2:4.384, e:-8.202
t:59.30, r:0.00, omega:-8.20, omega_m:-0.00, u:0.00, theta1:16.893, theta2:4.387, e:-8.202
t:59.31, r:0.00, omega:-8.20, omega_m:-0.00, u:0.00, theta1:16.892, theta2:4.390, e:-8.202
t:59.32, r:0.00, omega:-8.20, omega_m:-0.00, u:0.00, theta1:16.890, theta2:4.393, e:-8.202
t:59.33, r:0.00, omega:-8.20, omega_m:-0.00, u:0.00, theta1:16.889, theta2:4.396, e:-8.202
t:59.34, r:0.00, omega:-8.20, omega_m:-0.00, u:0.00, theta1:16.887, theta2:4.399, e:-8.202
t:59.35, r:0.00, omega:-8.20, omega_m:-0.00, u:0.00, theta1:16.886, theta2:4.402, e:-8.202
t:59.36, r:0.00, omega:-8.20, omega_m:-0.00, u:0.00, theta1:16.885, theta2:4.405, e:-8.202
t:59.37, r:0.00, omega:-8.20, omega_m:-0.00, u:0.00, theta1:16.883, theta2:4.408, e:-8.202
t:59.38, r:0.00, omega:-8.20, omega_m:-0.00, u:0.00, theta1:16.882, theta2:4.411, e:-8.202
t:59.39, r:0.00, omega:-8.20, omega_m:-0.00, u:0.00, theta1:16.880, theta2:4.414, e:-8.202
t:59.40, r:0.00, omega:-8.20, omega_m:-0.00, u:0.00, theta1:16.879, theta2:4.417, e:-8.202
t:59.41, r:0.00, omega:-8.20, omega_m:-0.00, u:0.00, theta1:16.878, theta2:4.420, e:-8.202
t:59.42, r:0.00, omega:-8.20, omega_m:-0.00, u:0.00, theta1:16.876, theta2:4.423, e:-8.202
t:59.43, r:0.00, omega:-8.20, omega_m:-0.00, u:0.00, theta1:16.875, theta2:4.426, e:-8.202
t:59.44, r:0.00, omega:-8.20, omega_m:-0.00, u:0.00, theta1:16.874, theta2:4.429, e:-8.202
t:59.45, r:0.00, omega:-8.20, omega_m:-0.00, u:0.00, theta1:16.872, theta2:4.432, e:-8.202
t:59.46, r:0.00, omega:-8.20, omega_m:-0.00, u:0.00, theta1:16.871, theta2:4.435, e:-8.202
t:59.47, r:0.00, omega:-8.20, omega_m:-0.00, u:0.00, theta1:16.869, theta2:4.438, e:-8.202
t:59.48, r:0.00, omega:-8.20, omega_m:-0.00, u:0.00, theta1:16.868, theta2:4.441, e:-8.202
t:59.49, r:0.00, omega:-8.20, omega_m:-0.00, u:0.00, theta1:16.867, theta2:4.444, e:-8.202
t:59.50, r:0.00, omega:-8.20, omega_m:-0.00, u:0.00, theta1:16.865, theta2:4.447, e:-8.202
t:59.51, r:0.00, omega:-8.20, omega_m:-0.00, u:0.00, theta1:16.864, theta2:4.450, e:-8.202
t:59.52, r:0.00, omega:-8.20, omega_m:-0.00, u:0.00, theta1:16.862, theta2:4.453, e:-8.202
t:59.53, r:0.00, omega:0.00, omega_m:-0.00, u:0.00, theta1:16.862, theta2:4.453, e:0.000
t:59.54, r:0.00, omega:0.00, omega_m:-0.00, u:0.00, theta1:16.862, theta2:4.453, e:0.000
t:59.55, r:0.00, omega:0.00, omega_m:-0.00, u:0.00, theta1:16.862, theta2:4.453, e:0.000
t:59.56, r:0.00, omega:0.00, omega_m:-0.00, u:0.00, theta1:16.862, theta2:4.453, e:0.000
t:59.57, r:0.00, omega:0.00, omega_m:-0.00, u:0.00, theta1:16.862, theta2:4.453, e:0.000
t:59.58, r:0.00, omega:0.00, omega_m:-0.00, u:0.00, theta1:16.862, theta2:4.453, e:0.000
t:59.59, r:0.00, omega:0.00, omega_m:-0.00, u:0.00, theta1:16.862, theta2:4.453, e:0.000
t:59.60, r:0.00, omega:0.00, omega_m:-0.00, u:0.00, theta1:16.862, theta2:4.453, e:0.000
t:59.61, r:0.00, omega:0.00, omega_m:-0.00, u:0.00, theta1:16.862, theta2:4.453, e:0.000
t:59.62, r:0.00, omega:0.00, omega_m:-0.00, u:0.00, theta1:16.862, theta2:4.453, e:0.000
t:59.63, r:0.00, omega:0.00, omega_m:-0.00, u:0.00, theta1:16.862, theta2:4.453, e:0.000
t:59.64, r:0.00, omega:0.00, omega_m:-0.00, u:0.00, theta1:16.862, theta2:4.453, e:0.000
t:59.65, r:0.00, omega:0.00, omega_m:-0.00, u:0.00, theta1:16.862, theta2:4.453, e:0.000
t:59.66, r:0.00, omega:0.00, omega_m:-0.00, u:0.00, theta1:16.862, theta2:4.453, e:0.000
t:59.67, r:0.00, omega:0.00, omega_m:-0.00, u:0.00, theta1:16.862, theta2:4.453, e:0.000
t:59.68, r:0.00, omega:0.00, omega_m:-0.00, u:0.00, theta1:16.862, theta2:4.453, e:0.000
t:59.69, r:0.00, omega:0.00, omega_m:-0.00, u:0.00, theta1:16.862, theta2:4.453, e:0.000
t:59.70, r:0.00, omega:0.00, omega_m:-0.00, u:0.00, theta1:16.862, theta2:4.453, e:0.000
t:59.71, r:0.00, omega:0.00, omega_m:-0.00, u:0.00, theta1:16.862, theta2:4.453, e:0.000
t:59.72, r:0.00, omega:0.00, omega_m:-0.00, u:0.00, theta1:16.862, theta2:4.453, e:0.000
t:59.73, r:0.00, omega:0.00, omega_m:-0.00, u:0.00, theta1:16.862, theta2:4.453, e:0.000
t:59.74, r:0.00, omega:0.00, omega_m:-0.00, u:0.00, theta1:16.862, theta2:4.453, e:0.000
t:59.75, r:0.00, omega:0.00, omega_m:-0.00, u:0.00, theta1:16.862, theta2:4.453, e:0.000
t:59.76, r:0.00, omega:0.00, omega_m:-0.00, u:0.00, theta1:16.862, theta2:4.453, e:0.000
t:59.77, r:0.00, omega:0.00, omega_m:-0.00, u:0.00, theta1:16.862, theta2:4.453, e:0.000
t:59.78, r:0.00, omega:0.00, omega_m:-0.00, u:0.00, theta1:16.862, theta2:4.453, e:0.000
t:59.79, r:0.00, omega:0.00, omega_m:-0.00, u:0.00, theta1:16.862, theta2:4.453, e:0.000
t:59.80, r:0.00, omega:0.00, omega_m:-0.00, u:0.00, theta1:16.862, theta2:4.453, e:0.000
t:59.81, r:0.00, omega:0.00, omega_m:-0.00, u:0.00, theta1:16.862, theta2:4.453, e:0.000
t:59.82, r:0.00, omega:0.00, omega_m:-0.00, u:0.00, theta1:16.862, theta2:4.453, e:0.000
t:59.83, r:0.00, omega:0.00, omega_m:-0.00, u:0.00, theta1:16.862, theta2:4.453, e:0.000
t:59.84, r:0.00, omega:0.00, omega_m:-0.00, u:0.00, theta1:16.862, theta2:4.453, e:0.000
t:59.85, r:0.00, omega:0.00, omega_m:-0.00, u:0.00, theta1:16.862, theta2:4.453, e:0.000
t:59.86, r:0.00, omega:0.00, omega_m:-0.00, u:0.00, theta1:16.862, theta2:4.453, e:0.000
t:59.87, r:0.00, omega:0.00, omega_m:-0.00, u:0.00, theta1:16.862, theta2:4.453, e:0.000
t:59.88, r:0.00, omega:0.00, omega_m:-0.00, u:0.00, theta1:16.862, theta2:4.453, e:0.000
t:59.89, r:0.00, omega:0.00, omega_m:-0.00, u:0.00, theta1:16.862, theta2:4.453, e:0.000
t:59.90, r:0.00, omega:0.00, omega_m:-0.00, u:0.00, theta1:16.862, theta2:4.453, e:0.000
t:59.91, r:0.00, omega:0.00, omega_m:-0.00, u:0.00, theta1:16.862, theta2:4.453, e:0.000
t:59.92, r:0.00, omega:0.00, omega_m:-0.00, u:0.00, theta1:16.862, theta2:4.453, e:0.000
t:59.93, r:0.00, omega:0.00, omega_m:-0.00, u:0.00, theta1:16.862, theta2:4.453, e:0.000
t:59.94, r:0.00, omega:0.00, omega_m:-0.00, u:0.00, theta1:16.862, theta2:4.453, e:0.000
t:59.95, r:0.00, omega:0.00, omega_m:-0.00, u:0.00, theta1:16.862, theta2:4.453, e:0.000
t:59.96, r:0.00, omega:0.00, omega_m:-0.00, u:0.00, theta1:16.862, theta2:4.453, e:0.000
t:59.97, r:0.00, omega:0.00, omega_m:-0.00, u:0.00, theta1:16.862, theta2:4.453, e:0.000
t:59.98, r:0.00, omega:0.00, omega_m:-0.00, u:0.00, theta1:16.862, theta2:4.453, e:0.000
t:59.99, r:0.00, omega:0.00, omega_m:-0.00, u:0.00, theta1:16.862, theta2:4.453, e:0.000
t:60.00, r:0.00, omega:0.00, omega_m:-0.00, u:0.00, theta1:16.862, theta2:4.453, e:0.000
t:60.01, r:10.00, omega:0.00, omega_m:6.32, u:168.65, theta1:16.865, theta2:4.452, e:-6.321
t:60.02, r:10.00, omega:0.00, omega_m:8.65, u:168.67, theta1:16.867, theta2:4.452, e:-8.647
t:60.03, r:10.00, omega:0.00, omega_m:9.50, u:168.71, theta1:16.871, theta2:4.452, e:-9.502
t:60.04, r:10.00, omega:0.00, omega_m:9.82, u:168.74, theta1:16.874, theta2:4.451, e:-9.817
t:60.05, r:10.00, omega:0.00, omega_m:9.93, u:168.77, theta1:16.877, theta2:4.451, e:-9.933
t:60.06, r:10.00, omega:0.00, omega_m:9.98, u:168.80, theta1:16.880, theta2:4.450, e:-9.975
t:60.07, r:10.00, omega:0.50, omega_m:9.99, u:166.59, theta1:16.884, theta2:4.450, e:-9.487
t:60.08, r:10.00, omega:0.50, omega_m:10.00, u:166.62, theta1:16.887, theta2:4.449, e:-9.492
t:60.09, r:10.00, omega:0.50, omega_m:10.00, u:166.65, theta1:16.890, theta2:4.448, e:-9.494
t:60.10, r:10.00, omega:0.50, omega_m:10.00, u:166.69, theta1:16.893, theta2:4.448, e:-9.495
t:60.11, r:10.00, omega:0.50, omega_m:10.00, u:166.72, theta1:16.896, theta2:4.447, e:-9.495
t:60.12, r:10.00, omega:9.93, omega_m:10.00, u:124.79, theta1:16.896, theta2:4.447, e:-0.067
t:60.13, r:10.00, omega:9.93, omega_m:10.00, u:124.79, theta1:16.896, theta2:4.447, e:-0.067
t:60.14, r:10.00, omega:9.93, omega_m:10.00, u:124.79, theta1:16.896, theta2:4.447, e:-0.067
t:60.15, r:10.00, omega:9.93, omega_m:10.00, u:124.79, theta1:16.896, theta2:4.447, e:-0.067
t:60.16, r:10.00, omega:9.93, omega_m:10.00, u:124.79, theta1:16.896, theta2:4.447, e:-0.067
t:60.17, r:10.00, omega:9.93, omega_m:10.00, u:124.79, theta1:16.896, theta2:4.447, e:-0.067
t:60.18, r:10.00, omega:9.29, omega_m:10.00, u:127.68, theta1:16.896, theta2:4.446, e:-0.715
t:60.19, r:10.00, omega:9.29, omega_m:10.00, u:127.69, theta1:16.897, theta2:4.446, e:-0.715
t:60.20, r:10.00, omega:9.29, omega_m:10.00, u:127.69, theta1:16.897, theta2:4.446, e:-0.715
t:60.21, r:10.00, omega:9.29, omega_m:10.00, u:127.70, theta1:16.897, theta2:4.445, e:-0.715
t:60.22, r:10.00, omega:9.29, omega_m:10.00, u:127.70, theta1:16.897, theta2:4.445, e:-0.715
t:60.23, r:10.00, omega:9.29, omega_m:10.00, u:127.71, theta1:16.898, theta2:4.444, e:-0.715
t:60.24, r:10.00, omega:9.29, omega_m:10.00, u:127.71, theta1:16.898, theta2:4.444, e:-0.715
t:60.25, r:10.00, omega:7.17, omega_m:10.00, u:137.15, theta1:16.899, theta2:4.443, e:-2.835
t:60.26, r:10.00, omega:7.17, omega_m:10.00, u:137.17, theta1:16.900, theta2:4.442, e:-2.835
t:60.27, r:10.00, omega:7.17, omega_m:10.00, u:137.19, theta1:16.901, theta2:4.441, e:-2.835
t:60.28, r:10.00, omega:7.17, omega_m:10.00, u:137.21, theta1:16.902, theta2:4.440, e:-2.835
t:60.29, r:10.00, omega:7.17, omega_m:10.00, u:137.22, theta1:16.903, theta2:4.438, e:-2.835
t:60.30, r:10.00, omega:7.17, omega_m:10.00, u:137.24, theta1:16.904, theta2:4.437, e:-2.835
t:60.31, r:10.00, omega:7.17, omega_m:10.00, u:137.26, theta1:16.904, theta2:4.436, e:-2.835
t:60.32, r:10.00, omega:7.58, omega_m:10.00, u:135.41, theta1:16.905, theta2:4.435, e:-2.415
t:60.33, r:10.00, omega:7.58, omega_m:10.00, u:135.43, theta1:16.906, theta2:4.434, e:-2.415
t:60.34, r:10.00, omega:7.58, omega_m:10.00, u:135.44, theta1:16.907, theta2:4.433, e:-2.415
t:60.35, r:10.00, omega:7.58, omega_m:10.00, u:135.46, theta1:16.908, theta2:4.432, e:-2.415
t:60.36, r:10.00, omega:7.58, omega_m:10.00, u:135.48, theta1:16.908, theta2:4.431, e:-2.415
t:60.37, r:10.00, omega:7.58, omega_m:10.00, u:135.49, theta1:16.909, theta2:4.430, e:-2.415
t:60.38, r:10.00, omega:7.58, omega_m:10.00, u:135.51, theta1:16.910, theta2:4.429, e:-2.415
t:60.39, r:10.00, omega:8.11, omega_m:10.00, u:133.19, theta1:16.911, theta2:4.428, e:-1.888
t:60.40, r:10.00, omega:8.11, omega_m:10.00, u:133.20, theta1:16.911, theta2:4.427, e:-1.888
t:60.41, r:10.00, omega:8.11, omega_m:10.00, u:133.21, theta1:16.912, theta2:4.426, e:-1.888
t:60.42, r:10.00, omega:8.11, omega_m:10.00, u:133.23, theta1:16.913, theta2:4.426, e:-1.888
t:60.43, r:10.00, omega:8.11, omega_m:10.00, u:133.24, theta1:16.913, theta2:4.425, e:-1.888
t:60.44, r:10.00, omega:8.11, omega_m:10.00, u:133.25, theta1:16.914, theta2:4.424, e:-1.888
t:60.45, r:10.00, omega:8.34, omega_m:10.00, u:132.23, theta1:16.914, theta2:4.423, e:-1.655
t:60.46, r:10.00, omega:8.34, omega_m:10.00, u:132.25, theta1:16.915, theta2:4.422, e:-1.655
t:60.47, r:10.00, omega:8.34, omega_m:10.00, u:132.26, theta1:16.915, theta2:4.422, e:-1.655
t:60.48, r:10.00, omega:8.34, omega_m:10.00, u:132.27, theta1:16.916, theta2:4.421, e:-1.655
t:60.49, r:10.00, omega:8.34, omega_m:10.00, u:132.28, theta1:16.917, theta2:4.420, e:-1.655
t:60.50, r:10.00, omega:8.34, omega_m:10.00, u:132.29, theta1:16.917, theta2:4.419, e:-1.655
t:60.51, r:10.00, omega:8.34, omega_m:10.00, u:132.30, theta1:16.918, theta2:4.419, e:-1.655
t:60.52, r:10.00, omega:7.75, omega_m:10.00, u:134.96, theta1:16.918, theta2:4.418, e:-2.253
t:60.53, r:10.00, omega:7.75, omega_m:10.00, u:134.98, theta1:16.919, theta2:4.417, e:-2.253
t:60.54, r:10.00, omega:7.75, omega_m:10.00, u:134.99, theta1:16.920, theta2:4.416, e:-2.253
t:60.55, r:10.00, omega:7.75, omega_m:10.00, u:135.01, theta1:16.921, theta2:4.415, e:-2.253
t:60.56, r:10.00, omega:7.75, omega_m:10.00, u:135.02, theta1:16.921, theta2:4.414, e:-2.253
t:60.57, r:10.00, omega:7.75, omega_m:10.00, u:135.03, theta1:16.922, theta2:4.413, e:-2.253
t:60.58, r:10.00, omega:7.75, omega_m:10.00, u:135.05, theta1:16.923, theta2:4.412, e:-2.253
t:60.59, r:10.00, omega:7.54, omega_m:10.00, u:136.00, theta1:16.924, theta2:4.411, e:-2.464
t:60.60, r:10.00, omega:7.54, omega_m:10.00, u:136.01, theta1:16.925, theta2:4.410, e:-2.464
t:60.61, r:10.00, omega:7.54, omega_m:10.00, u:136.03, theta1:16.925, theta2:4.409, e:-2.464
t:60.62, r:10.00, omega:7.54, omega_m:10.00, u:136.05, theta1:16.926, theta2:4.408, e:-2.464
t:60.63, r:10.00, omega:7.54, omega_m:10.00, u:136.06, theta1:16.927, theta2:4.407, e:-2.464
t:60.64, r:10.00, omega:7.54, omega_m:10.00, u:136.08, theta1:16.928, theta2:4.405, e:-2.464
t:60.65, r:10.00, omega:8.05, omega_m:10.00, u:133.82, theta1:16.928, theta2:4.405, e:-1.949
t:60.66, r:10.00, omega:8.05, omega_m:10.00, u:133.84, theta1:16.929, theta2:4.404, e:-1.949
t:60.67, r:10.00, omega:8.05, omega_m:10.00, u:133.85, theta1:16.930, theta2:4.403, e:-1.949
t:60.68, r:10.00, omega:8.05, omega_m:10.00, u:133.86, theta1:16.930, theta2:4.402, e:-1.949
t:60.69, r:10.00, omega:8.05, omega_m:10.00, u:133.88, theta1:16.931, theta2:4.401, e:-1.949
t:60.70, r:10.00, omega:8.05, omega_m:10.00, u:133.89, theta1:16.932, theta2:4.400, e:-1.949
t:60.71, r:10.00, omega:8.05, omega_m:10.00, u:133.91, theta1:16.932, theta2:4.399, e:-1.949
t:60.72, r:10.00, omega:7.81, omega_m:10.00, u:134.99, theta1:16.933, theta2:4.398, e:-2.193
t:60.73, r:10.00, omega:7.81, omega_m:10.00, u:135.01, theta1:16.934, theta2:4.398, e:-2.193
t:60.74, r:10.00, omega:7.81, omega_m:10.00, u:135.02, theta1:16.934, theta2:4.397, e:-2.193
t:60.75, r:10.00, omega:7.81, omega_m:10.00, u:135.04, theta1:16.935, theta2:4.396, e:-2.193
t:60.76, r:10.00, omega:7.81, omega_m:10.00, u:135.05, theta1:16.936, theta2:4.395, e:-2.193
t:60.77, r:10.00, omega:7.81, omega_m:10.00, u:135.07, theta1:16.937, theta2:4.394, e:-2.193
t:60.78, r:10.00, omega:8.11, omega_m:10.00, u:133.73, theta1:16.937, theta2:4.393, e:-1.887
t:60.79, r:10.00, omega:8.11, omega_m:10.00, u:133.75, theta1:16.938, theta2:4.392, e:-1.887
t:60.80, r:10.00, omega:8.11, omega_m:10.00, u:133.76, theta1:16.938, theta2:4.391, e:-1.887
t:60.81, r:10.00, omega:8.11, omega_m:10.00, u:133.77, theta1:16.939, theta2:4.390, e:-1.887
t:60.82, r:10.00, omega:8.11, omega_m:10.00, u:133.79, theta1:16.940, theta2:4.389, e:-1.887
t:60.83, r:10.00, omega:8.11, omega_m:10.00, u:133.80, theta1:16.940, theta2:4.389, e:-1.887
t:60.84, r:10.00, omega:8.11, omega_m:10.00, u:133.81, theta1:16.941, theta2:4.388, e:-1.887
t:60.85, r:10.00, omega:7.92, omega_m:10.00, u:134.69, theta1:16.942, theta2:4.387, e:-2.085
t:60.86, r:10.00, omega:7.92, omega_m:10.00, u:134.71, theta1:16.942, theta2:4.386, e:-2.085
t:60.87, r:10.00, omega:7.92, omega_m:10.00, u:134.72, theta1:16.943, theta2:4.385, e:-2.085
t:60.88, r:10.00, omega:7.92, omega_m:10.00, u:134.74, theta1:16.944, theta2:4.384, e:-2.085
t:60.89, r:10.00, omega:7.92, omega_m:10.00, u:134.75, theta1:16.944, theta2:4.383, e:-2.085
t:60.90, r:10.00, omega:7.92, omega_m:10.00, u:134.76, theta1:16.945, theta2:4.382, e:-2.085
t:60.91, r:10.00, omega:7.92, omega_m:10.00, u:134.78, theta1:16.946, theta2:4.381, e:-2.085
t:60.92, r:10.00, omega:7.81, omega_m:10.00, u:135.27, theta1:16.947, theta2:4.380, e:-2.193
t:60.93, r:10.00, omega:7.81, omega_m:10.00, u:135.28, theta1:16.947, theta2:4.379, e:-2.193
t:60.94, r:10.00, omega:7.81, omega_m:10.00, u:135.30, theta1:16.948, theta2:4.378, e:-2.193
t:60.95, r:10.00, omega:7.81, omega_m:10.00, u:135.31, theta1:16.949, theta2:4.378, e:-2.193
t:60.96, r:10.00, omega:7.81, omega_m:10.00, u:135.33, theta1:16.949, theta2:4.377, e:-2.193
t:60.97, r:10.00, omega:7.81, omega_m:10.00, u:135.34, theta1:16.950, theta2:4.376, e:-2.193
t:60.98, r:10.00, omega:7.90, omega_m:10.00, u:134.95, theta1:16.951, theta2:4.375, e:-2.101
t:60.99, r:10.00, omega:7.90, omega_m:10.00, u:134.97, theta1:16.952, theta2:4.374, e:-2.101
t:61.00, r:10.00, omega:7.90, omega_m:10.00, u:134.98, theta1:16.952, theta2:4.373, e:-2.101
t:61.01, r:0.00, omega:7.90, omega_m:3.68, u:0.00, theta1:16.952, theta2:4.374, e:4.220
t:61.02, r:0.00, omega:7.90, omega_m:1.35, u:0.00, theta1:16.950, theta2:4.377, e:6.545
t:61.03, r:0.00, omega:7.90, omega_m:0.50, u:0.00, theta1:16.949, theta2:4.379, e:7.401
t:61.04, r:0.00, omega:7.90, omega_m:0.18, u:0.00, theta1:16.948, theta2:4.382, e:7.716
t:61.05, r:0.00, omega:7.90, omega_m:0.07, u:0.00, theta1:16.947, theta2:4.385, e:7.831
t:61.06, r:0.00, omega:7.90, omega_m:0.02, u:0.00, theta1:16.945, theta2:4.387, e:7.874
t:61.07, r:0.00, omega:7.90, omega_m:0.01, u:0.00, theta1:16.944, theta2:4.390, e:7.890
t:61.08, r:0.00, omega:7.90, omega_m:0.00, u:0.00, theta1:16.943, theta2:4.393, e:7.895
t:61.09, r:0.00, omega:7.90, omega_m:0.00, u:0.00, theta1:16.941, theta2:4.396, e:7.897
t:61.10, r:0.00, omega:7.90, omega_m:0.00, u:0.00, theta1:16.940, theta2:4.399, e:7.898
t:61.11, r:0.00, omega:7.90, omega_m:0.00, u:0.00, theta1:16.939, theta2:4.401, e:7.899
t:61.12, r:0.00, omega:7.90, omega_m:0.00, u:0.00, theta1:16.937, theta2:4.404, e:7.899
t:61.13, r:0.00, omega:7.90, omega_m:0.00, u:0.00, theta1:16.936, theta2:4.407, e:7.899
t:61.14, r:0.00, omega:7.90, omega_m:0.00, u:0.00, theta1:16.934, theta2:4.410, e:7.899
t:61.15, r:0.00, omega:7.90, omega_m:0.00, u:0.00, theta1:16.933, theta2:4.412, e:7.899
t:61.16, r:0.00, omega:7.90, omega_m:0.00, u:0.00, theta1:16.932, theta2:4.415, e:7.899
t:61.17, r:0.00, omega:7.90, omega_m:0.00, u:0.00, theta1:16.930, theta2:4.418, e:7.899
t:61.18, r:0.00, omega:7.90, omega_m:0.00, u:0.00, theta1:16.929, theta2:4.421, e:7.899
t:61.19, r:0.00, omega:7.90, omega_m:0.00, u:0.00, theta1:16.928, theta2:4.423, e:7.899
t:61.20, r:0.00, omega:7.90, omega_m:0.00, u:0.00, theta1:16.926, theta2:4.426, e:7.899
t:61.21, r:0.00, omega:7.90, omega_m:0.00, u:0.00, theta1:16.925, theta2:4.429, e:7.899
t:61.22, r:0.00, omega:7.90, omega_m:0.00, u:0.00, theta1:16.924, theta2:4.432, e:7.899
t:61.23, r:0.00, omega:7.90, omega_m:0.00, u:0.00, theta1:16.922, theta2:4.435, e:7.899
t:61.24, r:0.00, omega:7.90, omega_m:0.00, u:0.00, theta1:16.921, theta2:4.437, e:7.899
t:61.25, r:0.00, omega:7.90, omega_m:0.00, u:0.00, theta1:16.920, theta2:4.440, e:7.899
t:61.26, r:0.00, omega:7.90, omega_m:0.00, u:0.00, theta1:16.918, theta2:4.443, e:7.899
t:61.27, r:0.00, omega:7.90, omega_m:0.00, u:0.00, theta1:16.917, theta2:4.446, e:7.899
t:61.28, r:0.00, omega:7.90, omega_m:0.00, u:0.00, theta1:16.916, theta2:4.448, e:7.899
t:61.29, r:0.00, omega:7.90, omega_m:0.00, u:0.00, theta1:16.914, theta2:4.451, e:7.899
t:61.30, r:0.00, omega:7.90, omega_m:0.00, u:0.00, theta1:16.913, theta2:4.454, e:7.899
t:61.31, r:0.00, omega:7.90, omega_m:0.00, u:0.00, theta1:16.912, theta2:4.457, e:7.899
t:61.32, r:0.00, omega:7.90, omega_m:0.00, u:0.00, theta1:16.910, theta2:4.459, e:7.899
t:61.33, r:0.00, omega:7.90, omega_m:0.00, u:0.00, theta1:16.909, theta2:4.462, e:7.899
t:61.34, r:0.00, omega:7.90, omega_m:0.00, u:0.00, theta1:16.908, theta2:4.465, e:7.899
t:61.35, r:0.00, omega:7.90, omega_m:0.00, u:0.00, theta1:16.906, theta2:4.468, e:7.899
t:61.36, r:0.00, omega:7.90, omega_m:0.00, u:0.00, theta1:16.905, theta2:4.471, e:7.899
t:61.37, r:0.00, omega:7.90, omega_m:0.00, u:0.00, theta1:16.904, theta2:4.473, e:7.899
t:61.38, r:0.00, omega:7.90, omega_m:0.00, u:0.00, theta1:16.902, theta2:4.476, e:7.899
t:61.39, r:0.00, omega:7.90, omega_m:0.00, u:0.00, theta1:16.901, theta2:4.479, e:7.899
t:61.40, r:0.00, omega:7.90, omega_m:0.00, u:0.00, theta1:16.900, theta2:4.482, e:7.899
t:61.41, r:0.00, omega:7.90, omega_m:0.00, u:0.00, theta1:16.898, theta2:4.484, e:7.899
t:61.42, r:0.00, omega:7.90, omega_m:0.00, u:0.00, theta1:16.897, theta2:4.487, e:7.899
t:61.43, r:0.00, omega:7.90, omega_m:0.00, u:0.00, theta1:16.896, theta2:4.490, e:7.899
t:61.44, r:0.00, omega:7.90, omega_m:0.00, u:0.00, theta1:16.894, theta2:4.493, e:7.899
t:61.45, r:0.00, omega:7.90, omega_m:0.00, u:0.00, theta1:16.893, theta2:4.495, e:7.899
t:61.46, r:0.00, omega:7.90, omega_m:0.00, u:0.00, theta1:16.892, theta2:4.498, e:7.899
t:61.47, r:0.00, omega:7.90, omega_m:0.00, u:0.00, theta1:16.890, theta2:4.501, e:7.899
t:61.48, r:0.00, omega:0.00, omega_m:0.00, u:0.00, theta1:16.890, theta2:4.501, e:-0.000
t:61.49, r:0.00, omega:0.00, omega_m:0.00, u:0.00, theta1:16.890, theta2:4.501, e:-0.000
t:61.50, r:0.00, omega:0.00, omega_m:0.00, u:0.00, theta1:16.890, theta2:4.501, e:-0.000
t:61.51, r:0.00, omega:0.00, omega_m:0.00, u:0.00, theta1:16.890, theta2:4.501, e:-0.000
t:61.52, r:0.00, omega:0.00, omega_m:0.00, u:0.00, theta1:16.890, theta2:4.501, e:-0.000
t:61.53, r:0.00, omega:0.00, omega_m:0.00, u:0.00, theta1:16.890, theta2:4.501, e:-0.000
t:61.54, r:0.00, omega:0.00, omega_m:0.00, u:0.00, theta1:16.890, theta2:4.501, e:-0.000
t:61.55, r:0.00, omega:0.00, omega_m:0.00, u:0.00, theta1:16.890, theta2:4.501, e:-0.000
t:61.56, r:0.00, omega:0.00, omega_m:0.00, u:0.00, theta1:16.890, theta2:4.501, e:-0.000
t:61.57, r:0.00, omega:0.00, omega_m:0.00, u:0.00, theta1:16.890, theta2:4.501, e:-0.000
t:61.58, r:0.00, omega:0.00, omega_m:0.00, u:0.00, theta1:16.890, theta2:4.501, e:-0.000
t:61.59, r:0.00, omega:0.00, omega_m:0.00, u:0.00, theta1:16.890, theta2:4.501, e:-0.000
t:61.60, r:0.00, omega:0.00, omega_m:0.00, u:0.00, theta1:16.890, theta2:4.501, e:-0.000
t:61.61, r:0.00, omega:0.00, omega_m:0.00, u:0.00, theta1:16.890, theta2:4.501, e:-0.000
t:61.62, r:0.00, omega:0.00, omega_m:0.00, u:0.00, theta1:16.890, theta2:4.501, e:-0.000
t:61.63, r:0.00, omega:0.00, omega_m:0.00, u:0.00, theta1:16.890, theta2:4.501, e:-0.000
t:61.64, r:0.00, omega:0.00, omega_m:0.00, u:0.00, theta1:16.890, theta2:4.501, e:-0.000
t:61.65, r:0.00, omega:0.00, omega_m:0.00, u:0.00, theta1:16.890, theta2:4.501, e:-0.000
t:61.66, r:0.00, omega:0.00, omega_m:0.00, u:0.00, theta1:16.890, theta2:4.501, e:-0.000
t:61.67, r:0.00, omega:0.00, omega_m:0.00, u:0.00, theta1:16.890, theta2:4.501, e:-0.000
t:61.68, r:0.00, omega:0.00, omega_m:0.00, u:0.00, theta1:16.890, theta2:4.501, e:-0.000
t:61.69, r:0.00, omega:0.00, omega_m:0.00, u:0.00, theta1:16.890, theta2:4.501, e:-0.000
t:61.70, r:0.00, omega:0.00, omega_m:0.00, u:0.00, theta1:16.890, theta2:4.501, e:-0.000
t:61.71, r:0.00, omega:0.00, omega_m:0.00, u:0.00, theta1:16.890, theta2:4.501, e:-0.000
t:61.72, r:0.00, omega:0.00, omega_m:0.00, u:0.00, theta1:16.890, theta2:4.501, e:-0.000
t:61.73, r:0.00, omega:0.00, omega_m:0.00, u:0.00, theta1:16.890, theta2:4.501, e:-0.000
t:61.74, r:0.00, omega:0.00, omega_m:0.00, u:0.00, theta1:16.890, theta2:4.501, e:-0.000
t:61.75, r:0.00, omega:0.00, omega_m:0.00, u:0.00, theta1:16.890, theta2:4.501, e:-0.000
t:61.76, r:0.00, omega:0.00, omega_m:0.00, u:0.00, theta1:16.890, theta2:4.501, e:-0.000
t:61.77, r:0.00, omega:0.00, omega_m:0.00, u:0.00, theta1:16.890, theta2:4.501, e:-0.000
t:61.78, r:0.00, omega:0.00, omega_m:0.00, u:0.00, theta1:16.890, theta2:4.501, e:-0.000
t:61.79, r:0.00, omega:0.00, omega_m:0.00, u:0.00, theta1:16.890, theta2:4.501, e:-0.000
t:61.80, r:0.00, omega:0.00, omega_m:0.00, u:0.00, theta1:16.890, theta2:4.501, e:-0.000
t:61.81, r:0.00, omega:0.00, omega_m:0.00, u:0.00, theta1:16.890, theta2:4.501, e:-0.000
t:61.82, r:0.00, omega:0.00, omega_m:0.00, u:0.00, theta1:16.890, theta2:4.501, e:-0.000
t:61.83, r:0.00, omega:0.00, omega_m:0.00, u:0.00, theta1:16.890, theta2:4.501, e:-0.000
t:61.84, r:0.00, omega:0.00, omega_m:0.00, u:0.00, theta1:16.890, theta2:4.501, e:-0.000
t:61.85, r:0.00, omega:0.00, omega_m:0.00, u:0.00, theta1:16.890, theta2:4.501, e:-0.000
t:61.86, r:0.00, omega:0.00, omega_m:0.00, u:0.00, theta1:16.890, theta2:4.501, e:-0.000
t:61.87, r:0.00, omega:0.00, omega_m:0.00, u:0.00, theta1:16.890, theta2:4.501, e:-0.000
t:61.88, r:0.00, omega:0.00, omega_m:0.00, u:0.00, theta1:16.890, theta2:4.501, e:-0.000
t:61.89, r:0.00, omega:0.00, omega_m:0.00, u:0.00, theta1:16.890, theta2:4.501, e:-0.000
t:61.90, r:0.00, omega:0.00, omega_m:0.00, u:0.00, theta1:16.890, theta2:4.501, e:-0.000
t:61.91, r:0.00, omega:0.00, omega_m:0.00, u:0.00, theta1:16.890, theta2:4.501, e:-0.000
t:61.92, r:0.00, omega:0.00, omega_m:0.00, u:0.00, theta1:16.890, theta2:4.501, e:-0.000
t:61.93, r:0.00, omega:0.00, omega_m:0.00, u:0.00, theta1:16.890, theta2:4.501, e:-0.000
t:61.94, r:0.00, omega:0.00, omega_m:0.00, u:0.00, theta1:16.890, theta2:4.501, e:-0.000
t:61.95, r:0.00, omega:0.00, omega_m:0.00, u:0.00, theta1:16.890, theta2:4.501, e:-0.000
t:61.96, r:0.00, omega:0.00, omega_m:0.00, u:0.00, theta1:16.890, theta2:4.501, e:-0.000
t:61.97, r:0.00, omega:0.00, omega_m:0.00, u:0.00, theta1:16.890, theta2:4.501, e:-0.000
t:61.98, r:0.00, omega:0.00, omega_m:0.00, u:0.00, theta1:16.890, theta2:4.501, e:-0.000
t:61.99, r:0.00, omega:0.00, omega_m:0.00, u:0.00, theta1:16.890, theta2:4.501, e:-0.000
t:62.00, r:0.00, omega:0.00, omega_m:0.00, u:0.00, theta1:16.890, theta2:4.501, e:-0.000
t:62.01, r:-10.00, omega:0.00, omega_m:-6.32, u:-168.93, theta1:16.893, theta2:4.501, e:6.321
t:62.02, r:-10.00, omega:0.00, omega_m:-8.65, u:-168.95, theta1:16.895, theta2:4.500, e:8.647
t:62.03, r:-10.00, omega:0.00, omega_m:-9.50, u:-168.99, theta1:16.899, theta2:4.500, e:9.502
t:62.04, r:-10.00, omega:0.00, omega_m:-9.82, u:-169.02, theta1:16.902, theta2:4.499, e:9.817
t:62.05, r:-10.00, omega:-0.49, omega_m:-9.93, u:-166.85, theta1:16.905, theta2:4.499, e:9.443
t:62.06, r:-10.00, omega:-0.49, omega_m:-9.98, u:-166.88, theta1:16.908, theta2:4.498, e:9.486
t:62.07, r:-10.00, omega:-0.49, omega_m:-9.99, u:-166.91, theta1:16.911, theta2:4.497, e:9.502
t:62.08, r:-10.00, omega:-0.49, omega_m:-10.00, u:-166.94, theta1:16.914, theta2:4.497, e:9.507
t:62.09, r:-10.00, omega:-0.49, omega_m:-10.00, u:-166.97, theta1:16.917, theta2:4.496, e:9.510
t:62.10, r:-10.00, omega:-0.49, omega_m:-10.00, u:-167.01, theta1:16.921, theta2:4.495, e:9.510
t:62.11, r:-10.00, omega:-9.71, omega_m:-10.00, u:-125.56, theta1:16.921, theta2:4.495, e:0.291
t:62.12, r:-10.00, omega:-9.71, omega_m:-10.00, u:-125.57, theta1:16.921, theta2:4.495, e:0.291
t:62.13, r:-10.00, omega:-9.71, omega_m:-10.00, u:-125.57, theta1:16.921, theta2:4.495, e:0.291
t:62.14, r:-10.00, omega:-9.71, omega_m:-10.00, u:-125.57, theta1:16.921, theta2:4.495, e:0.291
t:62.15, r:-10.00, omega:-9.71, omega_m:-10.00, u:-125.57, theta1:16.921, theta2:4.495, e:0.291
t:62.16, r:-10.00, omega:-10.14, omega_m:-10.00, u:-123.61, theta1:16.921, theta2:4.495, e:-0.145
t:62.17, r:-10.00, omega:-10.14, omega_m:-10.00, u:-123.61, theta1:16.921, theta2:4.495, e:-0.145
t:62.18, r:-10.00, omega:-10.14, omega_m:-10.00, u:-123.61, theta1:16.921, theta2:4.495, e:-0.145
t:62.19, r:-10.00, omega:-10.14, omega_m:-10.00, u:-123.61, theta1:16.921, theta2:4.495, e:-0.145
t:62.20, r:-10.00, omega:-10.14, omega_m:-10.00, u:-123.60, theta1:16.921, theta2:4.495, e:-0.145
t:62.21, r:-10.00, omega:-10.14, omega_m:-10.00, u:-123.60, theta1:16.921, theta2:4.495, e:-0.145
t:62.22, r:-10.00, omega:-10.14, omega_m:-10.00, u:-123.60, theta1:16.920, theta2:4.495, e:-0.145
t:62.23, r:-10.00, omega:-7.15, omega_m:-10.00, u:-137.06, theta1:16.921, theta2:4.494, e:2.846
t:62.24, r:-10.00, omega:-7.15, omega_m:-10.00, u:-137.08, theta1:16.922, theta2:4.493, e:2.846
t:62.25, r:-10.00, omega:-7.15, omega_m:-10.00, u:-137.10, theta1:16.923, theta2:4.492, e:2.846
t:62.26, r:-10.00, omega:-7.15, omega_m:-10.00, u:-137.12, theta1:16.924, theta2:4.491, e:2.846
t:62.27, r:-10.00, omega:-7.15, omega_m:-10.00, u:-137.13, theta1:16.925, theta2:4.489, e:2.846
t:62.28, r:-10.00, omega:-7.15, omega_m:-10.00, u:-137.15, theta1:16.926, theta2:4.488, e:2.846
t:62.29, r:-10.00, omega:-7.15, omega_m:-10.00, u:-137.17, theta1:16.927, theta2:4.487, e:2.846
t:62.30, r:-10.00, omega:-8.08, omega_m:-10.00, u:-133.01, theta1:16.928, theta2:4.486, e:1.915
t:62.31, r:-10.00, omega:-8.08, omega_m:-10.00, u:-133.02, theta1:16.928, theta2:4.485, e:1.915
t:62.32, r:-10.00, omega:-8.08, omega_m:-10.00, u:-133.03, theta1:16.929, theta2:4.485, e:1.915
t:62.33, r:-10.00, omega:-8.08, omega_m:-10.00, u:-133.05, theta1:16.930, theta2:4.484, e:1.915
t:62.34, r:-10.00, omega:-8.08, omega_m:-10.00, u:-133.06, theta1:16.930, theta2:4.483, e:1.915
t:62.35, r:-10.00, omega:-8.08, omega_m:-10.00, u:-133.07, theta1:16.931, theta2:4.482, e:1.915
t:62.36, r:-10.00, omega:-8.15, omega_m:-10.00, u:-132.77, theta1:16.931, theta2:4.481, e:1.845
t:62.37, r:-10.00, omega:-8.15, omega_m:-10.00, u:-132.78, theta1:16.932, theta2:4.480, e:1.845
t:62.38, r:-10.00, omega:-8.15, omega_m:-10.00, u:-132.80, theta1:16.933, theta2:4.479, e:1.845
t:62.39, r:-10.00, omega:-8.15, omega_m:-10.00, u:-132.81, theta1:16.933, theta2:4.479, e:1.845
t:62.40, r:-10.00, omega:-8.15, omega_m:-10.00, u:-132.82, theta1:16.934, theta2:4.478, e:1.845
t:62.41, r:-10.00, omega:-8.15, omega_m:-10.00, u:-132.83, theta1:16.934, theta2:4.477, e:1.845
t:62.42, r:-10.00, omega:-8.23, omega_m:-10.00, u:-132.51, theta1:16.935, theta2:4.476, e:1.769
t:62.43, r:-10.00, omega:-8.23, omega_m:-10.00, u:-132.52, theta1:16.936, theta2:4.475, e:1.769
t:62.44, r:-10.00, omega:-8.23, omega_m:-10.00, u:-132.53, theta1:16.936, theta2:4.475, e:1.769
t:62.45, r:-10.00, omega:-8.23, omega_m:-10.00, u:-132.55, theta1:16.937, theta2:4.474, e:1.769
t:62.46, r:-10.00, omega:-8.23, omega_m:-10.00, u:-132.56, theta1:16.937, theta2:4.473, e:1.769
t:62.47, r:-10.00, omega:-8.23, omega_m:-10.00, u:-132.57, theta1:16.938, theta2:4.472, e:1.769
t:62.48, r:-10.00, omega:-8.23, omega_m:-10.00, u:-132.58, theta1:16.939, theta2:4.471, e:1.769
t:62.49, r:-10.00, omega:-8.35, omega_m:-10.00, u:-132.08, theta1:16.939, theta2:4.471, e:1.654
t:62.50, r:-10.00, omega:-8.35, omega_m:-10.00, u:-132.09, theta1:16.940, theta2:4.470, e:1.654
t:62.51, r:-10.00, omega:-8.35, omega_m:-10.00, u:-132.10, theta1:16.940, theta2:4.469, e:1.654
t:62.52, r:-10.00, omega:-8.35, omega_m:-10.00, u:-132.11, theta1:16.941, theta2:4.468, e:1.654
t:62.53, r:-10.00, omega:-8.35, omega_m:-10.00, u:-132.13, theta1:16.941, theta2:4.468, e:1.654
t:62.54, r:-10.00, omega:-8.35, omega_m:-10.00, u:-132.14, theta1:16.942, theta2:4.467, e:1.654
t:62.55, r:-10.00, omega:-7.86, omega_m:-10.00, u:-134.33, theta1:16.943, theta2:4.466, e:2.141
t:62.56, r:-10.00, omega:-7.86, omega_m:-10.00, u:-134.34, theta1:16.943, theta2:4.465, e:2.141
t:62.57, r:-10.00, omega:-7.86, omega_m:-10.00, u:-134.36, theta1:16.944, theta2:4.464, e:2.141
t:62.58, r:-10.00, omega:-7.86, omega_m:-10.00, u:-134.37, theta1:16.945, theta2:4.463, e:2.141
t:62.59, r:-10.00, omega:-7.86, omega_m:-10.00, u:-134.38, theta1:16.945, theta2:4.462, e:2.141
t:62.60, r:-10.00, omega:-7.86, omega_m:-10.00, u:-134.40, theta1:16.946, theta2:4.461, e:2.141
t:62.61, r:-10.00, omega:-7.86, omega_m:-10.00, u:-134.41, theta1:16.947, theta2:4.460, e:2.141
t:62.62, r:-10.00, omega:-8.19, omega_m:-10.00, u:-132.93, theta1:16.947, theta2:4.459, e:1.805
t:62.63, r:-10.00, omega:-8.19, omega_m:-10.00, u:-132.94, theta1:16.948, theta2:4.459, e:1.805
t:62.64, r:-10.00, omega:-8.19, omega_m:-10.00, u:-132.96, theta1:16.949, theta2:4.458, e:1.805
t:62.65, r:-10.00, omega:-8.19, omega_m:-10.00, u:-132.97, theta1:16.949, theta2:4.457, e:1.805
t:62.66, r:-10.00, omega:-8.19, omega_m:-10.00, u:-132.98, theta1:16.950, theta2:4.456, e:1.805
t:62.67, r:-10.00, omega:-8.19, omega_m:-10.00, u:-132.99, theta1:16.950, theta2:4.455, e:1.805
t:62.68, r:-10.00, omega:-8.48, omega_m:-10.00, u:-131.74, theta1:16.951, theta2:4.455, e:1.521
t:62.69, r:-10.00, omega:-8.48, omega_m:-10.00, u:-131.75, theta1:16.951, theta2:4.454, e:1.521
t:62.70, r:-10.00, omega:-8.48, omega_m:-10.00, u:-131.76, theta1:16.952, theta2:4.453, e:1.521
t:62.71, r:-10.00, omega:-8.48, omega_m:-10.00, u:-131.77, theta1:16.952, theta2:4.452, e:1.521
t:62.72, r:-10.00, omega:-8.48, omega_m:-10.00, u:-131.79, theta1:16.953, theta2:4.452, e:1.521
t:62.73, r:-10.00, omega:-8.48, omega_m:-10.00, u:-131.80, theta1:16.953, theta2:4.451, e:1.521
t:62.74, r:-10.00, omega:-8.48, omega_m:-10.00, u:-131.81, theta1:16.954, theta2:4.450, e:1.521
t:62.75, r:-10.00, omega:-7.66, omega_m:-10.00, u:-135.45, theta1:16.955, theta2:4.449, e:2.336
t:62.76, r:-10.00, omega:-7.66, omega_m:-10.00, u:-135.46, theta1:16.955, theta2:4.448, e:2.336
t:62.77, r:-10.00, omega:-7.66, omega_m:-10.00, u:-135.48, theta1:16.956, theta2:4.447, e:2.336
t:62.78, r:-10.00, omega:-7.66, omega_m:-10.00, u:-135.49, theta1:16.957, theta2:4.446, e:2.336
t:62.79, r:-10.00, omega:-7.66, omega_m:-10.00, u:-135.51, theta1:16.958, theta2:4.445, e:2.336
t:62.80, r:-10.00, omega:-7.66, omega_m:-10.00, u:-135.52, theta1:16.959, theta2:4.444, e:2.336
t:62.81, r:-10.00, omega:-8.25, omega_m:-10.00, u:-132.94, theta1:16.959, theta2:4.443, e:1.752
t:62.82, r:-10.00, omega:-8.25, omega_m:-10.00, u:-132.95, theta1:16.960, theta2:4.443, e:1.752
t:62.83, r:-10.00, omega:-8.25, omega_m:-10.00, u:-132.97, theta1:16.960, theta2:4.442, e:1.752
t:62.84, r:-10.00, omega:-8.25, omega_m:-10.00, u:-132.98, theta1:16.961, theta2:4.441, e:1.752
t:62.85, r:-10.00, omega:-8.25, omega_m:-10.00, u:-132.99, theta1:16.961, theta2:4.440, e:1.752
t:62.86, r:-10.00, omega:-8.25, omega_m:-10.00, u:-133.00, theta1:16.962, theta2:4.439, e:1.752
t:62.87, r:-10.00, omega:-8.15, omega_m:-10.00, u:-133.47, theta1:16.963, theta2:4.439, e:1.853
t:62.88, r:-10.00, omega:-8.15, omega_m:-10.00, u:-133.48, theta1:16.963, theta2:4.438, e:1.853
t:62.89, r:-10.00, omega:-8.15, omega_m:-10.00, u:-133.49, theta1:16.964, theta2:4.437, e:1.853
t:62.90, r:-10.00, omega:-8.15, omega_m:-10.00, u:-133.50, theta1:16.964, theta2:4.436, e:1.853
t:62.91, r:-10.00, omega:-8.15, omega_m:-10.00, u:-133.52, theta1:16.965, theta2:4.435, e:1.853
t:62.92, r:-10.00, omega:-8.15, omega_m:-10.00, u:-133.53, theta1:16.966, theta2:4.434, e:1.853
t:62.93, r:-10.00, omega:-8.15, omega_m:-10.00, u:-133.54, theta1:16.966, theta2:4.434, e:1.853
t:62.94, r:-10.00, omega:-8.02, omega_m:-10.00, u:-134.10, theta1:16.967, theta2:4.433, e:1.976
t:62.95, r:-10.00, omega:-8.02, omega_m:-10.00, u:-134.12, theta1:16.968, theta2:4.432, e:1.976
t:62.96, r:-10.00, omega:-8.02, omega_m:-10.00, u:-134.13, theta1:16.968, theta2:4.431, e:1.976
t:62.97, r:-10.00, omega:-8.02, omega_m:-10.00, u:-134.14, theta1:16.969, theta2:4.430, e:1.976
t:62.98, r:-10.00, omega:-8.02, omega_m:-10.00, u:-134.16, theta1:16.970, theta2:4.429, e:1.976
t:62.99, r:-10.00, omega:-8.02, omega_m:-10.00, u:-134.17, theta1:16.970, theta2:4.428, e:1.976
t:63.00, r:-10.00, omega:-8.18, omega_m:-10.00, u:-133.49, theta1:16.971, theta2:4.428, e:1.819
t:63.01, r:0.00, omega:-8.18, omega_m:-3.68, u:0.00, theta1:16.970, theta2:4.429, e:-4.502
t:63.02, r:0.00, omega:-8.18, omega_m:-1.35, u:0.00, theta1:16.969, theta2:4.432, e:-6.827
t:63.03, r:0.00, omega:-8.18, omega_m:-0.50, u:0.00, theta1:16.968, theta2:4.434, e:-7.683
t:63.04, r:0.00, omega:-8.18, omega_m:-0.18, u:0.00, theta1:16.966, theta2:4.437, e:-7.997
t:63.05, r:0.00, omega:-8.18, omega_m:-0.07, u:0.00, theta1:16.965, theta2:4.440, e:-8.113
t:63.06, r:0.00, omega:-8.18, omega_m:-0.02, u:0.00, theta1:16.963, theta2:4.443, e:-8.156
t:63.07, r:0.00, omega:-8.18, omega_m:-0.01, u:0.00, theta1:16.962, theta2:4.446, e:-8.171
t:63.08, r:0.00, omega:-8.18, omega_m:-0.00, u:0.00, theta1:16.961, theta2:4.449, e:-8.177
t:63.09, r:0.00, omega:-8.18, omega_m:-0.00, u:0.00, theta1:16.959, theta2:4.452, e:-8.179
t:63.10, r:0.00, omega:-8.18, omega_m:-0.00, u:0.00, theta1:16.958, theta2:4.455, e:-8.180
t:63.11, r:0.00, omega:-8.18, omega_m:-0.00, u:0.00, theta1:16.957, theta2:4.458, e:-8.180
t:63.12, r:0.00, omega:-8.18, omega_m:-0.00, u:0.00, theta1:16.955, theta2:4.461, e:-8.181
t:63.13, r:0.00, omega:-8.18, omega_m:-0.00, u:0.00, theta1:16.954, theta2:4.464, e:-8.181
t:63.14, r:0.00, omega:-8.18, omega_m:-0.00, u:0.00, theta1:16.952, theta2:4.467, e:-8.181
t:63.15, r:0.00, omega:-8.18, omega_m:-0.00, u:0.00, theta1:16.951, theta2:4.470, e:-8.181
t:63.16, r:0.00, omega:-8.18, omega_m:-0.00, u:0.00, theta1:16.950, theta2:4.473, e:-8.181
t:63.17, r:0.00, omega:-8.18, omega_m:-0.00, u:0.00, theta1:16.948, theta2:4.476, e:-8.181
t:63.18, r:0.00, omega:-8.18, omega_m:-0.00, u:0.00, theta1:16.947, theta2:4.479, e:-8.181
t:63.19, r:0.00, omega:-8.18, omega_m:-0.00, u:0.00, theta1:16.945, theta2:4.482, e:-8.181
t:63.20, r:0.00, omega:-8.18, omega_m:-0.00, u:0.00, theta1:16.944, theta2:4.485, e:-8.181
t:63.21, r:0.00, omega:-8.18, omega_m:-0.00, u:0.00, theta1:16.943, theta2:4.488, e:-8.181
t:63.22, r:0.00, omega:-8.18, omega_m:-0.00, u:0.00, theta1:16.941, theta2:4.491, e:-8.181
t:63.23, r:0.00, omega:-8.18, omega_m:-0.00, u:0.00, theta1:16.940, theta2:4.494, e:-8.181
t:63.24, r:0.00, omega:-8.18, omega_m:-0.00, u:0.00, theta1:16.938, theta2:4.497, e:-8.181
t:63.25, r:0.00, omega:-8.18, omega_m:-0.00, u:0.00, theta1:16.937, theta2:4.500, e:-8.181
t:63.26, r:0.00, omega:-8.18, omega_m:-0.00, u:0.00, theta1:16.936, theta2:4.503, e:-8.181
t:63.27, r:0.00, omega:-8.18, omega_m:-0.00, u:0.00, theta1:16.934, theta2:4.506, e:-8.181
t:63.28, r:0.00, omega:-8.18, omega_m:-0.00, u:0.00, theta1:16.933, theta2:4.509, e:-8.181
t:63.29, r:0.00, omega:-8.18, omega_m:-0.00, u:0.00, theta1:16.932, theta2:4.512, e:-8.181
t:63.30, r:0.00, omega:-8.18, omega_m:-0.00, u:0.00, theta1:16.930, theta2:4.515, e:-8.181
t:63.31, r:0.00, omega:-8.18, omega_m:-0.00, u:0.00, theta1:16.929, theta2:4.518, e:-8.181
t:63.32, r:0.00, omega:-8.18, omega_m:-0.00, u:0.00, theta1:16.927, theta2:4.521, e:-8.181
t:63.33, r:0.00, omega:-8.18, omega_m:-0.00, u:0.00, theta1:16.926, theta2:4.524, e:-8.181
t:63.34, r:0.00, omega:-8.18, omega_m:-0.00, u:0.00, theta1:16.925, theta2:4.527, e:-8.181
t:63.35, r:0.00, omega:-8.18, omega_m:-0.00, u:0.00, theta1:16.923, theta2:4.530, e:-8.181
